{
  "type": "FeatureCollection",
  "features": [
    {
      "type": "Feature",
      "geometry": {
        "type": "Point",
        "coordinates": [
          121.5215,
          25.0893
        ]
      },
      "properties": {
        "source_type": "飲水機",
        "name": "臺北市立士林運動中心",
        "address": "臺北市士林區士商路1號",
        "city": "臺北市",
        "district": "士林區",
        "managing_unit": "臺北市立士林運動中心",
        "maintenance_unit": null,
        "phone": "(02)28806066",
        "open_time": "06:00~22:00",
        "location": "中心內",
        "status": null,
        "info_url": null,
        "photo_url": null
      }
    },
    {
      "type": "Feature",
      "geometry": {
        "type": "Point",
        "coordinates": [
          121.5163,
          25.0652
        ]
      },
      "properties": {
        "source_type": "飲水機",
        "name": "臺北市立大同運動中心",
        "address": "臺北市大同區大龍街51號",
        "city": "臺北市",
        "district": "大同區",
        "managing_unit": "臺北市立大同運動中心",
        "maintenance_unit": null,
        "phone": "(02)25920055",
        "open_time": "06:00~22:00",
        "location": "中心內",
        "status": null,
        "info_url": null,
        "photo_url": null
      }
    },
    {
      "type": "Feature",
      "geometry": {
        "type": "Point",
        "coordinates": [
          121.5457,
          25.0207
        ]
      },
      "properties": {
        "source_type": "飲水機",
        "name": "臺北市立大安運動中心",
        "address": "臺北市大安區辛亥路3段55號",
        "city": "臺北市",
        "district": "大安區",
        "managing_unit": "臺北市立大安運動中心",
        "maintenance_unit": null,
        "phone": "(02)23770300",
        "open_time": "06:00~22:00",
        "location": "中心內",
        "status": null,
        "info_url": null,
        "photo_url": null
      }
    },
    {
      "type": "Feature",
      "geometry": {
        "type": "Point",
        "coordinates": [
          121.5213,
          25.0548
        ]
      },
      "properties": {
        "source_type": "飲水機",
        "name": "臺北市立中山運動中心",
        "address": "臺北市中山區中山北路二段44巷2號",
        "city": "臺北市",
        "district": "中山區",
        "managing_unit": "臺北市立中山運動中心",
        "maintenance_unit": null,
        "phone": "(02)25811060",
        "open_time": "06:00~22:00",
        "location": "中心內",
        "status": null,
        "info_url": null,
        "photo_url": null
      }
    },
    {
      "type": "Feature",
      "geometry": {
        "type": "Point",
        "coordinates": [
          121.5194,
          25.0384
        ]
      },
      "properties": {
        "source_type": "飲水機",
        "name": "臺北市立中正運動中心",
        "address": "臺北市中正區信義路一段一號",
        "city": "臺北市",
        "district": "中正區",
        "managing_unit": "臺北市立中正運動中心",
        "maintenance_unit": null,
        "phone": "(02)33225016",
        "open_time": "06:00~22:00",
        "location": "中心內",
        "status": null,
        "info_url": null,
        "photo_url": null
      }
    },
    {
      "type": "Feature",
      "geometry": {
        "type": "Point",
        "coordinates": [
          121.5747,
          25.0781
        ]
      },
      "properties": {
        "source_type": "飲水機",
        "name": "臺北市立內湖運動中心",
        "address": "臺北市內湖區洲子街12號",
        "city": "臺北市",
        "district": "內湖區",
        "managing_unit": "臺北市立內湖運動中心",
        "maintenance_unit": null,
        "phone": "(02)26277776",
        "open_time": "06:00~22:00",
        "location": "中心內",
        "status": null,
        "info_url": null,
        "photo_url": null
      }
    },
    {
      "type": "Feature",
      "geometry": {
        "type": "Point",
        "coordinates": [
          121.5594,
          24.997
        ]
      },
      "properties": {
        "source_type": "飲水機",
        "name": "臺北市立文山運動中心",
        "address": "臺北市文山區興隆路3段222號",
        "city": "臺北市",
        "district": "文山區",
        "managing_unit": "臺北市立文山運動中心",
        "maintenance_unit": null,
        "phone": "(02)22308268",
        "open_time": "06:00~22:00",
        "location": "中心內",
        "status": null,
        "info_url": null,
        "photo_url": null
      }
    },
    {
      "type": "Feature",
      "geometry": {
        "type": "Point",
        "coordinates": [
          121.5098,
          25.1165
        ]
      },
      "properties": {
        "source_type": "飲水機",
        "name": "臺北市立北投運動中心",
        "address": "臺北市北投區石牌路一段39巷100號",
        "city": "臺北市",
        "district": "北投區",
        "managing_unit": "臺北市立北投運動中心",
        "maintenance_unit": null,
        "phone": "(02)28202880",
        "open_time": "06:00~22:00",
        "location": "中心內",
        "status": null,
        "info_url": null,
        "photo_url": null
      }
    },
    {
      "type": "Feature",
      "geometry": {
        "type": "Point",
        "coordinates": [
          121.5503,
          25.0485
        ]
      },
      "properties": {
        "source_type": "飲水機",
        "name": "臺北市立松山運動中心",
        "address": "臺北市松山區敦化北路一號",
        "city": "臺北市",
        "district": "松山區",
        "managing_unit": "臺北市立松山運動中心",
        "maintenance_unit": null,
        "phone": "(02)66176789",
        "open_time": "06:00~22:00",
        "location": "中心內",
        "status": null,
        "info_url": null,
        "photo_url": null
      }
    },
    {
      "type": "Feature",
      "geometry": {
        "type": "Point",
        "coordinates": [
          121.5667,
          25.0316
        ]
      },
      "properties": {
        "source_type": "飲水機",
        "name": "臺北市立信義運動中心",
        "address": "臺北市信義區松勤路100號",
        "city": "臺北市",
        "district": "信義區",
        "managing_unit": "臺北市立信義運動中心",
        "maintenance_unit": null,
        "phone": "(02)87861911",
        "open_time": "06:00~22:00",
        "location": "中心內",
        "status": null,
        "info_url": null,
        "photo_url": null
      }
    },
    {
      "type": "Feature",
      "geometry": {
        "type": "Point",
        "coordinates": [
          121.5818,
          25.0487
        ]
      },
      "properties": {
        "source_type": "飲水機",
        "name": "臺北市立南港運動中心",
        "address": "臺北市南港區玉成街69號",
        "city": "臺北市",
        "district": "南港區",
        "managing_unit": "臺北市立南港運動中心",
        "maintenance_unit": null,
        "phone": "(02)22536279",
        "open_time": "06:00~22:00",
        "location": "中心內",
        "status": null,
        "info_url": null,
        "photo_url": null
      }
    },
    {
      "type": "Feature",
      "geometry": {
        "type": "Point",
        "coordinates": [
          121.5066,
          25.0474
        ]
      },
      "properties": {
        "source_type": "飲水機",
        "name": "臺北市立萬華運動中心",
        "address": "臺北市萬華區西寧南路6之1號",
        "city": "臺北市",
        "district": "萬華區",
        "managing_unit": "臺北市立萬華運動中心",
        "maintenance_unit": null,
        "phone": "(02)23818878",
        "open_time": "06:00~22:00",
        "location": "中心內",
        "status": null,
        "info_url": null,
        "photo_url": null
      }
    },
    {
      "type": "Feature",
      "geometry": {
        "type": "Point",
        "coordinates": [
          121.5563,
          24.9796
        ]
      },
      "properties": {
        "source_type": "飲水機",
        "name": "臺北市立圖書館力行分館",
        "address": "臺北市文山區一壽街22號5~8樓",
        "city": "臺北市",
        "district": "文山區",
        "managing_unit": "臺北市立圖書館力行分館",
        "maintenance_unit": null,
        "phone": "(02)86612196",
        "open_time": "週二至週六：08:30~21:00；週日、週一：09:00~17:00。",
        "location": "館內",
        "status": null,
        "info_url": null,
        "photo_url": null
      }
    },
    {
      "type": "Feature",
      "geometry": {
        "type": "Point",
        "coordinates": [
          121.5628,
          25.0592
        ]
      },
      "properties": {
        "source_type": "飲水機",
        "name": "臺北市立圖書館三民分館",
        "address": "臺北市松山區民生東路五段163之1號5、6樓",
        "city": "臺北市",
        "district": "松山區",
        "managing_unit": "臺北市立圖書館三民分館",
        "maintenance_unit": null,
        "phone": "(02)27600408",
        "open_time": "週二至週六：08:30~21:00；週日、週一：09:00~17:00。",
        "location": "館內",
        "status": null,
        "info_url": null,
        "photo_url": null
      }
    },
    {
      "type": "Feature",
      "geometry": {
        "type": "Point",
        "coordinates": [
          121.5611,
          25.029
        ]
      },
      "properties": {
        "source_type": "飲水機",
        "name": "臺北市立圖書館三興分館",
        "address": "臺北市信義區吳興街156巷6號4~5樓",
        "city": "臺北市",
        "district": "信義區",
        "managing_unit": "臺北市立圖書館三興分館",
        "maintenance_unit": null,
        "phone": "(02)87321063",
        "open_time": "週二至週六：08:30~21:00；週日、週一：09:00~17:00。",
        "location": "館內",
        "status": null,
        "info_url": null,
        "photo_url": null
      }
    },
    {
      "type": "Feature",
      "geometry": {
        "type": "Point",
        "coordinates": [
          121.5182,
          25.0958
        ]
      },
      "properties": {
        "source_type": "飲水機",
        "name": "臺北市立圖書館士林分館",
        "address": "臺北市士林區基河路363號2樓",
        "city": "臺北市",
        "district": "士林區",
        "managing_unit": "臺北市立圖書館士林分館",
        "maintenance_unit": null,
        "phone": "(02)28361994",
        "open_time": "週二至週六：08:30~21:00；週日、週一：09:00~17:00。",
        "location": "館內",
        "status": null,
        "info_url": null,
        "photo_url": null
      }
    },
    {
      "type": "Feature",
      "geometry": {
        "type": "Point",
        "coordinates": [
          121.5135,
          25.0743
        ]
      },
      "properties": {
        "source_type": "飲水機",
        "name": "臺北市立圖書館大同分館",
        "address": "臺北市大同區重慶北路三段318號",
        "city": "臺北市",
        "district": "大同區",
        "managing_unit": "臺北市立圖書館大同分館",
        "maintenance_unit": null,
        "phone": "(02)29543236",
        "open_time": "週二至週六：08:30~21:00；週日、週一：09:00~17:00。",
        "location": "館內",
        "status": null,
        "info_url": null,
        "photo_url": null
      }
    },
    {
      "type": "Feature",
      "geometry": {
        "type": "Point",
        "coordinates": [
          121.5508,
          25.016
        ]
      },
      "properties": {
        "source_type": "飲水機",
        "name": "臺北市立圖書館大安分館",
        "address": "臺北市大安區辛亥路三段223號4樓",
        "city": "臺北市",
        "district": "大安區",
        "managing_unit": "臺北市立圖書館大安分館",
        "maintenance_unit": null,
        "phone": "(02)27325422",
        "open_time": "週二至週六：08:30~21:00；週日、週一：09:00~17:00。",
        "location": "館內",
        "status": null,
        "info_url": null,
        "photo_url": null
      }
    },
    {
      "type": "Feature",
      "geometry": {
        "type": "Point",
        "coordinates": [
          121.5467,
          25.0818
        ]
      },
      "properties": {
        "source_type": "飲水機",
        "name": "臺北市立圖書館大直分館",
        "address": "臺北市中山區大直街25號3樓",
        "city": "臺北市",
        "district": "中山區",
        "managing_unit": "臺北市立圖書館大直分館",
        "maintenance_unit": null,
        "phone": "(02)25336535",
        "open_time": "週二至週六：08:30~21:00；週日、週一：09:00~17:00。",
        "location": "館內",
        "status": null,
        "info_url": null,
        "photo_url": null
      }
    },
    {
      "type": "Feature",
      "geometry": {
        "type": "Point",
        "coordinates": [
          121.5335,
          25.0643
        ]
      },
      "properties": {
        "source_type": "飲水機",
        "name": "臺北市立圖書館中山分館",
        "address": "臺北市中山區松江路367號8樓",
        "city": "臺北市",
        "district": "中山區",
        "managing_unit": "臺北市立圖書館中山分館",
        "maintenance_unit": null,
        "phone": "(02)25026442",
        "open_time": "週二至週六：08:30~21:00；週日、週一：09:00~17:00。",
        "location": "館內",
        "status": null,
        "info_url": null,
        "photo_url": null
      }
    },
    {
      "type": "Feature",
      "geometry": {
        "type": "Point",
        "coordinates": [
          121.5458,
          25.0484
        ]
      },
      "properties": {
        "source_type": "飲水機",
        "name": "臺北市立圖書館中崙分館",
        "address": "臺北市松山區長安東路2段229號7~10樓",
        "city": "臺北市",
        "district": "松山區",
        "managing_unit": "臺北市立圖書館中崙分館",
        "maintenance_unit": null,
        "phone": "(02)87736858",
        "open_time": "週二至週六：08:30~21:00；週日、週一：09:00~17:00。",
        "location": "館內",
        "status": null,
        "info_url": null,
        "photo_url": null
      }
    },
    {
      "type": "Feature",
      "geometry": {
        "type": "Point",
        "coordinates": [
          121.589,
          25.0692
        ]
      },
      "properties": {
        "source_type": "飲水機",
        "name": "臺北市立圖書館內湖分館",
        "address": "臺北市內湖區民權東路六段99號6樓",
        "city": "臺北市",
        "district": "內湖區",
        "managing_unit": "臺北市立圖書館內湖分館",
        "maintenance_unit": null,
        "phone": "(02)27918772",
        "open_time": "週二至週六：08:30~21:00；週日、週一：09:00~17:00。",
        "location": "館內",
        "status": null,
        "info_url": null,
        "photo_url": null
      }
    },
    {
      "type": "Feature",
      "geometry": {
        "type": "Point",
        "coordinates": [
          121.5688,
          25.0243
        ]
      },
      "properties": {
        "source_type": "飲水機",
        "name": "臺北市立圖書館六合分館",
        "address": "臺北市信義區松仁路240巷19號3~5樓",
        "city": "臺北市",
        "district": "信義區",
        "managing_unit": "臺北市立圖書館六合分館",
        "maintenance_unit": null,
        "phone": "(02)27292485",
        "open_time": "週二至週六：08:30~21:00；週日、週一：09:00~17:00。",
        "location": "館內",
        "status": null,
        "info_url": null,
        "photo_url": null
      }
    },
    {
      "type": "Feature",
      "geometry": {
        "type": "Point",
        "coordinates": [
          121.533,
          25.1236
        ]
      },
      "properties": {
        "source_type": "飲水機",
        "name": "臺北市立圖書館天母分館",
        "address": "臺北市士林區中山北路七段154巷6號3樓",
        "city": "臺北市",
        "district": "士林區",
        "managing_unit": "臺北市立圖書館天母分館",
        "maintenance_unit": null,
        "phone": "(02)28736203",
        "open_time": "週二至週六：08:30~21:00；週日、週一：09:00~17:00。",
        "location": "館內",
        "status": null,
        "info_url": null,
        "photo_url": null
      }
    },
    {
      "type": "Feature",
      "geometry": {
        "type": "Point",
        "coordinates": [
          121.5514,
          25.0015
        ]
      },
      "properties": {
        "source_type": "飲水機",
        "name": "臺北市立圖書館文山分館",
        "address": "臺北市文山區興隆路二段160號7-9樓",
        "city": "臺北市",
        "district": "文山區",
        "managing_unit": "臺北市立圖書館文山分館",
        "maintenance_unit": null,
        "phone": "(02)29315339",
        "open_time": "週二至週六：08:30~21:00；週日、週一：09:00~17:00。",
        "location": "館內",
        "status": null,
        "info_url": null,
        "photo_url": null
      }
    },
    {
      "type": "Feature",
      "geometry": {
        "type": "Point",
        "coordinates": [
          121.5691,
          24.9885
        ]
      },
      "properties": {
        "source_type": "飲水機",
        "name": "臺北市立圖書館木柵分館",
        "address": "臺北市文山區保儀路一段13巷3號3樓",
        "city": "臺北市",
        "district": "文山區",
        "managing_unit": "臺北市立圖書館木柵分館",
        "maintenance_unit": null,
        "phone": "(02)29397520",
        "open_time": "週二至週六：08:30~21:00；週日、週一：09:00~17:00。",
        "location": "館內",
        "status": null,
        "info_url": null,
        "photo_url": null
      }
    },
    {
      "type": "Feature",
      "geometry": {
        "type": "Point",
        "coordinates": [
          121.5063,
          25.1365
        ]
      },
      "properties": {
        "source_type": "飲水機",
        "name": "臺北市立圖書館北投分館",
        "address": "臺北市北投區光明路251號",
        "city": "臺北市",
        "district": "北投區",
        "managing_unit": "臺北市立圖書館北投分館",
        "maintenance_unit": null,
        "phone": "(02)28912095",
        "open_time": "週二至週六：08:30~21:00；週日、週一：09:00~17:00。",
        "location": "館內",
        "status": null,
        "info_url": null,
        "photo_url": null
      }
    },
    {
      "type": "Feature",
      "geometry": {
        "type": "Point",
        "coordinates": [
          121.5238,
          25.0226
        ]
      },
      "properties": {
        "source_type": "飲水機",
        "name": "臺北市立圖書館古亭分館",
        "address": "臺北市中正區汀州路二段265號",
        "city": "臺北市",
        "district": "中正區",
        "managing_unit": "臺北市立圖書館古亭分館",
        "maintenance_unit": null,
        "phone": "(02)23678734",
        "open_time": "週二至週六：08:30~21:00；週日、週一：09:00~17:00。",
        "location": "館內",
        "status": null,
        "info_url": null,
        "photo_url": null
      }
    },
    {
      "type": "Feature",
      "geometry": {
        "type": "Point",
        "coordinates": [
          121.5515,
          25.0571
        ]
      },
      "properties": {
        "source_type": "飲水機",
        "name": "臺北市立圖書館民生分館",
        "address": "臺北市松山區敦化北路199巷5號4樓",
        "city": "臺北市",
        "district": "松山區",
        "managing_unit": "臺北市立圖書館民生分館",
        "maintenance_unit": null,
        "phone": "(02)27138083",
        "open_time": "週二至週六：08:30~21:00；週日、週一：09:00~17:00。",
        "location": "館內",
        "status": null,
        "info_url": null,
        "photo_url": null
      }
    },
    {
      "type": "Feature",
      "geometry": {
        "type": "Point",
        "coordinates": [
          121.5175,
          25.1183
        ]
      },
      "properties": {
        "source_type": "飲水機",
        "name": "臺北市立圖書館永明閱覽室",
        "address": "臺北市北投區石牌路二段115號7、8樓",
        "city": "臺北市",
        "district": "北投區",
        "managing_unit": "臺北市立圖書館永明閱覽室",
        "maintenance_unit": null,
        "phone": "(02)28234141",
        "open_time": "週二至週六：08:30~21:00；週日、週一：09:00~17:00。",
        "location": "館內",
        "status": null,
        "info_url": null,
        "photo_url": null
      }
    },
    {
      "type": "Feature",
      "geometry": {
        "type": "Point",
        "coordinates": [
          121.5509,
          24.9877
        ]
      },
      "properties": {
        "source_type": "飲水機",
        "name": "臺北市立圖書館永建分館",
        "address": "臺北市文山區木柵路一段177號4樓",
        "city": "臺北市",
        "district": "文山區",
        "managing_unit": "臺北市立圖書館永建分館",
        "maintenance_unit": null,
        "phone": "(02)22367448",
        "open_time": "週二至週六：08:30~21:00；週日、週一：09:00~17:00。",
        "location": "館內",
        "status": null,
        "info_url": null,
        "photo_url": null
      }
    },
    {
      "type": "Feature",
      "geometry": {
        "type": "Point",
        "coordinates": [
          121.5776,
          25.043
        ]
      },
      "properties": {
        "source_type": "飲水機",
        "name": "臺北市立圖書館永春分館",
        "address": "臺北市信義區松山路294號3、4樓",
        "city": "臺北市",
        "district": "信義區",
        "managing_unit": "臺北市立圖書館永春分館",
        "maintenance_unit": null,
        "phone": "(02)27609730",
        "open_time": "週二至週六：08:30~21:00；週日、週一：09:00~17:00。",
        "location": "館內",
        "status": null,
        "info_url": null,
        "photo_url": null
      }
    },
    {
      "type": "Feature",
      "geometry": {
        "type": "Point",
        "coordinates": [
          121.5227,
          25.113
        ]
      },
      "properties": {
        "source_type": "飲水機",
        "name": "臺北市立圖書館石牌分館",
        "address": "臺北市北投區明德路208巷5號3-10樓",
        "city": "臺北市",
        "district": "北投區",
        "managing_unit": "臺北市立圖書館石牌分館",
        "maintenance_unit": null,
        "phone": "(02)28239634",
        "open_time": "週二至週六：08:30~21:00；週日、週一：09:00~17:00。",
        "location": "館內",
        "status": null,
        "info_url": null,
        "photo_url": null
      }
    },
    {
      "type": "Feature",
      "geometry": {
        "type": "Point",
        "coordinates": [
          121.5083,
          25.1193
        ]
      },
      "properties": {
        "source_type": "飲水機",
        "name": "臺北市立圖書館吉利分館",
        "address": "臺北市北投區立農街一段366號",
        "city": "臺北市",
        "district": "北投區",
        "managing_unit": "臺北市立圖書館吉利分館",
        "maintenance_unit": null,
        "phone": "(02)28201633",
        "open_time": "週二至週六：08:30~21:00；週日、週一：09:00~17:00。",
        "location": "館內",
        "status": null,
        "info_url": null,
        "photo_url": null
      }
    },
    {
      "type": "Feature",
      "geometry": {
        "type": "Point",
        "coordinates": [
          121.5607,
          24.9878
        ]
      },
      "properties": {
        "source_type": "飲水機",
        "name": "臺北市立圖書館安康民眾閱覽室",
        "address": "臺北市文山區興隆路4段105巷1號4樓",
        "city": "臺北市",
        "district": "文山區",
        "managing_unit": "臺北市立圖書館安康民眾閱覽室",
        "maintenance_unit": null,
        "phone": "(02)29390180",
        "open_time": "週二至週六：08:30~21:00；週日、週一：09:00~17:00。",
        "location": "館內",
        "status": null,
        "info_url": null,
        "photo_url": null
      }
    },
    {
      "type": "Feature",
      "geometry": {
        "type": "Point",
        "coordinates": [
          121.5452,
          25.0254
        ]
      },
      "properties": {
        "source_type": "飲水機",
        "name": "臺北市立圖書館成功民眾閱覽室",
        "address": "臺北市大安區和平東路二段311巷29號4樓",
        "city": "臺北市",
        "district": "大安區",
        "managing_unit": "臺北市立圖書館成功民眾閱覽室",
        "maintenance_unit": null,
        "phone": "(02)27013604",
        "open_time": "週二至週六：08:30~21:00；週日、週一：09:00~17:00。",
        "location": "館內",
        "status": null,
        "info_url": null,
        "photo_url": null
      }
    },
    {
      "type": "Feature",
      "geometry": {
        "type": "Point",
        "coordinates": [
          121.5666,
          25.0847
        ]
      },
      "properties": {
        "source_type": "飲水機",
        "name": "臺北市立圖書館西中分館",
        "address": "臺北市內湖區內湖路1段285巷66號1-2樓",
        "city": "臺北市",
        "district": "內湖區",
        "managing_unit": "臺北市立圖書館西中分館",
        "maintenance_unit": null,
        "phone": "(02)87515497",
        "open_time": "週二至週六：08:30~21:00；週日、週一：09:00~17:00。",
        "location": "館內",
        "status": null,
        "info_url": null,
        "photo_url": null
      }
    },
    {
      "type": "Feature",
      "geometry": {
        "type": "Point",
        "coordinates": [
          121.5772,
          25.0786
        ]
      },
      "properties": {
        "source_type": "飲水機",
        "name": "臺北市立圖書館西湖分館",
        "address": "臺北市內湖區內湖路一段594號",
        "city": "臺北市",
        "district": "內湖區",
        "managing_unit": "臺北市立圖書館西湖分館",
        "maintenance_unit": null,
        "phone": "(02)27973183",
        "open_time": "週二至週六：08:30~21:00；週日、週一：09:00~17:00。",
        "location": "館內",
        "status": null,
        "info_url": null,
        "photo_url": null
      }
    },
    {
      "type": "Feature",
      "geometry": {
        "type": "Point",
        "coordinates": [
          121.5017,
          25.0321
        ]
      },
      "properties": {
        "source_type": "飲水機",
        "name": "臺北市立圖書館西園分館",
        "address": "臺北市萬華區興寧街6號",
        "city": "臺北市",
        "district": "萬華區",
        "managing_unit": "臺北市立圖書館西園分館",
        "maintenance_unit": null,
        "phone": "(02)23069046",
        "open_time": "週二至週六：08:30~21:00；週日、週一：09:00~17:00。",
        "location": "館內",
        "status": null,
        "info_url": null,
        "photo_url": null
      }
    },
    {
      "type": "Feature",
      "geometry": {
        "type": "Point",
        "coordinates": [
          121.4931,
          25.1456
        ]
      },
      "properties": {
        "source_type": "飲水機",
        "name": "臺北市立圖書館秀山民眾閱覽室",
        "address": "臺北市北投區中和街534號5至9樓",
        "city": "臺北市",
        "district": "北投區",
        "managing_unit": "臺北市立圖書館秀山民眾閱覽室",
        "maintenance_unit": null,
        "phone": "(02)28921475",
        "open_time": "週二至週六：08:30~21:00；週日、週一：09:00~17:00。",
        "location": "館內",
        "status": null,
        "info_url": null,
        "photo_url": null
      }
    },
    {
      "type": "Feature",
      "geometry": {
        "type": "Point",
        "coordinates": [
          121.512,
          25.0591
        ]
      },
      "properties": {
        "source_type": "飲水機",
        "name": "臺北市立圖書館延平分館",
        "address": "臺北市大同區保安街47號",
        "city": "臺北市",
        "district": "大同區",
        "managing_unit": "臺北市立圖書館延平分館",
        "maintenance_unit": null,
        "phone": "(02)25981387",
        "open_time": "週二至週六：08:30~21:00；週日、週一：09:00~17:00。",
        "location": "館內",
        "status": null,
        "info_url": null,
        "photo_url": null
      }
    },
    {
      "type": "Feature",
      "geometry": {
        "type": "Point",
        "coordinates": [
          121.555,
          25.0364
        ]
      },
      "properties": {
        "source_type": "飲水機",
        "name": "臺北市立圖書館延吉民眾閱覽室",
        "address": "臺北市大安區延吉街236巷17號3~4F",
        "city": "臺北市",
        "district": "大安區",
        "managing_unit": "臺北市立圖書館延吉民眾閱覽室",
        "maintenance_unit": null,
        "phone": "(02)27081964",
        "open_time": "週二至週六：08:30~21:00；週日、週一：09:00~17:00。",
        "location": "館內",
        "status": null,
        "info_url": null,
        "photo_url": null
      }
    },
    {
      "type": "Feature",
      "geometry": {
        "type": "Point",
        "coordinates": [
          121.6126,
          25.0674
        ]
      },
      "properties": {
        "source_type": "飲水機",
        "name": "臺北市立圖書館東湖分館",
        "address": "臺北市內湖區五分街6號",
        "city": "臺北市",
        "district": "內湖區",
        "managing_unit": "臺北市立圖書館東湖分館",
        "maintenance_unit": null,
        "phone": "(02)26323378",
        "open_time": "週二至週六：08:30~21:00；週日、週一：09:00~17:00。",
        "location": "館內",
        "status": null,
        "info_url": null,
        "photo_url": null
      }
    },
    {
      "type": "Feature",
      "geometry": {
        "type": "Point",
        "coordinates": [
          121.4981,
          25.0226
        ]
      },
      "properties": {
        "source_type": "飲水機",
        "name": "臺北市立圖書館東園分館",
        "address": "臺北市萬華區東園街199號",
        "city": "臺北市",
        "district": "萬華區",
        "managing_unit": "臺北市立圖書館東園分館",
        "maintenance_unit": null,
        "phone": "(02)23070460",
        "open_time": "週二至週六：08:30~21:00；週日、週一：09:00~17:00。",
        "location": "館內",
        "status": null,
        "info_url": null,
        "photo_url": null
      }
    },
    {
      "type": "Feature",
      "geometry": {
        "type": "Point",
        "coordinates": [
          121.5768,
          25.0498
        ]
      },
      "properties": {
        "source_type": "飲水機",
        "name": "臺北市立圖書館松山分館",
        "address": "臺北市松山區八德路四段688號6、7、8樓",
        "city": "臺北市",
        "district": "松山區",
        "managing_unit": "臺北市立圖書館松山分館",
        "maintenance_unit": null,
        "phone": "(02)27531875",
        "open_time": "週二至週六：08:30~21:00；週日、週一：09:00~17:00。",
        "location": "館內",
        "status": null,
        "info_url": null,
        "photo_url": null
      }
    },
    {
      "type": "Feature",
      "geometry": {
        "type": "Point",
        "coordinates": [
          121.5209,
          25.0502
        ]
      },
      "properties": {
        "source_type": "飲水機",
        "name": "臺北市立圖書館長安分館",
        "address": "臺北市中山區長安西路3號4樓",
        "city": "臺北市",
        "district": "中山區",
        "managing_unit": "臺北市立圖書館長安分館",
        "maintenance_unit": null,
        "phone": "(02)25625510",
        "open_time": "週二至週六：08:30~21:00；週日、週一：09:00~17:00。",
        "location": "館內",
        "status": null,
        "info_url": null,
        "photo_url": null
      }
    },
    {
      "type": "Feature",
      "geometry": {
        "type": "Point",
        "coordinates": [
          121.608,
          25.0549
        ]
      },
      "properties": {
        "source_type": "飲水機",
        "name": "臺北市立圖書館南港分館",
        "address": "臺北市南港區南港路一段350號",
        "city": "臺北市",
        "district": "南港區",
        "managing_unit": "臺北市立圖書館南港分館",
        "maintenance_unit": null,
        "phone": "(02)27825232",
        "open_time": "週二至週六：08:30~21:00；週日、週一：09:00~17:00。",
        "location": "館內",
        "status": null,
        "info_url": null,
        "photo_url": null
      }
    },
    {
      "type": "Feature",
      "geometry": {
        "type": "Point",
        "coordinates": [
          121.5309,
          25.0402
        ]
      },
      "properties": {
        "source_type": "飲水機",
        "name": "臺北市立圖書館城中分館",
        "address": "臺北市中正區濟南路二段46號3樓",
        "city": "臺北市",
        "district": "中正區",
        "managing_unit": "臺北市立圖書館城中分館",
        "maintenance_unit": null,
        "phone": "(02)23938274",
        "open_time": "週二至週六：08:30~21:00；週日、週一：09:00~17:00。",
        "location": "館內",
        "status": null,
        "info_url": null,
        "photo_url": null
      }
    },
    {
      "type": "Feature",
      "geometry": {
        "type": "Point",
        "coordinates": [
          121.5163,
          25.0569
        ]
      },
      "properties": {
        "source_type": "飲水機",
        "name": "臺北市立圖書館建成分館",
        "address": "臺北市大同區民生西路198號4樓",
        "city": "臺北市",
        "district": "大同區",
        "managing_unit": "臺北市立圖書館建成分館",
        "maintenance_unit": null,
        "phone": "(02)25582320",
        "open_time": "週二至週六：08:30~21:00；週日、週一：09:00~17:00。",
        "location": "館內",
        "status": null,
        "info_url": null,
        "photo_url": null
      }
    },
    {
      "type": "Feature",
      "geometry": {
        "type": "Point",
        "coordinates": [
          121.5271,
          25.0633
        ]
      },
      "properties": {
        "source_type": "飲水機",
        "name": "臺北市立圖書館恆安民眾閱覽室",
        "address": "臺北市中山區民權東路一段71巷19號",
        "city": "臺北市",
        "district": "中山區",
        "managing_unit": "臺北市立圖書館恆安民眾閱覽室",
        "maintenance_unit": null,
        "phone": "(02)25935482",
        "open_time": "週二至週六：08:30~21:00；週日、週一：09:00~17:00。",
        "location": "館內",
        "status": null,
        "info_url": null,
        "photo_url": null
      }
    },
    {
      "type": "Feature",
      "geometry": {
        "type": "Point",
        "coordinates": [
          121.4953,
          25.0369
        ]
      },
      "properties": {
        "source_type": "飲水機",
        "name": "臺北市立圖書館柳鄉民眾閱覽室",
        "address": "臺北市萬華區環河南路二段102號4樓",
        "city": "臺北市",
        "district": "萬華區",
        "managing_unit": "臺北市立圖書館柳鄉民眾閱覽室",
        "maintenance_unit": null,
        "phone": "(02)23080586",
        "open_time": "09:00~17:00",
        "location": "館內",
        "status": null,
        "info_url": null,
        "photo_url": null
      }
    },
    {
      "type": "Feature",
      "geometry": {
        "type": "Point",
        "coordinates": [
          121.5514,
          25.0545
        ]
      },
      "properties": {
        "source_type": "飲水機",
        "name": "臺北市立圖書館啟明分館",
        "address": "臺北市松山區敦化北路155巷76號",
        "city": "臺北市",
        "district": "松山區",
        "managing_unit": "臺北市立圖書館啟明分館",
        "maintenance_unit": null,
        "phone": "(02)25148443",
        "open_time": "09:00~17:00",
        "location": "館內",
        "status": null,
        "info_url": null,
        "photo_url": null
      }
    },
    {
      "type": "Feature",
      "geometry": {
        "type": "Point",
        "coordinates": [
          121.5069,
          25.1277
        ]
      },
      "properties": {
        "source_type": "飲水機",
        "name": "臺北市立圖書館清江分館",
        "address": "臺北市北投區公館路198號3樓",
        "city": "臺北市",
        "district": "北投區",
        "managing_unit": "臺北市立圖書館清江分館",
        "maintenance_unit": null,
        "phone": "(02)28960315",
        "open_time": "週二至週六：08:30~21:00；週日、週一：09:00~17:00。",
        "location": "館內",
        "status": null,
        "info_url": null,
        "photo_url": null
      }
    },
    {
      "type": "Feature",
      "geometry": {
        "type": "Point",
        "coordinates": [
          121.5363,
          25.0036
        ]
      },
      "properties": {
        "source_type": "飲水機",
        "name": "臺北市立圖書館景美分館",
        "address": "臺北市文山區羅斯福路五段176巷50號",
        "city": "臺北市",
        "district": "文山區",
        "managing_unit": "臺北市立圖書館景美分館",
        "maintenance_unit": null,
        "phone": "(02)29328457",
        "open_time": "週二至週六：08:30~21:00；週日、週一：09:00~17:00。",
        "location": "館內",
        "status": null,
        "info_url": null,
        "photo_url": null
      }
    },
    {
      "type": "Feature",
      "geometry": {
        "type": "Point",
        "coordinates": [
          121.5419,
          24.9899
        ]
      },
      "properties": {
        "source_type": "飲水機",
        "name": "臺北市立圖書館景新分館",
        "address": "臺北市文山區景後街151號5號10樓",
        "city": "臺北市",
        "district": "文山區",
        "managing_unit": "臺北市立圖書館景新分館",
        "maintenance_unit": null,
        "phone": "(02)29331244",
        "open_time": "週二至週六：08:30~21:00；週日、週一：09:00~17:00。",
        "location": "館內",
        "status": null,
        "info_url": null,
        "photo_url": null
      }
    },
    {
      "type": "Feature",
      "geometry": {
        "type": "Point",
        "coordinates": [
          121.5691,
          25.0022
        ]
      },
      "properties": {
        "source_type": "飲水機",
        "name": "臺北市立圖書館萬芳民眾閱覽室",
        "address": "臺北市文山區萬美街1段25號",
        "city": "臺北市",
        "district": "文山區",
        "managing_unit": "臺北市立圖書館萬芳民眾閱覽室",
        "maintenance_unit": null,
        "phone": "(02)22305233",
        "open_time": "週二至週六：08:30~21:00；週日、週一：09:00~17:00。",
        "location": "館內",
        "status": null,
        "info_url": null,
        "photo_url": null
      }
    },
    {
      "type": "Feature",
      "geometry": {
        "type": "Point",
        "coordinates": [
          121.4957,
          25.0277
        ]
      },
      "properties": {
        "source_type": "飲水機",
        "name": "臺北市立圖書館萬華分館",
        "address": "臺北市東園街19號5~7樓",
        "city": "臺北市",
        "district": "萬華區",
        "managing_unit": "臺北市立圖書館萬華分館",
        "maintenance_unit": null,
        "phone": "(02)23391056",
        "open_time": "週二至週六：08:30~21:00；週日、週一：09:00~17:00。",
        "location": "館內",
        "status": null,
        "info_url": null,
        "photo_url": null
      }
    },
    {
      "type": "Feature",
      "geometry": {
        "type": "Point",
        "coordinates": [
          121.5765,
          24.9886
        ]
      },
      "properties": {
        "source_type": "飲水機",
        "name": "臺北市立圖書館萬興分館",
        "address": "臺北市文山區萬壽路27號4樓",
        "city": "臺北市",
        "district": "文山區",
        "managing_unit": "臺北市立圖書館萬興分館",
        "maintenance_unit": null,
        "phone": "(02)22345501",
        "open_time": "週二至週六：08:30~21:00；週日、週一：09:00~17:00。",
        "location": "館內",
        "status": null,
        "info_url": null,
        "photo_url": null
      }
    },
    {
      "type": "Feature",
      "geometry": {
        "type": "Point",
        "coordinates": [
          121.5107,
          25.0823
        ]
      },
      "properties": {
        "source_type": "飲水機",
        "name": "臺北市立圖書館葫蘆堵分館",
        "address": "臺北市士林區延平北路5段136巷1號",
        "city": "臺北市",
        "district": "士林區",
        "managing_unit": "臺北市立圖書館葫蘆堵分館",
        "maintenance_unit": null,
        "phone": "(02)28126513",
        "open_time": "週二至週六：08:30~21:00；週日、週一：09:00~17:00。",
        "location": "館內",
        "status": null,
        "info_url": null,
        "photo_url": null
      }
    },
    {
      "type": "Feature",
      "geometry": {
        "type": "Point",
        "coordinates": [
          121.544,
          25.0215
        ]
      },
      "properties": {
        "source_type": "飲水機",
        "name": "臺北市立圖書館道藩分館",
        "address": "臺北市大安區辛亥路三段11號3樓",
        "city": "臺北市",
        "district": "大安區",
        "managing_unit": "臺北市立圖書館道藩分館",
        "maintenance_unit": null,
        "phone": "(02)27334031",
        "open_time": "週二至週六：08:30~21:00；週日、週一：09:00~17:00。",
        "location": "館內",
        "status": null,
        "info_url": null,
        "photo_url": null
      }
    },
    {
      "type": "Feature",
      "geometry": {
        "type": "Point",
        "coordinates": [
          121.4894,
          25.141
        ]
      },
      "properties": {
        "source_type": "飲水機",
        "name": "臺北市立圖書館稻香分館",
        "address": "臺北市北投區稻香路81號3、4樓",
        "city": "臺北市",
        "district": "北投區",
        "managing_unit": "臺北市立圖書館稻香分館",
        "maintenance_unit": null,
        "phone": "(02)28940662",
        "open_time": "週二至週六：08:30~21:00；週日、週一：09:00~17:00。",
        "location": "館內",
        "status": null,
        "info_url": null,
        "photo_url": null
      }
    },
    {
      "type": "Feature",
      "geometry": {
        "type": "Point",
        "coordinates": [
          121.5023,
          25.0385
        ]
      },
      "properties": {
        "source_type": "飲水機",
        "name": "臺北市立圖書館龍山分館",
        "address": "臺北市萬華區桂林路65巷6號",
        "city": "臺北市",
        "district": "萬華區",
        "managing_unit": "臺北市立圖書館龍山分館",
        "maintenance_unit": null,
        "phone": "(02)23311497",
        "open_time": "週二至週六：08:30~21:00；週日、週一：09:00~17:00。",
        "location": "館內",
        "status": null,
        "info_url": null,
        "photo_url": null
      }
    },
    {
      "type": "Feature",
      "geometry": {
        "type": "Point",
        "coordinates": [
          121.5294,
          25.0285
        ]
      },
      "properties": {
        "source_type": "飲水機",
        "name": "臺北市立圖書館龍安民眾閱覽室",
        "address": "臺北市大安區永康街60號3樓",
        "city": "臺北市",
        "district": "大安區",
        "managing_unit": "臺北市立圖書館龍安民眾閱覽室",
        "maintenance_unit": null,
        "phone": "(02)23945485",
        "open_time": "週二至週六：08:30~21:00；週日、週一：09:00~17:00。",
        "location": "館內",
        "status": null,
        "info_url": null,
        "photo_url": null
      }
    },
    {
      "type": "Feature",
      "geometry": {
        "type": "Point",
        "coordinates": [
          121.587,
          25.0475
        ]
      },
      "properties": {
        "source_type": "飲水機",
        "name": "臺北市立圖書館龍華民眾閱覽室",
        "address": "臺北市南港區東新街63巷8號",
        "city": "臺北市",
        "district": "南港區",
        "managing_unit": "臺北市立圖書館龍華民眾閱覽室",
        "maintenance_unit": null,
        "phone": "(02)27851740",
        "open_time": "週二至週六：08:30~21:00；週日、週一：09:00~17:00。",
        "location": "館內",
        "status": null,
        "info_url": null,
        "photo_url": null
      }
    },
    {
      "type": "Feature",
      "geometry": {
        "type": "Point",
        "coordinates": [
          121.5383,
          25.0291
        ]
      },
      "properties": {
        "source_type": "飲水機",
        "name": "臺北市立圖書館總館",
        "address": "臺北市大安區建國南路二段125號",
        "city": "臺北市",
        "district": "大安區",
        "managing_unit": "臺北市立圖書館總館",
        "maintenance_unit": null,
        "phone": "(02)27552823",
        "open_time": "週二至週六：08:30~21:00；週日、週一：09:00~17:00。",
        "location": "館內",
        "status": null,
        "info_url": null,
        "photo_url": null
      }
    },
    {
      "type": "Feature",
      "geometry": {
        "type": "Point",
        "coordinates": [
          121.6194,
          25.0413
        ]
      },
      "properties": {
        "source_type": "飲水機",
        "name": "臺北市立圖書館舊莊分館",
        "address": "臺北市南港區舊莊街1段91巷11號2樓",
        "city": "臺北市",
        "district": "南港區",
        "managing_unit": "臺北市立圖書館舊莊分館",
        "maintenance_unit": null,
        "phone": "(02)27837212",
        "open_time": "週二至週六：08:30~21:00；週日、週一：09:00~17:00。",
        "location": "館內",
        "status": null,
        "info_url": null,
        "photo_url": null
      }
    },
    {
      "type": "Feature",
      "geometry": {
        "type": "Point",
        "coordinates": [
          121.5151,
          25.0662
        ]
      },
      "properties": {
        "source_type": "飲水機",
        "name": "臺北市立圖書館蘭州民眾閱覽室",
        "address": "臺北市大同區昌吉街57號4樓",
        "city": "臺北市",
        "district": "大同區",
        "managing_unit": "臺北市立圖書館蘭州民眾閱覽室",
        "maintenance_unit": null,
        "phone": "(02)25981387",
        "open_time": "週二至週六：08:30~21:00；週日、週一：09:00~17:00。",
        "location": "館內",
        "status": null,
        "info_url": null,
        "photo_url": null
      }
    },
    {
      "type": "Feature",
      "geometry": {
        "type": "Point",
        "coordinates": [
          121.5094,
          25.0511
        ]
      },
      "properties": {
        "source_type": "飲水機",
        "name": "臺北市立聯合醫院中興院區",
        "address": "臺北市大同區鄭州路145號",
        "city": "臺北市",
        "district": "大同區",
        "managing_unit": "臺北市立聯合醫院中興院區",
        "maintenance_unit": null,
        "phone": "(02)25523234#3279",
        "open_time": "00:00~24:00",
        "location": "院區內",
        "status": null,
        "info_url": null,
        "photo_url": null
      }
    },
    {
      "type": "Feature",
      "geometry": {
        "type": "Point",
        "coordinates": [
          121.5452,
          25.0372
        ]
      },
      "properties": {
        "source_type": "飲水機",
        "name": "臺北市立聯合醫院仁愛院區",
        "address": "臺北市大安區仁愛路4段10號",
        "city": "臺北市",
        "district": "大安區",
        "managing_unit": "臺北市立聯合醫院仁愛院區",
        "maintenance_unit": null,
        "phone": "(02)27093600",
        "open_time": "00:00~24:00",
        "location": "院區內",
        "status": null,
        "info_url": null,
        "photo_url": null
      }
    },
    {
      "type": "Feature",
      "geometry": {
        "type": "Point",
        "coordinates": [
          121.5068,
          25.0355
        ]
      },
      "properties": {
        "source_type": "飲水機",
        "name": "臺北市立聯合醫院和平院區",
        "address": "臺北市中正區中華路2段33號",
        "city": "臺北市",
        "district": "中正區",
        "managing_unit": "臺北市立聯合醫院和平院區",
        "maintenance_unit": null,
        "phone": "(02)23889595",
        "open_time": "00:00~24:00",
        "location": "院區內",
        "status": null,
        "info_url": null,
        "photo_url": null
      }
    },
    {
      "type": "Feature",
      "geometry": {
        "type": "Point",
        "coordinates": [
          121.5192,
          25.029
        ]
      },
      "properties": {
        "source_type": "飲水機",
        "name": "臺北市立聯合醫院和平婦幼院區",
        "address": "臺北市中正區福州街12號",
        "city": "臺北市",
        "district": "中正區",
        "managing_unit": "臺北市立聯合醫院和平婦幼院區",
        "maintenance_unit": null,
        "phone": "(02)23916470#214",
        "open_time": "00:00~24:00",
        "location": "院區內",
        "status": null,
        "info_url": null,
        "photo_url": null
      }
    },
    {
      "type": "Feature",
      "geometry": {
        "type": "Point",
        "coordinates": [
          121.5861,
          25.0465
        ]
      },
      "properties": {
        "source_type": "飲水機",
        "name": "臺北市立聯合醫院忠孝院區",
        "address": "臺北市南港區同德路87號",
        "city": "臺北市",
        "district": "南港區",
        "managing_unit": "臺北市立聯合醫院忠孝院區",
        "maintenance_unit": null,
        "phone": "(02)27861288#8094",
        "open_time": "00:00~24:00",
        "location": "院區內",
        "status": null,
        "info_url": null,
        "photo_url": null
      }
    },
    {
      "type": "Feature",
      "geometry": {
        "type": "Point",
        "coordinates": [
          121.5744,
          25.0296
        ]
      },
      "properties": {
        "source_type": "飲水機",
        "name": "臺北市立聯合醫院松德院區",
        "address": "臺北市信義區松德路309號",
        "city": "臺北市",
        "district": "信義區",
        "managing_unit": "臺北市立聯合醫院松德院區",
        "maintenance_unit": null,
        "phone": "(02)27263141#1390",
        "open_time": "00:00~24:00",
        "location": "院區內",
        "status": null,
        "info_url": null,
        "photo_url": null
      }
    },
    {
      "type": "Feature",
      "geometry": {
        "type": "Point",
        "coordinates": [
          121.5254,
          25.0634
        ]
      },
      "properties": {
        "source_type": "飲水機",
        "name": "臺北市立聯合醫院林森院區",
        "address": "臺北市中山區林森北路530號",
        "city": "臺北市",
        "district": "中山區",
        "managing_unit": "臺北市立聯合醫院林森中醫院區",
        "maintenance_unit": null,
        "phone": "(02)25916681#533",
        "open_time": "00:00~24:00",
        "location": "院區內",
        "status": null,
        "info_url": null,
        "photo_url": null
      }
    },
    {
      "type": "Feature",
      "geometry": {
        "type": "Point",
        "coordinates": [
          121.5321,
          25.1052
        ]
      },
      "properties": {
        "source_type": "飲水機",
        "name": "臺北市立聯合醫院陽明院區",
        "address": "臺北市士林區雨聲街105號",
        "city": "臺北市",
        "district": "士林區",
        "managing_unit": "臺北市立聯合醫院陽明院區",
        "maintenance_unit": null,
        "phone": "(02)28353456",
        "open_time": "00:00~24:00",
        "location": "院區內",
        "status": null,
        "info_url": null,
        "photo_url": null
      }
    },
    {
      "type": "Feature",
      "geometry": {
        "type": "Point",
        "coordinates": [
          121.5047,
          25.0443
        ]
      },
      "properties": {
        "source_type": "飲水機",
        "name": "臺北市立聯合醫院林森中醫昆明院區",
        "address": "臺北市萬華區昆明街100號",
        "city": "臺北市",
        "district": "萬華區",
        "managing_unit": "臺北市立聯合醫院中醫院區",
        "maintenance_unit": null,
        "phone": "(02)23887008",
        "open_time": "00:00~24:00",
        "location": "院區內",
        "status": null,
        "info_url": null,
        "photo_url": null
      }
    },
    {
      "type": "Feature",
      "geometry": {
        "type": "Point",
        "coordinates": [
          121.5195,
          25.0927
        ]
      },
      "properties": {
        "source_type": "飲水機",
        "name": "士林區公所",
        "address": "臺北市士林區中正路439號",
        "city": "臺北市",
        "district": "士林區",
        "managing_unit": "士林區公所",
        "maintenance_unit": null,
        "phone": "(02)28826200",
        "open_time": "週一至週五：08:30~17:30",
        "location": "建物內",
        "status": null,
        "info_url": null,
        "photo_url": null
      }
    },
    {
      "type": "Feature",
      "geometry": {
        "type": "Point",
        "coordinates": [
          121.5196,
          25.0926
        ]
      },
      "properties": {
        "source_type": "飲水機",
        "name": "士林區戶政事務所",
        "address": "臺北市士林區中正路439號",
        "city": "臺北市",
        "district": "士林區",
        "managing_unit": "士林區戶政事務所",
        "maintenance_unit": null,
        "phone": "(02)28803252",
        "open_time": "週一至週五：08:30~20:00",
        "location": "建物內",
        "status": null,
        "info_url": null,
        "photo_url": null
      }
    },
    {
      "type": "Feature",
      "geometry": {
        "type": "Point",
        "coordinates": [
          121.5196,
          25.0927
        ]
      },
      "properties": {
        "source_type": "飲水機",
        "name": "士林地政事務所",
        "address": "臺北市士林區中正路439號",
        "city": "臺北市",
        "district": "士林區",
        "managing_unit": "士林區地政事務所",
        "maintenance_unit": null,
        "phone": "(02)28812483",
        "open_time": "週一至週五：08:30~17:00",
        "location": "建物內",
        "status": null,
        "info_url": null,
        "photo_url": null
      }
    },
    {
      "type": "Feature",
      "geometry": {
        "type": "Point",
        "coordinates": [
          121.5152,
          25.0661
        ]
      },
      "properties": {
        "source_type": "飲水機",
        "name": "大同區公所",
        "address": "臺北市大同區昌吉街57號",
        "city": "臺北市",
        "district": "大同區",
        "managing_unit": "大同區公所",
        "maintenance_unit": null,
        "phone": "(02)25975323",
        "open_time": "週一至週五：08:30~17:30",
        "location": "建物內",
        "status": null,
        "info_url": null,
        "photo_url": null
      }
    },
    {
      "type": "Feature",
      "geometry": {
        "type": "Point",
        "coordinates": [
          121.5151,
          25.066
        ]
      },
      "properties": {
        "source_type": "飲水機",
        "name": "大同區戶政事務所",
        "address": "臺北市大同區昌吉街57號",
        "city": "臺北市",
        "district": "大同區",
        "managing_unit": "大同區戶政事務所",
        "maintenance_unit": null,
        "phone": "(02)25942569",
        "open_time": "週一至週五：08:30~20:00",
        "location": "建物內",
        "status": null,
        "info_url": null,
        "photo_url": null
      }
    },
    {
      "type": "Feature",
      "geometry": {
        "type": "Point",
        "coordinates": [
          121.5564,
          25.0338
        ]
      },
      "properties": {
        "source_type": "飲水機",
        "name": "大安地政事務所",
        "address": "臺北市大安區信義路四段335巷6號",
        "city": "臺北市",
        "district": "大安區",
        "managing_unit": "大安地政事務所",
        "maintenance_unit": null,
        "phone": "(02)27548900",
        "open_time": "週一至週五：08:30~17:00",
        "location": "建物內",
        "status": null,
        "info_url": null,
        "photo_url": null
      }
    },
    {
      "type": "Feature",
      "geometry": {
        "type": "Point",
        "coordinates": [
          121.5345,
          25.0264
        ]
      },
      "properties": {
        "source_type": "飲水機",
        "name": "大安區公所",
        "address": "臺北市大安區新生南路二段86號",
        "city": "臺北市",
        "district": "大安區",
        "managing_unit": "大安區公所",
        "maintenance_unit": null,
        "phone": "(02)23511711",
        "open_time": "週一至週五：08:30~17:30",
        "location": "建物內",
        "status": null,
        "info_url": null,
        "photo_url": null
      }
    },
    {
      "type": "Feature",
      "geometry": {
        "type": "Point",
        "coordinates": [
          121.5345,
          25.0264
        ]
      },
      "properties": {
        "source_type": "飲水機",
        "name": "大安區戶政事務所",
        "address": "臺北市大安區新生南路二段86號",
        "city": "臺北市",
        "district": "大安區",
        "managing_unit": "大安區戶政事務所",
        "maintenance_unit": null,
        "phone": "(02)23587877",
        "open_time": "週一至週五：08:30~20:00",
        "location": "建物內",
        "status": null,
        "info_url": null,
        "photo_url": null
      }
    },
    {
      "type": "Feature",
      "geometry": {
        "type": "Point",
        "coordinates": [
          121.5335,
          25.0642
        ]
      },
      "properties": {
        "source_type": "飲水機",
        "name": "中山區公所",
        "address": "臺北市中山區松江路367號",
        "city": "臺北市",
        "district": "中山區",
        "managing_unit": "中山區公所",
        "maintenance_unit": null,
        "phone": "(02)25031369",
        "open_time": "週一至週五：08:30~17:30",
        "location": "建物內",
        "status": null,
        "info_url": null,
        "photo_url": null
      }
    },
    {
      "type": "Feature",
      "geometry": {
        "type": "Point",
        "coordinates": [
          121.5336,
          25.0644
        ]
      },
      "properties": {
        "source_type": "飲水機",
        "name": "中山區戶政事務所",
        "address": "臺北市中山區松江路367號",
        "city": "臺北市",
        "district": "中山區",
        "managing_unit": "中山區戶政事務所",
        "maintenance_unit": null,
        "phone": "(02)25032461",
        "open_time": "週一至週五：08:30~20:00",
        "location": "建物內",
        "status": null,
        "info_url": null,
        "photo_url": null
      }
    },
    {
      "type": "Feature",
      "geometry": {
        "type": "Point",
        "coordinates": [
          121.5341,
          25.0636
        ]
      },
      "properties": {
        "source_type": "飲水機",
        "name": "中山區地政事務所",
        "address": "臺北市中山區松江路357巷1號",
        "city": "臺北市",
        "district": "中山區",
        "managing_unit": "中山區地政事務所",
        "maintenance_unit": null,
        "phone": "(02)25022881",
        "open_time": "週一至週五：08:30~17:00",
        "location": "建物內",
        "status": null,
        "info_url": null,
        "photo_url": null
      }
    },
    {
      "type": "Feature",
      "geometry": {
        "type": "Point",
        "coordinates": [
          121.5247,
          25.0443
        ]
      },
      "properties": {
        "source_type": "飲水機",
        "name": "中正區公所",
        "address": "臺北市中正區忠孝東路一段108號8樓",
        "city": "臺北市",
        "district": "中正區",
        "managing_unit": "中正區公所",
        "maintenance_unit": null,
        "phone": "(02)23416721",
        "open_time": "週一至週五：08:30~17:30",
        "location": "建物內",
        "status": null,
        "info_url": null,
        "photo_url": null
      }
    },
    {
      "type": "Feature",
      "geometry": {
        "type": "Point",
        "coordinates": [
          121.5889,
          25.0692
        ]
      },
      "properties": {
        "source_type": "飲水機",
        "name": "內湖區公所",
        "address": "臺北市內湖區民權東路6段99號",
        "city": "臺北市",
        "district": "內湖區",
        "managing_unit": "內湖區公所",
        "maintenance_unit": null,
        "phone": "(02)27925828",
        "open_time": "週一至週五：08:30~17:30",
        "location": "建物內",
        "status": null,
        "info_url": null,
        "photo_url": null
      }
    },
    {
      "type": "Feature",
      "geometry": {
        "type": "Point",
        "coordinates": [
          121.589,
          25.0693
        ]
      },
      "properties": {
        "source_type": "飲水機",
        "name": "內湖區戶政事務所",
        "address": "臺北市內湖區民權東路六段99號",
        "city": "臺北市",
        "district": "內湖區",
        "managing_unit": "內湖區戶政事務所",
        "maintenance_unit": null,
        "phone": "(02)27912277",
        "open_time": "週一至週五：08:30~20:00",
        "location": "建物內",
        "status": null,
        "info_url": null,
        "photo_url": null
      }
    },
    {
      "type": "Feature",
      "geometry": {
        "type": "Point",
        "coordinates": [
          121.5701,
          24.9896
        ]
      },
      "properties": {
        "source_type": "飲水機",
        "name": "文山區公所",
        "address": "臺北市文山區木柵路三段220號",
        "city": "臺北市",
        "district": "文山區",
        "managing_unit": "文山區公所",
        "maintenance_unit": null,
        "phone": "(02)29365522",
        "open_time": "週一至週五：08:30~17:30",
        "location": "建物內",
        "status": null,
        "info_url": null,
        "photo_url": null
      }
    },
    {
      "type": "Feature",
      "geometry": {
        "type": "Point",
        "coordinates": [
          121.57,
          24.9896
        ]
      },
      "properties": {
        "source_type": "飲水機",
        "name": "文山區戶政事務所",
        "address": "臺北市文山區木柵路三段220號",
        "city": "臺北市",
        "district": "文山區",
        "managing_unit": "文山區戶政事務所",
        "maintenance_unit": null,
        "phone": "(02)29395885",
        "open_time": "週一至週五：08:30~20:00",
        "location": "建物內",
        "status": null,
        "info_url": null,
        "photo_url": null
      }
    },
    {
      "type": "Feature",
      "geometry": {
        "type": "Point",
        "coordinates": [
          121.5514,
          25.0015
        ]
      },
      "properties": {
        "source_type": "飲水機",
        "name": "文山區戶政事務所(景美辦事處)",
        "address": "臺北市文山區興隆路二段160號",
        "city": "臺北市",
        "district": "文山區",
        "managing_unit": "文山區戶政事務所(景美辦事處)",
        "maintenance_unit": null,
        "phone": "(02)29395885#2110",
        "open_time": "週一至週五：08:30~20:00",
        "location": "建物內",
        "status": null,
        "info_url": null,
        "photo_url": null
      }
    },
    {
      "type": "Feature",
      "geometry": {
        "type": "Point",
        "coordinates": [
          121.5032,
          25.132
        ]
      },
      "properties": {
        "source_type": "飲水機",
        "name": "北投區戶政事務所",
        "address": "臺北市北投區新市街30號",
        "city": "臺北市",
        "district": "北投區",
        "managing_unit": "北投區戶政事務所",
        "maintenance_unit": null,
        "phone": "(02)28924170",
        "open_time": "週一至週五：08:30~20:00",
        "location": "建物內",
        "status": null,
        "info_url": null,
        "photo_url": null
      }
    },
    {
      "type": "Feature",
      "geometry": {
        "type": "Point",
        "coordinates": [
          121.5361,
          25.0006
        ]
      },
      "properties": {
        "source_type": "飲水機",
        "name": "古亭地政事務所",
        "address": "臺北市文山區萬隆街47之12號",
        "city": "臺北市",
        "district": "文山區",
        "managing_unit": "古亭地政事務所",
        "maintenance_unit": null,
        "phone": "(02)29355369",
        "open_time": "週一至週五：08:30~17:00",
        "location": "建物內",
        "status": null,
        "info_url": null,
        "photo_url": null
      }
    },
    {
      "type": "Feature",
      "geometry": {
        "type": "Point",
        "coordinates": [
          121.5772,
          25.0498
        ]
      },
      "properties": {
        "source_type": "飲水機",
        "name": "松山區公所",
        "address": "臺北市松山區八德路四段692號",
        "city": "臺北市",
        "district": "松山區",
        "managing_unit": "松山區公所",
        "maintenance_unit": null,
        "phone": "(02)87878787",
        "open_time": "週一至週五：08:30~17:30",
        "location": "建物內",
        "status": null,
        "info_url": null,
        "photo_url": null
      }
    },
    {
      "type": "Feature",
      "geometry": {
        "type": "Point",
        "coordinates": [
          121.5772,
          25.0499
        ]
      },
      "properties": {
        "source_type": "飲水機",
        "name": "松山區戶政事務所",
        "address": "臺北市松山區八德路四段692號",
        "city": "臺北市",
        "district": "松山區",
        "managing_unit": "松山區戶政事務所",
        "maintenance_unit": null,
        "phone": "(02)27533043",
        "open_time": "週一至週五：08:30~20:00",
        "location": "建物內",
        "status": null,
        "info_url": null,
        "photo_url": null
      }
    },
    {
      "type": "Feature",
      "geometry": {
        "type": "Point",
        "coordinates": [
          121.5661,
          25.0288
        ]
      },
      "properties": {
        "source_type": "飲水機",
        "name": "松山地政事務所",
        "address": "臺北市信義區莊敬路391巷11弄2號",
        "city": "臺北市",
        "district": "信義區",
        "managing_unit": "松山區地政事務所",
        "maintenance_unit": null,
        "phone": "(02)27230711",
        "open_time": "週一至週五：08:30~17:00",
        "location": "建物內",
        "status": null,
        "info_url": null,
        "photo_url": null
      }
    },
    {
      "type": "Feature",
      "geometry": {
        "type": "Point",
        "coordinates": [
          121.5668,
          25.0331
        ]
      },
      "properties": {
        "source_type": "飲水機",
        "name": "信義區公所",
        "address": "臺北市信義區信義路五段15號",
        "city": "臺北市",
        "district": "信義區",
        "managing_unit": "信義區公所",
        "maintenance_unit": null,
        "phone": "(02)27239777",
        "open_time": "週一至週五：08:30~17:30",
        "location": "建物內",
        "status": null,
        "info_url": null,
        "photo_url": null
      }
    },
    {
      "type": "Feature",
      "geometry": {
        "type": "Point",
        "coordinates": [
          121.5668,
          25.0333
        ]
      },
      "properties": {
        "source_type": "飲水機",
        "name": "信義區戶政事務所",
        "address": "臺北市信義區信義路五段15號",
        "city": "臺北市",
        "district": "信義區",
        "managing_unit": "信義區戶政事務所",
        "maintenance_unit": null,
        "phone": "(02)27233977",
        "open_time": "週一至週五：08:30~20:00",
        "location": "建物內",
        "status": null,
        "info_url": null,
        "photo_url": null
      }
    },
    {
      "type": "Feature",
      "geometry": {
        "type": "Point",
        "coordinates": [
          121.6066,
          25.0547
        ]
      },
      "properties": {
        "source_type": "飲水機",
        "name": "南港區公所",
        "address": "臺北市南港區南港路一段360號",
        "city": "臺北市",
        "district": "南港區",
        "managing_unit": "南港區公所",
        "maintenance_unit": null,
        "phone": "(02)27831343",
        "open_time": "週一至週五：08:30~17:30",
        "location": "建物內",
        "status": null,
        "info_url": null,
        "photo_url": null
      }
    },
    {
      "type": "Feature",
      "geometry": {
        "type": "Point",
        "coordinates": [
          121.6067,
          25.0545
        ]
      },
      "properties": {
        "source_type": "飲水機",
        "name": "南港區戶政事務所",
        "address": "臺北市南港區南港路一段1段號360號4樓",
        "city": "臺北市",
        "district": "南港區",
        "managing_unit": "南港區戶政事務所",
        "maintenance_unit": null,
        "phone": "(02)27825196",
        "open_time": "週一至週五：08:30~20:00",
        "location": "建物內",
        "status": null,
        "info_url": null,
        "photo_url": null
      }
    },
    {
      "type": "Feature",
      "geometry": {
        "type": "Point",
        "coordinates": [
          121.4998,
          25.035
        ]
      },
      "properties": {
        "source_type": "飲水機",
        "name": "建成地政事務所",
        "address": "臺北市萬華區和平西路三段120號",
        "city": "臺北市",
        "district": "萬華區",
        "managing_unit": "建成地政事務所",
        "maintenance_unit": null,
        "phone": "(02)23062122",
        "open_time": "週一至週五：08:30~17:00",
        "location": "建物內",
        "status": null,
        "info_url": null,
        "photo_url": null
      }
    },
    {
      "type": "Feature",
      "geometry": {
        "type": "Point",
        "coordinates": [
          121.4997,
          25.0348
        ]
      },
      "properties": {
        "source_type": "飲水機",
        "name": "萬華區公所",
        "address": "臺北市萬華區和平西路三段120號",
        "city": "臺北市",
        "district": "萬華區",
        "managing_unit": "萬華區公所",
        "maintenance_unit": null,
        "phone": "(02)23064468",
        "open_time": "週一至週五：08:30~17:30",
        "location": "建物內",
        "status": null,
        "info_url": null,
        "photo_url": null
      }
    },
    {
      "type": "Feature",
      "geometry": {
        "type": "Point",
        "coordinates": [
          121.4998,
          25.035
        ]
      },
      "properties": {
        "source_type": "飲水機",
        "name": "萬華區戶政事務所",
        "address": "臺北市萬華區和平西路三段120號",
        "city": "臺北市",
        "district": "萬華區",
        "managing_unit": "萬華區戶政事務所",
        "maintenance_unit": null,
        "phone": "(02)23062706",
        "open_time": "週一至週五：08:30~20:00",
        "location": "建物內",
        "status": null,
        "info_url": null,
        "photo_url": null
      }
    },
    {
      "type": "Feature",
      "geometry": {
        "type": "Point",
        "coordinates": [
          121.5644,
          25.0375
        ]
      },
      "properties": {
        "source_type": "飲水機",
        "name": "臺北市政府",
        "address": "臺北市信義區市府路1號",
        "city": "臺北市",
        "district": "信義區",
        "managing_unit": "臺北市政府",
        "maintenance_unit": null,
        "phone": "(02)27208889",
        "open_time": "週一至週五：08:30~17:30",
        "location": "建物內",
        "status": null,
        "info_url": null,
        "photo_url": null
      }
    },
    {
      "type": "Feature",
      "geometry": {
        "type": "Point",
        "coordinates": [
          121.5648,
          25.0405
        ]
      },
      "properties": {
        "source_type": "飲水機",
        "name": "市府轉運站",
        "address": "臺北市信義區忠孝東路5段6號",
        "city": "臺北市",
        "district": "信義區",
        "managing_unit": "市府轉運站",
        "maintenance_unit": null,
        "phone": "(02)87806252",
        "open_time": "依據起訖班車時間",
        "location": "建物內",
        "status": null,
        "info_url": null,
        "photo_url": null
      }
    },
    {
      "type": "Feature",
      "geometry": {
        "type": "Point",
        "coordinates": [
          121.5782,
          25.0492
        ]
      },
      "properties": {
        "source_type": "飲水機",
        "name": "交通部臺灣鐵路管理局-松山火車站",
        "address": "臺北市松山區松山路11號",
        "city": "臺北市",
        "district": "松山區",
        "managing_unit": "交通部臺灣鐵路管理局-松山火車站",
        "maintenance_unit": null,
        "phone": "(02)21910096",
        "open_time": "依據起訖班車時間",
        "location": "建物內",
        "status": null,
        "info_url": null,
        "photo_url": null
      }
    },
    {
      "type": "Feature",
      "geometry": {
        "type": "Point",
        "coordinates": [
          121.6069,
          25.053
        ]
      },
      "properties": {
        "source_type": "飲水機",
        "name": "交通部臺灣鐵路管理局-南港火車站",
        "address": "臺北市南港區南港路一段313號",
        "city": "臺北市",
        "district": "南港區",
        "managing_unit": "交通部臺灣鐵路管理局-南港火車站",
        "maintenance_unit": null,
        "phone": "(02)21910096",
        "open_time": "依據起訖班車時間",
        "location": "建物內",
        "status": null,
        "info_url": null,
        "photo_url": null
      }
    },
    {
      "type": "Feature",
      "geometry": {
        "type": "Point",
        "coordinates": [
          121.4998,
          25.0332
        ]
      },
      "properties": {
        "source_type": "飲水機",
        "name": "交通部臺灣鐵路管理局-萬華火車站",
        "address": "臺北市萬華區康定路382號",
        "city": "臺北市",
        "district": "萬華區",
        "managing_unit": "交通部臺灣鐵路管理局-萬華火車站",
        "maintenance_unit": null,
        "phone": "(02)21910096",
        "open_time": "依據起訖班車時間",
        "location": "建物內",
        "status": null,
        "info_url": null,
        "photo_url": null
      }
    },
    {
      "type": "Feature",
      "geometry": {
        "type": "Point",
        "coordinates": [
          121.5169,
          25.0477
        ]
      },
      "properties": {
        "source_type": "飲水機",
        "name": "交通部臺灣鐵路管理局-臺北火車站",
        "address": "臺北市中正區北平西路3號",
        "city": "臺北市",
        "district": "中正區",
        "managing_unit": "交通部臺灣鐵路管理局-臺北火車站",
        "maintenance_unit": null,
        "phone": "(02)21910096",
        "open_time": "依據起訖班車時間",
        "location": "建物內",
        "status": null,
        "info_url": null,
        "photo_url": null
      }
    },
    {
      "type": "Feature",
      "geometry": {
        "type": "Point",
        "coordinates": [
          121.5526,
          25.0675
        ]
      },
      "properties": {
        "source_type": "飲水機",
        "name": "臺北松山機場",
        "address": "臺北市松山區敦化北路340號之9",
        "city": "臺北市",
        "district": "松山區",
        "managing_unit": "臺北松山機場",
        "maintenance_unit": null,
        "phone": "(02)87703460",
        "open_time": "依據起訖班機時間",
        "location": "建物內",
        "status": null,
        "info_url": null,
        "photo_url": null
      }
    },
    {
      "type": "Feature",
      "geometry": {
        "type": "Point",
        "coordinates": [
          121.5187,
          25.0488
        ]
      },
      "properties": {
        "source_type": "飲水機",
        "name": "臺北轉運站",
        "address": "臺北市中山區市民大道1段209號14樓",
        "city": "臺北市",
        "district": "中山區",
        "managing_unit": "臺北轉運站",
        "maintenance_unit": null,
        "phone": "(02)77335888",
        "open_time": "依據起訖班車時間",
        "location": "建物內",
        "status": null,
        "info_url": null,
        "photo_url": null
      }
    },
    {
      "type": "Feature",
      "geometry": {
        "type": "Point",
        "coordinates": [
          121.5149,
          25.0972
        ]
      },
      "properties": {
        "source_type": "飲水機",
        "name": "臺北市兒童新樂園",
        "address": "臺北市士林區承德路5段55號",
        "city": "臺北市",
        "district": "士林區",
        "managing_unit": "臺北市兒童新樂園",
        "maintenance_unit": null,
        "phone": "(02)28333823#105",
        "open_time": "週一至週日09:00–17:00 ",
        "location": "建物內",
        "status": null,
        "info_url": null,
        "photo_url": null
      }
    },
    {
      "type": "Feature",
      "geometry": {
        "type": "Point",
        "coordinates": [
          121.5183,
          25.0958
        ]
      },
      "properties": {
        "source_type": "飲水機",
        "name": "臺北市立天文科學教育館",
        "address": "臺北市士林區基河路363號",
        "city": "臺北市",
        "district": "士林區",
        "managing_unit": "臺北市立天文科學教育館",
        "maintenance_unit": null,
        "phone": "(02)28314551",
        "open_time": "週二至週日09:00–17:00 ",
        "location": "建物內",
        "status": null,
        "info_url": null,
        "photo_url": null
      }
    },
    {
      "type": "Feature",
      "geometry": {
        "type": "Point",
        "coordinates": [
          121.5329,
          25.1134
        ]
      },
      "properties": {
        "source_type": "飲水機",
        "name": "臺北市天母棒球場",
        "address": "臺北市士林區忠誠路2段77號",
        "city": "臺北市",
        "district": "士林區",
        "managing_unit": "臺北市天母棒球場",
        "maintenance_unit": null,
        "phone": "(02)28736548#101",
        "open_time": "參考該網站資訊",
        "location": "建物內",
        "status": null,
        "info_url": null,
        "photo_url": null
      }
    },
    {
      "type": "Feature",
      "geometry": {
        "type": "Point",
        "coordinates": [
          121.5164,
          25.0962
        ]
      },
      "properties": {
        "source_type": "飲水機",
        "name": "國立臺灣科學教育館",
        "address": "臺北市士林區士商路189號",
        "city": "臺北市",
        "district": "士林區",
        "managing_unit": "國立臺灣科學教育館",
        "maintenance_unit": null,
        "phone": "(02)66101234#1000",
        "open_time": "週二至週五09:00~17:00  \r\n週六至週日09:00~18:00",
        "location": "建物內",
        "status": null,
        "info_url": null,
        "photo_url": null
      }
    },
    {
      "type": "Feature",
      "geometry": {
        "type": "Point",
        "coordinates": [
          121.5484,
          25.1023
        ]
      },
      "properties": {
        "source_type": "飲水機",
        "name": "國立故宮博物院",
        "address": "臺北市士林區至善路二段221號",
        "city": "臺北市",
        "district": "士林區",
        "managing_unit": "國立故宮博物院",
        "maintenance_unit": null,
        "phone": "(02)28812021",
        "open_time": "週日至週四08:30~18:30  \r\n週五至週六08:30~21:00",
        "location": "建物內",
        "status": null,
        "info_url": null,
        "photo_url": null
      }
    },
    {
      "type": "Feature",
      "geometry": {
        "type": "Point",
        "coordinates": [
          121.543,
          25.0345
        ]
      },
      "properties": {
        "source_type": "飲水機",
        "name": "客家文化會館 ",
        "address": "臺北市信義路三段157巷11號",
        "city": "臺北市",
        "district": "大安區",
        "managing_unit": "客家文化會館 ",
        "maintenance_unit": null,
        "phone": "(02)27026141",
        "open_time": "週一至週日09:00~21:00",
        "location": "建物內",
        "status": null,
        "info_url": null,
        "photo_url": null
      }
    },
    {
      "type": "Feature",
      "geometry": {
        "type": "Point",
        "coordinates": [
          121.5308,
          25.0711
        ]
      },
      "properties": {
        "source_type": "飲水機",
        "name": "臺北花博夢想館",
        "address": "臺北市中山區濱江街12號",
        "city": "臺北市",
        "district": "中山區",
        "managing_unit": "臺北花博夢想館",
        "maintenance_unit": null,
        "phone": "(02)21828886",
        "open_time": "參考最新展演活動資訊",
        "location": "建物內",
        "status": null,
        "info_url": null,
        "photo_url": null
      }
    },
    {
      "type": "Feature",
      "geometry": {
        "type": "Point",
        "coordinates": [
          121.5207,
          25.0696
        ]
      },
      "properties": {
        "source_type": "飲水機",
        "name": "臺北花博爭艷館",
        "address": "臺北市中山區玉門街1號",
        "city": "臺北市",
        "district": "中山區",
        "managing_unit": "臺北花博爭艷館",
        "maintenance_unit": null,
        "phone": "(02)21828886",
        "open_time": "參考最新展演活動資訊",
        "location": "建物內",
        "status": null,
        "info_url": null,
        "photo_url": null
      }
    },
    {
      "type": "Feature",
      "geometry": {
        "type": "Point",
        "coordinates": [
          121.5248,
          25.0724
        ]
      },
      "properties": {
        "source_type": "飲水機",
        "name": "臺北市立美術館",
        "address": "臺北市中山北路三段181號",
        "city": "臺北市",
        "district": "中山區",
        "managing_unit": "臺北市立美術館",
        "maintenance_unit": null,
        "phone": "(02)25957656",
        "open_time": "週二至週日09:30–17:30",
        "location": "建物內",
        "status": null,
        "info_url": null,
        "photo_url": null
      }
    },
    {
      "type": "Feature",
      "geometry": {
        "type": "Point",
        "coordinates": [
          121.5094,
          25.0318
        ]
      },
      "properties": {
        "source_type": "飲水機",
        "name": "臺北植物園",
        "address": "臺北市中正區南海路53號",
        "city": "臺北市",
        "district": "中正區",
        "managing_unit": "臺北植物園",
        "maintenance_unit": null,
        "phone": "(02)23039978#1420",
        "open_time": "週一至週日05:30~22:00",
        "location": "建物內",
        "status": null,
        "info_url": null,
        "photo_url": null
      }
    },
    {
      "type": "Feature",
      "geometry": {
        "type": "Point",
        "coordinates": [
          121.5253,
          25.0202
        ]
      },
      "properties": {
        "source_type": "飲水機",
        "name": "臺北市客家文化主題公園",
        "address": "臺北市中正區汀州路三段2號",
        "city": "臺北市",
        "district": "中正區",
        "managing_unit": "臺北市客家文化主題公園",
        "maintenance_unit": null,
        "phone": "(02)23691198",
        "open_time": "週二至週日09:00~18:00",
        "location": "建物內",
        "status": null,
        "info_url": null,
        "photo_url": null
      }
    },
    {
      "type": "Feature",
      "geometry": {
        "type": "Point",
        "coordinates": [
          121.5222,
          25.0389
        ]
      },
      "properties": {
        "source_type": "飲水機",
        "name": "臺北市青少年發展處",
        "address": "臺北市中正區仁愛路一段17號",
        "city": "臺北市",
        "district": "中正區",
        "managing_unit": "臺北市青少年發展處",
        "maintenance_unit": null,
        "phone": "(02)23514078",
        "open_time": "週一至週日09:00~21:00",
        "location": "建物內",
        "status": null,
        "info_url": null,
        "photo_url": null
      }
    },
    {
      "type": "Feature",
      "geometry": {
        "type": "Point",
        "coordinates": [
          121.5096,
          25.0431
        ]
      },
      "properties": {
        "source_type": "飲水機",
        "name": "臺北市中山堂",
        "address": "臺北市中正區延平南路98號",
        "city": "臺北市",
        "district": "中正區",
        "managing_unit": "臺北市中山堂",
        "maintenance_unit": null,
        "phone": "(02)23813137",
        "open_time": "週一至週日09:30–21:00 ",
        "location": "建物內",
        "status": null,
        "info_url": null,
        "photo_url": null
      }
    },
    {
      "type": "Feature",
      "geometry": {
        "type": "Point",
        "coordinates": [
          121.5147,
          25.0316
        ]
      },
      "properties": {
        "source_type": "飲水機",
        "name": "郵政博物館",
        "address": "臺北市中正區重慶南路二段45號",
        "city": "臺北市",
        "district": "中正區",
        "managing_unit": "郵政博物館",
        "maintenance_unit": null,
        "phone": "(02)23945185",
        "open_time": "週二至週日09:00–17:00 ",
        "location": "建物內",
        "status": null,
        "info_url": null,
        "photo_url": null
      }
    },
    {
      "type": "Feature",
      "geometry": {
        "type": "Point",
        "coordinates": [
          121.5082,
          25.0393
        ]
      },
      "properties": {
        "source_type": "飲水機",
        "name": "國軍歷史文物館",
        "address": "臺北市中正區貴陽街一段243號",
        "city": "臺北市",
        "district": "中正區",
        "managing_unit": "國軍歷史文物館",
        "maintenance_unit": null,
        "phone": "(02)23315730",
        "open_time": "週一至週五09:00~16:00",
        "location": "建物內",
        "status": null,
        "info_url": null,
        "photo_url": null
      }
    },
    {
      "type": "Feature",
      "geometry": {
        "type": "Point",
        "coordinates": [
          121.515,
          25.0427
        ]
      },
      "properties": {
        "source_type": "飲水機",
        "name": "國立臺灣博物館",
        "address": "臺北市中正區襄陽路2號",
        "city": "臺北市",
        "district": "中正區",
        "managing_unit": "國立臺灣博物館",
        "maintenance_unit": null,
        "phone": "(02)23822566",
        "open_time": "週二至週日09:30–17:00 ",
        "location": "建物內",
        "status": null,
        "info_url": null,
        "photo_url": null
      }
    },
    {
      "type": "Feature",
      "geometry": {
        "type": "Point",
        "coordinates": [
          121.5217,
          25.0346
        ]
      },
      "properties": {
        "source_type": "飲水機",
        "name": "國立中正紀念堂",
        "address": "臺北市中正區中山南路21號",
        "city": "臺北市",
        "district": "中正區",
        "managing_unit": "國立中正紀念堂",
        "maintenance_unit": null,
        "phone": "(02)23431100#1169",
        "open_time": "週一至週日09:00–18:00 ",
        "location": "建物內",
        "status": null,
        "info_url": null,
        "photo_url": null
      }
    },
    {
      "type": "Feature",
      "geometry": {
        "type": "Point",
        "coordinates": [
          121.581,
          24.9983
        ]
      },
      "properties": {
        "source_type": "飲水機",
        "name": "臺北市立動物園",
        "address": "臺北市文山區新光路二段30號",
        "city": "臺北市",
        "district": "文山區",
        "managing_unit": "臺北市立動物園",
        "maintenance_unit": null,
        "phone": "(02)29382300#630",
        "open_time": "週一至週日09:00~17:00",
        "location": "建物內",
        "status": null,
        "info_url": null,
        "photo_url": null
      }
    },
    {
      "type": "Feature",
      "geometry": {
        "type": "Point",
        "coordinates": [
          121.4838,
          25.1345
        ]
      },
      "properties": {
        "source_type": "飲水機",
        "name": "捷運北投會館",
        "address": "臺北市北投區大業路527巷88號",
        "city": "臺北市",
        "district": "北投區",
        "managing_unit": "捷運北投會館",
        "maintenance_unit": null,
        "phone": "(02)28930105",
        "open_time": "週一至週五15:00~22:00\r\n例假日及寒、暑假：09:00~22:00",
        "location": "建物內",
        "status": null,
        "info_url": null,
        "photo_url": null
      }
    },
    {
      "type": "Feature",
      "geometry": {
        "type": "Point",
        "coordinates": [
          121.5023,
          25.1389
        ]
      },
      "properties": {
        "source_type": "飲水機",
        "name": "北投復興公園",
        "address": "臺北市北投區中和街200號",
        "city": "臺北市",
        "district": "北投區",
        "managing_unit": "北投復興公園",
        "maintenance_unit": null,
        "phone": "0979-185878",
        "open_time": "週二至週日08:00~18:00",
        "location": "建物內",
        "status": null,
        "info_url": null,
        "photo_url": null
      }
    },
    {
      "type": "Feature",
      "geometry": {
        "type": "Point",
        "coordinates": [
          121.552,
          25.0513
        ]
      },
      "properties": {
        "source_type": "飲水機",
        "name": "臺北體育館",
        "address": "臺北市松山區南京東路4段10號",
        "city": "臺北市",
        "district": "松山區",
        "managing_unit": "臺北體育館",
        "maintenance_unit": null,
        "phone": "(02)2570 2330#6512",
        "open_time": "週一至週日06:00~22:00",
        "location": "建物內",
        "status": null,
        "info_url": null,
        "photo_url": null
      }
    },
    {
      "type": "Feature",
      "geometry": {
        "type": "Point",
        "coordinates": [
          121.5514,
          25.0495
        ]
      },
      "properties": {
        "source_type": "飲水機",
        "name": "臺北田徑場",
        "address": "臺北市松山區敦化北路3號",
        "city": "臺北市",
        "district": "松山區",
        "managing_unit": "臺北田徑場",
        "maintenance_unit": null,
        "phone": "(02)25702330",
        "open_time": "週一至週日05:00~09:00，18:00~22:00",
        "location": "建物內",
        "status": null,
        "info_url": null,
        "photo_url": null
      }
    },
    {
      "type": "Feature",
      "geometry": {
        "type": "Point",
        "coordinates": [
          121.5522,
          25.0483
        ]
      },
      "properties": {
        "source_type": "飲水機",
        "name": "臺北市藝文推廣處",
        "address": "臺北市松山區八德路三段25號",
        "city": "臺北市",
        "district": "松山區",
        "managing_unit": "臺北市藝文推廣處",
        "maintenance_unit": null,
        "phone": "(02)25775931",
        "open_time": "週二至週日09:00–21:00 ",
        "location": "建物內",
        "status": null,
        "info_url": null,
        "photo_url": null
      }
    },
    {
      "type": "Feature",
      "geometry": {
        "type": "Point",
        "coordinates": [
          121.5498,
          25.0511
        ]
      },
      "properties": {
        "source_type": "飲水機",
        "name": "臺北小巨蛋",
        "address": "臺北市南京東路4段2號",
        "city": "臺北市",
        "district": "松山區",
        "managing_unit": "臺北小巨蛋",
        "maintenance_unit": null,
        "phone": "(02)25783536",
        "open_time": "週一至週日09:00~22:00",
        "location": "建物內",
        "status": null,
        "info_url": null,
        "photo_url": null
      }
    },
    {
      "type": "Feature",
      "geometry": {
        "type": "Point",
        "coordinates": [
          121.5602,
          25.04
        ]
      },
      "properties": {
        "source_type": "飲水機",
        "name": "國立國父紀念館",
        "address": "臺北市信義區仁愛路四段505號",
        "city": "臺北市",
        "district": "信義區",
        "managing_unit": "國立國父紀念館",
        "maintenance_unit": null,
        "phone": "(02)27588008#596",
        "open_time": "週一至週日09:00–18:00 ",
        "location": "建物內",
        "status": null,
        "info_url": null,
        "photo_url": null
      }
    },
    {
      "type": "Feature",
      "geometry": {
        "type": "Point",
        "coordinates": [
          121.6181,
          25.0566
        ]
      },
      "properties": {
        "source_type": "飲水機",
        "name": "南港展覽館",
        "address": "臺北市南港區經貿二路1號",
        "city": "臺北市",
        "district": "南港區",
        "managing_unit": "南港展覽館",
        "maintenance_unit": null,
        "phone": "(02)27255200",
        "open_time": "週一至週日07:00~22:00",
        "location": "建物內",
        "status": null,
        "info_url": null,
        "photo_url": null
      }
    },
    {
      "type": "Feature",
      "geometry": {
        "type": "Point",
        "coordinates": [
          121.5068,
          25.0403
        ]
      },
      "properties": {
        "source_type": "飲水機",
        "name": "臺北市立文獻館",
        "address": "臺北市萬華區中華路1段174-1號",
        "city": "臺北市",
        "district": "萬華區",
        "managing_unit": "臺北市立文獻館",
        "maintenance_unit": null,
        "phone": "(02)23115355",
        "open_time": "週一至週五08:30–17:30",
        "location": "建物內",
        "status": null,
        "info_url": null,
        "photo_url": null
      }
    },
    {
      "type": "Feature",
      "geometry": {
        "type": "Point",
        "coordinates": [
          121.57713,
          25.04146
        ]
      },
      "properties": {
        "source_type": "飲水機",
        "name": "永春活力館",
        "address": "臺北市信義區松山路342巷13號1樓",
        "city": "臺北市",
        "district": "信義區",
        "managing_unit": "永春活力館",
        "maintenance_unit": null,
        "phone": "(02)27565819",
        "open_time": "週一至週日09:00–21:00",
        "location": "建物內",
        "status": null,
        "info_url": null,
        "photo_url": null
      }
    },
    {
      "type": "Feature",
      "geometry": {
        "type": "Point",
        "coordinates": [
          121.59695,
          25.06773
        ]
      },
      "properties": {
        "source_type": "飲水機",
        "name": "臺北網球中心",
        "address": "臺北市內湖區民權東路六段208號",
        "city": "臺北市",
        "district": "內湖區",
        "managing_unit": "臺北網球中心",
        "maintenance_unit": null,
        "phone": "(02)27951166",
        "open_time": "週一至週日06:00–22:00",
        "location": "建物內",
        "status": null,
        "info_url": null,
        "photo_url": null
      }
    },
    {
      "type": "Feature",
      "geometry": {
        "type": "Point",
        "coordinates": [
          121.53143,
          25.06887
        ]
      },
      "properties": {
        "source_type": "飲水機",
        "name": "新生公園游泳池",
        "address": "臺北市中山區新生北路三段105號",
        "city": "臺北市",
        "district": "中山區",
        "managing_unit": "新生公園游泳池",
        "maintenance_unit": null,
        "phone": "(02)25702330#6654",
        "open_time": "週一至週日05:30~22:00\r\n",
        "location": "建物內",
        "status": null,
        "info_url": null,
        "photo_url": null
      }
    },
    {
      "type": "Feature",
      "geometry": {
        "type": "Point",
        "coordinates": [
          121.53421,
          25.11518
        ]
      },
      "properties": {
        "source_type": "飲水機",
        "name": "天母運動公園",
        "address": "臺北市士林區忠誠路二段",
        "city": "臺北市",
        "district": "士林區",
        "managing_unit": "天母運動公園",
        "maintenance_unit": null,
        "phone": "(02)28736548",
        "open_time": "24小時營業",
        "location": "服務中心",
        "status": null,
        "info_url": null,
        "photo_url": null
      }
    },
    {
      "type": "Feature",
      "geometry": {
        "type": "Point",
        "coordinates": [
          121.548456,
          25.014828
        ]
      },
      "properties": {
        "source_type": "直飲臺",
        "name": "北水處長興淨水場淨水大樓1樓",
        "address": "臺北市大安區長興街131號",
        "city": "臺北市",
        "district": "大安區",
        "managing_unit": "臺北自來水事業處",
        "maintenance_unit": "北水處水質科",
        "phone": "87335687",
        "open_time": "0:00~24:00",
        "location": "淨水大樓1樓",
        "status": "正常",
        "info_url": "https://gismobile.water.gov.taipei:8443/W/S.aspx?SD=0131h",
        "photo_url": "https://gismobile.water.gov.taipei/WaterMap_drinkImg/0131h.JPG"
      }
    },
    {
      "type": "Feature",
      "geometry": {
        "type": "Point",
        "coordinates": [
          121.527621,
          25.034183
        ]
      },
      "properties": {
        "source_type": "直飲臺",
        "name": "東門站",
        "address": "臺北市中正區信義路二段101號與金山南路1段口",
        "city": "臺北市",
        "district": "中正區",
        "managing_unit": "臺北大眾捷運股份有限公司",
        "maintenance_unit": "臺北大眾捷運股份有限公司(紅綠線)",
        "phone": "25363001#8653",
        "open_time": "06:00~23:00",
        "location": "1、3號出口間",
        "status": "正常",
        "info_url": "https://gismobile.water.gov.taipei:8443/W/S.aspx?SD=0158a",
        "photo_url": "https://gismobile.water.gov.taipei/WaterMap_drinkImg/0158a.JPG"
      }
    },
    {
      "type": "Feature",
      "geometry": {
        "type": "Point",
        "coordinates": [
          121.527621,
          25.034183
        ]
      },
      "properties": {
        "source_type": "直飲臺",
        "name": "東門站",
        "address": "臺北市中正區信義路二段101號與金山南路1段口",
        "city": "臺北市",
        "district": "中正區",
        "managing_unit": "臺北大眾捷運股份有限公司",
        "maintenance_unit": "臺北大眾捷運股份有限公司(紅綠線)",
        "phone": "25363001#8653",
        "open_time": "06:00~23:00",
        "location": "1、3號出口間",
        "status": "正常",
        "info_url": "https://gismobile.water.gov.taipei:8443/W/S.aspx?SD=0158b",
        "photo_url": "https://gismobile.water.gov.taipei/WaterMap_drinkImg/0158b.JPG"
      }
    },
    {
      "type": "Feature",
      "geometry": {
        "type": "Point",
        "coordinates": [
          121.506281,
          25.025879
        ]
      },
      "properties": {
        "source_type": "直飲臺",
        "name": "青年公園",
        "address": "臺北市萬華區水源路199號",
        "city": "臺北市",
        "district": "萬華區",
        "managing_unit": "工務局公園處",
        "maintenance_unit": "工務局公園處青年管理所",
        "phone": "27003830",
        "open_time": "0:00~24:00",
        "location": "愛心園地",
        "status": "正常",
        "info_url": "https://gismobile.water.gov.taipei:8443/W/S.aspx?SD=0227a",
        "photo_url": "https://gismobile.water.gov.taipei/WaterMap_drinkImg/0227a.JPG"
      }
    },
    {
      "type": "Feature",
      "geometry": {
        "type": "Point",
        "coordinates": [
          121.503226,
          25.021047
        ]
      },
      "properties": {
        "source_type": "直飲臺",
        "name": "青年公園",
        "address": "臺北市萬華區青年路176號對面(兒童遊憩區)",
        "city": "臺北市",
        "district": "萬華區",
        "managing_unit": "工務局公園處",
        "maintenance_unit": "工務局公園處青年管理所",
        "phone": "27003830",
        "open_time": "0:00~24:00",
        "location": "四號門兒童遊戲區左側",
        "status": "正常",
        "info_url": "https://gismobile.water.gov.taipei:8443/W/S.aspx?SD=0227b",
        "photo_url": "https://gismobile.water.gov.taipei/WaterMap_drinkImg/0227b.JPG"
      }
    },
    {
      "type": "Feature",
      "geometry": {
        "type": "Point",
        "coordinates": [
          121.50487,
          25.02072
        ]
      },
      "properties": {
        "source_type": "直飲臺",
        "name": "青年公園",
        "address": "臺北市萬華區水源路199號",
        "city": "臺北市",
        "district": "萬華區",
        "managing_unit": "工務局公園處",
        "maintenance_unit": "工務局公園處青年管理所",
        "phone": "27003830",
        "open_time": "0:00~24:00",
        "location": "籃球場旁",
        "status": "正常",
        "info_url": "https://gismobile.water.gov.taipei:8443/W/S.aspx?SD=0227d",
        "photo_url": "https://gismobile.water.gov.taipei/WaterMap_drinkImg/0227d.JPG"
      }
    },
    {
      "type": "Feature",
      "geometry": {
        "type": "Point",
        "coordinates": [
          121.504442,
          25.020395
        ]
      },
      "properties": {
        "source_type": "直飲臺",
        "name": "青年公園",
        "address": "臺北市萬華區水源路199號(防災公園)",
        "city": "臺北市",
        "district": "萬華區",
        "managing_unit": "工務局公園處",
        "maintenance_unit": "工務局公園處青年管理所",
        "phone": "27003830",
        "open_time": "0:00~24:00",
        "location": "水源路跑道旁",
        "status": "正常",
        "info_url": "https://gismobile.water.gov.taipei:8443/W/S.aspx?SD=0227e",
        "photo_url": "https://gismobile.water.gov.taipei/WaterMap_drinkImg/0227e.JPG"
      }
    },
    {
      "type": "Feature",
      "geometry": {
        "type": "Point",
        "coordinates": [
          121.50405,
          25.020456
        ]
      },
      "properties": {
        "source_type": "直飲臺",
        "name": "青年公園",
        "address": "臺北市萬華區青年路190號對面",
        "city": "臺北市",
        "district": "萬華區",
        "managing_unit": "工務局公園處",
        "maintenance_unit": "工務局公園處青年管理所",
        "phone": "27003830",
        "open_time": "0:00~24:00",
        "location": "兒童溜滑梯沙坑旁",
        "status": "正常",
        "info_url": "https://gismobile.water.gov.taipei:8443/W/S.aspx?SD=0227f",
        "photo_url": "https://gismobile.water.gov.taipei/WaterMap_drinkImg/0227f.JPG"
      }
    },
    {
      "type": "Feature",
      "geometry": {
        "type": "Point",
        "coordinates": [
          121.502871,
          25.022893
        ]
      },
      "properties": {
        "source_type": "直飲臺",
        "name": "青年公園",
        "address": "臺北市萬華區青年路96號對面",
        "city": "臺北市",
        "district": "萬華區",
        "managing_unit": "工務局公園處",
        "maintenance_unit": "工務局公園處青年管理所",
        "phone": "27003830",
        "open_time": "0:00~24:00",
        "location": "棒球場入口廣場座椅旁",
        "status": "正常",
        "info_url": "https://gismobile.water.gov.taipei:8443/W/S.aspx?SD=0227g",
        "photo_url": "https://gismobile.water.gov.taipei/WaterMap_drinkImg/0227g.JPG"
      }
    },
    {
      "type": "Feature",
      "geometry": {
        "type": "Point",
        "coordinates": [
          121.504153,
          25.020133
        ]
      },
      "properties": {
        "source_type": "直飲臺",
        "name": "青年公園",
        "address": "臺北市萬華區青年路196號對面",
        "city": "臺北市",
        "district": "萬華區",
        "managing_unit": "工務局公園處",
        "maintenance_unit": "工務局公園處青年管理所",
        "phone": "27003830",
        "open_time": "0:00~24:00",
        "location": "馬場町紀念公園水門入口對面",
        "status": "正常",
        "info_url": "https://gismobile.water.gov.taipei:8443/W/S.aspx?SD=0227h",
        "photo_url": "https://gismobile.water.gov.taipei/WaterMap_drinkImg/0227h.JPG"
      }
    },
    {
      "type": "Feature",
      "geometry": {
        "type": "Point",
        "coordinates": [
          121.504006,
          25.025154
        ]
      },
      "properties": {
        "source_type": "直飲臺",
        "name": "青年公園",
        "address": "臺北市萬華區青年路50號對面",
        "city": "臺北市",
        "district": "萬華區",
        "managing_unit": "工務局公園處",
        "maintenance_unit": "工務局公園處青年管理所",
        "phone": "27003830",
        "open_time": "0:00~24:00",
        "location": "太陽能圖書管入口廣場旁",
        "status": "正常",
        "info_url": "https://gismobile.water.gov.taipei:8443/W/S.aspx?SD=0227i",
        "photo_url": "https://gismobile.water.gov.taipei/WaterMap_drinkImg/0227i.JPG"
      }
    },
    {
      "type": "Feature",
      "geometry": {
        "type": "Point",
        "coordinates": [
          121.506237,
          25.023712
        ]
      },
      "properties": {
        "source_type": "直飲臺",
        "name": "青年公園",
        "address": "臺北市萬華區水源路199號",
        "city": "臺北市",
        "district": "萬華區",
        "managing_unit": "工務局公園處",
        "maintenance_unit": "工務局公園處青年管理所",
        "phone": "27003830",
        "open_time": "0:00~24:00",
        "location": "泳池旁",
        "status": "正常",
        "info_url": "https://gismobile.water.gov.taipei:8443/W/S.aspx?SD=0227j",
        "photo_url": "https://gismobile.water.gov.taipei/WaterMap_drinkImg/0227j.JPG"
      }
    },
    {
      "type": "Feature",
      "geometry": {
        "type": "Point",
        "coordinates": [
          121.502531,
          25.036644
        ]
      },
      "properties": {
        "source_type": "直飲臺",
        "name": "剝皮寮歷史街區",
        "address": "臺北市萬華區廣州街129-1號廣場",
        "city": "臺北市",
        "district": "萬華區",
        "managing_unit": "財團法人臺北市文化基金會",
        "maintenance_unit": "剝皮寮歷史街區西側",
        "phone": null,
        "open_time": "0:00~24:00",
        "location": "剝皮寮歷史街區",
        "status": "正常",
        "info_url": "https://gismobile.water.gov.taipei:8443/W/S.aspx?SD=0258",
        "photo_url": "https://gismobile.water.gov.taipei/WaterMap_drinkImg/0258.JPG"
      }
    },
    {
      "type": "Feature",
      "geometry": {
        "type": "Point",
        "coordinates": [
          121.506827,
          25.040455
        ]
      },
      "properties": {
        "source_type": "直飲臺",
        "name": "西本願寺",
        "address": "臺北市萬華區長沙街2段13號對面",
        "city": "臺北市",
        "district": "萬華區",
        "managing_unit": "工務局公園處",
        "maintenance_unit": "工務局公園處園藝工程隊",
        "phone": "23815132＃318",
        "open_time": "0:00~24:00",
        "location": "長沙街二段13號對面",
        "status": "正常",
        "info_url": "https://gismobile.water.gov.taipei:8443/W/S.aspx?SD=0261",
        "photo_url": "https://gismobile.water.gov.taipei/WaterMap_drinkImg/0261.JPG"
      }
    },
    {
      "type": "Feature",
      "geometry": {
        "type": "Point",
        "coordinates": [
          121.506796,
          25.040552
        ]
      },
      "properties": {
        "source_type": "直飲臺",
        "name": "西本願寺",
        "address": "臺北市萬華區長沙街二段21號對面",
        "city": "臺北市",
        "district": "萬華區",
        "managing_unit": "工務局公園處",
        "maintenance_unit": "工務局公園處園藝工程隊",
        "phone": "23815132＃318",
        "open_time": "0:00~24:00",
        "location": "人行道旁",
        "status": "正常",
        "info_url": "https://gismobile.water.gov.taipei:8443/W/S.aspx?SD=0261a",
        "photo_url": "https://gismobile.water.gov.taipei/WaterMap_drinkImg/0261a.JPG"
      }
    },
    {
      "type": "Feature",
      "geometry": {
        "type": "Point",
        "coordinates": [
          121.503337,
          25.045439
        ]
      },
      "properties": {
        "source_type": "直飲臺",
        "name": "武昌街電影公園",
        "address": "臺北市萬華區武昌街2段126號前",
        "city": "臺北市",
        "district": "萬華區",
        "managing_unit": "財團法人台北市文化基金會",
        "maintenance_unit": "財團法人臺北市文化基金會",
        "phone": "23123717轉19",
        "open_time": "0:00~24:00",
        "location": "武昌街廣場北方",
        "status": "正常",
        "info_url": "https://gismobile.water.gov.taipei:8443/W/S.aspx?SD=0262a",
        "photo_url": "https://gismobile.water.gov.taipei/WaterMap_drinkImg/0262a.JPG"
      }
    },
    {
      "type": "Feature",
      "geometry": {
        "type": "Point",
        "coordinates": [
          121.497068,
          25.032466
        ]
      },
      "properties": {
        "source_type": "直飲臺",
        "name": "和平青草園",
        "address": "臺北市萬華區西園路一段與艋舺大道交叉口",
        "city": "臺北市",
        "district": "萬華區",
        "managing_unit": "工務局公園處",
        "maintenance_unit": "工務局公園處青年管理所",
        "phone": "27003830",
        "open_time": "00:00~24:00",
        "location": "展覽室",
        "status": "正常",
        "info_url": "https://gismobile.water.gov.taipei:8443/W/S.aspx?SD=0263",
        "photo_url": "https://gismobile.water.gov.taipei/WaterMap_drinkImg/0263.JPG"
      }
    },
    {
      "type": "Feature",
      "geometry": {
        "type": "Point",
        "coordinates": [
          121.488941,
          25.031875
        ]
      },
      "properties": {
        "source_type": "直飲臺",
        "name": "長順公園",
        "address": "臺北市萬華區長順街46巷",
        "city": "臺北市",
        "district": "萬華區",
        "managing_unit": "臺北市萬華區公所",
        "maintenance_unit": "臺北市萬華區公所",
        "phone": "2306-4468#283",
        "open_time": "0:00~24:00",
        "location": "公園西側",
        "status": "正常",
        "info_url": "https://gismobile.water.gov.taipei:8443/W/S.aspx?SD=0264",
        "photo_url": "https://gismobile.water.gov.taipei/WaterMap_drinkImg/0264.JPG"
      }
    },
    {
      "type": "Feature",
      "geometry": {
        "type": "Point",
        "coordinates": [
          121.494195,
          25.033273
        ]
      },
      "properties": {
        "source_type": "直飲臺",
        "name": "糖「部」園區",
        "address": "臺北市萬華區大理街160巷旁",
        "city": "臺北市",
        "district": "萬華區",
        "managing_unit": "臺北市萬華區公所",
        "maintenance_unit": "臺北市萬華區公所",
        "phone": "2306-4468#283",
        "open_time": "00:00~24:00",
        "location": "廣場東北側",
        "status": "正常",
        "info_url": "https://gismobile.water.gov.taipei:8443/W/S.aspx?SD=0265a",
        "photo_url": "https://gismobile.water.gov.taipei/WaterMap_drinkImg/0265a.JPG"
      }
    },
    {
      "type": "Feature",
      "geometry": {
        "type": "Point",
        "coordinates": [
          121.494689,
          25.033557
        ]
      },
      "properties": {
        "source_type": "直飲臺",
        "name": "糖「部」園區",
        "address": "臺北市萬華區大理街160巷旁",
        "city": "臺北市",
        "district": "萬華區",
        "managing_unit": "臺北市萬華區公所",
        "maintenance_unit": "臺北市萬華區公所",
        "phone": "2306-4468#283",
        "open_time": "0:00~24:00",
        "location": "特色遊戲場旁",
        "status": "正常",
        "info_url": "https://gismobile.water.gov.taipei:8443/W/S.aspx?SD=0265b",
        "photo_url": "https://gismobile.water.gov.taipei/WaterMap_drinkImg/0265b.JPG"
      }
    },
    {
      "type": "Feature",
      "geometry": {
        "type": "Point",
        "coordinates": [
          121.507233,
          25.042204
        ]
      },
      "properties": {
        "source_type": "直飲臺",
        "name": "紅樓",
        "address": "臺北市萬華區成都路12號",
        "city": "臺北市",
        "district": "萬華區",
        "managing_unit": "財團法人臺北市文化基金會",
        "maintenance_unit": "西門紅樓",
        "phone": null,
        "open_time": "0:00~24:00",
        "location": "成都路、漢中街口",
        "status": "正常",
        "info_url": "https://gismobile.water.gov.taipei:8443/W/S.aspx?SD=0266",
        "photo_url": "https://gismobile.water.gov.taipei/WaterMap_drinkImg/0266.JPG"
      }
    },
    {
      "type": "Feature",
      "geometry": {
        "type": "Point",
        "coordinates": [
          121.498765,
          25.038697
        ]
      },
      "properties": {
        "source_type": "直飲臺",
        "name": "華西公園",
        "address": "臺北市萬華區華西街21巷內",
        "city": "臺北市",
        "district": "萬華區",
        "managing_unit": "臺北市萬華區公所",
        "maintenance_unit": "臺北市萬華區公所",
        "phone": "2306-4468#283",
        "open_time": "0:00~24:00",
        "location": "Ubike旁",
        "status": "正常",
        "info_url": "https://gismobile.water.gov.taipei:8443/W/S.aspx?SD=0267",
        "photo_url": "https://gismobile.water.gov.taipei/WaterMap_drinkImg/0267.JPG"
      }
    },
    {
      "type": "Feature",
      "geometry": {
        "type": "Point",
        "coordinates": [
          121.499219,
          25.033575
        ]
      },
      "properties": {
        "source_type": "直飲臺",
        "name": "寺前公園",
        "address": "臺北市萬華區西園路1段282巷內",
        "city": "臺北市",
        "district": "萬華區",
        "managing_unit": "臺北市萬華區公所",
        "maintenance_unit": "臺北市萬華區公所",
        "phone": "2306-4468#283",
        "open_time": "00:00~24:00",
        "location": "草坪上",
        "status": "正常",
        "info_url": "https://gismobile.water.gov.taipei:8443/W/S.aspx?SD=0268",
        "photo_url": "https://gismobile.water.gov.taipei/WaterMap_drinkImg/0268.JPG"
      }
    },
    {
      "type": "Feature",
      "geometry": {
        "type": "Point",
        "coordinates": [
          121.502868,
          25.038627
        ]
      },
      "properties": {
        "source_type": "直飲臺",
        "name": "老松公園",
        "address": "臺北市萬華區桂林路與永福街之間",
        "city": "臺北市",
        "district": "萬華區",
        "managing_unit": "臺北市萬華區公所",
        "maintenance_unit": "臺北市萬華區公所",
        "phone": "2306-4468#283",
        "open_time": "00:00~24:00",
        "location": "遊戲區旁",
        "status": "正常",
        "info_url": "https://gismobile.water.gov.taipei:8443/W/S.aspx?SD=0269",
        "photo_url": "https://gismobile.water.gov.taipei/WaterMap_drinkImg/0269.JPG"
      }
    },
    {
      "type": "Feature",
      "geometry": {
        "type": "Point",
        "coordinates": [
          121.49528,
          25.02106
        ]
      },
      "properties": {
        "source_type": "直飲臺",
        "name": "東園公園",
        "address": "臺北市萬華區萬大路424巷與486巷68弄間",
        "city": "臺北市",
        "district": "萬華區",
        "managing_unit": "臺北市萬華區公所",
        "maintenance_unit": "臺北市萬華區公所",
        "phone": "2306-4468#283",
        "open_time": "0:00~24:00",
        "location": "入口旁",
        "status": "正常",
        "info_url": "https://gismobile.water.gov.taipei:8443/W/S.aspx?SD=0270",
        "photo_url": "https://gismobile.water.gov.taipei/WaterMap_drinkImg/0270.JPG"
      }
    },
    {
      "type": "Feature",
      "geometry": {
        "type": "Point",
        "coordinates": [
          121.498183,
          25.026699
        ]
      },
      "properties": {
        "source_type": "直飲臺",
        "name": "西園公園",
        "address": "臺北市萬華區東園街67巷與73巷間",
        "city": "臺北市",
        "district": "萬華區",
        "managing_unit": "臺北市萬華區公所",
        "maintenance_unit": "臺北市萬華區公所",
        "phone": "2306-4468#283",
        "open_time": "0:00~24:00",
        "location": "人行道旁",
        "status": "正常",
        "info_url": "https://gismobile.water.gov.taipei:8443/W/S.aspx?SD=0271",
        "photo_url": "https://gismobile.water.gov.taipei/WaterMap_drinkImg/0271.JPG"
      }
    },
    {
      "type": "Feature",
      "geometry": {
        "type": "Point",
        "coordinates": [
          121.492678,
          25.034156
        ]
      },
      "properties": {
        "source_type": "直飲臺",
        "name": "華江8號公園",
        "address": "臺北市萬華區環河南路二段250巷28弄旁",
        "city": "臺北市",
        "district": "萬華區",
        "managing_unit": "臺北市萬華區公所",
        "maintenance_unit": "臺北市萬華區公所",
        "phone": "2306-4468#283",
        "open_time": "0:00~24:00",
        "location": "西側人行道旁",
        "status": "正常",
        "info_url": "https://gismobile.water.gov.taipei:8443/W/S.aspx?SD=0272",
        "photo_url": "https://gismobile.water.gov.taipei/WaterMap_drinkImg/0272.JPG"
      }
    },
    {
      "type": "Feature",
      "geometry": {
        "type": "Point",
        "coordinates": [
          121.50585,
          25.046236
        ]
      },
      "properties": {
        "source_type": "直飲臺",
        "name": "福星公園",
        "address": "臺北市萬華區漢口街與昆明街交叉口",
        "city": "臺北市",
        "district": "萬華區",
        "managing_unit": "臺北市萬華區公所",
        "maintenance_unit": "臺北市萬華區公所",
        "phone": "2306-4468#283",
        "open_time": "0:00~24:00",
        "location": "西側人行道旁",
        "status": "正常",
        "info_url": "https://gismobile.water.gov.taipei:8443/W/S.aspx?SD=0273",
        "photo_url": "https://gismobile.water.gov.taipei/WaterMap_drinkImg/0273.JPG"
      }
    },
    {
      "type": "Feature",
      "geometry": {
        "type": "Point",
        "coordinates": [
          121.498456,
          25.039502
        ]
      },
      "properties": {
        "source_type": "直飲臺",
        "name": "青山公園",
        "address": "臺北市萬華區華西街10巷旁",
        "city": "臺北市",
        "district": "萬華區",
        "managing_unit": "臺北市萬華區公所",
        "maintenance_unit": "臺北市萬華區公所",
        "phone": "2306-4468#283",
        "open_time": "0:00~24:00",
        "location": "北側草坪",
        "status": "正常",
        "info_url": "https://gismobile.water.gov.taipei:8443/W/S.aspx?SD=0274",
        "photo_url": "https://gismobile.water.gov.taipei/WaterMap_drinkImg/0274.JPG"
      }
    },
    {
      "type": "Feature",
      "geometry": {
        "type": "Point",
        "coordinates": [
          121.492497,
          25.023416
        ]
      },
      "properties": {
        "source_type": "直飲臺",
        "name": "錦德公園",
        "address": "臺北市萬華區德昌街與西園路二段281巷5弄交口",
        "city": "臺北市",
        "district": "萬華區",
        "managing_unit": "臺北市萬華區公所",
        "maintenance_unit": "臺北市萬華區公所",
        "phone": "2306-4468#283",
        "open_time": "0:00~24:00",
        "location": "遊戲區旁",
        "status": "正常",
        "info_url": "https://gismobile.water.gov.taipei:8443/W/S.aspx?SD=0275",
        "photo_url": "https://gismobile.water.gov.taipei/WaterMap_drinkImg/0275.JPG"
      }
    },
    {
      "type": "Feature",
      "geometry": {
        "type": "Point",
        "coordinates": [
          121.501121,
          25.024495
        ]
      },
      "properties": {
        "source_type": "直飲臺",
        "name": "壽德公園",
        "address": "臺北市萬華區萬青街118巷旁",
        "city": "臺北市",
        "district": "萬華區",
        "managing_unit": "臺北市萬華區公所",
        "maintenance_unit": "臺北市萬華區公所",
        "phone": "2306-4468#283",
        "open_time": "0:00~24:00",
        "location": "工具間旁",
        "status": "正常",
        "info_url": "https://gismobile.water.gov.taipei:8443/W/S.aspx?SD=0276",
        "photo_url": "https://gismobile.water.gov.taipei/WaterMap_drinkImg/0276.JPG"
      }
    },
    {
      "type": "Feature",
      "geometry": {
        "type": "Point",
        "coordinates": [
          121.495305,
          25.037244
        ]
      },
      "properties": {
        "source_type": "直飲臺",
        "name": "柳鄉公園",
        "address": "臺北市萬華區環河南路二段100巷",
        "city": "臺北市",
        "district": "萬華區",
        "managing_unit": "臺北市萬華區公所",
        "maintenance_unit": "臺北市萬華區公所",
        "phone": "2306-4468#283",
        "open_time": "0:00~24:00",
        "location": "遊樂場旁",
        "status": "正常",
        "info_url": "https://gismobile.water.gov.taipei:8443/W/S.aspx?SD=0277",
        "photo_url": "https://gismobile.water.gov.taipei/WaterMap_drinkImg/0277.JPG"
      }
    },
    {
      "type": "Feature",
      "geometry": {
        "type": "Point",
        "coordinates": [
          121.497261,
          25.022712
        ]
      },
      "properties": {
        "source_type": "直飲臺",
        "name": "保德公園",
        "address": "臺北市萬華區東園街154巷與長泰街156巷交口",
        "city": "臺北市",
        "district": "萬華區",
        "managing_unit": "臺北市萬華區公所",
        "maintenance_unit": "臺北市萬華區公所",
        "phone": "2306-4468#283",
        "open_time": "0:00~24:00",
        "location": "遊樂場旁",
        "status": "正常",
        "info_url": "https://gismobile.water.gov.taipei:8443/W/S.aspx?SD=0278",
        "photo_url": "https://gismobile.water.gov.taipei/WaterMap_drinkImg/0278.JPG"
      }
    },
    {
      "type": "Feature",
      "geometry": {
        "type": "Point",
        "coordinates": [
          121.504661,
          25.019714
        ]
      },
      "properties": {
        "source_type": "直飲臺",
        "name": "馬場町河濱公園",
        "address": "臺北市萬華區馬場町河濱公園入口廣場",
        "city": "臺北市",
        "district": "萬華區",
        "managing_unit": "工務局水利工程處南區管理站",
        "maintenance_unit": "工務局水利工程處南區管理站",
        "phone": "27208889#2691",
        "open_time": "0:00~24:00",
        "location": "馬場町河濱公園入口廣場",
        "status": "正常",
        "info_url": "https://gismobile.water.gov.taipei:8443/W/S.aspx?SD=0279",
        "photo_url": "https://gismobile.water.gov.taipei/WaterMap_drinkImg/0279.JPG"
      }
    },
    {
      "type": "Feature",
      "geometry": {
        "type": "Point",
        "coordinates": [
          121.490288,
          25.02421
        ]
      },
      "properties": {
        "source_type": "直飲臺",
        "name": "光復橋下河濱公園廣場",
        "address": "臺北市萬華區光復橋下河濱公園洗手台旁",
        "city": "臺北市",
        "district": "萬華區",
        "managing_unit": "工務局水利工程處南區管理站",
        "maintenance_unit": "工務局水利工程處南區管理站",
        "phone": "27208889#2691",
        "open_time": "0:00~24:00",
        "location": "光復橋下河濱公園洗手台旁",
        "status": "正常",
        "info_url": "https://gismobile.water.gov.taipei:8443/W/S.aspx?SD=0280",
        "photo_url": "https://gismobile.water.gov.taipei/WaterMap_drinkImg/0280.JPG"
      }
    },
    {
      "type": "Feature",
      "geometry": {
        "type": "Point",
        "coordinates": [
          121.494234,
          25.024011
        ]
      },
      "properties": {
        "source_type": "直飲臺",
        "name": "孝德公園",
        "address": "臺北市萬華區寶興街140巷17弄1-3號對面",
        "city": "臺北市",
        "district": "萬華區",
        "managing_unit": "臺北市萬華區公所",
        "maintenance_unit": "臺北市萬華區公所",
        "phone": "2306-4468#283",
        "open_time": "0:00~24:00",
        "location": "溜滑梯旁",
        "status": "正常",
        "info_url": "https://gismobile.water.gov.taipei:8443/W/S.aspx?SD=0282",
        "photo_url": "https://gismobile.water.gov.taipei/WaterMap_drinkImg/0282.JPG"
      }
    },
    {
      "type": "Feature",
      "geometry": {
        "type": "Point",
        "coordinates": [
          121.514003,
          25.023632
        ]
      },
      "properties": {
        "source_type": "直飲臺",
        "name": "中正河濱公園",
        "address": "臺北市中正區詔安街38巷對面",
        "city": "臺北市",
        "district": "中正區",
        "managing_unit": "工務局水利工程處南區管理站",
        "maintenance_unit": "工務局水利工程處南區管理站",
        "phone": "27208889#2691",
        "open_time": "0:00~24:00",
        "location": "網球場",
        "status": "正常",
        "info_url": "https://gismobile.water.gov.taipei:8443/W/S.aspx?SD=0285",
        "photo_url": "https://gismobile.water.gov.taipei/WaterMap_drinkImg/0285.JPG"
      }
    },
    {
      "type": "Feature",
      "geometry": {
        "type": "Point",
        "coordinates": [
          121.492018,
          25.020129
        ]
      },
      "properties": {
        "source_type": "直飲臺",
        "name": "華中河濱公園",
        "address": "臺北市萬華區環河南路三段243號對面(人行便橋下)",
        "city": "臺北市",
        "district": "萬華區",
        "managing_unit": "工務局水利工程處南區管理站",
        "maintenance_unit": "工務局水利工程處南區管理站",
        "phone": "27208889#2691",
        "open_time": "0:00~24:00",
        "location": "人行便橋下",
        "status": "正常",
        "info_url": "https://gismobile.water.gov.taipei:8443/W/S.aspx?SD=0286",
        "photo_url": "https://gismobile.water.gov.taipei/WaterMap_drinkImg/0286.JPG"
      }
    },
    {
      "type": "Feature",
      "geometry": {
        "type": "Point",
        "coordinates": [
          121.493007,
          25.01722
        ]
      },
      "properties": {
        "source_type": "直飲臺",
        "name": "華中河濱公園",
        "address": "臺北市萬華區環河南路三段335號對面",
        "city": "臺北市",
        "district": "萬華區",
        "managing_unit": "工務局水利工程處南區管理站",
        "maintenance_unit": "工務局水利工程處南區管理站",
        "phone": "27208889#2691",
        "open_time": "0:00~24:00",
        "location": "籃球場旁",
        "status": "正常",
        "info_url": "https://gismobile.water.gov.taipei:8443/W/S.aspx?SD=0286a",
        "photo_url": "https://gismobile.water.gov.taipei/WaterMap_drinkImg/0286a.JPG"
      }
    },
    {
      "type": "Feature",
      "geometry": {
        "type": "Point",
        "coordinates": [
          121.500111,
          25.041689
        ]
      },
      "properties": {
        "source_type": "直飲臺",
        "name": "長沙公園",
        "address": "臺北市萬華區環河南路一段280號之1",
        "city": "臺北市",
        "district": "萬華區",
        "managing_unit": "臺北市萬華區公所",
        "maintenance_unit": "臺北市萬華區公所",
        "phone": "2306-4468#283",
        "open_time": "0:00~24:00",
        "location": "廣場旁",
        "status": "正常",
        "info_url": "https://gismobile.water.gov.taipei:8443/W/S.aspx?SD=0287",
        "photo_url": "https://gismobile.water.gov.taipei/WaterMap_drinkImg/0287.JPG"
      }
    },
    {
      "type": "Feature",
      "geometry": {
        "type": "Point",
        "coordinates": [
          121.502011,
          25.03493
        ]
      },
      "properties": {
        "source_type": "直飲臺",
        "name": "萬華1號綠地",
        "address": "臺北市萬華區大理街22號對面",
        "city": "臺北市",
        "district": "萬華區",
        "managing_unit": "臺北市萬華區公所",
        "maintenance_unit": "臺北市萬華區公所",
        "phone": "2306-4468#283",
        "open_time": "0:00~24:00",
        "location": "入口旁",
        "status": "正常",
        "info_url": "https://gismobile.water.gov.taipei:8443/W/S.aspx?SD=0289",
        "photo_url": "https://gismobile.water.gov.taipei/WaterMap_drinkImg/0289.JPG"
      }
    },
    {
      "type": "Feature",
      "geometry": {
        "type": "Point",
        "coordinates": [
          121.508335,
          25.043431
        ]
      },
      "properties": {
        "source_type": "直飲臺",
        "name": "西門町商圈",
        "address": "臺北市萬華區中華路1段136號前",
        "city": "臺北市",
        "district": "萬華區",
        "managing_unit": "臺北自來水事業處",
        "maintenance_unit": "北水處西區分處",
        "phone": "33431678#1696",
        "open_time": "0:00~24:00",
        "location": "人行道",
        "status": "正常",
        "info_url": "https://gismobile.water.gov.taipei:8443/W/S.aspx?SD=0290",
        "photo_url": "https://gismobile.water.gov.taipei/WaterMap_drinkImg/0290.JPG"
      }
    },
    {
      "type": "Feature",
      "geometry": {
        "type": "Point",
        "coordinates": [
          121.508808,
          25.045052
        ]
      },
      "properties": {
        "source_type": "直飲臺",
        "name": "西門町商圈",
        "address": "臺北市萬華區中華路1段88號前",
        "city": "臺北市",
        "district": "萬華區",
        "managing_unit": "臺北自來水事業處",
        "maintenance_unit": "北水處西區分處",
        "phone": "33431678#1696",
        "open_time": "0:00~24:00",
        "location": "人行道",
        "status": "正常",
        "info_url": "https://gismobile.water.gov.taipei:8443/W/S.aspx?SD=0291",
        "photo_url": "https://gismobile.water.gov.taipei/WaterMap_drinkImg/0291.JPG"
      }
    },
    {
      "type": "Feature",
      "geometry": {
        "type": "Point",
        "coordinates": [
          121.505502,
          25.044426
        ]
      },
      "properties": {
        "source_type": "直飲臺",
        "name": "西門町商圈(峨嵋停車場)",
        "address": "臺北市萬華區西寧南路50巷13號前",
        "city": "臺北市",
        "district": "萬華區",
        "managing_unit": "臺北自來水事業處",
        "maintenance_unit": "北水處西區分處",
        "phone": "33431678#1696",
        "open_time": "0:00~24:00",
        "location": "人行道",
        "status": "正常",
        "info_url": "https://gismobile.water.gov.taipei:8443/W/S.aspx?SD=0292",
        "photo_url": "https://gismobile.water.gov.taipei/WaterMap_drinkImg/0292.JPG"
      }
    },
    {
      "type": "Feature",
      "geometry": {
        "type": "Point",
        "coordinates": [
          121.502703,
          25.027812
        ]
      },
      "properties": {
        "source_type": "直飲臺",
        "name": "雙和街市場",
        "address": "臺北市萬華區雙和街與西藏路125巷交口",
        "city": "臺北市",
        "district": "萬華區",
        "managing_unit": "臺北自來水事業處",
        "maintenance_unit": "北水處西區分處",
        "phone": "33431678#1696",
        "open_time": "0:00~24:00",
        "location": "人行道",
        "status": "正常",
        "info_url": "https://gismobile.water.gov.taipei:8443/W/S.aspx?SD=0293",
        "photo_url": "https://gismobile.water.gov.taipei/WaterMap_drinkImg/0293.JPG"
      }
    },
    {
      "type": "Feature",
      "geometry": {
        "type": "Point",
        "coordinates": [
          121.564568,
          25.037851
        ]
      },
      "properties": {
        "source_type": "直飲臺",
        "name": "市政大樓",
        "address": "臺北市信義區市府路1號",
        "city": "臺北市",
        "district": "信義區",
        "managing_unit": "臺北市市政大樓公共事務管理中心",
        "maintenance_unit": "市政大樓公管中心",
        "phone": "27208889轉3003",
        "open_time": "08:00~18:00",
        "location": "中北1樓",
        "status": "正常",
        "info_url": "https://gismobile.water.gov.taipei:8443/W/S.aspx?SD=0310n1a",
        "photo_url": "https://gismobile.water.gov.taipei/WaterMap_drinkImg/0310n1a.JPG"
      }
    },
    {
      "type": "Feature",
      "geometry": {
        "type": "Point",
        "coordinates": [
          121.564568,
          25.037851
        ]
      },
      "properties": {
        "source_type": "直飲臺",
        "name": "市政大樓",
        "address": "臺北市信義區市府路1號",
        "city": "臺北市",
        "district": "信義區",
        "managing_unit": "臺北市市政大樓公共事務管理中心",
        "maintenance_unit": "市政大樓公管中心",
        "phone": "27208889轉3003",
        "open_time": "08:00~18:00",
        "location": "中北2樓",
        "status": "正常",
        "info_url": "https://gismobile.water.gov.taipei:8443/W/S.aspx?SD=0310n2a",
        "photo_url": "https://gismobile.water.gov.taipei/WaterMap_drinkImg/0310n2a.JPG"
      }
    },
    {
      "type": "Feature",
      "geometry": {
        "type": "Point",
        "coordinates": [
          121.564568,
          25.037851
        ]
      },
      "properties": {
        "source_type": "直飲臺",
        "name": "市政大樓",
        "address": "臺北市信義區市府路1號",
        "city": "臺北市",
        "district": "信義區",
        "managing_unit": "臺北市市政大樓公共事務管理中心",
        "maintenance_unit": "市政大樓公管中心",
        "phone": "27208889轉3003",
        "open_time": "08:00~18:00",
        "location": "中北B1樓",
        "status": "正常",
        "info_url": "https://gismobile.water.gov.taipei:8443/W/S.aspx?SD=0310nb",
        "photo_url": "https://gismobile.water.gov.taipei/WaterMap_drinkImg/0310nb.JPG"
      }
    },
    {
      "type": "Feature",
      "geometry": {
        "type": "Point",
        "coordinates": [
          121.564472,
          25.037214
        ]
      },
      "properties": {
        "source_type": "直飲臺",
        "name": "市政大樓",
        "address": "臺北市信義區市府路1號",
        "city": "臺北市",
        "district": "信義區",
        "managing_unit": "臺北市市政大樓公共事務管理中心",
        "maintenance_unit": "市政大樓公管中心",
        "phone": "27208889轉3003",
        "open_time": "08:00~18:00",
        "location": "中央南1樓",
        "status": "正常",
        "info_url": "https://gismobile.water.gov.taipei:8443/W/S.aspx?SD=0310s1a",
        "photo_url": "https://gismobile.water.gov.taipei/WaterMap_drinkImg/0310s1a.JPG"
      }
    },
    {
      "type": "Feature",
      "geometry": {
        "type": "Point",
        "coordinates": [
          121.564472,
          25.037214
        ]
      },
      "properties": {
        "source_type": "直飲臺",
        "name": "市政大樓",
        "address": "臺北市信義區市府路1號",
        "city": "臺北市",
        "district": "信義區",
        "managing_unit": "臺北市市政大樓公共事務管理中心",
        "maintenance_unit": "市政大樓公管中心",
        "phone": "27208889轉3003",
        "open_time": "08:00~18:00",
        "location": "中央南2樓",
        "status": "正常",
        "info_url": "https://gismobile.water.gov.taipei:8443/W/S.aspx?SD=0310s2a",
        "photo_url": "https://gismobile.water.gov.taipei/WaterMap_drinkImg/0310s2a.JPG"
      }
    },
    {
      "type": "Feature",
      "geometry": {
        "type": "Point",
        "coordinates": [
          121.564472,
          25.037214
        ]
      },
      "properties": {
        "source_type": "直飲臺",
        "name": "市政大樓",
        "address": "臺北市信義區市府路1號",
        "city": "臺北市",
        "district": "信義區",
        "managing_unit": "臺北市市政大樓公共事務管理中心",
        "maintenance_unit": "市政大樓公管中心",
        "phone": "27208889轉3003",
        "open_time": "08:00~18:00",
        "location": "中央南B1樓",
        "status": "正常",
        "info_url": "https://gismobile.water.gov.taipei:8443/W/S.aspx?SD=0310sb",
        "photo_url": "https://gismobile.water.gov.taipei/WaterMap_drinkImg/0310sb.JPG"
      }
    },
    {
      "type": "Feature",
      "geometry": {
        "type": "Point",
        "coordinates": [
          121.558354,
          25.061298
        ]
      },
      "properties": {
        "source_type": "直飲臺",
        "name": "民權公園",
        "address": "臺北市松山區富錦街389巷12弄18號",
        "city": "臺北市",
        "district": "松山區",
        "managing_unit": "工務局公園處",
        "maintenance_unit": "工務局公園處圓山管理所",
        "phone": "2585-0192 轉232",
        "open_time": "0:00~24:00",
        "location": "公園內",
        "status": "正常",
        "info_url": "https://gismobile.water.gov.taipei:8443/W/S.aspx?SD=0327",
        "photo_url": "https://gismobile.water.gov.taipei/WaterMap_drinkImg/0327.JPG"
      }
    },
    {
      "type": "Feature",
      "geometry": {
        "type": "Point",
        "coordinates": [
          121.558051,
          25.026098
        ]
      },
      "properties": {
        "source_type": "直飲臺",
        "name": "景勤2號公園",
        "address": "臺北市信義區信安街、吳興街220巷交口(原陸軍保養廠)",
        "city": "臺北市",
        "district": "信義區",
        "managing_unit": "工務局公園處",
        "maintenance_unit": "工務局公園處南港管理所",
        "phone": "02-27833685",
        "open_time": "0:00~24:00",
        "location": "入口旁",
        "status": "正常",
        "info_url": "https://gismobile.water.gov.taipei:8443/W/S.aspx?SD=0350",
        "photo_url": "https://gismobile.water.gov.taipei/WaterMap_drinkImg/0350.JPG"
      }
    },
    {
      "type": "Feature",
      "geometry": {
        "type": "Point",
        "coordinates": [
          121.569941,
          25.029669
        ]
      },
      "properties": {
        "source_type": "直飲臺",
        "name": "象山公園",
        "address": "臺北市信義區信義路5段150巷",
        "city": "臺北市",
        "district": "信義區",
        "managing_unit": "工務局公園處",
        "maintenance_unit": "工務局公園處南港管理所",
        "phone": "02-27833685",
        "open_time": "0:00~24:00",
        "location": "運動場旁",
        "status": "正常",
        "info_url": "https://gismobile.water.gov.taipei:8443/W/S.aspx?SD=0352a",
        "photo_url": "https://gismobile.water.gov.taipei/WaterMap_drinkImg/0352a.JPG"
      }
    },
    {
      "type": "Feature",
      "geometry": {
        "type": "Point",
        "coordinates": [
          121.569994,
          25.030763
        ]
      },
      "properties": {
        "source_type": "直飲臺",
        "name": "象山公園",
        "address": "臺北市信義區信義路5段150巷",
        "city": "臺北市",
        "district": "信義區",
        "managing_unit": "工務局公園處",
        "maintenance_unit": "工務局公園處南港管理所",
        "phone": "02-27833685",
        "open_time": "0:00~24:00",
        "location": "運動場旁",
        "status": "正常",
        "info_url": "https://gismobile.water.gov.taipei:8443/W/S.aspx?SD=0352b",
        "photo_url": "https://gismobile.water.gov.taipei/WaterMap_drinkImg/0352b.JPG"
      }
    },
    {
      "type": "Feature",
      "geometry": {
        "type": "Point",
        "coordinates": [
          121.559605,
          25.028616
        ]
      },
      "properties": {
        "source_type": "直飲臺",
        "name": "三興公園",
        "address": "臺北市信義區吳興街156巷40弄與吳興街118巷間",
        "city": "臺北市",
        "district": "信義區",
        "managing_unit": "臺北市信義區公所",
        "maintenance_unit": "臺北市信義區公所",
        "phone": "27239777#707",
        "open_time": "00:00~24:00",
        "location": "涼亭旁邊",
        "status": "正常",
        "info_url": "https://gismobile.water.gov.taipei:8443/W/S.aspx?SD=0353",
        "photo_url": "https://gismobile.water.gov.taipei/WaterMap_drinkImg/0353.JPG"
      }
    },
    {
      "type": "Feature",
      "geometry": {
        "type": "Point",
        "coordinates": [
          121.561012,
          25.027111
        ]
      },
      "properties": {
        "source_type": "直飲臺",
        "name": "景勤1號公園",
        "address": "臺北市信義區吳興街220巷59弄13號對面",
        "city": "臺北市",
        "district": "信義區",
        "managing_unit": "工務局公園處",
        "maintenance_unit": "工務局公園處南港管理所",
        "phone": "02-27833685",
        "open_time": "00:00~24:00",
        "location": "入口處",
        "status": "正常",
        "info_url": "https://gismobile.water.gov.taipei:8443/W/S.aspx?SD=0354",
        "photo_url": "https://gismobile.water.gov.taipei/WaterMap_drinkImg/0354.JPG"
      }
    },
    {
      "type": "Feature",
      "geometry": {
        "type": "Point",
        "coordinates": [
          121.561757,
          25.026749
        ]
      },
      "properties": {
        "source_type": "直飲臺",
        "name": "景勤1號公園",
        "address": "臺北市信義區吳興街220巷61號旁",
        "city": "臺北市",
        "district": "信義區",
        "managing_unit": "工務局公園處",
        "maintenance_unit": "工務局公園處南港管理所",
        "phone": "02-27833685",
        "open_time": "0:00~24:00",
        "location": "YouBike站旁",
        "status": "正常",
        "info_url": "https://gismobile.water.gov.taipei:8443/W/S.aspx?SD=0354a",
        "photo_url": "https://gismobile.water.gov.taipei/WaterMap_drinkImg/0354a.JPG"
      }
    },
    {
      "type": "Feature",
      "geometry": {
        "type": "Point",
        "coordinates": [
          121.564929,
          25.036876
        ]
      },
      "properties": {
        "source_type": "直飲臺",
        "name": "市府大樓東南側",
        "address": "臺北市信義區松智路與松壽路口",
        "city": "臺北市",
        "district": "信義區",
        "managing_unit": "臺北市市政大樓公共事務管理中心",
        "maintenance_unit": "市政大樓公管中心",
        "phone": "27208889轉3003",
        "open_time": "0:00~24:00",
        "location": "兒童戲沙池旁",
        "status": "正常",
        "info_url": "https://gismobile.water.gov.taipei:8443/W/S.aspx?SD=0355",
        "photo_url": "https://gismobile.water.gov.taipei/WaterMap_drinkImg/0355.JPG"
      }
    },
    {
      "type": "Feature",
      "geometry": {
        "type": "Point",
        "coordinates": [
          121.55951,
          25.041155
        ]
      },
      "properties": {
        "source_type": "直飲臺",
        "name": "國父紀念館",
        "address": "臺北市信義區仁愛路四段505號",
        "city": "臺北市",
        "district": "信義區",
        "managing_unit": "臺北自來水事業處",
        "maintenance_unit": "北水處南區分處",
        "phone": "83695107",
        "open_time": "0:00~24:00",
        "location": "北側人行道",
        "status": "正常",
        "info_url": "https://gismobile.water.gov.taipei:8443/W/S.aspx?SD=0356",
        "photo_url": "https://gismobile.water.gov.taipei/WaterMap_drinkImg/0356.JPG"
      }
    },
    {
      "type": "Feature",
      "geometry": {
        "type": "Point",
        "coordinates": [
          121.55785,
          25.039293
        ]
      },
      "properties": {
        "source_type": "直飲臺",
        "name": "國父紀念館",
        "address": "臺北市信義區國父紀念館（光復南路出入口）",
        "city": "臺北市",
        "district": "信義區",
        "managing_unit": "國父紀念館",
        "maintenance_unit": "國父紀念館",
        "phone": "27588008#532",
        "open_time": "0:00~24:00",
        "location": "佈告欄旁",
        "status": "正常",
        "info_url": "https://gismobile.water.gov.taipei:8443/W/S.aspx?SD=0356a",
        "photo_url": "https://gismobile.water.gov.taipei/WaterMap_drinkImg/0356a.JPG"
      }
    },
    {
      "type": "Feature",
      "geometry": {
        "type": "Point",
        "coordinates": [
          121.565796,
          25.037545
        ]
      },
      "properties": {
        "source_type": "直飲臺",
        "name": "松壽廣場",
        "address": "臺北市信義區松智路東側(松高路至信義路5段)",
        "city": "臺北市",
        "district": "信義區",
        "managing_unit": "工務局公園處",
        "maintenance_unit": "工務局公園處南港管理所",
        "phone": "02-27833685",
        "open_time": "0:00~24:00",
        "location": "松壽廣場公園前(松智路75號)",
        "status": "正常",
        "info_url": "https://gismobile.water.gov.taipei:8443/W/S.aspx?SD=0357a",
        "photo_url": "https://gismobile.water.gov.taipei/WaterMap_drinkImg/0357a.JPG"
      }
    },
    {
      "type": "Feature",
      "geometry": {
        "type": "Point",
        "coordinates": [
          121.565635,
          25.035352
        ]
      },
      "properties": {
        "source_type": "直飲臺",
        "name": "信義直飲廊道",
        "address": "臺北市信義區松智路東側(松高路至信義路6段)",
        "city": "臺北市",
        "district": "信義區",
        "managing_unit": "Att 4 FUN 管理部",
        "maintenance_unit": "Att 4 FUN 管理部",
        "phone": "87808111轉7502",
        "open_time": "0:00~24:00",
        "location": "att 4 fun(松智路83號)",
        "status": "正常",
        "info_url": "https://gismobile.water.gov.taipei:8443/W/S.aspx?SD=0357b",
        "photo_url": "https://gismobile.water.gov.taipei/WaterMap_drinkImg/0357b.JPG"
      }
    },
    {
      "type": "Feature",
      "geometry": {
        "type": "Point",
        "coordinates": [
          121.565609,
          25.034213
        ]
      },
      "properties": {
        "source_type": "直飲臺",
        "name": "信義直飲廊道(信義南山廣場)",
        "address": "臺北市信義區松智路",
        "city": "臺北市",
        "district": "信義區",
        "managing_unit": "南山廣場公寓大廈管理維護股份有限公司",
        "maintenance_unit": "南山廣場公寓大廈管理維護股份有限公司設施管理科",
        "phone": "2723-8009 #90029",
        "open_time": "0:00~24:00",
        "location": "人行道綠帶旁",
        "status": "正常",
        "info_url": "https://gismobile.water.gov.taipei:8443/W/S.aspx?SD=0357c",
        "photo_url": "https://gismobile.water.gov.taipei/WaterMap_drinkImg/0357c.JPG"
      }
    },
    {
      "type": "Feature",
      "geometry": {
        "type": "Point",
        "coordinates": [
          121.574429,
          25.026832
        ]
      },
      "properties": {
        "source_type": "直飲臺",
        "name": "象山步道",
        "address": "臺北市信義區信義路五段150巷342弄",
        "city": "臺北市",
        "district": "信義區",
        "managing_unit": "工務局大地工程處",
        "maintenance_unit": "大地工程處道路步道科",
        "phone": "27593001轉2312",
        "open_time": "0:00~24:00",
        "location": "象山六巨石觀景台",
        "status": "正常",
        "info_url": "https://gismobile.water.gov.taipei:8443/W/S.aspx?SD=0358",
        "photo_url": "https://gismobile.water.gov.taipei/WaterMap_drinkImg/0358.JPG"
      }
    },
    {
      "type": "Feature",
      "geometry": {
        "type": "Point",
        "coordinates": [
          121.583981,
          25.038427
        ]
      },
      "properties": {
        "source_type": "直飲臺",
        "name": "福德公園",
        "address": "臺北市信義區福德街與大道路口東北側",
        "city": "臺北市",
        "district": "信義區",
        "managing_unit": "臺北市信義區公所",
        "maintenance_unit": "臺北市信義區公所",
        "phone": "27239777#707",
        "open_time": "0:00~24:00",
        "location": "入口處",
        "status": "正常",
        "info_url": "https://gismobile.water.gov.taipei:8443/W/S.aspx?SD=0359",
        "photo_url": "https://gismobile.water.gov.taipei/WaterMap_drinkImg/0359.JPG"
      }
    },
    {
      "type": "Feature",
      "geometry": {
        "type": "Point",
        "coordinates": [
          121.58077,
          25.042468
        ]
      },
      "properties": {
        "source_type": "直飲臺",
        "name": "春光公園",
        "address": "臺北市信義區忠孝東露5段558號旁",
        "city": "臺北市",
        "district": "信義區",
        "managing_unit": "臺北市信義區公所",
        "maintenance_unit": "臺北市信義區公所",
        "phone": "27239777#707",
        "open_time": "0:00~24:00",
        "location": "遊戲區旁",
        "status": "正常",
        "info_url": "https://gismobile.water.gov.taipei:8443/W/S.aspx?SD=0360",
        "photo_url": "https://gismobile.water.gov.taipei/WaterMap_drinkImg/0360.JPG"
      }
    },
    {
      "type": "Feature",
      "geometry": {
        "type": "Point",
        "coordinates": [
          121.579014,
          25.038714
        ]
      },
      "properties": {
        "source_type": "直飲臺",
        "name": "林口公園",
        "address": "臺北市信義區林口街84號對面",
        "city": "臺北市",
        "district": "信義區",
        "managing_unit": "臺北市信義區公所",
        "maintenance_unit": "臺北市信義區公所",
        "phone": "27239777#707",
        "open_time": "0:00~24:00",
        "location": "公園南側",
        "status": "正常",
        "info_url": "https://gismobile.water.gov.taipei:8443/W/S.aspx?SD=0361",
        "photo_url": "https://gismobile.water.gov.taipei/WaterMap_drinkImg/0361.JPG"
      }
    },
    {
      "type": "Feature",
      "geometry": {
        "type": "Point",
        "coordinates": [
          121.573112,
          25.035385
        ]
      },
      "properties": {
        "source_type": "直飲臺",
        "name": "松德公園",
        "address": "臺北市信義區松德路180巷11號對面",
        "city": "臺北市",
        "district": "信義區",
        "managing_unit": "工務局公園處",
        "maintenance_unit": "工務局公園處南港管理所",
        "phone": "02-27833685",
        "open_time": "0:00~24:00",
        "location": "遊戲場旁",
        "status": "正常",
        "info_url": "https://gismobile.water.gov.taipei:8443/W/S.aspx?SD=0362",
        "photo_url": "https://gismobile.water.gov.taipei/WaterMap_drinkImg/0362.JPG"
      }
    },
    {
      "type": "Feature",
      "geometry": {
        "type": "Point",
        "coordinates": [
          121.56997,
          25.04222
        ]
      },
      "properties": {
        "source_type": "直飲臺",
        "name": "富生1號公園",
        "address": "臺北市信義區永吉路30巷157巷",
        "city": "臺北市",
        "district": "信義區",
        "managing_unit": "臺北市信義區公所",
        "maintenance_unit": "臺北市信義區公所",
        "phone": "27239777#707",
        "open_time": "0:00~24:00",
        "location": "北側入口處左側",
        "status": "正常",
        "info_url": "https://gismobile.water.gov.taipei:8443/W/S.aspx?SD=0363",
        "photo_url": "https://gismobile.water.gov.taipei/WaterMap_drinkImg/0363.JPG"
      }
    },
    {
      "type": "Feature",
      "geometry": {
        "type": "Point",
        "coordinates": [
          121.56664,
          25.030577
        ]
      },
      "properties": {
        "source_type": "直飲臺",
        "name": "三張里公園",
        "address": "臺北市信義區松平路81號",
        "city": "臺北市",
        "district": "信義區",
        "managing_unit": "臺北市信義區公所",
        "maintenance_unit": "臺北市信義區公所",
        "phone": "27239777#707",
        "open_time": "0:00~24:00",
        "location": "廣場旁",
        "status": "正常",
        "info_url": "https://gismobile.water.gov.taipei:8443/W/S.aspx?SD=0364",
        "photo_url": "https://gismobile.water.gov.taipei/WaterMap_drinkImg/0364.JPG"
      }
    },
    {
      "type": "Feature",
      "geometry": {
        "type": "Point",
        "coordinates": [
          121.559961,
          25.03218
        ]
      },
      "properties": {
        "source_type": "直飲臺",
        "name": "景聯廣場",
        "address": "臺北市信義區松勤街18號對面",
        "city": "臺北市",
        "district": "信義區",
        "managing_unit": "工務局公園處",
        "maintenance_unit": "工務局公園處園藝工程隊",
        "phone": "23815132＃318",
        "open_time": "0:00~24:00",
        "location": "入口處旁",
        "status": "正常",
        "info_url": "https://gismobile.water.gov.taipei:8443/W/S.aspx?SD=0365",
        "photo_url": "https://gismobile.water.gov.taipei/WaterMap_drinkImg/0365.JPG"
      }
    },
    {
      "type": "Feature",
      "geometry": {
        "type": "Point",
        "coordinates": [
          121.567873,
          25.040136
        ]
      },
      "properties": {
        "source_type": "直飲臺",
        "name": "忠信廣場",
        "address": "臺北市信義區興雅路",
        "city": "臺北市",
        "district": "信義區",
        "managing_unit": "工務局公園處",
        "maintenance_unit": "工務局公園處南港管理所",
        "phone": "02-27833685",
        "open_time": "0:00~24:00",
        "location": "南側入口處",
        "status": "正常",
        "info_url": "https://gismobile.water.gov.taipei:8443/W/S.aspx?SD=0366",
        "photo_url": "https://gismobile.water.gov.taipei/WaterMap_drinkImg/0366.JPG"
      }
    },
    {
      "type": "Feature",
      "geometry": {
        "type": "Point",
        "coordinates": [
          121.577806,
          25.031417
        ]
      },
      "properties": {
        "source_type": "直飲臺",
        "name": "永春崗公園",
        "address": "臺北市信義區松山路656巷5號(對面樓梯上)",
        "city": "臺北市",
        "district": "信義區",
        "managing_unit": "工務局公園處",
        "maintenance_unit": "工務局公園處南港管理所",
        "phone": "02-27833685",
        "open_time": "0:00~24:00",
        "location": "永春崗公園入口處",
        "status": "正常",
        "info_url": "https://gismobile.water.gov.taipei:8443/W/S.aspx?SD=0375",
        "photo_url": "https://gismobile.water.gov.taipei/WaterMap_drinkImg/0375.JPG"
      }
    },
    {
      "type": "Feature",
      "geometry": {
        "type": "Point",
        "coordinates": [
          121.574746,
          25.031526
        ]
      },
      "properties": {
        "source_type": "直飲臺",
        "name": "虎林公園",
        "address": "臺北市信義區信義路五段151巷",
        "city": "臺北市",
        "district": "信義區",
        "managing_unit": "臺北市信義區公所",
        "maintenance_unit": "臺北市信義區公所",
        "phone": "27239777#707",
        "open_time": "0:00~24:00",
        "location": "兒童遊戲場旁",
        "status": "正常",
        "info_url": "https://gismobile.water.gov.taipei:8443/W/S.aspx?SD=0376",
        "photo_url": "https://gismobile.water.gov.taipei/WaterMap_drinkImg/0376.JPG"
      }
    },
    {
      "type": "Feature",
      "geometry": {
        "type": "Point",
        "coordinates": [
          121.579942,
          25.033015
        ]
      },
      "properties": {
        "source_type": "直飲臺",
        "name": "永春陂生態濕地公園",
        "address": "臺北市信義區松山路657號",
        "city": "臺北市",
        "district": "信義區",
        "managing_unit": "工務局公園處",
        "maintenance_unit": "工務局公園處南港管理所",
        "phone": "02-27833685",
        "open_time": "0:00~24:00",
        "location": "建物旁",
        "status": "正常",
        "info_url": "https://gismobile.water.gov.taipei:8443/W/S.aspx?SD=0377",
        "photo_url": "https://gismobile.water.gov.taipei/WaterMap_drinkImg/0377.JPG"
      }
    },
    {
      "type": "Feature",
      "geometry": {
        "type": "Point",
        "coordinates": [
          121.5832,
          25.029013
        ]
      },
      "properties": {
        "source_type": "直飲臺",
        "name": "瑤池宮",
        "address": "臺北市信義區松山路677之25號",
        "city": "臺北市",
        "district": "信義區",
        "managing_unit": "工務局大地工程處",
        "maintenance_unit": "大地工程處道路步道科",
        "phone": "27593001轉2312",
        "open_time": "0:00~24:00",
        "location": "松山一坑入口旁",
        "status": "正常",
        "info_url": "https://gismobile.water.gov.taipei:8443/W/S.aspx?SD=0378",
        "photo_url": "https://gismobile.water.gov.taipei/WaterMap_drinkImg/0378.JPG"
      }
    },
    {
      "type": "Feature",
      "geometry": {
        "type": "Point",
        "coordinates": [
          121.578192,
          25.025878
        ]
      },
      "properties": {
        "source_type": "直飲臺",
        "name": "北星寶宮",
        "address": "臺北市信義區松山路670-1號",
        "city": "臺北市",
        "district": "信義區",
        "managing_unit": "工務局大地工程處",
        "maintenance_unit": "大地工程處道路步道科",
        "phone": "27593001轉2312",
        "open_time": "0:00~24:00",
        "location": "登山步道旁",
        "status": "正常",
        "info_url": "https://gismobile.water.gov.taipei:8443/W/S.aspx?SD=0379",
        "photo_url": "https://gismobile.water.gov.taipei/WaterMap_drinkImg/0379.JPG"
      }
    },
    {
      "type": "Feature",
      "geometry": {
        "type": "Point",
        "coordinates": [
          121.586865,
          25.030994
        ]
      },
      "properties": {
        "source_type": "直飲臺",
        "name": "復興園",
        "address": "臺北市信義區福德街221巷189號",
        "city": "臺北市",
        "district": "信義區",
        "managing_unit": "工務局大地工程處",
        "maintenance_unit": "大地工程處道路步道科",
        "phone": "27593001轉2312",
        "open_time": "0:00~24:00",
        "location": "觀景平台",
        "status": "正常",
        "info_url": "https://gismobile.water.gov.taipei:8443/W/S.aspx?SD=0380",
        "photo_url": "https://gismobile.water.gov.taipei/WaterMap_drinkImg/0380.JPG"
      }
    },
    {
      "type": "Feature",
      "geometry": {
        "type": "Point",
        "coordinates": [
          121.580341,
          25.04722
        ]
      },
      "properties": {
        "source_type": "直飲臺",
        "name": "五分埔商圈",
        "address": "臺北市信義區中坡北路與松山路119巷口(臨停車場出口旁)",
        "city": "臺北市",
        "district": "信義區",
        "managing_unit": "臺北市信義區公所",
        "maintenance_unit": "臺北市信義區公所",
        "phone": "27239777#707",
        "open_time": "0:00~24:00",
        "location": "步道口旁",
        "status": "正常",
        "info_url": "https://gismobile.water.gov.taipei:8443/W/S.aspx?SD=0384",
        "photo_url": "https://gismobile.water.gov.taipei/WaterMap_drinkImg/0384.JPG"
      }
    },
    {
      "type": "Feature",
      "geometry": {
        "type": "Point",
        "coordinates": [
          121.558731,
          25.025864
        ]
      },
      "properties": {
        "source_type": "直飲臺",
        "name": "景勤狗活動區",
        "address": "臺北市信義區信安街67巷與吳興街156巷65弄交口旁",
        "city": "臺北市",
        "district": "信義區",
        "managing_unit": "臺北自來水事業處",
        "maintenance_unit": "北水處南區分處",
        "phone": "83695107",
        "open_time": "0:00~24:00",
        "location": "門口旁草皮內",
        "status": "正常",
        "info_url": "https://gismobile.water.gov.taipei:8443/W/S.aspx?SD=0385",
        "photo_url": "https://gismobile.water.gov.taipei/WaterMap_drinkImg/0385.JPG"
      }
    },
    {
      "type": "Feature",
      "geometry": {
        "type": "Point",
        "coordinates": [
          121.576778,
          25.015463
        ]
      },
      "properties": {
        "source_type": "直飲臺",
        "name": "妙高台步道",
        "address": "臺北市信義區紫雲街75號對面",
        "city": "臺北市",
        "district": "信義區",
        "managing_unit": "工務局大地工程處",
        "maintenance_unit": "大地工程處道路步道科",
        "phone": "27593001轉2312",
        "open_time": "0:00~24:00",
        "location": "步道口旁",
        "status": "正常",
        "info_url": "https://gismobile.water.gov.taipei:8443/W/S.aspx?SD=0386",
        "photo_url": "https://gismobile.water.gov.taipei/WaterMap_drinkImg/0386.JPG"
      }
    },
    {
      "type": "Feature",
      "geometry": {
        "type": "Point",
        "coordinates": [
          121.558884,
          25.041541
        ]
      },
      "properties": {
        "source_type": "直飲臺",
        "name": "大巨蛋(靠忠孝東路側)",
        "address": "臺北市信義區忠孝東路四段(靠捷運國父紀念館站5號出入口)",
        "city": "臺北市",
        "district": "信義區",
        "managing_unit": "臺北自來水事業處",
        "maintenance_unit": "北水處南區分處",
        "phone": "83695107",
        "open_time": "0:00~24:00",
        "location": "人行道",
        "status": "正常",
        "info_url": "https://gismobile.water.gov.taipei:8443/W/S.aspx?SD=0387",
        "photo_url": "https://gismobile.water.gov.taipei/WaterMap_drinkImg/0387.JPG"
      }
    },
    {
      "type": "Feature",
      "geometry": {
        "type": "Point",
        "coordinates": [
          121.561549,
          25.032765
        ]
      },
      "properties": {
        "source_type": "直飲臺",
        "name": "353綠地(近四四南村)",
        "address": "臺北市信義區信義路五段與莊敬路交口",
        "city": "臺北市",
        "district": "信義區",
        "managing_unit": "工務局公園處",
        "maintenance_unit": "工務局公園處園藝工程隊",
        "phone": "23815132＃318",
        "open_time": "0:00~24:00",
        "location": "人行道旁綠帶內",
        "status": "正常",
        "info_url": "https://gismobile.water.gov.taipei:8443/W/S.aspx?SD=0388",
        "photo_url": "https://gismobile.water.gov.taipei/WaterMap_drinkImg/0388.JPG"
      }
    },
    {
      "type": "Feature",
      "geometry": {
        "type": "Point",
        "coordinates": [
          121.516533,
          25.02977
        ]
      },
      "properties": {
        "source_type": "直飲臺",
        "name": "北水處西區分處大門口",
        "address": "臺北市中正區牯嶺街38號",
        "city": "臺北市",
        "district": "中正區",
        "managing_unit": "臺北自來水事業處",
        "maintenance_unit": "北水處西區分處",
        "phone": "33431678#1696",
        "open_time": "8:30~17:30",
        "location": "大門口",
        "status": "正常",
        "info_url": "https://gismobile.water.gov.taipei:8443/W/S.aspx?SD=0423a",
        "photo_url": "https://gismobile.water.gov.taipei/WaterMap_drinkImg/0423a.JPG"
      }
    },
    {
      "type": "Feature",
      "geometry": {
        "type": "Point",
        "coordinates": [
          121.51424,
          25.04227
        ]
      },
      "properties": {
        "source_type": "直飲臺",
        "name": "二二八和平公園",
        "address": "臺北市中正區凱達格蘭大道3號",
        "city": "臺北市",
        "district": "中正區",
        "managing_unit": "工務局公園處",
        "maintenance_unit": "工務局公園處青年管理所",
        "phone": "27003830",
        "open_time": "0:00~24:00",
        "location": null,
        "status": "正常",
        "info_url": "https://gismobile.water.gov.taipei:8443/W/S.aspx?SD=0428b",
        "photo_url": "https://gismobile.water.gov.taipei/WaterMap_drinkImg/0428b.JPG"
      }
    },
    {
      "type": "Feature",
      "geometry": {
        "type": "Point",
        "coordinates": [
          121.514577,
          25.040141
        ]
      },
      "properties": {
        "source_type": "直飲臺",
        "name": "二二八和平公園",
        "address": "臺北市中正區凱達格蘭大道3號",
        "city": "臺北市",
        "district": "中正區",
        "managing_unit": "工務局公園處",
        "maintenance_unit": "工務局公園處青年管理所",
        "phone": "27003830",
        "open_time": "0:00~24:00",
        "location": "兒童遊戲區",
        "status": "正常",
        "info_url": "https://gismobile.water.gov.taipei:8443/W/S.aspx?SD=0428c",
        "photo_url": "https://gismobile.water.gov.taipei/WaterMap_drinkImg/0428c.JPG"
      }
    },
    {
      "type": "Feature",
      "geometry": {
        "type": "Point",
        "coordinates": [
          121.514487,
          25.042724
        ]
      },
      "properties": {
        "source_type": "直飲臺",
        "name": "二二八和平公園",
        "address": "臺北市中正區懷寧街90號對面",
        "city": "臺北市",
        "district": "中正區",
        "managing_unit": "工務局公園處",
        "maintenance_unit": "工務局公園處青年管理所",
        "phone": "27003830",
        "open_time": "0:00~24:00",
        "location": "公園西北側懷寧街側水池旁",
        "status": "正常",
        "info_url": "https://gismobile.water.gov.taipei:8443/W/S.aspx?SD=0428e",
        "photo_url": "https://gismobile.water.gov.taipei/WaterMap_drinkImg/0428e.JPG"
      }
    },
    {
      "type": "Feature",
      "geometry": {
        "type": "Point",
        "coordinates": [
          121.515367,
          25.040647
        ]
      },
      "properties": {
        "source_type": "直飲臺",
        "name": "二二八和平公園",
        "address": "臺北市中正區公園路50號(台北賓館對面)",
        "city": "臺北市",
        "district": "中正區",
        "managing_unit": "工務局公園處",
        "maintenance_unit": "工務局公園處青年管理所",
        "phone": "27003830",
        "open_time": "0:00~24:00",
        "location": "228和平紀念館前",
        "status": "正常",
        "info_url": "https://gismobile.water.gov.taipei:8443/W/S.aspx?SD=0428f",
        "photo_url": "https://gismobile.water.gov.taipei/WaterMap_drinkImg/0428f.JPG"
      }
    },
    {
      "type": "Feature",
      "geometry": {
        "type": "Point",
        "coordinates": [
          121.557172,
          25.016597
        ]
      },
      "properties": {
        "source_type": "直飲臺",
        "name": "富陽公園",
        "address": "臺北市大安區富陽街底",
        "city": "臺北市",
        "district": "大安區",
        "managing_unit": "工務局公園處",
        "maintenance_unit": "工務局公園處青年管理所",
        "phone": "27003830",
        "open_time": "0:00~24:00",
        "location": "臺北市富陽街底",
        "status": "正常",
        "info_url": "https://gismobile.water.gov.taipei:8443/W/S.aspx?SD=0444",
        "photo_url": "https://gismobile.water.gov.taipei/WaterMap_drinkImg/0444.JPG"
      }
    },
    {
      "type": "Feature",
      "geometry": {
        "type": "Point",
        "coordinates": [
          121.54531,
          25.042428
        ]
      },
      "properties": {
        "source_type": "直飲臺",
        "name": "「王留」公公園",
        "address": "臺北市大安區復興南路1段135巷口",
        "city": "臺北市",
        "district": "大安區",
        "managing_unit": "臺北市大安區公所",
        "maintenance_unit": "臺北市大安區公所",
        "phone": "2351-1711",
        "open_time": "0:00~24:00",
        "location": "忠孝東路4段49巷與49巷4弄交口",
        "status": "正常",
        "info_url": "https://gismobile.water.gov.taipei:8443/W/S.aspx?SD=0445",
        "photo_url": "https://gismobile.water.gov.taipei/WaterMap_drinkImg/0445.JPG"
      }
    },
    {
      "type": "Feature",
      "geometry": {
        "type": "Point",
        "coordinates": [
          121.555743,
          25.042602
        ]
      },
      "properties": {
        "source_type": "直飲臺",
        "name": "延吉公園",
        "address": "臺北市大安區延吉街131巷26號旁",
        "city": "臺北市",
        "district": "大安區",
        "managing_unit": "臺北市大安區公所",
        "maintenance_unit": "臺北市大安區公所",
        "phone": "2351-1711",
        "open_time": "0:00~24:00",
        "location": "遊戲區旁",
        "status": "正常",
        "info_url": "https://gismobile.water.gov.taipei:8443/W/S.aspx?SD=0446a",
        "photo_url": "https://gismobile.water.gov.taipei/WaterMap_drinkImg/0446a.JPG"
      }
    },
    {
      "type": "Feature",
      "geometry": {
        "type": "Point",
        "coordinates": [
          121.541087,
          25.022476
        ]
      },
      "properties": {
        "source_type": "直飲臺",
        "name": "敦親公園",
        "address": "臺北市大安區辛亥路2段171巷21號對面",
        "city": "臺北市",
        "district": "大安區",
        "managing_unit": "臺北市大安區公所",
        "maintenance_unit": "臺北市大安區公所",
        "phone": "2351-1711",
        "open_time": "0:00~24:00",
        "location": "涼亭旁",
        "status": "正常",
        "info_url": "https://gismobile.water.gov.taipei:8443/W/S.aspx?SD=0447",
        "photo_url": "https://gismobile.water.gov.taipei/WaterMap_drinkImg/0447.JPG"
      }
    },
    {
      "type": "Feature",
      "geometry": {
        "type": "Point",
        "coordinates": [
          121.542739,
          25.02346
        ]
      },
      "properties": {
        "source_type": "直飲臺",
        "name": "和平公園",
        "address": "臺北市大安區和平東路2段118巷6弄4號對面",
        "city": "臺北市",
        "district": "大安區",
        "managing_unit": "臺北市大安區公所",
        "maintenance_unit": "臺北市大安區公所",
        "phone": "2351-1711",
        "open_time": "0:00~24:00",
        "location": "兒童遊戲區旁",
        "status": "正常",
        "info_url": "https://gismobile.water.gov.taipei:8443/W/S.aspx?SD=0448",
        "photo_url": "https://gismobile.water.gov.taipei/WaterMap_drinkImg/0448.JPG"
      }
    },
    {
      "type": "Feature",
      "geometry": {
        "type": "Point",
        "coordinates": [
          121.553216,
          25.026972
        ]
      },
      "properties": {
        "source_type": "直飲臺",
        "name": "法治公園",
        "address": "臺北市大安區通化街184巷5號",
        "city": "臺北市",
        "district": "大安區",
        "managing_unit": "臺北市大安區公所",
        "maintenance_unit": "臺北市大安區公所",
        "phone": "2351-1711",
        "open_time": "0:00~24:00",
        "location": "沙坑旁",
        "status": "正常",
        "info_url": "https://gismobile.water.gov.taipei:8443/W/S.aspx?SD=0449",
        "photo_url": "https://gismobile.water.gov.taipei/WaterMap_drinkImg/0449.JPG"
      }
    },
    {
      "type": "Feature",
      "geometry": {
        "type": "Point",
        "coordinates": [
          121.533023,
          25.021865
        ]
      },
      "properties": {
        "source_type": "直飲臺",
        "name": "大學公園",
        "address": "臺北市大安區辛亥路1段與溫州街交口",
        "city": "臺北市",
        "district": "大安區",
        "managing_unit": "臺北市大安區公所",
        "maintenance_unit": "臺北市大安區公所",
        "phone": "2351-1711",
        "open_time": "00:00~24:00",
        "location": "入口處旁",
        "status": "正常",
        "info_url": "https://gismobile.water.gov.taipei:8443/W/S.aspx?SD=0450",
        "photo_url": "https://gismobile.water.gov.taipei/WaterMap_drinkImg/0450.JPG"
      }
    },
    {
      "type": "Feature",
      "geometry": {
        "type": "Point",
        "coordinates": [
          121.529652,
          25.031746
        ]
      },
      "properties": {
        "source_type": "直飲臺",
        "name": "永康公園",
        "address": "臺北市大安區永康街10-3號對面",
        "city": "臺北市",
        "district": "大安區",
        "managing_unit": "臺北市大安區公所",
        "maintenance_unit": "臺北市大安區公所",
        "phone": "2351-1711",
        "open_time": "0:00~24:00",
        "location": "遊戲區旁",
        "status": "正常",
        "info_url": "https://gismobile.water.gov.taipei:8443/W/S.aspx?SD=0451",
        "photo_url": "https://gismobile.water.gov.taipei/WaterMap_drinkImg/0451.JPG"
      }
    },
    {
      "type": "Feature",
      "geometry": {
        "type": "Point",
        "coordinates": [
          121.549463,
          25.022599
        ]
      },
      "properties": {
        "source_type": "直飲臺",
        "name": "虎嘯公園",
        "address": "臺北市大安區敦化南路2段331巷口旁",
        "city": "臺北市",
        "district": "大安區",
        "managing_unit": "臺北市大安區公所",
        "maintenance_unit": "臺北市大安區公所",
        "phone": "2351-1711",
        "open_time": "0:00~24:00",
        "location": "遊戲區旁",
        "status": "正常",
        "info_url": "https://gismobile.water.gov.taipei:8443/W/S.aspx?SD=0454",
        "photo_url": "https://gismobile.water.gov.taipei/WaterMap_drinkImg/0454.JPG"
      }
    },
    {
      "type": "Feature",
      "geometry": {
        "type": "Point",
        "coordinates": [
          121.532676,
          25.022657
        ]
      },
      "properties": {
        "source_type": "直飲臺",
        "name": "辛亥1號公園",
        "address": "臺北市大安區辛亥路1段139巷口旁",
        "city": "臺北市",
        "district": "大安區",
        "managing_unit": "臺北市大安區公所",
        "maintenance_unit": "臺北市大安區公所",
        "phone": "2351-1711",
        "open_time": "0:00~24:00",
        "location": "入口處旁",
        "status": "正常",
        "info_url": "https://gismobile.water.gov.taipei:8443/W/S.aspx?SD=0455",
        "photo_url": "https://gismobile.water.gov.taipei/WaterMap_drinkImg/0455.JPG"
      }
    },
    {
      "type": "Feature",
      "geometry": {
        "type": "Point",
        "coordinates": [
          121.556042,
          25.019833
        ]
      },
      "properties": {
        "source_type": "直飲臺",
        "name": "黎孝公園",
        "address": "臺北市大安區和平東路3段308巷內",
        "city": "臺北市",
        "district": "大安區",
        "managing_unit": "臺北市大安區公所",
        "maintenance_unit": "臺北市大安區公所",
        "phone": "2351-1711",
        "open_time": "0:00~24:00",
        "location": "涼亭旁",
        "status": "正常",
        "info_url": "https://gismobile.water.gov.taipei:8443/W/S.aspx?SD=0457",
        "photo_url": "https://gismobile.water.gov.taipei/WaterMap_drinkImg/0457.JPG"
      }
    },
    {
      "type": "Feature",
      "geometry": {
        "type": "Point",
        "coordinates": [
          121.540685,
          25.043913
        ]
      },
      "properties": {
        "source_type": "直飲臺",
        "name": "「王留」公圳公園",
        "address": "臺北市大安區忠孝東路3段237巷及251巷14弄交口",
        "city": "臺北市",
        "district": "大安區",
        "managing_unit": "工務局公園處",
        "maintenance_unit": "工務局公園處青年管理所",
        "phone": "27003830",
        "open_time": "0:00~24:00",
        "location": "「王留」公圳公園",
        "status": "正常",
        "info_url": "https://gismobile.water.gov.taipei:8443/W/S.aspx?SD=0459",
        "photo_url": "https://gismobile.water.gov.taipei/WaterMap_drinkImg/0459.JPG"
      }
    },
    {
      "type": "Feature",
      "geometry": {
        "type": "Point",
        "coordinates": [
          121.5416,
          25.0261
        ]
      },
      "properties": {
        "source_type": "直飲臺",
        "name": "龍生公園",
        "address": "臺北市大安區和平東路二段107巷23弄15號對面",
        "city": "臺北市",
        "district": "大安區",
        "managing_unit": "臺北市大安區公所",
        "maintenance_unit": "臺北市大安區公所",
        "phone": "2351-1711",
        "open_time": "0:00~24:00",
        "location": "入口旁",
        "status": "正常",
        "info_url": "https://gismobile.water.gov.taipei:8443/W/S.aspx?SD=0460",
        "photo_url": "https://gismobile.water.gov.taipei/WaterMap_drinkImg/0460.JPG"
      }
    },
    {
      "type": "Feature",
      "geometry": {
        "type": "Point",
        "coordinates": [
          121.530328,
          25.03352
        ]
      },
      "properties": {
        "source_type": "直飲臺",
        "name": "永康商圈",
        "address": "臺北市大安區信義路二段200號",
        "city": "臺北市",
        "district": "大安區",
        "managing_unit": "臺北自來水事業處",
        "maintenance_unit": "北水處南區分處",
        "phone": "83695107",
        "open_time": "0:00~24:00",
        "location": "人行道",
        "status": "正常",
        "info_url": "https://gismobile.water.gov.taipei:8443/W/S.aspx?SD=0463",
        "photo_url": "https://gismobile.water.gov.taipei/WaterMap_drinkImg/0463.JPG"
      }
    },
    {
      "type": "Feature",
      "geometry": {
        "type": "Point",
        "coordinates": [
          121.528422,
          25.023958
        ]
      },
      "properties": {
        "source_type": "直飲臺",
        "name": "師大公園",
        "address": "臺北市大安區師大路68巷",
        "city": "臺北市",
        "district": "大安區",
        "managing_unit": "臺北市大安區公所",
        "maintenance_unit": "臺北市大安區公所",
        "phone": "2351-1711",
        "open_time": "0:00~24:00",
        "location": "師大路68巷旁",
        "status": "正常",
        "info_url": "https://gismobile.water.gov.taipei:8443/W/S.aspx?SD=0464",
        "photo_url": "https://gismobile.water.gov.taipei/WaterMap_drinkImg/0464.JPG"
      }
    },
    {
      "type": "Feature",
      "geometry": {
        "type": "Point",
        "coordinates": [
          121.545608,
          25.020624
        ]
      },
      "properties": {
        "source_type": "直飲臺",
        "name": "大安運動中心",
        "address": "臺北市大安區辛亥路三段55號",
        "city": "臺北市",
        "district": "大安區",
        "managing_unit": "臺北自來水事業處",
        "maintenance_unit": "北水處南區分處",
        "phone": "83695107",
        "open_time": "0:00~24:00",
        "location": "正門前方靠人行道",
        "status": "正常",
        "info_url": "https://gismobile.water.gov.taipei:8443/W/S.aspx?SD=0467",
        "photo_url": "https://gismobile.water.gov.taipei/WaterMap_drinkImg/0467.JPG"
      }
    },
    {
      "type": "Feature",
      "geometry": {
        "type": "Point",
        "coordinates": [
          121.533785,
          25.018432
        ]
      },
      "properties": {
        "source_type": "直飲臺",
        "name": "台灣大學綜合體育場",
        "address": "臺北市大安區羅斯福路四段1號",
        "city": "臺北市",
        "district": "大安區",
        "managing_unit": "臺北自來水事業處",
        "maintenance_unit": "北水處南區分處",
        "phone": "83695107",
        "open_time": "0:00~24:00",
        "location": "台大新月台前人行道",
        "status": "正常",
        "info_url": "https://gismobile.water.gov.taipei:8443/W/S.aspx?SD=0468",
        "photo_url": "https://gismobile.water.gov.taipei/WaterMap_drinkImg/0468.JPG"
      }
    },
    {
      "type": "Feature",
      "geometry": {
        "type": "Point",
        "coordinates": [
          121.529877,
          25.01283
        ]
      },
      "properties": {
        "source_type": "直飲臺",
        "name": "自來水園區博物館東側",
        "address": "臺北市中正區思源街1號",
        "city": "臺北市",
        "district": "中正區",
        "managing_unit": "臺北自來水事業處",
        "maintenance_unit": "展業科",
        "phone": "83695108",
        "open_time": "8:00~18:00",
        "location": "博物館東側",
        "status": "正常",
        "info_url": "https://gismobile.water.gov.taipei:8443/W/S.aspx?SD=0530a",
        "photo_url": "https://gismobile.water.gov.taipei/WaterMap_drinkImg/0530a.JPG"
      }
    },
    {
      "type": "Feature",
      "geometry": {
        "type": "Point",
        "coordinates": [
          121.530251,
          25.012836
        ]
      },
      "properties": {
        "source_type": "直飲臺",
        "name": "自來水園區蛋糕流水旁",
        "address": "臺北市中正區思源街1號",
        "city": "臺北市",
        "district": "中正區",
        "managing_unit": "臺北自來水事業處",
        "maintenance_unit": "展業科",
        "phone": "83695108",
        "open_time": "8:00~18:00",
        "location": "蛋糕旁",
        "status": "正常",
        "info_url": "https://gismobile.water.gov.taipei:8443/W/S.aspx?SD=0530c",
        "photo_url": "https://gismobile.water.gov.taipei/WaterMap_drinkImg/0530c.JPG"
      }
    },
    {
      "type": "Feature",
      "geometry": {
        "type": "Point",
        "coordinates": [
          121.530515,
          25.013525
        ]
      },
      "properties": {
        "source_type": "直飲臺",
        "name": "自來水園區南區辦公室門口旁",
        "address": "臺北市中正區思源街1號",
        "city": "臺北市",
        "district": "中正區",
        "managing_unit": "臺北自來水事業處",
        "maintenance_unit": "展業科",
        "phone": "83695108",
        "open_time": "0:00~24:00",
        "location": "南區辦公室門口旁",
        "status": "正常",
        "info_url": "https://gismobile.water.gov.taipei:8443/W/S.aspx?SD=0530d",
        "photo_url": "https://gismobile.water.gov.taipei/WaterMap_drinkImg/0530d.JPG"
      }
    },
    {
      "type": "Feature",
      "geometry": {
        "type": "Point",
        "coordinates": [
          121.528793,
          25.011331
        ]
      },
      "properties": {
        "source_type": "直飲臺",
        "name": "自來水園區水岸警衛亭旁",
        "address": "臺北市中正區思源街1號",
        "city": "臺北市",
        "district": "中正區",
        "managing_unit": "臺北自來水事業處",
        "maintenance_unit": "展業科",
        "phone": "83695108",
        "open_time": "0:00~24:00",
        "location": "水岸警衛亭旁",
        "status": "正常",
        "info_url": "https://gismobile.water.gov.taipei:8443/W/S.aspx?SD=0530e",
        "photo_url": "https://gismobile.water.gov.taipei/WaterMap_drinkImg/0530e.JPG"
      }
    },
    {
      "type": "Feature",
      "geometry": {
        "type": "Point",
        "coordinates": [
          121.530874,
          25.013139
        ]
      },
      "properties": {
        "source_type": "直飲臺",
        "name": "自來水園區水水光廊(左)",
        "address": "臺北市中正區思源街1號",
        "city": "臺北市",
        "district": "中正區",
        "managing_unit": "臺北自來水事業處",
        "maintenance_unit": "公館淨水場",
        "phone": "83695150",
        "open_time": "08:00~18:00",
        "location": "水水光廊(左)",
        "status": "正常",
        "info_url": "https://gismobile.water.gov.taipei:8443/W/S.aspx?SD=0530f",
        "photo_url": "https://gismobile.water.gov.taipei/WaterMap_drinkImg/0530f.JPG"
      }
    },
    {
      "type": "Feature",
      "geometry": {
        "type": "Point",
        "coordinates": [
          121.530894,
          25.013159
        ]
      },
      "properties": {
        "source_type": "直飲臺",
        "name": "自來水園區水水光廊(右)",
        "address": "臺北市中正區思源街1號",
        "city": "臺北市",
        "district": "中正區",
        "managing_unit": "臺北自來水事業處",
        "maintenance_unit": "公館淨水場",
        "phone": "83695150",
        "open_time": "08:00~18:00",
        "location": "水水光廊(右)",
        "status": "正常",
        "info_url": "https://gismobile.water.gov.taipei:8443/W/S.aspx?SD=0530g",
        "photo_url": "https://gismobile.water.gov.taipei/WaterMap_drinkImg/0530g.JPG"
      }
    },
    {
      "type": "Feature",
      "geometry": {
        "type": "Point",
        "coordinates": [
          121.530755,
          25.012189
        ]
      },
      "properties": {
        "source_type": "直飲臺",
        "name": "自來水園區",
        "address": "臺北市中正區思源街1號",
        "city": "臺北市",
        "district": "中正區",
        "managing_unit": "臺北自來水事業處",
        "maintenance_unit": "展業科",
        "phone": "83695108",
        "open_time": "08:00~18:00",
        "location": "噴泉庭園廣場",
        "status": "正常",
        "info_url": "https://gismobile.water.gov.taipei:8443/W/S.aspx?SD=0530h",
        "photo_url": "https://gismobile.water.gov.taipei/WaterMap_drinkImg/0530h.JPG"
      }
    },
    {
      "type": "Feature",
      "geometry": {
        "type": "Point",
        "coordinates": [
          121.530288,
          25.012263
        ]
      },
      "properties": {
        "source_type": "直飲臺",
        "name": "自來水園區",
        "address": "臺北市中正區思源街1號",
        "city": "臺北市",
        "district": "中正區",
        "managing_unit": "臺北自來水事業處",
        "maintenance_unit": "展業科",
        "phone": "83695108",
        "open_time": "08:00~18:00",
        "location": "椰林小站",
        "status": "正常",
        "info_url": "https://gismobile.water.gov.taipei:8443/W/S.aspx?SD=0530i",
        "photo_url": "https://gismobile.water.gov.taipei/WaterMap_drinkImg/0530i.JPG"
      }
    },
    {
      "type": "Feature",
      "geometry": {
        "type": "Point",
        "coordinates": [
          121.528531,
          25.011595
        ]
      },
      "properties": {
        "source_type": "直飲臺",
        "name": "自來水園區",
        "address": "臺北市中正區思源街1號",
        "city": "臺北市",
        "district": "中正區",
        "managing_unit": "臺北自來水事業處",
        "maintenance_unit": "展業科",
        "phone": "83695108",
        "open_time": "08:00~18:00",
        "location": "自來水園區水岸票口旁",
        "status": "正常",
        "info_url": "https://gismobile.water.gov.taipei:8443/W/S.aspx?SD=0530j",
        "photo_url": "https://gismobile.water.gov.taipei/WaterMap_drinkImg/0530j.JPG"
      }
    },
    {
      "type": "Feature",
      "geometry": {
        "type": "Point",
        "coordinates": [
          121.529881,
          25.012307
        ]
      },
      "properties": {
        "source_type": "直飲臺",
        "name": "自來水園區",
        "address": "臺北市中正區思源街1號",
        "city": "臺北市",
        "district": "中正區",
        "managing_unit": "臺北自來水事業處",
        "maintenance_unit": "展業科",
        "phone": "83695108",
        "open_time": "0:00~24:00",
        "location": "器材展示區",
        "status": "正常",
        "info_url": "https://gismobile.water.gov.taipei:8443/W/S.aspx?SD=0530k",
        "photo_url": "https://gismobile.water.gov.taipei/WaterMap_drinkImg/0530k.JPG"
      }
    },
    {
      "type": "Feature",
      "geometry": {
        "type": "Point",
        "coordinates": [
          121.52634,
          25.08399
        ]
      },
      "properties": {
        "source_type": "直飲臺",
        "name": "北水處陽明分處1樓",
        "address": "臺北市士林區中山北路五段82-1號",
        "city": "臺北市",
        "district": "士林區",
        "managing_unit": "臺北自來水事業處",
        "maintenance_unit": "北水處陽明分處",
        "phone": "28882127",
        "open_time": "0:00~24:00",
        "location": "1樓",
        "status": "正常",
        "info_url": "https://gismobile.water.gov.taipei:8443/W/S.aspx?SD=0802a",
        "photo_url": "https://gismobile.water.gov.taipei/WaterMap_drinkImg/0802a.JPG"
      }
    },
    {
      "type": "Feature",
      "geometry": {
        "type": "Point",
        "coordinates": [
          121.544408,
          25.134894
        ]
      },
      "properties": {
        "source_type": "直飲臺",
        "name": "花卉試驗中心苗圃",
        "address": "臺北市士林區仰德大道四段175巷32號",
        "city": "臺北市",
        "district": "士林區",
        "managing_unit": "工務局公園處",
        "maintenance_unit": "工務局公園處花卉試驗中心",
        "phone": "26586601",
        "open_time": "0:00~24:00",
        "location": "展覽館前廣場",
        "status": "正常",
        "info_url": "https://gismobile.water.gov.taipei:8443/W/S.aspx?SD=0859a",
        "photo_url": "https://gismobile.water.gov.taipei/WaterMap_drinkImg/0859a.JPG"
      }
    },
    {
      "type": "Feature",
      "geometry": {
        "type": "Point",
        "coordinates": [
          121.518904,
          25.097616
        ]
      },
      "properties": {
        "source_type": "直飲臺",
        "name": "美崙公園",
        "address": "臺北市士林區美崙街152巷",
        "city": "臺北市",
        "district": "士林區",
        "managing_unit": "工務局公園處",
        "maintenance_unit": "工務局公園處陽明山管理所",
        "phone": "28832130",
        "open_time": "0:00~24:00",
        "location": "籃球場旁",
        "status": "正常",
        "info_url": "https://gismobile.water.gov.taipei:8443/W/S.aspx?SD=0860",
        "photo_url": "https://gismobile.water.gov.taipei/WaterMap_drinkImg/0860.JPG"
      }
    },
    {
      "type": "Feature",
      "geometry": {
        "type": "Point",
        "coordinates": [
          121.518972,
          25.097283
        ]
      },
      "properties": {
        "source_type": "直飲臺",
        "name": "美崙公園",
        "address": "臺北市士林區美崙街152巷4號對面",
        "city": "臺北市",
        "district": "士林區",
        "managing_unit": "工務局公園處",
        "maintenance_unit": "工務局公園處陽明山管理所",
        "phone": "28832130",
        "open_time": "0:00~24:00",
        "location": "籃球場旁",
        "status": "暫停",
        "info_url": "https://gismobile.water.gov.taipei:8443/W/S.aspx?SD=0860a",
        "photo_url": "https://gismobile.water.gov.taipei/WaterMap_drinkImg/0860a.JPG"
      }
    },
    {
      "type": "Feature",
      "geometry": {
        "type": "Point",
        "coordinates": [
          121.519987,
          25.085883
        ]
      },
      "properties": {
        "source_type": "直飲臺",
        "name": "前港公園",
        "address": "臺北市士林區前港街華齡街",
        "city": "臺北市",
        "district": "士林區",
        "managing_unit": "工務局公園處",
        "maintenance_unit": "工務局公園處陽明山管理所",
        "phone": "28832130",
        "open_time": "0:00~24:00",
        "location": "籃球場旁",
        "status": "正常",
        "info_url": "https://gismobile.water.gov.taipei:8443/W/S.aspx?SD=0861a",
        "photo_url": "https://gismobile.water.gov.taipei/WaterMap_drinkImg/0861a.JPG"
      }
    },
    {
      "type": "Feature",
      "geometry": {
        "type": "Point",
        "coordinates": [
          121.52071,
          25.0862
        ]
      },
      "properties": {
        "source_type": "直飲臺",
        "name": "前港公園",
        "address": "臺北市士林區前港街華齡街",
        "city": "臺北市",
        "district": "士林區",
        "managing_unit": "工務局公園處",
        "maintenance_unit": "工務局公園處陽明山管理所",
        "phone": "28832130",
        "open_time": "0:00~24:00",
        "location": "廣場旁",
        "status": "正常",
        "info_url": "https://gismobile.water.gov.taipei:8443/W/S.aspx?SD=0861b",
        "photo_url": "https://gismobile.water.gov.taipei/WaterMap_drinkImg/0861b.JPG"
      }
    },
    {
      "type": "Feature",
      "geometry": {
        "type": "Point",
        "coordinates": [
          121.52067,
          25.08631
        ]
      },
      "properties": {
        "source_type": "直飲臺",
        "name": "前港公園",
        "address": "臺北市士林區後港街118號對面",
        "city": "臺北市",
        "district": "士林區",
        "managing_unit": "工務局公園處",
        "maintenance_unit": "工務局公園處陽明山管理所",
        "phone": "28832130",
        "open_time": "0:00~24:00",
        "location": "司令台後方",
        "status": "正常",
        "info_url": "https://gismobile.water.gov.taipei:8443/W/S.aspx?SD=0861c",
        "photo_url": "https://gismobile.water.gov.taipei/WaterMap_drinkImg/0861c.JPG"
      }
    },
    {
      "type": "Feature",
      "geometry": {
        "type": "Point",
        "coordinates": [
          121.5158,
          25.097021
        ]
      },
      "properties": {
        "source_type": "直飲臺",
        "name": "兒童新樂園",
        "address": "臺北市士林區承德路5段555號",
        "city": "臺北市",
        "district": "士林區",
        "managing_unit": "臺北大眾捷運股份有限公司",
        "maintenance_unit": "臺北大眾捷運股份有限公司(紅綠線)",
        "phone": "25363001#8653",
        "open_time": "09:00~17:00",
        "location": "門口",
        "status": "正常",
        "info_url": "https://gismobile.water.gov.taipei:8443/W/S.aspx?SD=0862b",
        "photo_url": "https://gismobile.water.gov.taipei/WaterMap_drinkImg/0862b.JPG"
      }
    },
    {
      "type": "Feature",
      "geometry": {
        "type": "Point",
        "coordinates": [
          121.506003,
          25.091185
        ]
      },
      "properties": {
        "source_type": "直飲臺",
        "name": "社子公園",
        "address": "臺北市士林區永平街46巷3弄",
        "city": "臺北市",
        "district": "士林區",
        "managing_unit": "工務局公園處",
        "maintenance_unit": "工務局公園處陽明山管理所",
        "phone": "28832130",
        "open_time": "0:00~24:00",
        "location": "籃球場旁",
        "status": "正常",
        "info_url": "https://gismobile.water.gov.taipei:8443/W/S.aspx?SD=0863a",
        "photo_url": "https://gismobile.water.gov.taipei/WaterMap_drinkImg/0863a.JPG"
      }
    },
    {
      "type": "Feature",
      "geometry": {
        "type": "Point",
        "coordinates": [
          121.5067,
          25.09064
        ]
      },
      "properties": {
        "source_type": "直飲臺",
        "name": "社子公園",
        "address": "臺北市士林區永平街20巷37弄12號",
        "city": "臺北市",
        "district": "士林區",
        "managing_unit": "工務局公園處",
        "maintenance_unit": "工務局公園處陽明山管理所",
        "phone": "28832130",
        "open_time": "0:00~24:00",
        "location": "側門",
        "status": "正常",
        "info_url": "https://gismobile.water.gov.taipei:8443/W/S.aspx?SD=0863b",
        "photo_url": "https://gismobile.water.gov.taipei/WaterMap_drinkImg/0863b.JPG"
      }
    },
    {
      "type": "Feature",
      "geometry": {
        "type": "Point",
        "coordinates": [
          121.518913,
          25.096159
        ]
      },
      "properties": {
        "source_type": "直飲臺",
        "name": "天文科學教育館",
        "address": "臺北市士林區基河路363號",
        "city": "臺北市",
        "district": "士林區",
        "managing_unit": "天文科學教育館",
        "maintenance_unit": "臺北市立天文科學教育館",
        "phone": "28314551轉520",
        "open_time": "0:00~24:00",
        "location": "入口處水表旁",
        "status": "正常",
        "info_url": "https://gismobile.water.gov.taipei:8443/W/S.aspx?SD=0864",
        "photo_url": "https://gismobile.water.gov.taipei/WaterMap_drinkImg/0864.JPG"
      }
    },
    {
      "type": "Feature",
      "geometry": {
        "type": "Point",
        "coordinates": [
          121.521945,
          25.107569
        ]
      },
      "properties": {
        "source_type": "直飲臺",
        "name": "克強公園",
        "address": "臺北市北投區磺溪街55巷19號對面",
        "city": "臺北市",
        "district": "北投區",
        "managing_unit": "工務局公園處",
        "maintenance_unit": "工務局公園處陽明山管理所",
        "phone": "28832130",
        "open_time": "0:00~24:00",
        "location": "克強游泳池對面",
        "status": "正常",
        "info_url": "https://gismobile.water.gov.taipei:8443/W/S.aspx?SD=0865",
        "photo_url": "https://gismobile.water.gov.taipei/WaterMap_drinkImg/0865.JPG"
      }
    },
    {
      "type": "Feature",
      "geometry": {
        "type": "Point",
        "coordinates": [
          121.521874,
          25.107349
        ]
      },
      "properties": {
        "source_type": "直飲臺",
        "name": "克強公園",
        "address": "臺北市士林區磺溪街47巷26號旁",
        "city": "臺北市",
        "district": "士林區",
        "managing_unit": "工務局公園處",
        "maintenance_unit": "工務局公園處陽明山管理所",
        "phone": "28832130",
        "open_time": "0:00~24:00",
        "location": "兒童遊戲區旁",
        "status": "正常",
        "info_url": "https://gismobile.water.gov.taipei:8443/W/S.aspx?SD=0865a",
        "photo_url": "https://gismobile.water.gov.taipei/WaterMap_drinkImg/0865a.JPG"
      }
    },
    {
      "type": "Feature",
      "geometry": {
        "type": "Point",
        "coordinates": [
          121.525156,
          25.110905
        ]
      },
      "properties": {
        "source_type": "直飲臺",
        "name": "蘭興公園",
        "address": "臺北市士林區中山北路６段３１５巷３弄５號旁",
        "city": "臺北市",
        "district": "士林區",
        "managing_unit": "工務局公園處",
        "maintenance_unit": "工務局公園處陽明山管理所",
        "phone": "28832130",
        "open_time": "0:00~24:00",
        "location": "遊戲區旁",
        "status": "正常",
        "info_url": "https://gismobile.water.gov.taipei:8443/W/S.aspx?SD=0866",
        "photo_url": "https://gismobile.water.gov.taipei/WaterMap_drinkImg/0866.JPG"
      }
    },
    {
      "type": "Feature",
      "geometry": {
        "type": "Point",
        "coordinates": [
          121.523559,
          25.110312
        ]
      },
      "properties": {
        "source_type": "直飲臺",
        "name": "蘭興公園",
        "address": "臺北市士林區中山北路六段315巷50弄1號",
        "city": "臺北市",
        "district": "士林區",
        "managing_unit": "工務局公園處",
        "maintenance_unit": "工務局公園處陽明山管理所",
        "phone": "28832130",
        "open_time": "0:00~24:00",
        "location": "兒童遊戲場旁",
        "status": "正常",
        "info_url": "https://gismobile.water.gov.taipei:8443/W/S.aspx?SD=0866a",
        "photo_url": "https://gismobile.water.gov.taipei/WaterMap_drinkImg/0866a.JPG"
      }
    },
    {
      "type": "Feature",
      "geometry": {
        "type": "Point",
        "coordinates": [
          121.46669,
          25.109947
        ]
      },
      "properties": {
        "source_type": "直飲臺",
        "name": "島頭公園",
        "address": "臺北市士林區延平北路9段底",
        "city": "臺北市",
        "district": "士林區",
        "managing_unit": "工務局水利工程處北區右岸管理站",
        "maintenance_unit": "工務局水利工程處北區右岸管理站",
        "phone": "27208889#2690",
        "open_time": "0:00~24:00",
        "location": "島頭15號樓梯旁",
        "status": "正常",
        "info_url": "https://gismobile.water.gov.taipei:8443/W/S.aspx?SD=0868",
        "photo_url": "https://gismobile.water.gov.taipei/WaterMap_drinkImg/0868.JPG"
      }
    },
    {
      "type": "Feature",
      "geometry": {
        "type": "Point",
        "coordinates": [
          121.49469,
          25.09487
        ]
      },
      "properties": {
        "source_type": "直飲臺",
        "name": "福安河濱公園",
        "address": "臺北市士林區延平北路7段27巷",
        "city": "臺北市",
        "district": "士林區",
        "managing_unit": "工務局水利工程處北區右岸管理站",
        "maintenance_unit": "工務局水利工程處北區右岸管理站",
        "phone": "27208889#2690",
        "open_time": "0:00~24:00",
        "location": "堤外籃球場旁",
        "status": "正常",
        "info_url": "https://gismobile.water.gov.taipei:8443/W/S.aspx?SD=0869",
        "photo_url": "https://gismobile.water.gov.taipei/WaterMap_drinkImg/0869.JPG"
      }
    },
    {
      "type": "Feature",
      "geometry": {
        "type": "Point",
        "coordinates": [
          121.50804,
          25.0817
        ]
      },
      "properties": {
        "source_type": "直飲臺",
        "name": "海光公園",
        "address": "臺北市士林區葫蘆街92號對面",
        "city": "臺北市",
        "district": "士林區",
        "managing_unit": "工務局公園處",
        "maintenance_unit": "工務局公園處陽明山管理所",
        "phone": "28832130",
        "open_time": "0:00~24:00",
        "location": "海光公園南側",
        "status": "正常",
        "info_url": "https://gismobile.water.gov.taipei:8443/W/S.aspx?SD=0870a",
        "photo_url": "https://gismobile.water.gov.taipei/WaterMap_drinkImg/0870a.JPG"
      }
    },
    {
      "type": "Feature",
      "geometry": {
        "type": "Point",
        "coordinates": [
          121.50782,
          25.08216
        ]
      },
      "properties": {
        "source_type": "直飲臺",
        "name": "海光公園",
        "address": "臺北市士林區葫蘆街100號對面",
        "city": "臺北市",
        "district": "士林區",
        "managing_unit": "工務局公園處",
        "maintenance_unit": "工務局公園處陽明山管理所",
        "phone": "28832130",
        "open_time": "0:00~24:00",
        "location": "海光公園北側",
        "status": "正常",
        "info_url": "https://gismobile.water.gov.taipei:8443/W/S.aspx?SD=0870b",
        "photo_url": "https://gismobile.water.gov.taipei/WaterMap_drinkImg/0870b.JPG"
      }
    },
    {
      "type": "Feature",
      "geometry": {
        "type": "Point",
        "coordinates": [
          121.53571,
          25.133029
        ]
      },
      "properties": {
        "source_type": "直飲臺",
        "name": "天母古道(東山路)",
        "address": "臺北市士林區東山路25巷81弄99號",
        "city": "臺北市",
        "district": "士林區",
        "managing_unit": "工務局大地工程處",
        "maintenance_unit": "大地工程處道路步道科",
        "phone": "27593001轉2312",
        "open_time": "0:00~24:00",
        "location": "涼亭旁",
        "status": "正常",
        "info_url": "https://gismobile.water.gov.taipei:8443/W/S.aspx?SD=0871",
        "photo_url": "https://gismobile.water.gov.taipei/WaterMap_drinkImg/0871.JPG"
      }
    },
    {
      "type": "Feature",
      "geometry": {
        "type": "Point",
        "coordinates": [
          121.526137,
          25.103833
        ]
      },
      "properties": {
        "source_type": "直飲臺",
        "name": "忠誠公園",
        "address": "臺北市士林區忠誠路1段旁",
        "city": "臺北市",
        "district": "士林區",
        "managing_unit": "工務局公園處",
        "maintenance_unit": "工務局公園處陽明山管理所",
        "phone": "28832130",
        "open_time": "0:00~24:00",
        "location": "涼亭旁",
        "status": "正常",
        "info_url": "https://gismobile.water.gov.taipei:8443/W/S.aspx?SD=0872",
        "photo_url": "https://gismobile.water.gov.taipei/WaterMap_drinkImg/0872.JPG"
      }
    },
    {
      "type": "Feature",
      "geometry": {
        "type": "Point",
        "coordinates": [
          121.538623,
          25.170069
        ]
      },
      "properties": {
        "source_type": "直飲臺",
        "name": "湖田橋水車寮步道",
        "address": "臺北市士林區竹子湖路29-1號",
        "city": "臺北市",
        "district": "士林區",
        "managing_unit": "工務局大地工程處",
        "maintenance_unit": "大地工程處道路步道科",
        "phone": "27593001轉2312",
        "open_time": "0:00~24:00",
        "location": "湖田橋步道口",
        "status": "正常",
        "info_url": "https://gismobile.water.gov.taipei:8443/W/S.aspx?SD=0873",
        "photo_url": "https://gismobile.water.gov.taipei/WaterMap_drinkImg/0873.JPG"
      }
    },
    {
      "type": "Feature",
      "geometry": {
        "type": "Point",
        "coordinates": [
          121.56795,
          25.10591
        ]
      },
      "properties": {
        "source_type": "直飲臺",
        "name": "大崙尾山步道中社路支線",
        "address": "臺北市士林區中社路二段152號",
        "city": "臺北市",
        "district": "士林區",
        "managing_unit": "工務局大地工程處",
        "maintenance_unit": "大地工程處道路步道科",
        "phone": "27593001轉2312",
        "open_time": "0:00~24:00",
        "location": "步道口",
        "status": "正常",
        "info_url": "https://gismobile.water.gov.taipei:8443/W/S.aspx?SD=0874",
        "photo_url": "https://gismobile.water.gov.taipei/WaterMap_drinkImg/0874.JPG"
      }
    },
    {
      "type": "Feature",
      "geometry": {
        "type": "Point",
        "coordinates": [
          121.533627,
          25.127703
        ]
      },
      "properties": {
        "source_type": "直飲臺",
        "name": "天母古道(三角埔)",
        "address": "臺北市士林區中山北路7段232巷口",
        "city": "臺北市",
        "district": "士林區",
        "managing_unit": "工務局大地工程處",
        "maintenance_unit": "大地工程處道路步道科",
        "phone": "27593001轉2312",
        "open_time": "0:00~24:00",
        "location": "步道口",
        "status": "正常",
        "info_url": "https://gismobile.water.gov.taipei:8443/W/S.aspx?SD=0875",
        "photo_url": "https://gismobile.water.gov.taipei/WaterMap_drinkImg/0875.JPG"
      }
    },
    {
      "type": "Feature",
      "geometry": {
        "type": "Point",
        "coordinates": [
          121.533846,
          25.120007
        ]
      },
      "properties": {
        "source_type": "直飲臺",
        "name": "天和公園",
        "address": "臺北市士林區天母東路69巷旁",
        "city": "臺北市",
        "district": "士林區",
        "managing_unit": "工務局公園處",
        "maintenance_unit": "工務局公園處陽明山管理所",
        "phone": "28832130",
        "open_time": "0:00~24:00",
        "location": "涼亭旁",
        "status": "正常",
        "info_url": "https://gismobile.water.gov.taipei:8443/W/S.aspx?SD=0876",
        "photo_url": "https://gismobile.water.gov.taipei/WaterMap_drinkImg/0876.JPG"
      }
    },
    {
      "type": "Feature",
      "geometry": {
        "type": "Point",
        "coordinates": [
          121.538669,
          25.098335
        ]
      },
      "properties": {
        "source_type": "直飲臺",
        "name": "至善公園",
        "address": "臺北市士林區至善路一段",
        "city": "臺北市",
        "district": "士林區",
        "managing_unit": "工務局公園處",
        "maintenance_unit": "工務局公園處士林園藝所",
        "phone": "28812512",
        "open_time": "0:00~24:00",
        "location": "至善路停車場旁",
        "status": "正常",
        "info_url": "https://gismobile.water.gov.taipei:8443/W/S.aspx?SD=0877",
        "photo_url": "https://gismobile.water.gov.taipei/WaterMap_drinkImg/0877.JPG"
      }
    },
    {
      "type": "Feature",
      "geometry": {
        "type": "Point",
        "coordinates": [
          121.510314,
          25.087948
        ]
      },
      "properties": {
        "source_type": "直飲臺",
        "name": "社正公園",
        "address": "臺北市士林區中正路與中正路586巷",
        "city": "臺北市",
        "district": "士林區",
        "managing_unit": "臺北市士林區公所",
        "maintenance_unit": "臺北市士林區公所",
        "phone": "28826200#6311",
        "open_time": "0:00~24:00",
        "location": "涼亭旁",
        "status": "正常",
        "info_url": "https://gismobile.water.gov.taipei:8443/W/S.aspx?SD=0878",
        "photo_url": "https://gismobile.water.gov.taipei/WaterMap_drinkImg/0878.JPG"
      }
    },
    {
      "type": "Feature",
      "geometry": {
        "type": "Point",
        "coordinates": [
          121.520936,
          25.105338
        ]
      },
      "properties": {
        "source_type": "直飲臺",
        "name": "磺溪公園",
        "address": "臺北市士林區德行西路93巷底",
        "city": "臺北市",
        "district": "士林區",
        "managing_unit": "臺北市士林區公所",
        "maintenance_unit": "臺北市士林區公所",
        "phone": "28826200#6311",
        "open_time": "0:00~24:00",
        "location": "臺北市士林區德行西路93巷底",
        "status": "正常",
        "info_url": "https://gismobile.water.gov.taipei:8443/W/S.aspx?SD=0879",
        "photo_url": "https://gismobile.water.gov.taipei/WaterMap_drinkImg/0879.JPG"
      }
    },
    {
      "type": "Feature",
      "geometry": {
        "type": "Point",
        "coordinates": [
          121.5366,
          25.0982
        ]
      },
      "properties": {
        "source_type": "直飲臺",
        "name": "雙溪公園",
        "address": "臺北市士林區福林路、至善路口東南側",
        "city": "臺北市",
        "district": "士林區",
        "managing_unit": "工務局公園處",
        "maintenance_unit": "工務局公園處士林園藝所",
        "phone": "28812512",
        "open_time": "0:00~24:00",
        "location": "步道旁",
        "status": "正常",
        "info_url": "https://gismobile.water.gov.taipei:8443/W/S.aspx?SD=0880",
        "photo_url": "https://gismobile.water.gov.taipei/WaterMap_drinkImg/0880.JPG"
      }
    },
    {
      "type": "Feature",
      "geometry": {
        "type": "Point",
        "coordinates": [
          121.529832,
          25.109445
        ]
      },
      "properties": {
        "source_type": "直飲臺",
        "name": "蘭雅公園",
        "address": "臺北市北投區忠誠路二段24號旁.",
        "city": "臺北市",
        "district": "北投區",
        "managing_unit": "工務局公園處",
        "maintenance_unit": "工務局公園處陽明山管理所",
        "phone": "28832130",
        "open_time": "0:00~24:00",
        "location": "公園人行道旁",
        "status": "正常",
        "info_url": "https://gismobile.water.gov.taipei:8443/W/S.aspx?SD=0881",
        "photo_url": "https://gismobile.water.gov.taipei/WaterMap_drinkImg/0881.JPG"
      }
    },
    {
      "type": "Feature",
      "geometry": {
        "type": "Point",
        "coordinates": [
          121.531293,
          25.104466
        ]
      },
      "properties": {
        "source_type": "直飲臺",
        "name": "芝山公園",
        "address": "臺北市士林區至誠路1段與雨聲街交叉口.",
        "city": "臺北市",
        "district": "士林區",
        "managing_unit": "工務局公園處",
        "maintenance_unit": "工務局公園處陽明山管理所",
        "phone": "28832130",
        "open_time": "0:00~24:00",
        "location": "公園",
        "status": "正常",
        "info_url": "https://gismobile.water.gov.taipei:8443/W/S.aspx?SD=0882",
        "photo_url": "https://gismobile.water.gov.taipei/WaterMap_drinkImg/0882.JPG"
      }
    },
    {
      "type": "Feature",
      "geometry": {
        "type": "Point",
        "coordinates": [
          121.529627,
          25.102658
        ]
      },
      "properties": {
        "source_type": "直飲臺",
        "name": "芝山公園",
        "address": "臺北市士林區至誠路1段與雨聲街交叉口.",
        "city": "臺北市",
        "district": "士林區",
        "managing_unit": "工務局公園處",
        "maintenance_unit": "工務局公園處陽明山管理所",
        "phone": "28832130",
        "open_time": "0:00~24:00",
        "location": "公園",
        "status": "正常",
        "info_url": "https://gismobile.water.gov.taipei:8443/W/S.aspx?SD=0882a",
        "photo_url": "https://gismobile.water.gov.taipei/WaterMap_drinkImg/0882a.JPG"
      }
    },
    {
      "type": "Feature",
      "geometry": {
        "type": "Point",
        "coordinates": [
          121.532885,
          25.101653
        ]
      },
      "properties": {
        "source_type": "直飲臺",
        "name": "芝山公園",
        "address": "臺北市士林區至誠路1段雨農路口",
        "city": "臺北市",
        "district": "士林區",
        "managing_unit": "工務局公園處",
        "maintenance_unit": "工務局公園處陽明山管理所",
        "phone": "28832130",
        "open_time": "0:00~24:00",
        "location": "電話亭東側",
        "status": "正常",
        "info_url": "https://gismobile.water.gov.taipei:8443/W/S.aspx?SD=0882b",
        "photo_url": "https://gismobile.water.gov.taipei/WaterMap_drinkImg/0882b.JPG"
      }
    },
    {
      "type": "Feature",
      "geometry": {
        "type": "Point",
        "coordinates": [
          121.51877,
          25.08783
        ]
      },
      "properties": {
        "source_type": "直飲臺",
        "name": "福中公園",
        "address": "臺北市北投區大南路235巷內",
        "city": "臺北市",
        "district": "士林區",
        "managing_unit": "臺北市士林區公所",
        "maintenance_unit": "臺北市士林區公所",
        "phone": "28826200#6311",
        "open_time": "0:00~24:00",
        "location": "公園內步道旁",
        "status": "正常",
        "info_url": "https://gismobile.water.gov.taipei:8443/W/S.aspx?SD=0883",
        "photo_url": "https://gismobile.water.gov.taipei/WaterMap_drinkImg/0883.JPG"
      }
    },
    {
      "type": "Feature",
      "geometry": {
        "type": "Point",
        "coordinates": [
          121.514432,
          25.093239
        ]
      },
      "properties": {
        "source_type": "直飲臺",
        "name": "後港公園",
        "address": "臺北市士林區通河東街2段(監理站旁)",
        "city": "臺北市",
        "district": "士林區",
        "managing_unit": "臺北市士林區公所",
        "maintenance_unit": "臺北市士林區公所",
        "phone": "28826200#6311",
        "open_time": "0:00~24:00",
        "location": "公園",
        "status": "正常",
        "info_url": "https://gismobile.water.gov.taipei:8443/W/S.aspx?SD=0884",
        "photo_url": "https://gismobile.water.gov.taipei/WaterMap_drinkImg/0884.JPG"
      }
    },
    {
      "type": "Feature",
      "geometry": {
        "type": "Point",
        "coordinates": [
          121.545674,
          25.137142
        ]
      },
      "properties": {
        "source_type": "直飲臺",
        "name": "山仔后公園",
        "address": "臺北市士林區光華路3號對面",
        "city": "臺北市",
        "district": "士林區",
        "managing_unit": "臺北市士林區公所",
        "maintenance_unit": "臺北市士林區公所",
        "phone": "28826200#6311",
        "open_time": "0:00~24:00",
        "location": "體健設施旁",
        "status": "正常",
        "info_url": "https://gismobile.water.gov.taipei:8443/W/S.aspx?SD=0885",
        "photo_url": "https://gismobile.water.gov.taipei/WaterMap_drinkImg/0885.JPG"
      }
    },
    {
      "type": "Feature",
      "geometry": {
        "type": "Point",
        "coordinates": [
          121.53256,
          25.113903
        ]
      },
      "properties": {
        "source_type": "直飲臺",
        "name": "天母棒球場",
        "address": "臺北市士林區忠誠路2段77號旁",
        "city": "臺北市",
        "district": "士林區",
        "managing_unit": "臺北自來水事業處",
        "maintenance_unit": "北水處陽明分處",
        "phone": "28882127",
        "open_time": "0:00~24:00",
        "location": "忠誠路側樓梯前",
        "status": "正常",
        "info_url": "https://gismobile.water.gov.taipei:8443/W/S.aspx?SD=0887",
        "photo_url": "https://gismobile.water.gov.taipei/WaterMap_drinkImg/0887.JPG"
      }
    },
    {
      "type": "Feature",
      "geometry": {
        "type": "Point",
        "coordinates": [
          121.522178,
          25.096148
        ]
      },
      "properties": {
        "source_type": "直飲臺",
        "name": "華聲公園",
        "address": "臺北市士林區華聲街20號對面",
        "city": "臺北市",
        "district": "士林區",
        "managing_unit": "臺北市士林區公所",
        "maintenance_unit": "臺北市士林區公所",
        "phone": "28826200#6311",
        "open_time": "0:00~24:00",
        "location": "休憩座椅旁",
        "status": "正常",
        "info_url": "https://gismobile.water.gov.taipei:8443/W/S.aspx?SD=0888",
        "photo_url": "https://gismobile.water.gov.taipei/WaterMap_drinkImg/0888.JPG"
      }
    },
    {
      "type": "Feature",
      "geometry": {
        "type": "Point",
        "coordinates": [
          121.511001,
          25.082521
        ]
      },
      "properties": {
        "source_type": "直飲臺",
        "name": "福順公園",
        "address": "臺北市士林區延平北路5段136巷19弄27號對面",
        "city": "臺北市",
        "district": "士林區",
        "managing_unit": "臺北市士林區公所",
        "maintenance_unit": "臺北市士林區公所",
        "phone": "28826200#6311",
        "open_time": "0:00~24:00",
        "location": "後方(北側涼亭旁)",
        "status": "正常",
        "info_url": "https://gismobile.water.gov.taipei:8443/W/S.aspx?SD=0894",
        "photo_url": "https://gismobile.water.gov.taipei/WaterMap_drinkImg/0894.JPG"
      }
    },
    {
      "type": "Feature",
      "geometry": {
        "type": "Point",
        "coordinates": [
          121.512008,
          25.079452
        ]
      },
      "properties": {
        "source_type": "直飲臺",
        "name": "福德綠地",
        "address": "臺北市士林區重慶北路四段1巷21弄1號對面",
        "city": "臺北市",
        "district": "士林區",
        "managing_unit": "工務局公園處",
        "maintenance_unit": "工務局公園處園藝工程隊",
        "phone": "23815132＃318",
        "open_time": "0:00~24:00",
        "location": "1號對面入口花圃旁",
        "status": "正常",
        "info_url": "https://gismobile.water.gov.taipei:8443/W/S.aspx?SD=0895",
        "photo_url": "https://gismobile.water.gov.taipei/WaterMap_drinkImg/0895.JPG"
      }
    },
    {
      "type": "Feature",
      "geometry": {
        "type": "Point",
        "coordinates": [
          121.529505,
          25.096402
        ]
      },
      "properties": {
        "source_type": "直飲臺",
        "name": "志成公園",
        "address": "臺北市士林區中正路15號對面",
        "city": "臺北市",
        "district": "士林區",
        "managing_unit": "工務局公園處",
        "maintenance_unit": "工務局公園處士林園藝所",
        "phone": "28812512",
        "open_time": "0:00~24:00",
        "location": "兒童遊戲區旁",
        "status": "正常",
        "info_url": "https://gismobile.water.gov.taipei:8443/W/S.aspx?SD=0896",
        "photo_url": "https://gismobile.water.gov.taipei/WaterMap_drinkImg/0896.JPG"
      }
    },
    {
      "type": "Feature",
      "geometry": {
        "type": "Point",
        "coordinates": [
          121.538026,
          25.099881
        ]
      },
      "properties": {
        "source_type": "直飲臺",
        "name": "仰德1號公園",
        "address": "臺北市士林區仰德大道一段6巷5號斜對面",
        "city": "臺北市",
        "district": "士林區",
        "managing_unit": "臺北市士林區公所",
        "maintenance_unit": "臺北市士林區公所",
        "phone": "28826200#6311",
        "open_time": "0:00~24:00",
        "location": "休憩石座椅旁",
        "status": "正常",
        "info_url": "https://gismobile.water.gov.taipei:8443/W/S.aspx?SD=0897",
        "photo_url": "https://gismobile.water.gov.taipei/WaterMap_drinkImg/0897.JPG"
      }
    },
    {
      "type": "Feature",
      "geometry": {
        "type": "Point",
        "coordinates": [
          121.520573,
          25.082903
        ]
      },
      "properties": {
        "source_type": "直飲臺",
        "name": "華齡公園",
        "address": "臺北市士林區劍潭路80號前",
        "city": "臺北市",
        "district": "士林區",
        "managing_unit": "工務局公園處",
        "maintenance_unit": "工務局公園處園藝工程隊",
        "phone": "23815132＃318",
        "open_time": "0:00~24:00",
        "location": "入口左側",
        "status": "正常",
        "info_url": "https://gismobile.water.gov.taipei:8443/W/S.aspx?SD=0898",
        "photo_url": "https://gismobile.water.gov.taipei/WaterMap_drinkImg/0898.JPG"
      }
    },
    {
      "type": "Feature",
      "geometry": {
        "type": "Point",
        "coordinates": [
          121.521631,
          25.089843
        ]
      },
      "properties": {
        "source_type": "直飲臺",
        "name": "承德公園",
        "address": "臺北市士林區士商路與大南路口",
        "city": "臺北市",
        "district": "士林區",
        "managing_unit": "臺北市士林區公所",
        "maintenance_unit": "臺北市士林區公所",
        "phone": "28826200#6311",
        "open_time": "0:00~24:00",
        "location": "涼亭旁",
        "status": "正常",
        "info_url": "https://gismobile.water.gov.taipei:8443/W/S.aspx?SD=0899",
        "photo_url": "https://gismobile.water.gov.taipei/WaterMap_drinkImg/0899.JPG"
      }
    },
    {
      "type": "Feature",
      "geometry": {
        "type": "Point",
        "coordinates": [
          121.53243,
          25.068788
        ]
      },
      "properties": {
        "source_type": "直飲臺",
        "name": "新生公園",
        "address": "臺北市中山區新生北路三段105號",
        "city": "臺北市",
        "district": "中山區",
        "managing_unit": "工務局公園處",
        "maintenance_unit": "工務局公園處圓山管理所",
        "phone": "2585-0192 轉232",
        "open_time": "0:00~24:00",
        "location": "公園內",
        "status": "正常",
        "info_url": "https://gismobile.water.gov.taipei:8443/W/S.aspx?SD=0926b",
        "photo_url": "https://gismobile.water.gov.taipei/WaterMap_drinkImg/0926b.JPG"
      }
    },
    {
      "type": "Feature",
      "geometry": {
        "type": "Point",
        "coordinates": [
          121.546831,
          25.079548
        ]
      },
      "properties": {
        "source_type": "直飲臺",
        "name": "大直站",
        "address": "臺北市中山區北安路534之1號",
        "city": "臺北市",
        "district": "中山區",
        "managing_unit": "臺北大眾捷運股份有限公司",
        "maintenance_unit": "臺北大眾捷運股份有限公司(棕線)",
        "phone": "25363001#8653",
        "open_time": "06:00~23:00",
        "location": "2號出口",
        "status": "正常",
        "info_url": "https://gismobile.water.gov.taipei:8443/W/S.aspx?SD=0943",
        "photo_url": "https://gismobile.water.gov.taipei/WaterMap_drinkImg/0943.JPG"
      }
    },
    {
      "type": "Feature",
      "geometry": {
        "type": "Point",
        "coordinates": [
          121.532918,
          25.051352
        ]
      },
      "properties": {
        "source_type": "直飲臺",
        "name": "松江南京站",
        "address": "臺北市中山區松江路126號",
        "city": "臺北市",
        "district": "中山區",
        "managing_unit": "臺北大眾捷運股份有限公司",
        "maintenance_unit": "臺北大眾捷運股份有限公司(藍橘線)",
        "phone": "25363001#8653",
        "open_time": "06:00~23:00",
        "location": "2號出口",
        "status": "正常",
        "info_url": "https://gismobile.water.gov.taipei:8443/W/S.aspx?SD=0946a",
        "photo_url": "https://gismobile.water.gov.taipei/WaterMap_drinkImg/0946a.JPG"
      }
    },
    {
      "type": "Feature",
      "geometry": {
        "type": "Point",
        "coordinates": [
          121.532918,
          25.051352
        ]
      },
      "properties": {
        "source_type": "直飲臺",
        "name": "松江南京站",
        "address": "臺北市中山區松江路126號",
        "city": "臺北市",
        "district": "中山區",
        "managing_unit": "臺北大眾捷運股份有限公司",
        "maintenance_unit": "臺北大眾捷運股份有限公司(藍橘線)",
        "phone": "25363001#8653",
        "open_time": "06:00~23:00",
        "location": "2號出口",
        "status": "正常",
        "info_url": "https://gismobile.water.gov.taipei:8443/W/S.aspx?SD=0946b",
        "photo_url": "https://gismobile.water.gov.taipei/WaterMap_drinkImg/0946b.JPG"
      }
    },
    {
      "type": "Feature",
      "geometry": {
        "type": "Point",
        "coordinates": [
          121.533192,
          25.059975
        ]
      },
      "properties": {
        "source_type": "直飲臺",
        "name": "行天宮站",
        "address": "臺北市中山區松江路316號",
        "city": "臺北市",
        "district": "中山區",
        "managing_unit": "臺北大眾捷運股份有限公司",
        "maintenance_unit": "臺北大眾捷運股份有限公司(藍橘線)",
        "phone": "25363001#8653",
        "open_time": "06:00~23:00",
        "location": "3號出口",
        "status": "正常",
        "info_url": "https://gismobile.water.gov.taipei:8443/W/S.aspx?SD=0947a",
        "photo_url": "https://gismobile.water.gov.taipei/WaterMap_drinkImg/0947a.JPG"
      }
    },
    {
      "type": "Feature",
      "geometry": {
        "type": "Point",
        "coordinates": [
          121.533192,
          25.059975
        ]
      },
      "properties": {
        "source_type": "直飲臺",
        "name": "行天宮站",
        "address": "臺北市中山區松江路316號",
        "city": "臺北市",
        "district": "中山區",
        "managing_unit": "臺北大眾捷運股份有限公司",
        "maintenance_unit": "臺北大眾捷運股份有限公司(藍橘線)",
        "phone": "25363001#8653",
        "open_time": "06:00~23:00",
        "location": "3號出口",
        "status": "正常",
        "info_url": "https://gismobile.water.gov.taipei:8443/W/S.aspx?SD=0947b",
        "photo_url": "https://gismobile.water.gov.taipei/WaterMap_drinkImg/0947b.JPG"
      }
    },
    {
      "type": "Feature",
      "geometry": {
        "type": "Point",
        "coordinates": [
          121.526682,
          25.062701
        ]
      },
      "properties": {
        "source_type": "直飲臺",
        "name": "中山國小站",
        "address": "臺北市中山區民權東路1段71號",
        "city": "臺北市",
        "district": "中山區",
        "managing_unit": "臺北大眾捷運股份有限公司",
        "maintenance_unit": "臺北大眾捷運股份有限公司(藍橘線)",
        "phone": "25363001#8653",
        "open_time": "06:00~23:00",
        "location": "4號出口",
        "status": "正常",
        "info_url": "https://gismobile.water.gov.taipei:8443/W/S.aspx?SD=0948a",
        "photo_url": "https://gismobile.water.gov.taipei/WaterMap_drinkImg/0948a.JPG"
      }
    },
    {
      "type": "Feature",
      "geometry": {
        "type": "Point",
        "coordinates": [
          121.526682,
          25.062701
        ]
      },
      "properties": {
        "source_type": "直飲臺",
        "name": "中山國小站",
        "address": "臺北市中山區民權東路1段71號",
        "city": "臺北市",
        "district": "中山區",
        "managing_unit": "臺北大眾捷運股份有限公司",
        "maintenance_unit": "臺北大眾捷運股份有限公司(藍橘線)",
        "phone": "25363001#8653",
        "open_time": "06:00~23:00",
        "location": "4號出口",
        "status": "正常",
        "info_url": "https://gismobile.water.gov.taipei:8443/W/S.aspx?SD=0948b",
        "photo_url": "https://gismobile.water.gov.taipei/WaterMap_drinkImg/0948b.JPG"
      }
    },
    {
      "type": "Feature",
      "geometry": {
        "type": "Point",
        "coordinates": [
          121.52962,
          25.07026
        ]
      },
      "properties": {
        "source_type": "直飲臺",
        "name": "新生公園",
        "address": "臺北市中山區新生北路三段105號",
        "city": "臺北市",
        "district": "中山區",
        "managing_unit": "工務局公園處",
        "maintenance_unit": "工務局公園處圓山管理所",
        "phone": "2585-0192 轉232",
        "open_time": "0:00~24:00",
        "location": "公園管理處對面",
        "status": "正常",
        "info_url": "https://gismobile.water.gov.taipei:8443/W/S.aspx?SD=0961g",
        "photo_url": "https://gismobile.water.gov.taipei/WaterMap_drinkImg/0961g.JPG"
      }
    },
    {
      "type": "Feature",
      "geometry": {
        "type": "Point",
        "coordinates": [
          121.53023,
          25.07487
        ]
      },
      "properties": {
        "source_type": "直飲臺",
        "name": "大佳河濱公園",
        "address": "臺北市中山區大佳河濱公園",
        "city": "臺北市",
        "district": "中山區",
        "managing_unit": "工務局水利工程處東區左岸管理站",
        "maintenance_unit": "工務局水利工程處東區左岸管理站",
        "phone": "27208889#2691",
        "open_time": "0:00~24:00",
        "location": null,
        "status": "正常",
        "info_url": "https://gismobile.water.gov.taipei:8443/W/S.aspx?SD=0966a",
        "photo_url": "https://gismobile.water.gov.taipei/WaterMap_drinkImg/0966a.JPG"
      }
    },
    {
      "type": "Feature",
      "geometry": {
        "type": "Point",
        "coordinates": [
          121.532143,
          25.074392
        ]
      },
      "properties": {
        "source_type": "直飲臺",
        "name": "大佳河濱公園",
        "address": "臺北市中山區大佳河濱公園",
        "city": "臺北市",
        "district": "中山區",
        "managing_unit": "工務局水利工程處東區左岸管理站",
        "maintenance_unit": "工務局水利工程處東區左岸管理站",
        "phone": "27208889#2691",
        "open_time": "0:00~24:00",
        "location": null,
        "status": "正常",
        "info_url": "https://gismobile.water.gov.taipei:8443/W/S.aspx?SD=0966b",
        "photo_url": "https://gismobile.water.gov.taipei/WaterMap_drinkImg/0966b.JPG"
      }
    },
    {
      "type": "Feature",
      "geometry": {
        "type": "Point",
        "coordinates": [
          121.535579,
          25.074618
        ]
      },
      "properties": {
        "source_type": "直飲臺",
        "name": "大佳河濱公園",
        "address": "臺北市中山區大佳河濱公園",
        "city": "臺北市",
        "district": "中山區",
        "managing_unit": "工務局水利工程處東區左岸管理站",
        "maintenance_unit": "工務局水利工程處東區左岸管理站",
        "phone": "27208889#2691",
        "open_time": "0:00~24:00",
        "location": null,
        "status": "正常",
        "info_url": "https://gismobile.water.gov.taipei:8443/W/S.aspx?SD=0966d",
        "photo_url": "https://gismobile.water.gov.taipei/WaterMap_drinkImg/0966d.JPG"
      }
    },
    {
      "type": "Feature",
      "geometry": {
        "type": "Point",
        "coordinates": [
          121.53695,
          25.07556
        ]
      },
      "properties": {
        "source_type": "直飲臺",
        "name": "大佳河濱公園",
        "address": "臺北市中山區大佳河濱公園",
        "city": "臺北市",
        "district": "中山區",
        "managing_unit": "工務局水利工程處東區左岸管理站",
        "maintenance_unit": "工務局水利工程處東區左岸管理站",
        "phone": "27208889#2691",
        "open_time": "0:00~24:00",
        "location": null,
        "status": "正常",
        "info_url": "https://gismobile.water.gov.taipei:8443/W/S.aspx?SD=0966e",
        "photo_url": "https://gismobile.water.gov.taipei/WaterMap_drinkImg/0966e.JPG"
      }
    },
    {
      "type": "Feature",
      "geometry": {
        "type": "Point",
        "coordinates": [
          121.53779,
          25.07411
        ]
      },
      "properties": {
        "source_type": "直飲臺",
        "name": "大佳河濱公園",
        "address": "臺北市中山區大佳河濱公園",
        "city": "臺北市",
        "district": "中山區",
        "managing_unit": "工務局水利工程處東區左岸管理站",
        "maintenance_unit": "工務局水利工程處東區左岸管理站",
        "phone": "27208889#2691",
        "open_time": "0:00~24:00",
        "location": null,
        "status": "正常",
        "info_url": "https://gismobile.water.gov.taipei:8443/W/S.aspx?SD=0966f",
        "photo_url": "https://gismobile.water.gov.taipei/WaterMap_drinkImg/0966f.JPG"
      }
    },
    {
      "type": "Feature",
      "geometry": {
        "type": "Point",
        "coordinates": [
          121.53864,
          25.0737
        ]
      },
      "properties": {
        "source_type": "直飲臺",
        "name": "大佳河濱公園",
        "address": "臺北市中山區大佳河濱公園",
        "city": "臺北市",
        "district": "中山區",
        "managing_unit": "工務局水利工程處東區左岸管理站",
        "maintenance_unit": "工務局水利工程處東區左岸管理站",
        "phone": "27208889#2691",
        "open_time": "0:00~24:00",
        "location": null,
        "status": "正常",
        "info_url": "https://gismobile.water.gov.taipei:8443/W/S.aspx?SD=0966g",
        "photo_url": "https://gismobile.water.gov.taipei/WaterMap_drinkImg/0966g.JPG"
      }
    },
    {
      "type": "Feature",
      "geometry": {
        "type": "Point",
        "coordinates": [
          121.539313,
          25.074648
        ]
      },
      "properties": {
        "source_type": "直飲臺",
        "name": "大佳河濱公園",
        "address": "臺北市中山區大佳河濱公園",
        "city": "臺北市",
        "district": "中山區",
        "managing_unit": "工務局水利工程處東區左岸管理站",
        "maintenance_unit": "工務局水利工程處東區左岸管理站",
        "phone": "27208889#2691",
        "open_time": "0:00~24:00",
        "location": null,
        "status": "正常",
        "info_url": "https://gismobile.water.gov.taipei:8443/W/S.aspx?SD=0966h",
        "photo_url": "https://gismobile.water.gov.taipei/WaterMap_drinkImg/0966h.JPG"
      }
    },
    {
      "type": "Feature",
      "geometry": {
        "type": "Point",
        "coordinates": [
          121.535284,
          25.074576
        ]
      },
      "properties": {
        "source_type": "直飲臺",
        "name": "大佳河濱公園",
        "address": "臺北市中山區濱江街107號大佳國小後方",
        "city": "臺北市",
        "district": "中山區",
        "managing_unit": "工務局水利工程處東區左岸管理站",
        "maintenance_unit": "工務局水利工程處東區左岸管理站",
        "phone": "27208889#2691",
        "open_time": "0:00~24:00",
        "location": "兒童遊戲場入口旁",
        "status": "正常",
        "info_url": "https://gismobile.water.gov.taipei:8443/W/S.aspx?SD=0966i",
        "photo_url": "https://gismobile.water.gov.taipei/WaterMap_drinkImg/0966i.JPG"
      }
    },
    {
      "type": "Feature",
      "geometry": {
        "type": "Point",
        "coordinates": [
          121.531644,
          25.074556
        ]
      },
      "properties": {
        "source_type": "直飲臺",
        "name": "大佳河濱公園",
        "address": "臺北市中山區大佳河濱公園(網球場旁)",
        "city": "臺北市",
        "district": "中山區",
        "managing_unit": "工務局水利工程處東區左岸管理站",
        "maintenance_unit": "工務局水利工程處東區左岸管理站",
        "phone": "27208889#2691",
        "open_time": "0:00~24:00",
        "location": "大佳河濱公園網球場旁",
        "status": "正常",
        "info_url": "https://gismobile.water.gov.taipei:8443/W/S.aspx?SD=0966j",
        "photo_url": "https://gismobile.water.gov.taipei/WaterMap_drinkImg/0966j.JPG"
      }
    },
    {
      "type": "Feature",
      "geometry": {
        "type": "Point",
        "coordinates": [
          121.533256,
          25.05213
        ]
      },
      "properties": {
        "source_type": "直飲臺",
        "name": "松江南京站",
        "address": "臺北市中山區松江路126號",
        "city": "臺北市",
        "district": "中山區",
        "managing_unit": "臺北大眾捷運股份有限公司",
        "maintenance_unit": "臺北大眾捷運股份有限公司(紅綠線)",
        "phone": "25363001#8653",
        "open_time": "06:00~23:00",
        "location": "4、5、6、7號出口中間",
        "status": "正常",
        "info_url": "https://gismobile.water.gov.taipei:8443/W/S.aspx?SD=0969a",
        "photo_url": "https://gismobile.water.gov.taipei/WaterMap_drinkImg/0969a.JPG"
      }
    },
    {
      "type": "Feature",
      "geometry": {
        "type": "Point",
        "coordinates": [
          121.533256,
          25.05213
        ]
      },
      "properties": {
        "source_type": "直飲臺",
        "name": "松江南京站",
        "address": "臺北市中山區松江路126號",
        "city": "臺北市",
        "district": "中山區",
        "managing_unit": "臺北大眾捷運股份有限公司",
        "maintenance_unit": "臺北大眾捷運股份有限公司(紅綠線)",
        "phone": "25363001#8653",
        "open_time": "06:00~23:00",
        "location": "4、5、6、7號出口中間",
        "status": "正常",
        "info_url": "https://gismobile.water.gov.taipei:8443/W/S.aspx?SD=0969b",
        "photo_url": "https://gismobile.water.gov.taipei/WaterMap_drinkImg/0969b.JPG"
      }
    },
    {
      "type": "Feature",
      "geometry": {
        "type": "Point",
        "coordinates": [
          121.518721,
          25.050625
        ]
      },
      "properties": {
        "source_type": "直飲臺",
        "name": "臺北當代藝術館",
        "address": "臺北市大同區長安西路39號",
        "city": "臺北市",
        "district": "大同區",
        "managing_unit": "臺北自來水事業處",
        "maintenance_unit": "北區營業分處",
        "phone": "21004108",
        "open_time": "0:00~24:00",
        "location": "入口",
        "status": "正常",
        "info_url": "https://gismobile.water.gov.taipei:8443/W/S.aspx?SD=0971",
        "photo_url": "https://gismobile.water.gov.taipei/WaterMap_drinkImg/0971.JPG"
      }
    },
    {
      "type": "Feature",
      "geometry": {
        "type": "Point",
        "coordinates": [
          121.53841,
          25.06396
        ]
      },
      "properties": {
        "source_type": "直飲臺",
        "name": "榮星花園",
        "address": "臺北市中山區民權東路三段1號(民權東路建國北路)",
        "city": "臺北市",
        "district": "中山區",
        "managing_unit": "工務局公園處",
        "maintenance_unit": "工務局公園處圓山管理所",
        "phone": "2585-0192 轉232",
        "open_time": "0:00~24:00",
        "location": "遊戲場旁",
        "status": "正常",
        "info_url": "https://gismobile.water.gov.taipei:8443/W/S.aspx?SD=0972a",
        "photo_url": "https://gismobile.water.gov.taipei/WaterMap_drinkImg/0972a.JPG"
      }
    },
    {
      "type": "Feature",
      "geometry": {
        "type": "Point",
        "coordinates": [
          121.539165,
          25.063579
        ]
      },
      "properties": {
        "source_type": "直飲臺",
        "name": "榮星花園",
        "address": "臺北市中山區民權東路三段1號(民權東路建國北路)",
        "city": "臺北市",
        "district": "中山區",
        "managing_unit": "工務局公園處",
        "maintenance_unit": "工務局公園處圓山管理所",
        "phone": "2585-0192 轉232",
        "open_time": "0:00~24:00",
        "location": "籃球場旁",
        "status": "正常",
        "info_url": "https://gismobile.water.gov.taipei:8443/W/S.aspx?SD=0972b",
        "photo_url": "https://gismobile.water.gov.taipei/WaterMap_drinkImg/0972b.JPG"
      }
    },
    {
      "type": "Feature",
      "geometry": {
        "type": "Point",
        "coordinates": [
          121.537306,
          25.062778
        ]
      },
      "properties": {
        "source_type": "直飲臺",
        "name": "榮星花園",
        "address": "臺北市中山區民權東路三段1號(民權東路建國北路)",
        "city": "臺北市",
        "district": "中山區",
        "managing_unit": "工務局公園處",
        "maintenance_unit": "工務局公園處圓山管理所",
        "phone": "2585-0192 轉232",
        "open_time": "0:00~24:00",
        "location": "榮星公園西南隅",
        "status": "正常",
        "info_url": "https://gismobile.water.gov.taipei:8443/W/S.aspx?SD=0972c",
        "photo_url": "https://gismobile.water.gov.taipei/WaterMap_drinkImg/0972c.JPG"
      }
    },
    {
      "type": "Feature",
      "geometry": {
        "type": "Point",
        "coordinates": [
          121.52649,
          25.05379
        ]
      },
      "properties": {
        "source_type": "直飲臺",
        "name": "林森公園",
        "address": "臺北市中山區新生北路2段28巷5號",
        "city": "臺北市",
        "district": "中山區",
        "managing_unit": "工務局公園處",
        "maintenance_unit": "工務局公園處圓山管理所",
        "phone": "2585-0192 轉232",
        "open_time": "0:00~24:00",
        "location": "步道",
        "status": "正常",
        "info_url": "https://gismobile.water.gov.taipei:8443/W/S.aspx?SD=0973a",
        "photo_url": "https://gismobile.water.gov.taipei/WaterMap_drinkImg/0973a.JPG"
      }
    },
    {
      "type": "Feature",
      "geometry": {
        "type": "Point",
        "coordinates": [
          121.526418,
          25.052996
        ]
      },
      "properties": {
        "source_type": "直飲臺",
        "name": "林森公園",
        "address": "臺北市中山區南京東路1段88號(林森公園)",
        "city": "臺北市",
        "district": "中山區",
        "managing_unit": "工務局公園處",
        "maintenance_unit": "工務局公園處圓山管理所",
        "phone": "2585-0192 轉232",
        "open_time": "0:00~24:00",
        "location": "共融式遊戲區",
        "status": "正常",
        "info_url": "https://gismobile.water.gov.taipei:8443/W/S.aspx?SD=0973b",
        "photo_url": "https://gismobile.water.gov.taipei/WaterMap_drinkImg/0973b.JPG"
      }
    },
    {
      "type": "Feature",
      "geometry": {
        "type": "Point",
        "coordinates": [
          121.526704,
          25.052634
        ]
      },
      "properties": {
        "source_type": "直飲臺",
        "name": "林森公園",
        "address": "臺北市中山區南京東路1段與新生北路2段口",
        "city": "臺北市",
        "district": "中山區",
        "managing_unit": "工務局公園處",
        "maintenance_unit": "工務局公園處圓山管理所",
        "phone": "2585-0192 轉232",
        "open_time": "0:00~24:00",
        "location": "籃球場旁",
        "status": "正常",
        "info_url": "https://gismobile.water.gov.taipei:8443/W/S.aspx?SD=0973c",
        "photo_url": "https://gismobile.water.gov.taipei/WaterMap_drinkImg/0973c.JPG"
      }
    },
    {
      "type": "Feature",
      "geometry": {
        "type": "Point",
        "coordinates": [
          121.530377,
          25.044894
        ]
      },
      "properties": {
        "source_type": "直飲臺",
        "name": "新生高架籃球場",
        "address": "臺北市中正區金山北路與八德路一段口附近",
        "city": "臺北市",
        "district": "中正區",
        "managing_unit": "臺北自來水事業處",
        "maintenance_unit": "北水處東區分處",
        "phone": "87703360",
        "open_time": "0:00~24:00",
        "location": "籃球場旁",
        "status": "正常",
        "info_url": "https://gismobile.water.gov.taipei:8443/W/S.aspx?SD=0974",
        "photo_url": "https://gismobile.water.gov.taipei/WaterMap_drinkImg/0974.JPG"
      }
    },
    {
      "type": "Feature",
      "geometry": {
        "type": "Point",
        "coordinates": [
          121.52101,
          25.05007
        ]
      },
      "properties": {
        "source_type": "直飲臺",
        "name": "中山市場",
        "address": "臺北市中山區長安西路3號",
        "city": "臺北市",
        "district": "中山區",
        "managing_unit": "臺北自來水事業處",
        "maintenance_unit": "北區營業分處",
        "phone": "21004108",
        "open_time": "0:00~24:00",
        "location": "大門",
        "status": "正常",
        "info_url": "https://gismobile.water.gov.taipei:8443/W/S.aspx?SD=0975",
        "photo_url": "https://gismobile.water.gov.taipei/WaterMap_drinkImg/0975.JPG"
      }
    },
    {
      "type": "Feature",
      "geometry": {
        "type": "Point",
        "coordinates": [
          121.52147,
          25.07067
        ]
      },
      "properties": {
        "source_type": "直飲臺",
        "name": "花博公園",
        "address": "臺北市中山區中山北路三段",
        "city": "臺北市",
        "district": "中山區",
        "managing_unit": "臺北自來水事業處",
        "maintenance_unit": "北水處北區營業分處",
        "phone": "21004121",
        "open_time": "0:00~24:00",
        "location": "爭艷館前",
        "status": "正常",
        "info_url": "https://gismobile.water.gov.taipei:8443/W/S.aspx?SD=0976",
        "photo_url": "https://gismobile.water.gov.taipei/WaterMap_drinkImg/0976.JPG"
      }
    },
    {
      "type": "Feature",
      "geometry": {
        "type": "Point",
        "coordinates": [
          121.5205,
          25.07035
        ]
      },
      "properties": {
        "source_type": "直飲臺",
        "name": "花博公園",
        "address": "臺北市中山區中山北路三段",
        "city": "臺北市",
        "district": "中山區",
        "managing_unit": "臺北自來水事業處",
        "maintenance_unit": "北水處北區營業分處",
        "phone": "21004121",
        "open_time": "0:00~24:00",
        "location": "花牆前",
        "status": "正常",
        "info_url": "https://gismobile.water.gov.taipei:8443/W/S.aspx?SD=0976a",
        "photo_url": "https://gismobile.water.gov.taipei/WaterMap_drinkImg/0976a.JPG"
      }
    },
    {
      "type": "Feature",
      "geometry": {
        "type": "Point",
        "coordinates": [
          121.52203,
          25.07069
        ]
      },
      "properties": {
        "source_type": "直飲臺",
        "name": "花博公園",
        "address": "臺北市中山區中山北路三段",
        "city": "臺北市",
        "district": "中山區",
        "managing_unit": "臺北自來水事業處",
        "maintenance_unit": "北水處北區營業分處",
        "phone": "21004121",
        "open_time": "0:00~24:00",
        "location": "MAJI前廣場",
        "status": "正常",
        "info_url": "https://gismobile.water.gov.taipei:8443/W/S.aspx?SD=0976b",
        "photo_url": "https://gismobile.water.gov.taipei/WaterMap_drinkImg/0976b.JPG"
      }
    },
    {
      "type": "Feature",
      "geometry": {
        "type": "Point",
        "coordinates": [
          121.52189,
          25.04833
        ]
      },
      "properties": {
        "source_type": "直飲臺",
        "name": "華山公園(林森北路以西)",
        "address": "臺北市中山區市民大道2段與天津街西北側",
        "city": "臺北市",
        "district": "中山區",
        "managing_unit": "工務局公園處",
        "maintenance_unit": "工務局公園處圓山管理所",
        "phone": "2585-0192 轉232",
        "open_time": "0:00~24:00",
        "location": "籃球場旁",
        "status": "正常",
        "info_url": "https://gismobile.water.gov.taipei:8443/W/S.aspx?SD=0977a",
        "photo_url": "https://gismobile.water.gov.taipei/WaterMap_drinkImg/0977a.JPG"
      }
    },
    {
      "type": "Feature",
      "geometry": {
        "type": "Point",
        "coordinates": [
          121.52472,
          25.04809
        ]
      },
      "properties": {
        "source_type": "直飲臺",
        "name": "華山公園(林森北路以東)",
        "address": "臺北市中山區林森北路與市民大道2段口東北側",
        "city": "臺北市",
        "district": "中山區",
        "managing_unit": "工務局公園處",
        "maintenance_unit": "工務局公園處圓山管理所",
        "phone": "2585-0192 轉232",
        "open_time": "0:00~24:00",
        "location": "籃球場旁",
        "status": "正常",
        "info_url": "https://gismobile.water.gov.taipei:8443/W/S.aspx?SD=0977b",
        "photo_url": "https://gismobile.water.gov.taipei/WaterMap_drinkImg/0977b.JPG"
      }
    },
    {
      "type": "Feature",
      "geometry": {
        "type": "Point",
        "coordinates": [
          121.527272,
          25.076828
        ]
      },
      "properties": {
        "source_type": "直飲臺",
        "name": "八二三砲戰紀念公園",
        "address": "臺北市中山區北安路口圓山飯店下方",
        "city": "臺北市",
        "district": "中山區",
        "managing_unit": "工務局公園處",
        "maintenance_unit": "工務局公園處圓山管理所",
        "phone": "2585-0192 轉232",
        "open_time": "00:00~24:00",
        "location": "砲台旁",
        "status": "正常",
        "info_url": "https://gismobile.water.gov.taipei:8443/W/S.aspx?SD=0979",
        "photo_url": "https://gismobile.water.gov.taipei/WaterMap_drinkImg/0979.JPG"
      }
    },
    {
      "type": "Feature",
      "geometry": {
        "type": "Point",
        "coordinates": [
          121.54214,
          25.06689
        ]
      },
      "properties": {
        "source_type": "直飲臺",
        "name": "下埤公園",
        "address": "臺北市中山區民族東路512巷26號對面",
        "city": "臺北市",
        "district": "中山區",
        "managing_unit": "臺北市中山區公所",
        "maintenance_unit": "臺北市中山區公所",
        "phone": "25031369#538",
        "open_time": "0:00~24:00",
        "location": "台北市中山區民族東路512巷26號對面",
        "status": "正常",
        "info_url": "https://gismobile.water.gov.taipei:8443/W/S.aspx?SD=0980",
        "photo_url": "https://gismobile.water.gov.taipei/WaterMap_drinkImg/0980.JPG"
      }
    },
    {
      "type": "Feature",
      "geometry": {
        "type": "Point",
        "coordinates": [
          121.53943,
          25.06136
        ]
      },
      "properties": {
        "source_type": "直飲臺",
        "name": "江寧公園",
        "address": "臺北市中山區合江街137號對面",
        "city": "臺北市",
        "district": "中山區",
        "managing_unit": "臺北市中山區公所",
        "maintenance_unit": "臺北市中山區公所",
        "phone": "25031369#538",
        "open_time": "0:00~24:00",
        "location": "步道",
        "status": "正常",
        "info_url": "https://gismobile.water.gov.taipei:8443/W/S.aspx?SD=0981",
        "photo_url": "https://gismobile.water.gov.taipei/WaterMap_drinkImg/0981.JPG"
      }
    },
    {
      "type": "Feature",
      "geometry": {
        "type": "Point",
        "coordinates": [
          121.550789,
          25.081331
        ]
      },
      "properties": {
        "source_type": "直飲臺",
        "name": "永直公園",
        "address": "臺北市中山區北安路588巷23弄5號對面",
        "city": "臺北市",
        "district": "中山區",
        "managing_unit": "臺北市中山區公所",
        "maintenance_unit": "臺北市中山區公所",
        "phone": "25031369#538",
        "open_time": "0:00~24:00",
        "location": "花圃內",
        "status": "正常",
        "info_url": "https://gismobile.water.gov.taipei:8443/W/S.aspx?SD=0982",
        "photo_url": "https://gismobile.water.gov.taipei/WaterMap_drinkImg/0982.JPG"
      }
    },
    {
      "type": "Feature",
      "geometry": {
        "type": "Point",
        "coordinates": [
          121.54518,
          25.08237
        ]
      },
      "properties": {
        "source_type": "直飲臺",
        "name": "培英公園",
        "address": "臺北市中山區大直街52巷26號旁",
        "city": "臺北市",
        "district": "中山區",
        "managing_unit": "臺北市中山區公所",
        "maintenance_unit": "臺北市中山區公所",
        "phone": "25031369#538",
        "open_time": "0:00~24:00",
        "location": "步道",
        "status": "正常",
        "info_url": "https://gismobile.water.gov.taipei:8443/W/S.aspx?SD=0983",
        "photo_url": "https://gismobile.water.gov.taipei/WaterMap_drinkImg/0983.JPG"
      }
    },
    {
      "type": "Feature",
      "geometry": {
        "type": "Point",
        "coordinates": [
          121.534636,
          25.053126
        ]
      },
      "properties": {
        "source_type": "直飲臺",
        "name": "四平公園",
        "address": "臺北市中山區伊通街97-2號對面",
        "city": "臺北市",
        "district": "中山區",
        "managing_unit": "臺北市中山區公所",
        "maintenance_unit": "臺北市中山區公所",
        "phone": "25031369#538",
        "open_time": "0:00~24:00",
        "location": "花圃內",
        "status": "正常",
        "info_url": "https://gismobile.water.gov.taipei:8443/W/S.aspx?SD=0984",
        "photo_url": "https://gismobile.water.gov.taipei/WaterMap_drinkImg/0984.JPG"
      }
    },
    {
      "type": "Feature",
      "geometry": {
        "type": "Point",
        "coordinates": [
          121.53187,
          25.05638
        ]
      },
      "properties": {
        "source_type": "直飲臺",
        "name": "中吉公園",
        "address": "臺北市中山區松江路184巷27號",
        "city": "臺北市",
        "district": "中山區",
        "managing_unit": "臺北市中山區公所",
        "maintenance_unit": "臺北市中山區公所",
        "phone": "25031369#538",
        "open_time": "0:00~24:00",
        "location": "花圃內",
        "status": "正常",
        "info_url": "https://gismobile.water.gov.taipei:8443/W/S.aspx?SD=0985",
        "photo_url": "https://gismobile.water.gov.taipei/WaterMap_drinkImg/0985.JPG"
      }
    },
    {
      "type": "Feature",
      "geometry": {
        "type": "Point",
        "coordinates": [
          121.531308,
          25.053317
        ]
      },
      "properties": {
        "source_type": "直飲臺",
        "name": "一江公園",
        "address": "臺北市中山區吉林路51巷20號對面",
        "city": "臺北市",
        "district": "中山區",
        "managing_unit": "臺北市中山區公所",
        "maintenance_unit": "臺北市中山區公所",
        "phone": "25031369#538",
        "open_time": "0:00~24:00",
        "location": "花圃內",
        "status": "正常",
        "info_url": "https://gismobile.water.gov.taipei:8443/W/S.aspx?SD=0986",
        "photo_url": "https://gismobile.water.gov.taipei/WaterMap_drinkImg/0986.JPG"
      }
    },
    {
      "type": "Feature",
      "geometry": {
        "type": "Point",
        "coordinates": [
          121.53245,
          25.06022
        ]
      },
      "properties": {
        "source_type": "直飲臺",
        "name": "松錦2號公園",
        "address": "臺北市中山區民生東路2段127巷23號",
        "city": "臺北市",
        "district": "中山區",
        "managing_unit": "臺北市中山區公所",
        "maintenance_unit": "臺北市中山區公所",
        "phone": "25031369#538",
        "open_time": "0:00~24:00",
        "location": "花圃內",
        "status": "正常",
        "info_url": "https://gismobile.water.gov.taipei:8443/W/S.aspx?SD=0987a",
        "photo_url": "https://gismobile.water.gov.taipei/WaterMap_drinkImg/0987a.JPG"
      }
    },
    {
      "type": "Feature",
      "geometry": {
        "type": "Point",
        "coordinates": [
          121.531511,
          25.067409
        ]
      },
      "properties": {
        "source_type": "直飲臺",
        "name": "德惠公園",
        "address": "臺北市中山區吉林路461巷內",
        "city": "臺北市",
        "district": "中山區",
        "managing_unit": "臺北市中山區公所",
        "maintenance_unit": "臺北市中山區公所",
        "phone": "25031369#538",
        "open_time": "0:00~24:00",
        "location": "公園南側入口處",
        "status": "正常",
        "info_url": "https://gismobile.water.gov.taipei:8443/W/S.aspx?SD=0989",
        "photo_url": "https://gismobile.water.gov.taipei/WaterMap_drinkImg/0989.JPG"
      }
    },
    {
      "type": "Feature",
      "geometry": {
        "type": "Point",
        "coordinates": [
          121.5211,
          25.0506
        ]
      },
      "properties": {
        "source_type": "直飲臺",
        "name": "蒲公英希望基地",
        "address": "台北市中山區中山北路1段112巷5號旁",
        "city": "臺北市",
        "district": "中山區",
        "managing_unit": "蒲公英希望基金會",
        "maintenance_unit": "北水處北區分處",
        "phone": "21004100",
        "open_time": "0:00~24:00",
        "location": "人行道出入口",
        "status": "正常",
        "info_url": "https://gismobile.water.gov.taipei:8443/W/S.aspx?SD=0990",
        "photo_url": "https://gismobile.water.gov.taipei/WaterMap_drinkImg/0990.JPG"
      }
    },
    {
      "type": "Feature",
      "geometry": {
        "type": "Point",
        "coordinates": [
          121.539066,
          25.05533
        ]
      },
      "properties": {
        "source_type": "直飲臺",
        "name": "朱昌公園",
        "address": "臺北市中山區合江街27號對面",
        "city": "臺北市",
        "district": "中山區",
        "managing_unit": "臺北市中山區公所",
        "maintenance_unit": "臺北市中山區公所",
        "phone": "25031369#538",
        "open_time": "0:00~24:00",
        "location": "入口人行道旁",
        "status": "正常",
        "info_url": "https://gismobile.water.gov.taipei:8443/W/S.aspx?SD=0991",
        "photo_url": "https://gismobile.water.gov.taipei/WaterMap_drinkImg/0991.JPG"
      }
    },
    {
      "type": "Feature",
      "geometry": {
        "type": "Point",
        "coordinates": [
          121.541809,
          25.056045
        ]
      },
      "properties": {
        "source_type": "直飲臺",
        "name": "興安公園",
        "address": "臺北市中山區興安街53-5號對面",
        "city": "臺北市",
        "district": "中山區",
        "managing_unit": "臺北市中山區公所",
        "maintenance_unit": "臺北市中山區公所",
        "phone": "25031369#538",
        "open_time": "0:00~24:00",
        "location": "入口步道旁",
        "status": "正常",
        "info_url": "https://gismobile.water.gov.taipei:8443/W/S.aspx?SD=0992",
        "photo_url": "https://gismobile.water.gov.taipei/WaterMap_drinkImg/0992.JPG"
      }
    },
    {
      "type": "Feature",
      "geometry": {
        "type": "Point",
        "coordinates": [
          121.524648,
          25.053541
        ]
      },
      "properties": {
        "source_type": "直飲臺",
        "name": "康樂公園",
        "address": "臺北市中山區中山北路二段27巷17號對面",
        "city": "臺北市",
        "district": "中山區",
        "managing_unit": "工務局公園處",
        "maintenance_unit": "工務局公園處圓山管理所",
        "phone": "2585-0192 轉232",
        "open_time": "0:00~24:00",
        "location": "入口休憩座椅旁",
        "status": "正常",
        "info_url": "https://gismobile.water.gov.taipei:8443/W/S.aspx?SD=0995",
        "photo_url": "https://gismobile.water.gov.taipei/WaterMap_drinkImg/0995.JPG"
      }
    },
    {
      "type": "Feature",
      "geometry": {
        "type": "Point",
        "coordinates": [
          121.55538,
          25.07755
        ]
      },
      "properties": {
        "source_type": "直飲臺",
        "name": "上塔悠公園",
        "address": "臺北市中山區樂群二路116巷61弄8號旁",
        "city": "臺北市",
        "district": "中山區",
        "managing_unit": "工務局公園處",
        "maintenance_unit": "工務局公園處圓山管理所",
        "phone": "2585-0192 轉232",
        "open_time": "0:00~24:00",
        "location": "公園入口旁/自行車道旁",
        "status": "正常",
        "info_url": "https://gismobile.water.gov.taipei:8443/W/S.aspx?SD=0996",
        "photo_url": "https://gismobile.water.gov.taipei/WaterMap_drinkImg/0996.JPG"
      }
    },
    {
      "type": "Feature",
      "geometry": {
        "type": "Point",
        "coordinates": [
          121.561813,
          25.076592
        ]
      },
      "properties": {
        "source_type": "直飲臺",
        "name": "下塔悠公園",
        "address": "臺北市中山區樂群二路266巷112號旁",
        "city": "臺北市",
        "district": "中山區",
        "managing_unit": "工務局公園處",
        "maintenance_unit": "工務局公園處圓山管理所",
        "phone": "2585-0192 轉232",
        "open_time": "0:00~24:00",
        "location": "公園入口旁/自行車道旁",
        "status": "正常",
        "info_url": "https://gismobile.water.gov.taipei:8443/W/S.aspx?SD=0997",
        "photo_url": "https://gismobile.water.gov.taipei/WaterMap_drinkImg/0997.JPG"
      }
    },
    {
      "type": "Feature",
      "geometry": {
        "type": "Point",
        "coordinates": [
          121.566344,
          25.076997
        ]
      },
      "properties": {
        "source_type": "直飲臺",
        "name": "金泰公園",
        "address": "臺北市中山區堤頂大道二段246巷3-9號旁",
        "city": "臺北市",
        "district": "中山區",
        "managing_unit": "工務局公園處",
        "maintenance_unit": "工務局公園處圓山管理所",
        "phone": "2585-0192 轉232",
        "open_time": "0:00~24:00",
        "location": "入口步道旁",
        "status": "正常",
        "info_url": "https://gismobile.water.gov.taipei:8443/W/S.aspx?SD=0998",
        "photo_url": "https://gismobile.water.gov.taipei/WaterMap_drinkImg/0998.JPG"
      }
    },
    {
      "type": "Feature",
      "geometry": {
        "type": "Point",
        "coordinates": [
          121.522065,
          25.064571
        ]
      },
      "properties": {
        "source_type": "直飲臺",
        "name": "撫順公園",
        "address": "臺北市中山區中山北路3段22號前",
        "city": "臺北市",
        "district": "中山區",
        "managing_unit": "臺北市中山區公所",
        "maintenance_unit": "臺北市中山區公所",
        "phone": "25031369#538",
        "open_time": "0:00~24:00",
        "location": "廣場旁",
        "status": "正常",
        "info_url": "https://gismobile.water.gov.taipei:8443/W/S.aspx?SD=0999",
        "photo_url": "https://gismobile.water.gov.taipei/WaterMap_drinkImg/0999.JPG"
      }
    },
    {
      "type": "Feature",
      "geometry": {
        "type": "Point",
        "coordinates": [
          121.5431,
          24.995231
        ]
      },
      "properties": {
        "source_type": "直飲臺",
        "name": "景華公園",
        "address": "臺北市文山區景華街42號對面",
        "city": "臺北市",
        "district": "文山區",
        "managing_unit": "工務局公園處",
        "maintenance_unit": "工務局公園處南港管理所",
        "phone": "02-27833685",
        "open_time": "0:00~24:00",
        "location": "3號入口處",
        "status": "正常",
        "info_url": "https://gismobile.water.gov.taipei:8443/W/S.aspx?SD=1026",
        "photo_url": "https://gismobile.water.gov.taipei/WaterMap_drinkImg/1026.JPG"
      }
    },
    {
      "type": "Feature",
      "geometry": {
        "type": "Point",
        "coordinates": [
          121.544257,
          24.995234
        ]
      },
      "properties": {
        "source_type": "直飲臺",
        "name": "景華公園",
        "address": "臺北市文山區景華街58號對面",
        "city": "臺北市",
        "district": "文山區",
        "managing_unit": "工務局公園處",
        "maintenance_unit": "工務局公園處南港管理所",
        "phone": "02-27833685",
        "open_time": "0:00~24:00",
        "location": "地下停車場電梯出口旁",
        "status": "正常",
        "info_url": "https://gismobile.water.gov.taipei:8443/W/S.aspx?SD=1026a",
        "photo_url": "https://gismobile.water.gov.taipei/WaterMap_drinkImg/1026a.JPG"
      }
    },
    {
      "type": "Feature",
      "geometry": {
        "type": "Point",
        "coordinates": [
          121.551274,
          25.000656
        ]
      },
      "properties": {
        "source_type": "直飲臺",
        "name": "興隆公園",
        "address": "臺北市文山區興隆路2段220巷",
        "city": "臺北市",
        "district": "文山區",
        "managing_unit": "工務局公園處",
        "maintenance_unit": "工務局公園處南港管理所",
        "phone": "02-27833685",
        "open_time": "0:00~24:00",
        "location": "瓦斯行側面",
        "status": "正常",
        "info_url": "https://gismobile.water.gov.taipei:8443/W/S.aspx?SD=1027",
        "photo_url": "https://gismobile.water.gov.taipei/WaterMap_drinkImg/1027.JPG"
      }
    },
    {
      "type": "Feature",
      "geometry": {
        "type": "Point",
        "coordinates": [
          121.576164,
          24.996052
        ]
      },
      "properties": {
        "source_type": "直飲臺",
        "name": "貓空纜車動物園站",
        "address": "臺北市文山區新光路2段8號",
        "city": "臺北市",
        "district": "文山區",
        "managing_unit": "臺北大眾捷運股份有限公司",
        "maintenance_unit": "臺北大眾捷運股份有限公司(棕線)",
        "phone": "25363001#8653",
        "open_time": "06:00~23:00",
        "location": "2號出口",
        "status": "正常",
        "info_url": "https://gismobile.water.gov.taipei:8443/W/S.aspx?SD=1062",
        "photo_url": "https://gismobile.water.gov.taipei/WaterMap_drinkImg/1062.JPG"
      }
    },
    {
      "type": "Feature",
      "geometry": {
        "type": "Point",
        "coordinates": [
          121.576164,
          24.996052
        ]
      },
      "properties": {
        "source_type": "直飲臺",
        "name": "貓空纜車動物園站",
        "address": "臺北市文山區新光路2段32號",
        "city": "臺北市",
        "district": "文山區",
        "managing_unit": "臺北大眾捷運股份有限公司",
        "maintenance_unit": "臺北大眾捷運股份有限公司(棕線)",
        "phone": "25363001#8653",
        "open_time": "06:00~23:00",
        "location": "入口處",
        "status": "正常",
        "info_url": "https://gismobile.water.gov.taipei:8443/W/S.aspx?SD=1062a",
        "photo_url": "https://gismobile.water.gov.taipei/WaterMap_drinkImg/1062a.JPG"
      }
    },
    {
      "type": "Feature",
      "geometry": {
        "type": "Point",
        "coordinates": [
          121.544136,
          25.002735
        ]
      },
      "properties": {
        "source_type": "直飲臺",
        "name": "景美運動公園",
        "address": "臺北市文山區景豐街79號",
        "city": "臺北市",
        "district": "文山區",
        "managing_unit": "工務局公園處",
        "maintenance_unit": "工務局公園處南港管理所",
        "phone": "02-27833685",
        "open_time": "0:00~24:00",
        "location": "圓環休息區旁",
        "status": "正常",
        "info_url": "https://gismobile.water.gov.taipei:8443/W/S.aspx?SD=1068",
        "photo_url": "https://gismobile.water.gov.taipei/WaterMap_drinkImg/1068.JPG"
      }
    },
    {
      "type": "Feature",
      "geometry": {
        "type": "Point",
        "coordinates": [
          121.544468,
          25.002153
        ]
      },
      "properties": {
        "source_type": "直飲臺",
        "name": "景美運動公園",
        "address": "臺北市文山區景豐街80號",
        "city": "臺北市",
        "district": "文山區",
        "managing_unit": "工務局公園處",
        "maintenance_unit": "工務局公園處南港管理所",
        "phone": "02-27833685",
        "open_time": "0:00~24:00",
        "location": "入口處",
        "status": "正常",
        "info_url": "https://gismobile.water.gov.taipei:8443/W/S.aspx?SD=1068a",
        "photo_url": "https://gismobile.water.gov.taipei/WaterMap_drinkImg/1068a.JPG"
      }
    },
    {
      "type": "Feature",
      "geometry": {
        "type": "Point",
        "coordinates": [
          121.569879,
          25.002434
        ]
      },
      "properties": {
        "source_type": "直飲臺",
        "name": "萬芳7號公園",
        "address": "臺北市文山區萬美街1段36號旁",
        "city": "臺北市",
        "district": "文山區",
        "managing_unit": "工務局公園處",
        "maintenance_unit": "工務局公園處南港管理所",
        "phone": "02-27833685",
        "open_time": "0:00~24:00",
        "location": "萬美街1段17號對面",
        "status": "正常",
        "info_url": "https://gismobile.water.gov.taipei:8443/W/S.aspx?SD=1069",
        "photo_url": "https://gismobile.water.gov.taipei/WaterMap_drinkImg/1069.JPG"
      }
    },
    {
      "type": "Feature",
      "geometry": {
        "type": "Point",
        "coordinates": [
          121.5807,
          24.99859
        ]
      },
      "properties": {
        "source_type": "直飲臺",
        "name": "臺北市立動物園",
        "address": "臺北市文山區新光路二段30號",
        "city": "臺北市",
        "district": "文山區",
        "managing_unit": "臺北市立動物園",
        "maintenance_unit": "臺北市立動物園機電室",
        "phone": "29382300轉830",
        "open_time": "0:00~24:00",
        "location": "入口",
        "status": "正常",
        "info_url": "https://gismobile.water.gov.taipei:8443/W/S.aspx?SD=1070",
        "photo_url": "https://gismobile.water.gov.taipei/WaterMap_drinkImg/1070.JPG"
      }
    },
    {
      "type": "Feature",
      "geometry": {
        "type": "Point",
        "coordinates": [
          121.542717,
          24.992556
        ]
      },
      "properties": {
        "source_type": "直飲臺",
        "name": "景行公園",
        "address": "臺北市文山區景後街83號對面",
        "city": "臺北市",
        "district": "文山區",
        "managing_unit": "臺北市文山區公所",
        "maintenance_unit": "臺北市文山區公所",
        "phone": "2936-5222#381",
        "open_time": "0:00~24:00",
        "location": "涼亭前",
        "status": "正常",
        "info_url": "https://gismobile.water.gov.taipei:8443/W/S.aspx?SD=1071",
        "photo_url": "https://gismobile.water.gov.taipei/WaterMap_drinkImg/1071.JPG"
      }
    },
    {
      "type": "Feature",
      "geometry": {
        "type": "Point",
        "coordinates": [
          121.576583,
          24.9964
        ]
      },
      "properties": {
        "source_type": "直飲臺",
        "name": "臺北市立動物園旁保育公園",
        "address": "臺北市文山區新光路二段30號",
        "city": "臺北市",
        "district": "文山區",
        "managing_unit": "臺北市立動物園",
        "maintenance_unit": "臺北市立動物園機電室",
        "phone": "29382300轉830",
        "open_time": "0:00~24:00",
        "location": "人行道入園轉角",
        "status": "正常",
        "info_url": "https://gismobile.water.gov.taipei:8443/W/S.aspx?SD=1072a",
        "photo_url": "https://gismobile.water.gov.taipei/WaterMap_drinkImg/1072a.JPG"
      }
    },
    {
      "type": "Feature",
      "geometry": {
        "type": "Point",
        "coordinates": [
          121.578113,
          24.997304
        ]
      },
      "properties": {
        "source_type": "直飲臺",
        "name": "臺北市立動物園旁保育公園",
        "address": "臺北市文山區新光路二段30號",
        "city": "臺北市",
        "district": "文山區",
        "managing_unit": "臺北市立動物園",
        "maintenance_unit": "臺北市立動物園機電室",
        "phone": "29382300轉830",
        "open_time": "0:00~24:00",
        "location": "人行道入園轉角",
        "status": "暫停",
        "info_url": "https://gismobile.water.gov.taipei:8443/W/S.aspx?SD=1072b",
        "photo_url": "https://gismobile.water.gov.taipei/WaterMap_drinkImg/1072b.JPG"
      }
    },
    {
      "type": "Feature",
      "geometry": {
        "type": "Point",
        "coordinates": [
          121.560602,
          24.986691
        ]
      },
      "properties": {
        "source_type": "直飲臺",
        "name": "木柵公園",
        "address": "臺北市文山區興隆路4段50號",
        "city": "臺北市",
        "district": "文山區",
        "managing_unit": "工務局公園處",
        "maintenance_unit": "工務局公園處南港管理所",
        "phone": "02-27833685",
        "open_time": "0:00~24:00",
        "location": "入口處",
        "status": "正常",
        "info_url": "https://gismobile.water.gov.taipei:8443/W/S.aspx?SD=1073a",
        "photo_url": "https://gismobile.water.gov.taipei/WaterMap_drinkImg/1073a.JPG"
      }
    },
    {
      "type": "Feature",
      "geometry": {
        "type": "Point",
        "coordinates": [
          121.559884,
          24.986606
        ]
      },
      "properties": {
        "source_type": "直飲臺",
        "name": "木柵公園",
        "address": "臺北市文山區興隆路4段50號",
        "city": "臺北市",
        "district": "文山區",
        "managing_unit": "工務局公園處",
        "maintenance_unit": "工務局公園處南港管理所",
        "phone": "02-27833685",
        "open_time": "0:00~24:00",
        "location": "生態池入口",
        "status": "正常",
        "info_url": "https://gismobile.water.gov.taipei:8443/W/S.aspx?SD=1073b",
        "photo_url": "https://gismobile.water.gov.taipei/WaterMap_drinkImg/1073b.JPG"
      }
    },
    {
      "type": "Feature",
      "geometry": {
        "type": "Point",
        "coordinates": [
          121.568338,
          25.001053
        ]
      },
      "properties": {
        "source_type": "直飲臺",
        "name": "萬芳4號公園",
        "address": "臺北市文山區萬和街萬芳國小正對面",
        "city": "臺北市",
        "district": "文山區",
        "managing_unit": "工務局公園處",
        "maintenance_unit": "工務局公園處南港管理所",
        "phone": "02-27833685",
        "open_time": "0:00~24:00",
        "location": "遊戲場旁",
        "status": "正常",
        "info_url": "https://gismobile.water.gov.taipei:8443/W/S.aspx?SD=1074",
        "photo_url": "https://gismobile.water.gov.taipei/WaterMap_drinkImg/1074.JPG"
      }
    },
    {
      "type": "Feature",
      "geometry": {
        "type": "Point",
        "coordinates": [
          121.543543,
          24.991014
        ]
      },
      "properties": {
        "source_type": "直飲臺",
        "name": "仙跡岩風景區牌樓入口",
        "address": "臺北市文山區景興路239號旁",
        "city": "臺北市",
        "district": "文山區",
        "managing_unit": "工務局公園處",
        "maintenance_unit": "工務局公園處南港管理所",
        "phone": "02-27833685",
        "open_time": "0:00~24:00",
        "location": "出入口旁",
        "status": "正常",
        "info_url": "https://gismobile.water.gov.taipei:8443/W/S.aspx?SD=1075",
        "photo_url": "https://gismobile.water.gov.taipei/WaterMap_drinkImg/1075.JPG"
      }
    },
    {
      "type": "Feature",
      "geometry": {
        "type": "Point",
        "coordinates": [
          121.56916,
          24.999474
        ]
      },
      "properties": {
        "source_type": "直飲臺",
        "name": "萬芳6號公園",
        "address": "臺北市文山區萬芳路與萬和街交口(萬芳國小對面)",
        "city": "臺北市",
        "district": "文山區",
        "managing_unit": "臺北市文山區公所",
        "maintenance_unit": "臺北市文山區公所",
        "phone": "2936-5222#381",
        "open_time": "0:00~24:00",
        "location": "入口處旁",
        "status": "正常",
        "info_url": "https://gismobile.water.gov.taipei:8443/W/S.aspx?SD=1076",
        "photo_url": "https://gismobile.water.gov.taipei/WaterMap_drinkImg/1076.JPG"
      }
    },
    {
      "type": "Feature",
      "geometry": {
        "type": "Point",
        "coordinates": [
          121.556691,
          25.002867
        ]
      },
      "properties": {
        "source_type": "直飲臺",
        "name": "興德商圈",
        "address": "臺北市文山區辛亥路4段162號對面",
        "city": "臺北市",
        "district": "文山區",
        "managing_unit": "工務局公園處",
        "maintenance_unit": "工務局公園處南港管理所",
        "phone": "02-27833685",
        "open_time": "0:00~24:00",
        "location": "公園內步道旁",
        "status": "正常",
        "info_url": "https://gismobile.water.gov.taipei:8443/W/S.aspx?SD=1077",
        "photo_url": "https://gismobile.water.gov.taipei/WaterMap_drinkImg/1077.JPG"
      }
    },
    {
      "type": "Feature",
      "geometry": {
        "type": "Point",
        "coordinates": [
          121.548002,
          24.995994
        ]
      },
      "properties": {
        "source_type": "直飲臺",
        "name": "景興公園",
        "address": "臺北市文山區景華街128巷3弄口",
        "city": "臺北市",
        "district": "文山區",
        "managing_unit": "工務局公園處",
        "maintenance_unit": "工務局公園處南港管理所",
        "phone": "02-27833685",
        "open_time": "00:00~24:00",
        "location": "步道旁",
        "status": "正常",
        "info_url": "https://gismobile.water.gov.taipei:8443/W/S.aspx?SD=1078",
        "photo_url": "https://gismobile.water.gov.taipei/WaterMap_drinkImg/1078.JPG"
      }
    },
    {
      "type": "Feature",
      "geometry": {
        "type": "Point",
        "coordinates": [
          121.5412,
          25.004943
        ]
      },
      "properties": {
        "source_type": "直飲臺",
        "name": "萬盛公園",
        "address": "臺北市文山區萬盛街130巷18-1號對面",
        "city": "臺北市",
        "district": "文山區",
        "managing_unit": "臺北市文山區公所",
        "maintenance_unit": "臺北市文山區公所",
        "phone": "2936-5222#381",
        "open_time": "00:00~24:00",
        "location": "遊戲區旁",
        "status": "正常",
        "info_url": "https://gismobile.water.gov.taipei:8443/W/S.aspx?SD=1079",
        "photo_url": "https://gismobile.water.gov.taipei/WaterMap_drinkImg/1079.JPG"
      }
    },
    {
      "type": "Feature",
      "geometry": {
        "type": "Point",
        "coordinates": [
          121.536357,
          25.00085
        ]
      },
      "properties": {
        "source_type": "直飲臺",
        "name": "萬和1號公園",
        "address": "臺北市文山區萬隆街49號對面",
        "city": "臺北市",
        "district": "文山區",
        "managing_unit": "臺北市文山區公所",
        "maintenance_unit": "臺北市文山區公所",
        "phone": "2936-5222#381",
        "open_time": "0:00~24:00",
        "location": "入口處旁",
        "status": "正常",
        "info_url": "https://gismobile.water.gov.taipei:8443/W/S.aspx?SD=1080",
        "photo_url": "https://gismobile.water.gov.taipei/WaterMap_drinkImg/1080.JPG"
      }
    },
    {
      "type": "Feature",
      "geometry": {
        "type": "Point",
        "coordinates": [
          121.536469,
          25.001516
        ]
      },
      "properties": {
        "source_type": "直飲臺",
        "name": "萬和2號公園",
        "address": "臺北市文山區汀州路4段255號對面",
        "city": "臺北市",
        "district": "文山區",
        "managing_unit": "臺北市文山區公所",
        "maintenance_unit": "臺北市文山區公所",
        "phone": "2936-5222#381",
        "open_time": "0:00~24:00",
        "location": "遊戲區旁",
        "status": "正常",
        "info_url": "https://gismobile.water.gov.taipei:8443/W/S.aspx?SD=1081",
        "photo_url": "https://gismobile.water.gov.taipei/WaterMap_drinkImg/1081.JPG"
      }
    },
    {
      "type": "Feature",
      "geometry": {
        "type": "Point",
        "coordinates": [
          121.536669,
          25.003027
        ]
      },
      "properties": {
        "source_type": "直飲臺",
        "name": "萬和3號公園",
        "address": "臺北市文山區羅斯福路5段218巷38弄12號對面",
        "city": "臺北市",
        "district": "文山區",
        "managing_unit": "臺北市文山區公所",
        "maintenance_unit": "臺北市文山區公所",
        "phone": "2936-5222#381",
        "open_time": "00:00~24:00",
        "location": "籃球場旁",
        "status": "正常",
        "info_url": "https://gismobile.water.gov.taipei:8443/W/S.aspx?SD=1082",
        "photo_url": "https://gismobile.water.gov.taipei/WaterMap_drinkImg/1082.JPG"
      }
    },
    {
      "type": "Feature",
      "geometry": {
        "type": "Point",
        "coordinates": [
          121.536018,
          25.004891
        ]
      },
      "properties": {
        "source_type": "直飲臺",
        "name": "萬年1號公園",
        "address": "臺北市文山區汀洲路4段144號對面",
        "city": "臺北市",
        "district": "文山區",
        "managing_unit": "臺北市文山區公所",
        "maintenance_unit": "臺北市文山區公所",
        "phone": "2936-5222#381",
        "open_time": "0:00~24:00",
        "location": "遊戲區旁",
        "status": "正常",
        "info_url": "https://gismobile.water.gov.taipei:8443/W/S.aspx?SD=1083",
        "photo_url": "https://gismobile.water.gov.taipei/WaterMap_drinkImg/1083.JPG"
      }
    },
    {
      "type": "Feature",
      "geometry": {
        "type": "Point",
        "coordinates": [
          121.536274,
          25.005532
        ]
      },
      "properties": {
        "source_type": "直飲臺",
        "name": "萬年2號公園",
        "address": "臺北市文山區汀州路4段122號對面",
        "city": "臺北市",
        "district": "文山區",
        "managing_unit": "臺北市文山區公所",
        "maintenance_unit": "臺北市文山區公所",
        "phone": "2936-5222#381",
        "open_time": "00:00~24:00",
        "location": "遊戲區旁",
        "status": "正常",
        "info_url": "https://gismobile.water.gov.taipei:8443/W/S.aspx?SD=1084",
        "photo_url": "https://gismobile.water.gov.taipei/WaterMap_drinkImg/1084.JPG"
      }
    },
    {
      "type": "Feature",
      "geometry": {
        "type": "Point",
        "coordinates": [
          121.536954,
          25.007056
        ]
      },
      "properties": {
        "source_type": "直飲臺",
        "name": "萬年3號公園",
        "address": "臺北市文山區汀州路4段99號前",
        "city": "臺北市",
        "district": "文山區",
        "managing_unit": "臺北市文山區公所",
        "maintenance_unit": "臺北市文山區公所",
        "phone": "2936-5222#381",
        "open_time": "00:00~24:00",
        "location": "遊戲區旁",
        "status": "正常",
        "info_url": "https://gismobile.water.gov.taipei:8443/W/S.aspx?SD=1085",
        "photo_url": "https://gismobile.water.gov.taipei/WaterMap_drinkImg/1085.JPG"
      }
    },
    {
      "type": "Feature",
      "geometry": {
        "type": "Point",
        "coordinates": [
          121.559716,
          24.997015
        ]
      },
      "properties": {
        "source_type": "直飲臺",
        "name": "文山運動中心",
        "address": "臺北市文山區興隆路三段222號",
        "city": "臺北市",
        "district": "文山區",
        "managing_unit": "臺北自來水事業處",
        "maintenance_unit": "北水處南區分處",
        "phone": "83695107",
        "open_time": "0:00~24:00",
        "location": "正門前方靠人行道",
        "status": "正常",
        "info_url": "https://gismobile.water.gov.taipei:8443/W/S.aspx?SD=1086",
        "photo_url": "https://gismobile.water.gov.taipei/WaterMap_drinkImg/1086.JPG"
      }
    },
    {
      "type": "Feature",
      "geometry": {
        "type": "Point",
        "coordinates": [
          121.545003,
          25.000114
        ]
      },
      "properties": {
        "source_type": "直飲臺",
        "name": "景豐公園",
        "address": "臺北市文山區興隆路1段251巷3弄7號對面",
        "city": "臺北市",
        "district": "文山區",
        "managing_unit": "臺北市文山區公所",
        "maintenance_unit": "臺北市文山區公所",
        "phone": "2936-5222#381",
        "open_time": "0:00~24:00",
        "location": "運動場旁",
        "status": "正常",
        "info_url": "https://gismobile.water.gov.taipei:8443/W/S.aspx?SD=1088",
        "photo_url": "https://gismobile.water.gov.taipei/WaterMap_drinkImg/1088.JPG"
      }
    },
    {
      "type": "Feature",
      "geometry": {
        "type": "Point",
        "coordinates": [
          121.558107,
          24.982301
        ]
      },
      "properties": {
        "source_type": "直飲臺",
        "name": "木新公園",
        "address": "臺北市文山區木新路3段278巷內",
        "city": "臺北市",
        "district": "文山區",
        "managing_unit": "臺北市文山區公所",
        "maintenance_unit": "臺北市文山區公所",
        "phone": "2936-5222#381",
        "open_time": "0:00~24:00",
        "location": "遊戲區旁",
        "status": "正常",
        "info_url": "https://gismobile.water.gov.taipei:8443/W/S.aspx?SD=1089",
        "photo_url": "https://gismobile.water.gov.taipei/WaterMap_drinkImg/1089.JPG"
      }
    },
    {
      "type": "Feature",
      "geometry": {
        "type": "Point",
        "coordinates": [
          121.559363,
          24.982721
        ]
      },
      "properties": {
        "source_type": "直飲臺",
        "name": "樟樹公園",
        "address": "臺北市文山區忠順街1段26巷26弄2號對面",
        "city": "臺北市",
        "district": "文山區",
        "managing_unit": "臺北市文山區公所",
        "maintenance_unit": "臺北市文山區公所",
        "phone": "2936-5222#381",
        "open_time": "0:00~24:00",
        "location": "遊戲區旁",
        "status": "正常",
        "info_url": "https://gismobile.water.gov.taipei:8443/W/S.aspx?SD=1090",
        "photo_url": "https://gismobile.water.gov.taipei/WaterMap_drinkImg/1090.JPG"
      }
    },
    {
      "type": "Feature",
      "geometry": {
        "type": "Point",
        "coordinates": [
          121.553925,
          24.980829
        ]
      },
      "properties": {
        "source_type": "直飲臺",
        "name": "樟興公園",
        "address": "臺北市文山區辛亥路7段與木新路3段交口",
        "city": "臺北市",
        "district": "文山區",
        "managing_unit": "臺北市文山區公所",
        "maintenance_unit": "臺北市文山區公所",
        "phone": "2936-5222#381",
        "open_time": "0:00~24:00",
        "location": "遊戲區旁",
        "status": "正常",
        "info_url": "https://gismobile.water.gov.taipei:8443/W/S.aspx?SD=1091",
        "photo_url": "https://gismobile.water.gov.taipei/WaterMap_drinkImg/1091.JPG"
      }
    },
    {
      "type": "Feature",
      "geometry": {
        "type": "Point",
        "coordinates": [
          121.543058,
          25.000085
        ]
      },
      "properties": {
        "source_type": "直飲臺",
        "name": "萬有1號公園",
        "address": "臺北市文山區興隆路1段202巷口",
        "city": "臺北市",
        "district": "文山區",
        "managing_unit": "臺北市文山區公所",
        "maintenance_unit": "臺北市文山區公所",
        "phone": "2936-5222#381",
        "open_time": "0:00~24:00",
        "location": "遊戲區旁",
        "status": "正常",
        "info_url": "https://gismobile.water.gov.taipei:8443/W/S.aspx?SD=1092",
        "photo_url": "https://gismobile.water.gov.taipei/WaterMap_drinkImg/1092.JPG"
      }
    },
    {
      "type": "Feature",
      "geometry": {
        "type": "Point",
        "coordinates": [
          121.54199,
          25.000739
        ]
      },
      "properties": {
        "source_type": "直飲臺",
        "name": "萬有2號公園",
        "address": "臺北市文山區興隆路1段184巷4弄6號對面",
        "city": "臺北市",
        "district": "文山區",
        "managing_unit": "臺北市文山區公所",
        "maintenance_unit": "臺北市文山區公所",
        "phone": "2936-5222#381",
        "open_time": "0:00~24:00",
        "location": "遊戲區旁",
        "status": "正常",
        "info_url": "https://gismobile.water.gov.taipei:8443/W/S.aspx?SD=1093",
        "photo_url": "https://gismobile.water.gov.taipei/WaterMap_drinkImg/1093.JPG"
      }
    },
    {
      "type": "Feature",
      "geometry": {
        "type": "Point",
        "coordinates": [
          121.543133,
          24.998645
        ]
      },
      "properties": {
        "source_type": "直飲臺",
        "name": "萬有3號公園",
        "address": "臺北市文山區景隆街101號對面",
        "city": "臺北市",
        "district": "文山區",
        "managing_unit": "臺北市文山區公所",
        "maintenance_unit": "臺北市文山區公所",
        "phone": "2936-5222#381",
        "open_time": "0:00~24:00",
        "location": "涼亭旁",
        "status": "正常",
        "info_url": "https://gismobile.water.gov.taipei:8443/W/S.aspx?SD=1094",
        "photo_url": "https://gismobile.water.gov.taipei/WaterMap_drinkImg/1094.JPG"
      }
    },
    {
      "type": "Feature",
      "geometry": {
        "type": "Point",
        "coordinates": [
          121.57106,
          24.997074
        ]
      },
      "properties": {
        "source_type": "直飲臺",
        "name": "原野運動公園",
        "address": "臺北市文山區萬芳路50-8號對面",
        "city": "臺北市",
        "district": "文山區",
        "managing_unit": "臺北市文山區公所",
        "maintenance_unit": "臺北市文山區公所",
        "phone": "2936-5222#381",
        "open_time": "0:00~24:00",
        "location": "入口處旁",
        "status": "正常",
        "info_url": "https://gismobile.water.gov.taipei:8443/W/S.aspx?SD=1095",
        "photo_url": "https://gismobile.water.gov.taipei/WaterMap_drinkImg/1095.JPG"
      }
    },
    {
      "type": "Feature",
      "geometry": {
        "type": "Point",
        "coordinates": [
          121.557128,
          24.979356
        ]
      },
      "properties": {
        "source_type": "直飲臺",
        "name": "樟新公園",
        "address": "臺北市文山區一壽街17巷內",
        "city": "臺北市",
        "district": "文山區",
        "managing_unit": "臺北市文山區公所",
        "maintenance_unit": "臺北市文山區公所",
        "phone": "2936-5222#381",
        "open_time": "0:00~24:00",
        "location": "遊戲區旁",
        "status": "正常",
        "info_url": "https://gismobile.water.gov.taipei:8443/W/S.aspx?SD=1096",
        "photo_url": "https://gismobile.water.gov.taipei/WaterMap_drinkImg/1096.JPG"
      }
    },
    {
      "type": "Feature",
      "geometry": {
        "type": "Point",
        "coordinates": [
          121.547395,
          25.000249
        ]
      },
      "properties": {
        "source_type": "直飲臺",
        "name": "興豐公園",
        "address": "臺北市文山區興隆路2段123巷內",
        "city": "臺北市",
        "district": "文山區",
        "managing_unit": "臺北市文山區公所",
        "maintenance_unit": "臺北市文山區公所",
        "phone": "2936-5222#381",
        "open_time": "0:00~24:00",
        "location": "入口處旁",
        "status": "正常",
        "info_url": "https://gismobile.water.gov.taipei:8443/W/S.aspx?SD=1097",
        "photo_url": "https://gismobile.water.gov.taipei/WaterMap_drinkImg/1097.JPG"
      }
    },
    {
      "type": "Feature",
      "geometry": {
        "type": "Point",
        "coordinates": [
          121.537633,
          24.993628
        ]
      },
      "properties": {
        "source_type": "直飲臺",
        "name": "景美公園",
        "address": "臺北市文山區萬慶街52號對面",
        "city": "臺北市",
        "district": "文山區",
        "managing_unit": "工務局公園處",
        "maintenance_unit": "工務局公園處南港管理所",
        "phone": "02-27833685",
        "open_time": "0:00~24:00",
        "location": "涼亭旁",
        "status": "正常",
        "info_url": "https://gismobile.water.gov.taipei:8443/W/S.aspx?SD=1098",
        "photo_url": "https://gismobile.water.gov.taipei/WaterMap_drinkImg/1098.JPG"
      }
    },
    {
      "type": "Feature",
      "geometry": {
        "type": "Point",
        "coordinates": [
          121.549296,
          24.99795
        ]
      },
      "properties": {
        "source_type": "直飲臺",
        "name": "仙岩公園",
        "address": "臺北市文山區仙岩路116巷",
        "city": "臺北市",
        "district": "文山區",
        "managing_unit": "臺北市文山區公所",
        "maintenance_unit": "臺北市文山區公所",
        "phone": "2936-5222#381",
        "open_time": "0:00~24:00",
        "location": "遊戲區旁",
        "status": "正常",
        "info_url": "https://gismobile.water.gov.taipei:8443/W/S.aspx?SD=1099",
        "photo_url": "https://gismobile.water.gov.taipei/WaterMap_drinkImg/1099.JPG"
      }
    },
    {
      "type": "Feature",
      "geometry": {
        "type": "Point",
        "coordinates": [
          121.536303,
          25.032738
        ]
      },
      "properties": {
        "source_type": "直飲臺",
        "name": "大安森林公園",
        "address": "臺北市大安區建國南路2段",
        "city": "臺北市",
        "district": "大安區",
        "managing_unit": "工務局公園處",
        "maintenance_unit": "工務局公園處青年管理所",
        "phone": "27003830",
        "open_time": "0:00~24:00",
        "location": "兒童遊戲區",
        "status": "正常",
        "info_url": "https://gismobile.water.gov.taipei:8443/W/S.aspx?SD=1107a",
        "photo_url": "https://gismobile.water.gov.taipei/WaterMap_drinkImg/1107a.JPG"
      }
    },
    {
      "type": "Feature",
      "geometry": {
        "type": "Point",
        "coordinates": [
          121.535963,
          25.032531
        ]
      },
      "properties": {
        "source_type": "直飲臺",
        "name": "大安森林公園",
        "address": "臺北市大安區建國南路2段",
        "city": "臺北市",
        "district": "大安區",
        "managing_unit": "工務局公園處",
        "maintenance_unit": "工務局公園處青年管理所",
        "phone": "27003830",
        "open_time": "0:00~24:00",
        "location": "溜冰場旁",
        "status": "正常",
        "info_url": "https://gismobile.water.gov.taipei:8443/W/S.aspx?SD=1107b",
        "photo_url": "https://gismobile.water.gov.taipei/WaterMap_drinkImg/1107b.JPG"
      }
    },
    {
      "type": "Feature",
      "geometry": {
        "type": "Point",
        "coordinates": [
          121.535963,
          25.03178
        ]
      },
      "properties": {
        "source_type": "直飲臺",
        "name": "大安森林公園",
        "address": "臺北市大安區建國南路2段",
        "city": "臺北市",
        "district": "大安區",
        "managing_unit": "工務局公園處",
        "maintenance_unit": "工務局公園處青年管理所",
        "phone": "27003830",
        "open_time": "0:00~24:00",
        "location": "籃球場旁",
        "status": "正常",
        "info_url": "https://gismobile.water.gov.taipei:8443/W/S.aspx?SD=1107c",
        "photo_url": "https://gismobile.water.gov.taipei/WaterMap_drinkImg/1107c.JPG"
      }
    },
    {
      "type": "Feature",
      "geometry": {
        "type": "Point",
        "coordinates": [
          121.536234,
          25.026096
        ]
      },
      "properties": {
        "source_type": "直飲臺",
        "name": "大安森林公園",
        "address": "臺北市大安區建國南路2段",
        "city": "臺北市",
        "district": "大安區",
        "managing_unit": "工務局公園處",
        "maintenance_unit": "工務局公園處青年管理所",
        "phone": "27003830",
        "open_time": "0:00~24:00",
        "location": "7號出入口旁",
        "status": "正常",
        "info_url": "https://gismobile.water.gov.taipei:8443/W/S.aspx?SD=1107d",
        "photo_url": "https://gismobile.water.gov.taipei/WaterMap_drinkImg/1107d.JPG"
      }
    },
    {
      "type": "Feature",
      "geometry": {
        "type": "Point",
        "coordinates": [
          121.50885,
          25.0313
        ]
      },
      "properties": {
        "source_type": "直飲臺",
        "name": "植物園",
        "address": "臺北市中正區和平西路2段",
        "city": "臺北市",
        "district": "中正區",
        "managing_unit": "林業試驗所",
        "maintenance_unit": "臺北植物園",
        "phone": "23039978轉2727",
        "open_time": "08:00~18:00",
        "location": "入口圓環旁",
        "status": "正常",
        "info_url": "https://gismobile.water.gov.taipei:8443/W/S.aspx?SD=1151a",
        "photo_url": "https://gismobile.water.gov.taipei/WaterMap_drinkImg/1151a.JPG"
      }
    },
    {
      "type": "Feature",
      "geometry": {
        "type": "Point",
        "coordinates": [
          121.508596,
          25.032624
        ]
      },
      "properties": {
        "source_type": "直飲臺",
        "name": "植物園",
        "address": "臺北市中正區和平西路2段",
        "city": "臺北市",
        "district": "中正區",
        "managing_unit": "林業試驗所",
        "maintenance_unit": "臺北植物園",
        "phone": "23039978轉2727",
        "open_time": "08:00~18:00",
        "location": "欖仁廣場",
        "status": "正常",
        "info_url": "https://gismobile.water.gov.taipei:8443/W/S.aspx?SD=1151b",
        "photo_url": "https://gismobile.water.gov.taipei/WaterMap_drinkImg/1151b.JPG"
      }
    },
    {
      "type": "Feature",
      "geometry": {
        "type": "Point",
        "coordinates": [
          121.510036,
          25.032666
        ]
      },
      "properties": {
        "source_type": "直飲臺",
        "name": "植物園",
        "address": "臺北市中正區和平西路2段",
        "city": "臺北市",
        "district": "中正區",
        "managing_unit": "林業試驗所",
        "maintenance_unit": "臺北植物園",
        "phone": "23039978轉2727",
        "open_time": "08:00~18:00",
        "location": "名人園區",
        "status": "正常",
        "info_url": "https://gismobile.water.gov.taipei:8443/W/S.aspx?SD=1151c",
        "photo_url": "https://gismobile.water.gov.taipei/WaterMap_drinkImg/1151c.JPG"
      }
    },
    {
      "type": "Feature",
      "geometry": {
        "type": "Point",
        "coordinates": [
          121.509222,
          25.031291
        ]
      },
      "properties": {
        "source_type": "直飲臺",
        "name": "植物園",
        "address": "臺北市中正區南海路53號後面植物園",
        "city": "臺北市",
        "district": "中正區",
        "managing_unit": "林業試驗所",
        "maintenance_unit": "臺北植物園",
        "phone": "23039978轉2727",
        "open_time": "08:00~18:00",
        "location": "棕櫚區入口",
        "status": "正常",
        "info_url": "https://gismobile.water.gov.taipei:8443/W/S.aspx?SD=1151d",
        "photo_url": "https://gismobile.water.gov.taipei/WaterMap_drinkImg/1151d.JPG"
      }
    },
    {
      "type": "Feature",
      "geometry": {
        "type": "Point",
        "coordinates": [
          121.510485,
          25.033004
        ]
      },
      "properties": {
        "source_type": "直飲臺",
        "name": "植物園",
        "address": "臺北市中正區博愛路228號對面",
        "city": "臺北市",
        "district": "中正區",
        "managing_unit": "林業試驗所",
        "maintenance_unit": "臺北植物園",
        "phone": "23039978轉2727",
        "open_time": "08:00~18:00",
        "location": "博愛路側入口步道旁",
        "status": "正常",
        "info_url": "https://gismobile.water.gov.taipei:8443/W/S.aspx?SD=1151e",
        "photo_url": "https://gismobile.water.gov.taipei/WaterMap_drinkImg/1151e.JPG"
      }
    },
    {
      "type": "Feature",
      "geometry": {
        "type": "Point",
        "coordinates": [
          121.52514,
          25.02065
        ]
      },
      "properties": {
        "source_type": "直飲臺",
        "name": "客家文化園區",
        "address": "臺北市中正區汀洲路三段2號",
        "city": "臺北市",
        "district": "中正區",
        "managing_unit": "臺北市客家文化基金會",
        "maintenance_unit": "臺北市客家文化基金會",
        "phone": "23691198轉338",
        "open_time": "0:00~24:00",
        "location": "鐵馬譯站",
        "status": "正常",
        "info_url": "https://gismobile.water.gov.taipei:8443/W/S.aspx?SD=1152a",
        "photo_url": "https://gismobile.water.gov.taipei/WaterMap_drinkImg/1152a.JPG"
      }
    },
    {
      "type": "Feature",
      "geometry": {
        "type": "Point",
        "coordinates": [
          121.51022,
          25.04258
        ]
      },
      "properties": {
        "source_type": "直飲臺",
        "name": "中山堂",
        "address": "臺北市中正區延平南路98號",
        "city": "臺北市",
        "district": "中正區",
        "managing_unit": "台北市中山堂管理所",
        "maintenance_unit": "臺北市中山堂管理所",
        "phone": "23813137轉152",
        "open_time": "0:00~24:00",
        "location": "廣場東南方",
        "status": "正常",
        "info_url": "https://gismobile.water.gov.taipei:8443/W/S.aspx?SD=1153a",
        "photo_url": "https://gismobile.water.gov.taipei/WaterMap_drinkImg/1153a.JPG"
      }
    },
    {
      "type": "Feature",
      "geometry": {
        "type": "Point",
        "coordinates": [
          121.51057,
          25.04287
        ]
      },
      "properties": {
        "source_type": "直飲臺",
        "name": "中山堂",
        "address": "臺北市中正區延平南路98號",
        "city": "臺北市",
        "district": "中正區",
        "managing_unit": "台北市中山堂管理所",
        "maintenance_unit": "臺北市中山堂管理所",
        "phone": "23813137轉152",
        "open_time": "0:00~24:00",
        "location": "廣場東北方",
        "status": "正常",
        "info_url": "https://gismobile.water.gov.taipei:8443/W/S.aspx?SD=1153b",
        "photo_url": "https://gismobile.water.gov.taipei/WaterMap_drinkImg/1153b.JPG"
      }
    },
    {
      "type": "Feature",
      "geometry": {
        "type": "Point",
        "coordinates": [
          121.51056,
          25.043682
        ]
      },
      "properties": {
        "source_type": "直飲臺",
        "name": "中山堂",
        "address": "臺北市中正區延平南路側",
        "city": "臺北市",
        "district": "中正區",
        "managing_unit": "台北市中山堂管理所",
        "maintenance_unit": "臺北市中山堂管理所",
        "phone": "23813137轉152",
        "open_time": "0:00~24:00",
        "location": "國父銅像前草地",
        "status": "正常",
        "info_url": "https://gismobile.water.gov.taipei:8443/W/S.aspx?SD=1153c",
        "photo_url": "https://gismobile.water.gov.taipei/WaterMap_drinkImg/1153c.JPG"
      }
    },
    {
      "type": "Feature",
      "geometry": {
        "type": "Point",
        "coordinates": [
          121.512275,
          25.049302
        ]
      },
      "properties": {
        "source_type": "直飲臺",
        "name": "桃捷台北火車站",
        "address": "臺北市中正區鄭州路8號",
        "city": "臺北市",
        "district": "中正區",
        "managing_unit": "桃園大眾捷運股份有限公司",
        "maintenance_unit": "桃園大眾捷運股份有限公司",
        "phone": "03-2838888l轉51003",
        "open_time": "06:00~23:00",
        "location": "哺乳室旁",
        "status": "正常",
        "info_url": "https://gismobile.water.gov.taipei:8443/W/S.aspx?SD=1154a",
        "photo_url": "https://gismobile.water.gov.taipei/WaterMap_drinkImg/1154a.JPG"
      }
    },
    {
      "type": "Feature",
      "geometry": {
        "type": "Point",
        "coordinates": [
          121.513944,
          25.048695
        ]
      },
      "properties": {
        "source_type": "直飲臺",
        "name": "桃捷台北火車站",
        "address": "臺北市中正區鄭州路8號",
        "city": "臺北市",
        "district": "中正區",
        "managing_unit": "桃園大眾捷運股份有限公司",
        "maintenance_unit": "桃園大眾捷運股份有限公司",
        "phone": "03-2838888l轉51003",
        "open_time": "06:00~23:00",
        "location": "中間廊道",
        "status": "正常",
        "info_url": "https://gismobile.water.gov.taipei:8443/W/S.aspx?SD=1154b",
        "photo_url": "https://gismobile.water.gov.taipei/WaterMap_drinkImg/1154b.JPG"
      }
    },
    {
      "type": "Feature",
      "geometry": {
        "type": "Point",
        "coordinates": [
          121.514506,
          25.048521
        ]
      },
      "properties": {
        "source_type": "直飲臺",
        "name": "桃捷台北火車站",
        "address": "臺北市中正區鄭州路8號",
        "city": "臺北市",
        "district": "中正區",
        "managing_unit": "桃園大眾捷運股份有限公司",
        "maintenance_unit": "桃園大眾捷運股份有限公司",
        "phone": "03-2838888l轉51003",
        "open_time": "06:00~23:00",
        "location": "親子廁所旁",
        "status": "正常",
        "info_url": "https://gismobile.water.gov.taipei:8443/W/S.aspx?SD=1154c",
        "photo_url": "https://gismobile.water.gov.taipei/WaterMap_drinkImg/1154c.JPG"
      }
    },
    {
      "type": "Feature",
      "geometry": {
        "type": "Point",
        "coordinates": [
          121.520523,
          25.021615
        ]
      },
      "properties": {
        "source_type": "直飲臺",
        "name": "紀州庵",
        "address": "臺北市中正區同安街107號",
        "city": "臺北市",
        "district": "中正區",
        "managing_unit": "臺北自來水事業處",
        "maintenance_unit": "北水處西區分處",
        "phone": "33431678#1696",
        "open_time": "10:00~18:00",
        "location": "展演台旁",
        "status": "正常",
        "info_url": "https://gismobile.water.gov.taipei:8443/W/S.aspx?SD=1155b",
        "photo_url": "https://gismobile.water.gov.taipei/WaterMap_drinkImg/1155b.JPG"
      }
    },
    {
      "type": "Feature",
      "geometry": {
        "type": "Point",
        "coordinates": [
          121.518989,
          25.023536
        ]
      },
      "properties": {
        "source_type": "直飲臺",
        "name": "牯嶺公園",
        "address": "臺北市中正區牯嶺街141 號前",
        "city": "臺北市",
        "district": "中正區",
        "managing_unit": "臺北市中正區公所",
        "maintenance_unit": "臺北市中正區公所",
        "phone": "23416721",
        "open_time": "0:00~24:00",
        "location": "東北側",
        "status": "正常",
        "info_url": "https://gismobile.water.gov.taipei:8443/W/S.aspx?SD=1156a",
        "photo_url": "https://gismobile.water.gov.taipei/WaterMap_drinkImg/1156a.JPG"
      }
    },
    {
      "type": "Feature",
      "geometry": {
        "type": "Point",
        "coordinates": [
          121.518823,
          25.023351
        ]
      },
      "properties": {
        "source_type": "直飲臺",
        "name": "牯嶺公園",
        "address": "臺北市中正區廈門街113巷",
        "city": "臺北市",
        "district": "中正區",
        "managing_unit": "臺北市中正區公所",
        "maintenance_unit": "臺北市中正區公所",
        "phone": "23416721",
        "open_time": "0:00~24:00",
        "location": "廈門街113巷入口處",
        "status": "正常",
        "info_url": "https://gismobile.water.gov.taipei:8443/W/S.aspx?SD=1156b",
        "photo_url": "https://gismobile.water.gov.taipei/WaterMap_drinkImg/1156b.JPG"
      }
    },
    {
      "type": "Feature",
      "geometry": {
        "type": "Point",
        "coordinates": [
          121.514527,
          25.039133
        ]
      },
      "properties": {
        "source_type": "直飲臺",
        "name": "介壽公園",
        "address": "臺北市中正區凱達格蘭大道西側",
        "city": "臺北市",
        "district": "中正區",
        "managing_unit": "工務局公園處",
        "maintenance_unit": "工務局公園處青年管理所",
        "phone": "27003830",
        "open_time": "00:00~24:00",
        "location": "中間走道",
        "status": "正常",
        "info_url": "https://gismobile.water.gov.taipei:8443/W/S.aspx?SD=1157",
        "photo_url": "https://gismobile.water.gov.taipei/WaterMap_drinkImg/1157.JPG"
      }
    },
    {
      "type": "Feature",
      "geometry": {
        "type": "Point",
        "coordinates": [
          121.52012,
          25.026841
        ]
      },
      "properties": {
        "source_type": "直飲臺",
        "name": "南昌公園",
        "address": "臺北市中正區南昌路與和平西路口",
        "city": "臺北市",
        "district": "中正區",
        "managing_unit": "臺北市中正區公所",
        "maintenance_unit": "臺北市中正區公所",
        "phone": "23416721",
        "open_time": "00:00~24:00",
        "location": "遊戲場旁",
        "status": "正常",
        "info_url": "https://gismobile.water.gov.taipei:8443/W/S.aspx?SD=1158",
        "photo_url": "https://gismobile.water.gov.taipei/WaterMap_drinkImg/1158.JPG"
      }
    },
    {
      "type": "Feature",
      "geometry": {
        "type": "Point",
        "coordinates": [
          121.509869,
          25.02615
        ]
      },
      "properties": {
        "source_type": "直飲臺",
        "name": "永昌公園",
        "address": "臺北市中正區寧波西街181巷30號前",
        "city": "臺北市",
        "district": "中正區",
        "managing_unit": "臺北市中正區公所",
        "maintenance_unit": "臺北市中正區公所",
        "phone": "23416721",
        "open_time": "0:00~24:00",
        "location": "遊戲場",
        "status": "正常",
        "info_url": "https://gismobile.water.gov.taipei:8443/W/S.aspx?SD=1159",
        "photo_url": "https://gismobile.water.gov.taipei/WaterMap_drinkImg/1159.JPG"
      }
    },
    {
      "type": "Feature",
      "geometry": {
        "type": "Point",
        "coordinates": [
          121.532059,
          25.016197
        ]
      },
      "properties": {
        "source_type": "直飲臺",
        "name": "文盛公園",
        "address": "臺北市中正區羅斯福路三段284巷1號前",
        "city": "臺北市",
        "district": "中正區",
        "managing_unit": "臺北市中正區公所",
        "maintenance_unit": "臺北市中正區公所",
        "phone": "23416721",
        "open_time": "0:00~24:00",
        "location": "遊戲場",
        "status": "正常",
        "info_url": "https://gismobile.water.gov.taipei:8443/W/S.aspx?SD=1160",
        "photo_url": "https://gismobile.water.gov.taipei/WaterMap_drinkImg/1160.JPG"
      }
    },
    {
      "type": "Feature",
      "geometry": {
        "type": "Point",
        "coordinates": [
          121.532981,
          25.010274
        ]
      },
      "properties": {
        "source_type": "直飲臺",
        "name": "永福公園",
        "address": "臺北市中正區汀州路3段寶藏巖",
        "city": "臺北市",
        "district": "中正區",
        "managing_unit": "臺北自來水事業處",
        "maintenance_unit": "北水處西區分處",
        "phone": "33431678#1696",
        "open_time": "0:00~24:00",
        "location": "造景旁",
        "status": "正常",
        "info_url": "https://gismobile.water.gov.taipei:8443/W/S.aspx?SD=1161",
        "photo_url": "https://gismobile.water.gov.taipei/WaterMap_drinkImg/1161.JPG"
      }
    },
    {
      "type": "Feature",
      "geometry": {
        "type": "Point",
        "coordinates": [
          121.510836,
          25.047665
        ]
      },
      "properties": {
        "source_type": "直飲臺",
        "name": "北門景觀廣場",
        "address": "臺北市中正區中華路1段1號",
        "city": "臺北市",
        "district": "中正區",
        "managing_unit": "工務局公園處",
        "maintenance_unit": "工務局公園處園藝工程隊",
        "phone": "23815132＃318",
        "open_time": "0:00~24:00",
        "location": "臺北市中正區中華路1段1號廣場西側",
        "status": "正常",
        "info_url": "https://gismobile.water.gov.taipei:8443/W/S.aspx?SD=1162",
        "photo_url": "https://gismobile.water.gov.taipei/WaterMap_drinkImg/1162.JPG"
      }
    },
    {
      "type": "Feature",
      "geometry": {
        "type": "Point",
        "coordinates": [
          121.523035,
          25.041181
        ]
      },
      "properties": {
        "source_type": "直飲臺",
        "name": "台大公衛學院",
        "address": "臺北市中正區徐州路17號前",
        "city": "臺北市",
        "district": "中正區",
        "managing_unit": "國立台灣大學公共衛生學院",
        "maintenance_unit": "臺大公共衛生學院總務處",
        "phone": "33668110",
        "open_time": "0:00~24:00",
        "location": "廣場旁",
        "status": "正常",
        "info_url": "https://gismobile.water.gov.taipei:8443/W/S.aspx?SD=1163",
        "photo_url": "https://gismobile.water.gov.taipei/WaterMap_drinkImg/1163.JPG"
      }
    },
    {
      "type": "Feature",
      "geometry": {
        "type": "Point",
        "coordinates": [
          121.51208,
          25.04782
        ]
      },
      "properties": {
        "source_type": "直飲臺",
        "name": "三井倉庫",
        "address": "臺北市中正區忠孝西路一段263號",
        "city": "臺北市",
        "district": "中正區",
        "managing_unit": "臺北市政府文化局",
        "maintenance_unit": "臺北記憶倉庫",
        "phone": "23714597",
        "open_time": "0:00~24:00",
        "location": "廣場旁",
        "status": "正常",
        "info_url": "https://gismobile.water.gov.taipei:8443/W/S.aspx?SD=1165",
        "photo_url": "https://gismobile.water.gov.taipei/WaterMap_drinkImg/1165.JPG"
      }
    },
    {
      "type": "Feature",
      "geometry": {
        "type": "Point",
        "coordinates": [
          121.525936,
          25.01459
        ]
      },
      "properties": {
        "source_type": "直飲臺",
        "name": "古亭河濱公園",
        "address": "臺北市中正區永春街200巷對面",
        "city": "臺北市",
        "district": "中正區",
        "managing_unit": "工務局水利工程處南區管理站",
        "maintenance_unit": "工務局水利工程處南區管理站",
        "phone": "27208889#2691",
        "open_time": "0:00~24:00",
        "location": "籃球場",
        "status": "正常",
        "info_url": "https://gismobile.water.gov.taipei:8443/W/S.aspx?SD=1174a",
        "photo_url": "https://gismobile.water.gov.taipei/WaterMap_drinkImg/1174a.JPG"
      }
    },
    {
      "type": "Feature",
      "geometry": {
        "type": "Point",
        "coordinates": [
          121.520897,
          25.020263
        ]
      },
      "properties": {
        "source_type": "直飲臺",
        "name": "古亭河濱公園",
        "address": "臺北市中正區水源路63巷對面",
        "city": "臺北市",
        "district": "中正區",
        "managing_unit": "工務局水利工程處南區管理站",
        "maintenance_unit": "工務局水利工程處南區管理站",
        "phone": "27208889#2691",
        "open_time": "0:00~24:00",
        "location": "網球場",
        "status": "正常",
        "info_url": "https://gismobile.water.gov.taipei:8443/W/S.aspx?SD=1174b",
        "photo_url": "https://gismobile.water.gov.taipei/WaterMap_drinkImg/1174b.JPG"
      }
    },
    {
      "type": "Feature",
      "geometry": {
        "type": "Point",
        "coordinates": [
          121.531898,
          25.035355
        ]
      },
      "properties": {
        "source_type": "直飲臺",
        "name": "連雲公園",
        "address": "臺北市中正區新生南路一段146巷7號",
        "city": "臺北市",
        "district": "中正區",
        "managing_unit": "臺北市中正區公所",
        "maintenance_unit": "臺北市中正區公所",
        "phone": "23416721",
        "open_time": "0:00~24:00",
        "location": "廣場旁",
        "status": "正常",
        "info_url": "https://gismobile.water.gov.taipei:8443/W/S.aspx?SD=1175",
        "photo_url": "https://gismobile.water.gov.taipei/WaterMap_drinkImg/1175.JPG"
      }
    },
    {
      "type": "Feature",
      "geometry": {
        "type": "Point",
        "coordinates": [
          121.534852,
          25.011813
        ]
      },
      "properties": {
        "source_type": "直飲臺",
        "name": "水源町公園",
        "address": "臺北市中正區汀州路3段104巷40弄4號旁",
        "city": "臺北市",
        "district": "中正區",
        "managing_unit": "臺北市中正區公所",
        "maintenance_unit": "臺北市中正區公所",
        "phone": "23416721",
        "open_time": "0:00~24:00",
        "location": "廣場解說牌旁",
        "status": "正常",
        "info_url": "https://gismobile.water.gov.taipei:8443/W/S.aspx?SD=1176",
        "photo_url": "https://gismobile.water.gov.taipei/WaterMap_drinkImg/1176.JPG"
      }
    },
    {
      "type": "Feature",
      "geometry": {
        "type": "Point",
        "coordinates": [
          121.533054,
          25.01576
        ]
      },
      "properties": {
        "source_type": "直飲臺",
        "name": "公館商圈",
        "address": "臺北市中正區羅斯福路四段18號",
        "city": "臺北市",
        "district": "中正區",
        "managing_unit": "元晴茶行",
        "maintenance_unit": "北水處西區分處",
        "phone": "33431678#1696",
        "open_time": "0:00~24:00",
        "location": "人行道",
        "status": "正常",
        "info_url": "https://gismobile.water.gov.taipei:8443/W/S.aspx?SD=1179",
        "photo_url": "https://gismobile.water.gov.taipei/WaterMap_drinkImg/1179.JPG"
      }
    },
    {
      "type": "Feature",
      "geometry": {
        "type": "Point",
        "coordinates": [
          121.514776,
          25.046722
        ]
      },
      "properties": {
        "source_type": "直飲臺",
        "name": "台北站前商圈",
        "address": "臺北市中正區忠孝西路1段68號前人行道",
        "city": "臺北市",
        "district": "中正區",
        "managing_unit": "臺北自來水事業處",
        "maintenance_unit": "北水處西區分處",
        "phone": "33431678#1696",
        "open_time": "0:00~24:00",
        "location": "人行道",
        "status": "正常",
        "info_url": "https://gismobile.water.gov.taipei:8443/W/S.aspx?SD=1180",
        "photo_url": "https://gismobile.water.gov.taipei/WaterMap_drinkImg/1180.JPG"
      }
    },
    {
      "type": "Feature",
      "geometry": {
        "type": "Point",
        "coordinates": [
          121.520374,
          25.047625
        ]
      },
      "properties": {
        "source_type": "直飲臺",
        "name": "國父史蹟館(逸仙公園)",
        "address": "臺北市中正區中山北路一段46號",
        "city": "臺北市",
        "district": "中山區",
        "managing_unit": "工務局公園處",
        "maintenance_unit": "工務局公園處青年管理所",
        "phone": "27003830",
        "open_time": "0:00~24:00",
        "location": "人行道",
        "status": "正常",
        "info_url": "https://gismobile.water.gov.taipei:8443/W/S.aspx?SD=1182",
        "photo_url": "https://gismobile.water.gov.taipei/WaterMap_drinkImg/1182.JPG"
      }
    },
    {
      "type": "Feature",
      "geometry": {
        "type": "Point",
        "coordinates": [
          121.50635,
          25.02979
        ]
      },
      "properties": {
        "source_type": "直飲臺",
        "name": "南機場夜市",
        "address": "臺北市中正區惠安街13號對面人行道",
        "city": "臺北市",
        "district": "中正區",
        "managing_unit": "忠義實驗國民小學",
        "maintenance_unit": "忠義實驗國民小學",
        "phone": "0223038752",
        "open_time": "0:00~24:00",
        "location": "人行道",
        "status": "正常",
        "info_url": "https://gismobile.water.gov.taipei:8443/W/S.aspx?SD=1184",
        "photo_url": "https://gismobile.water.gov.taipei/WaterMap_drinkImg/1184.JPG"
      }
    },
    {
      "type": "Feature",
      "geometry": {
        "type": "Point",
        "coordinates": [
          121.50862,
          25.042406
        ]
      },
      "properties": {
        "source_type": "直飲臺",
        "name": "西門町商圈(錢櫃)",
        "address": "臺北市中正區中華路一段55號人行道",
        "city": "臺北市",
        "district": "中正區",
        "managing_unit": "臺北自來水事業處",
        "maintenance_unit": "北水處西區分處",
        "phone": "33431678#1696",
        "open_time": "0:00~24:00",
        "location": "人行道",
        "status": "正常",
        "info_url": "https://gismobile.water.gov.taipei:8443/W/S.aspx?SD=1185",
        "photo_url": "https://gismobile.water.gov.taipei/WaterMap_drinkImg/1185.JPG"
      }
    },
    {
      "type": "Feature",
      "geometry": {
        "type": "Point",
        "coordinates": [
          121.53051,
          25.093936
        ]
      },
      "properties": {
        "source_type": "直飲臺",
        "name": "士林園藝所",
        "address": "臺北市士林區福林路60號",
        "city": "臺北市",
        "district": "士林區",
        "managing_unit": "工務局公園處",
        "maintenance_unit": "工務局公園處士林園藝所",
        "phone": "28812512",
        "open_time": "0:00~24:00",
        "location": "公園入口處",
        "status": "正常",
        "info_url": "https://gismobile.water.gov.taipei:8443/W/S.aspx?SD=1212a",
        "photo_url": "https://gismobile.water.gov.taipei/WaterMap_drinkImg/1212a.JPG"
      }
    },
    {
      "type": "Feature",
      "geometry": {
        "type": "Point",
        "coordinates": [
          121.530534,
          25.091582
        ]
      },
      "properties": {
        "source_type": "直飲臺",
        "name": "士林園藝所",
        "address": "臺北市士林區福林路60號",
        "city": "臺北市",
        "district": "士林區",
        "managing_unit": "工務局公園處",
        "maintenance_unit": "工務局公園處士林園藝所",
        "phone": "28812512",
        "open_time": "0:00~24:00",
        "location": "辦公室旁",
        "status": "正常",
        "info_url": "https://gismobile.water.gov.taipei:8443/W/S.aspx?SD=1212b",
        "photo_url": "https://gismobile.water.gov.taipei/WaterMap_drinkImg/1212b.JPG"
      }
    },
    {
      "type": "Feature",
      "geometry": {
        "type": "Point",
        "coordinates": [
          121.512619,
          25.063195
        ]
      },
      "properties": {
        "source_type": "直飲臺",
        "name": "大橋頭站",
        "address": "臺北市大同區民權西路223號",
        "city": "臺北市",
        "district": "大同區",
        "managing_unit": "臺北大眾捷運股份有限公司",
        "maintenance_unit": "臺北大眾捷運股份有限公司(藍橘線)",
        "phone": "25363001#8653",
        "open_time": "06:00~23:00",
        "location": "1號出口",
        "status": "正常",
        "info_url": "https://gismobile.water.gov.taipei:8443/W/S.aspx?SD=1243a",
        "photo_url": "https://gismobile.water.gov.taipei/WaterMap_drinkImg/1243a.JPG"
      }
    },
    {
      "type": "Feature",
      "geometry": {
        "type": "Point",
        "coordinates": [
          121.512619,
          25.063195
        ]
      },
      "properties": {
        "source_type": "直飲臺",
        "name": "大橋頭站",
        "address": "臺北市大同區民權西路223號",
        "city": "臺北市",
        "district": "大同區",
        "managing_unit": "臺北大眾捷運股份有限公司",
        "maintenance_unit": "臺北大眾捷運股份有限公司(藍橘線)",
        "phone": "25363001#8653",
        "open_time": "06:00~23:00",
        "location": "1號出口",
        "status": "正常",
        "info_url": "https://gismobile.water.gov.taipei:8443/W/S.aspx?SD=1243b",
        "photo_url": "https://gismobile.water.gov.taipei/WaterMap_drinkImg/1243b.JPG"
      }
    },
    {
      "type": "Feature",
      "geometry": {
        "type": "Point",
        "coordinates": [
          121.510256,
          25.049408
        ]
      },
      "properties": {
        "source_type": "直飲臺",
        "name": "北門站",
        "address": "臺北市大同區塔城街10號",
        "city": "臺北市",
        "district": "大同區",
        "managing_unit": "臺北大眾捷運股份有限公司",
        "maintenance_unit": "臺北大眾捷運股份有限公司(紅綠線)",
        "phone": "25363001#8653",
        "open_time": "06:00~23:00",
        "location": "1、2號出口間",
        "status": "正常",
        "info_url": "https://gismobile.water.gov.taipei:8443/W/S.aspx?SD=1245a",
        "photo_url": "https://gismobile.water.gov.taipei/WaterMap_drinkImg/1245a.JPG"
      }
    },
    {
      "type": "Feature",
      "geometry": {
        "type": "Point",
        "coordinates": [
          121.510256,
          25.049408
        ]
      },
      "properties": {
        "source_type": "直飲臺",
        "name": "北門站",
        "address": "臺北市大同區塔城街10號",
        "city": "臺北市",
        "district": "大同區",
        "managing_unit": "臺北大眾捷運股份有限公司",
        "maintenance_unit": "臺北大眾捷運股份有限公司(紅綠線)",
        "phone": "25363001#8653",
        "open_time": "06:00~23:00",
        "location": "1、2號出口間",
        "status": "正常",
        "info_url": "https://gismobile.water.gov.taipei:8443/W/S.aspx?SD=1245b",
        "photo_url": "https://gismobile.water.gov.taipei/WaterMap_drinkImg/1245b.JPG"
      }
    },
    {
      "type": "Feature",
      "geometry": {
        "type": "Point",
        "coordinates": [
          121.519413,
          25.052963
        ]
      },
      "properties": {
        "source_type": "直飲臺",
        "name": "中山站",
        "address": "臺北市大同區南京西路55號",
        "city": "臺北市",
        "district": "大同區",
        "managing_unit": "臺北大眾捷運股份有限公司",
        "maintenance_unit": "臺北大眾捷運股份有限公司(紅綠線)",
        "phone": "25363001#8653",
        "open_time": "06:00~23:00",
        "location": "5號出口",
        "status": "正常",
        "info_url": "https://gismobile.water.gov.taipei:8443/W/S.aspx?SD=1246a",
        "photo_url": "https://gismobile.water.gov.taipei/WaterMap_drinkImg/1246a.JPG"
      }
    },
    {
      "type": "Feature",
      "geometry": {
        "type": "Point",
        "coordinates": [
          121.519413,
          25.052963
        ]
      },
      "properties": {
        "source_type": "直飲臺",
        "name": "中山站",
        "address": "臺北市大同區南京西路55號",
        "city": "臺北市",
        "district": "大同區",
        "managing_unit": "臺北大眾捷運股份有限公司",
        "maintenance_unit": "臺北大眾捷運股份有限公司(紅綠線)",
        "phone": "25363001#8653",
        "open_time": "06:00~23:00",
        "location": "5號出口",
        "status": "正常",
        "info_url": "https://gismobile.water.gov.taipei:8443/W/S.aspx?SD=1246b",
        "photo_url": "https://gismobile.water.gov.taipei/WaterMap_drinkImg/1246b.JPG"
      }
    },
    {
      "type": "Feature",
      "geometry": {
        "type": "Point",
        "coordinates": [
          121.5101,
          25.0554
        ]
      },
      "properties": {
        "source_type": "直飲臺",
        "name": "永樂市場",
        "address": "臺北市大同區迪化街一段21號",
        "city": "臺北市",
        "district": "大同區",
        "managing_unit": "工務局公園處",
        "maintenance_unit": "工務局公園處園藝工程隊",
        "phone": "23815132＃318",
        "open_time": "0:00~24:00",
        "location": "迪化街一段84號對面",
        "status": "正常",
        "info_url": "https://gismobile.water.gov.taipei:8443/W/S.aspx?SD=1248",
        "photo_url": "https://gismobile.water.gov.taipei/WaterMap_drinkImg/1248.JPG"
      }
    },
    {
      "type": "Feature",
      "geometry": {
        "type": "Point",
        "coordinates": [
          121.51336,
          25.05811
        ]
      },
      "properties": {
        "source_type": "直飲臺",
        "name": "歸綏戲曲公園",
        "address": "臺北市大同區歸綏街179號對面",
        "city": "臺北市",
        "district": "大同區",
        "managing_unit": "臺北市大同區公所",
        "maintenance_unit": "臺北市大同區公所",
        "phone": "2597-5323#302",
        "open_time": "0:00~24:00",
        "location": "歸綏街179號對面",
        "status": "正常",
        "info_url": "https://gismobile.water.gov.taipei:8443/W/S.aspx?SD=1249",
        "photo_url": "https://gismobile.water.gov.taipei/WaterMap_drinkImg/1249.JPG"
      }
    },
    {
      "type": "Feature",
      "geometry": {
        "type": "Point",
        "coordinates": [
          121.507597,
          25.050232
        ]
      },
      "properties": {
        "source_type": "直飲臺",
        "name": "玉泉公園",
        "address": "臺北市大同區西寧北路、忠孝西路2段交口",
        "city": "臺北市",
        "district": "大同區",
        "managing_unit": "工務局公園處",
        "maintenance_unit": "工務局公園處圓山管理所",
        "phone": "2585-0192 轉232",
        "open_time": "00:00~24:00",
        "location": "泳池旁",
        "status": "正常",
        "info_url": "https://gismobile.water.gov.taipei:8443/W/S.aspx?SD=1250a",
        "photo_url": "https://gismobile.water.gov.taipei/WaterMap_drinkImg/1250a.JPG"
      }
    },
    {
      "type": "Feature",
      "geometry": {
        "type": "Point",
        "coordinates": [
          121.50746,
          25.0494
        ]
      },
      "properties": {
        "source_type": "直飲臺",
        "name": "玉泉公園",
        "address": "臺北市大同區西寧北路、忠孝西路2段交口",
        "city": "臺北市",
        "district": "大同區",
        "managing_unit": "工務局公園處",
        "maintenance_unit": "工務局公園處圓山管理所",
        "phone": "2585-0192 轉232",
        "open_time": "00:00~24:00",
        "location": "兒童遊戲區",
        "status": "正常",
        "info_url": "https://gismobile.water.gov.taipei:8443/W/S.aspx?SD=1250b",
        "photo_url": "https://gismobile.water.gov.taipei/WaterMap_drinkImg/1250b.JPG"
      }
    },
    {
      "type": "Feature",
      "geometry": {
        "type": "Point",
        "coordinates": [
          121.51039,
          25.07469
        ]
      },
      "properties": {
        "source_type": "直飲臺",
        "name": "迪化休閒運動公園",
        "address": "臺北市大同區酒泉街235號",
        "city": "臺北市",
        "district": "大同區",
        "managing_unit": "工務局衛工處",
        "maintenance_unit": "衛工處迪化污水廠",
        "phone": "2599-1360#113",
        "open_time": "00:00~24:00",
        "location": "兒童遊戲區旁",
        "status": "正常",
        "info_url": "https://gismobile.water.gov.taipei:8443/W/S.aspx?SD=1251a",
        "photo_url": "https://gismobile.water.gov.taipei/WaterMap_drinkImg/1251a.JPG"
      }
    },
    {
      "type": "Feature",
      "geometry": {
        "type": "Point",
        "coordinates": [
          121.51046,
          25.07409
        ]
      },
      "properties": {
        "source_type": "直飲臺",
        "name": "迪化休閒運動公園",
        "address": "臺北市大同區酒泉街235號",
        "city": "臺北市",
        "district": "大同區",
        "managing_unit": "工務局衛工處",
        "maintenance_unit": "衛工處迪化污水廠",
        "phone": "2599-1360#113",
        "open_time": "00:00~24:00",
        "location": "籃球場旁",
        "status": "正常",
        "info_url": "https://gismobile.water.gov.taipei:8443/W/S.aspx?SD=1251b",
        "photo_url": "https://gismobile.water.gov.taipei/WaterMap_drinkImg/1251b.JPG"
      }
    },
    {
      "type": "Feature",
      "geometry": {
        "type": "Point",
        "coordinates": [
          121.51082,
          25.07401
        ]
      },
      "properties": {
        "source_type": "直飲臺",
        "name": "迪化休閒運動公園",
        "address": "臺北市大同區酒泉街235號",
        "city": "臺北市",
        "district": "大同區",
        "managing_unit": "工務局衛工處",
        "maintenance_unit": "衛工處迪化污水廠",
        "phone": "2599-1360#113",
        "open_time": "00:00~24:00",
        "location": "網球場旁",
        "status": "正常",
        "info_url": "https://gismobile.water.gov.taipei:8443/W/S.aspx?SD=1251c",
        "photo_url": "https://gismobile.water.gov.taipei/WaterMap_drinkImg/1251c.JPG"
      }
    },
    {
      "type": "Feature",
      "geometry": {
        "type": "Point",
        "coordinates": [
          121.514415,
          25.053698
        ]
      },
      "properties": {
        "source_type": "直飲臺",
        "name": "建成圓環",
        "address": "臺北市大同區南京西路284號前",
        "city": "臺北市",
        "district": "大同區",
        "managing_unit": "工務局公園處",
        "maintenance_unit": "工務局公園處園藝工程隊",
        "phone": "23815132＃318",
        "open_time": "0:00~24:00",
        "location": "建成圓環電箱前",
        "status": "正常",
        "info_url": "https://gismobile.water.gov.taipei:8443/W/S.aspx?SD=1252",
        "photo_url": "https://gismobile.water.gov.taipei/WaterMap_drinkImg/1252.JPG"
      }
    },
    {
      "type": "Feature",
      "geometry": {
        "type": "Point",
        "coordinates": [
          121.5147,
          25.06189
        ]
      },
      "properties": {
        "source_type": "直飲臺",
        "name": "德鄰公園",
        "address": "臺北市大同區民權西路184巷26號對面",
        "city": "臺北市",
        "district": "大同區",
        "managing_unit": "臺北市大同區公所",
        "maintenance_unit": "臺北市大同區公所",
        "phone": "2597-5323#302",
        "open_time": "0:00~24:00",
        "location": "石碑旁",
        "status": "正常",
        "info_url": "https://gismobile.water.gov.taipei:8443/W/S.aspx?SD=1253",
        "photo_url": "https://gismobile.water.gov.taipei/WaterMap_drinkImg/1253.JPG"
      }
    },
    {
      "type": "Feature",
      "geometry": {
        "type": "Point",
        "coordinates": [
          121.51636,
          25.06655
        ]
      },
      "properties": {
        "source_type": "直飲臺",
        "name": "樹德公園",
        "address": "臺北市大同區大龍街與大龍街85巷",
        "city": "臺北市",
        "district": "大同區",
        "managing_unit": "臺北市大同區公所",
        "maintenance_unit": "臺北市大同區公所",
        "phone": "2597-5323#302",
        "open_time": "0:00~24:00",
        "location": "廣場旁",
        "status": "正常",
        "info_url": "https://gismobile.water.gov.taipei:8443/W/S.aspx?SD=1254",
        "photo_url": "https://gismobile.water.gov.taipei/WaterMap_drinkImg/1254.JPG"
      }
    },
    {
      "type": "Feature",
      "geometry": {
        "type": "Point",
        "coordinates": [
          121.51611,
          25.07332
        ]
      },
      "properties": {
        "source_type": "直飲臺",
        "name": "六藝廣場",
        "address": "臺北市大同區大龍街與哈密街交口",
        "city": "臺北市",
        "district": "大同區",
        "managing_unit": "工務局公園處",
        "maintenance_unit": "工務局公園處園藝工程隊",
        "phone": "23815132＃318",
        "open_time": "00:00~24:00",
        "location": "龍塘公園洗手台旁",
        "status": "正常",
        "info_url": "https://gismobile.water.gov.taipei:8443/W/S.aspx?SD=1255",
        "photo_url": "https://gismobile.water.gov.taipei/WaterMap_drinkImg/1255.JPG"
      }
    },
    {
      "type": "Feature",
      "geometry": {
        "type": "Point",
        "coordinates": [
          121.510264,
          25.066141
        ]
      },
      "properties": {
        "source_type": "直飲臺",
        "name": "國順公園",
        "address": "臺北市大同區昌吉街131巷對面",
        "city": "臺北市",
        "district": "大同區",
        "managing_unit": "臺北市大同區公所",
        "maintenance_unit": "臺北市大同區公所",
        "phone": "2597-5323#302",
        "open_time": "0:00~24:00",
        "location": "公園東北側(步道旁)",
        "status": "正常",
        "info_url": "https://gismobile.water.gov.taipei:8443/W/S.aspx?SD=1256",
        "photo_url": "https://gismobile.water.gov.taipei/WaterMap_drinkImg/1256.JPG"
      }
    },
    {
      "type": "Feature",
      "geometry": {
        "type": "Point",
        "coordinates": [
          121.515609,
          25.070371
        ]
      },
      "properties": {
        "source_type": "直飲臺",
        "name": "大龍公園",
        "address": "臺北市大同區重慶北路三段223巷47號對面",
        "city": "臺北市",
        "district": "大同區",
        "managing_unit": "臺北市大同區公所",
        "maintenance_unit": "臺北市大同區公所",
        "phone": "2597-5323#302",
        "open_time": "0:00~24:00",
        "location": "47號對面兒童遊戲場旁",
        "status": "正常",
        "info_url": "https://gismobile.water.gov.taipei:8443/W/S.aspx?SD=1257",
        "photo_url": "https://gismobile.water.gov.taipei/WaterMap_drinkImg/1257.JPG"
      }
    },
    {
      "type": "Feature",
      "geometry": {
        "type": "Point",
        "coordinates": [
          121.510701,
          25.050928
        ]
      },
      "properties": {
        "source_type": "直飲臺",
        "name": "塔城公園",
        "address": "臺北市大同區塔城街17號旁",
        "city": "臺北市",
        "district": "大同區",
        "managing_unit": "臺北市大同區公所",
        "maintenance_unit": "臺北市大同區公所",
        "phone": "2597-5323#302",
        "open_time": "0:00~24:00",
        "location": "入口步道旁",
        "status": "正常",
        "info_url": "https://gismobile.water.gov.taipei:8443/W/S.aspx?SD=1258",
        "photo_url": "https://gismobile.water.gov.taipei/WaterMap_drinkImg/1258.JPG"
      }
    },
    {
      "type": "Feature",
      "geometry": {
        "type": "Point",
        "coordinates": [
          121.51033,
          25.058334
        ]
      },
      "properties": {
        "source_type": "直飲臺",
        "name": "大稻埕公園",
        "address": "臺北市大同區安西街4號對面",
        "city": "臺北市",
        "district": "大同區",
        "managing_unit": "臺北市大同區公所",
        "maintenance_unit": "臺北市大同區公所",
        "phone": "2597-5323#302",
        "open_time": "0:00~24:00",
        "location": "地下停車場樓梯旁",
        "status": "正常",
        "info_url": "https://gismobile.water.gov.taipei:8443/W/S.aspx?SD=1259",
        "photo_url": "https://gismobile.water.gov.taipei/WaterMap_drinkImg/1259.JPG"
      }
    },
    {
      "type": "Feature",
      "geometry": {
        "type": "Point",
        "coordinates": [
          121.515333,
          25.064198
        ]
      },
      "properties": {
        "source_type": "直飲臺",
        "name": "蘭州公園",
        "address": "臺北市大同區蘭州街91號對面",
        "city": "臺北市",
        "district": "大同區",
        "managing_unit": "臺北市大同區公所",
        "maintenance_unit": "臺北市大同區公所",
        "phone": "2597-5323#302",
        "open_time": "0:00~24:00",
        "location": "廣場休憩座椅旁",
        "status": "正常",
        "info_url": "https://gismobile.water.gov.taipei:8443/W/S.aspx?SD=1260",
        "photo_url": "https://gismobile.water.gov.taipei/WaterMap_drinkImg/1260.JPG"
      }
    },
    {
      "type": "Feature",
      "geometry": {
        "type": "Point",
        "coordinates": [
          121.516456,
          25.059814
        ]
      },
      "properties": {
        "source_type": "直飲臺",
        "name": "蔣渭水紀念公園",
        "address": "臺北市大同區錦西街170號旁(雙蓮國小對面)",
        "city": "臺北市",
        "district": "大同區",
        "managing_unit": "臺北市大同區公所",
        "maintenance_unit": "臺北市大同區公所",
        "phone": "2597-5323#302",
        "open_time": "0:00~24:00",
        "location": "廣場旁",
        "status": "正常",
        "info_url": "https://gismobile.water.gov.taipei:8443/W/S.aspx?SD=1261",
        "photo_url": "https://gismobile.water.gov.taipei/WaterMap_drinkImg/1261.JPG"
      }
    },
    {
      "type": "Feature",
      "geometry": {
        "type": "Point",
        "coordinates": [
          121.512916,
          25.055795
        ]
      },
      "properties": {
        "source_type": "直飲臺",
        "name": "朝陽茶業公園",
        "address": "臺北市大同區重慶北路二段64巷26號對面(有記茶行對面)",
        "city": "臺北市",
        "district": "大同區",
        "managing_unit": "臺北市大同區公所",
        "maintenance_unit": "臺北市大同區公所",
        "phone": "2597-5323#302",
        "open_time": "0:00~24:00",
        "location": "廣場旁/入口步道旁",
        "status": "正常",
        "info_url": "https://gismobile.water.gov.taipei:8443/W/S.aspx?SD=1262",
        "photo_url": "https://gismobile.water.gov.taipei/WaterMap_drinkImg/1262.JPG"
      }
    },
    {
      "type": "Feature",
      "geometry": {
        "type": "Point",
        "coordinates": [
          121.508852,
          25.05803
        ]
      },
      "properties": {
        "source_type": "直飲臺",
        "name": "忠和公園",
        "address": "臺北市大同區歸綏街246號對面",
        "city": "臺北市",
        "district": "大同區",
        "managing_unit": "臺北市大同區公所",
        "maintenance_unit": "臺北市大同區公所",
        "phone": "2597-5323#302",
        "open_time": "0:00~24:00",
        "location": "入口人行道旁",
        "status": "正常",
        "info_url": "https://gismobile.water.gov.taipei:8443/W/S.aspx?SD=1263",
        "photo_url": "https://gismobile.water.gov.taipei/WaterMap_drinkImg/1263.JPG"
      }
    },
    {
      "type": "Feature",
      "geometry": {
        "type": "Point",
        "coordinates": [
          121.512986,
          25.06539
        ]
      },
      "properties": {
        "source_type": "直飲臺",
        "name": "景化公園",
        "address": "臺北市大同區伊寧街9巷19號對面",
        "city": "臺北市",
        "district": "大同區",
        "managing_unit": "臺北市大同區公所",
        "maintenance_unit": "臺北市大同區公所",
        "phone": "2597-5323#302",
        "open_time": "0:00~24:00",
        "location": "公園西側入處旁",
        "status": "正常",
        "info_url": "https://gismobile.water.gov.taipei:8443/W/S.aspx?SD=1265",
        "photo_url": "https://gismobile.water.gov.taipei/WaterMap_drinkImg/1265.JPG"
      }
    },
    {
      "type": "Feature",
      "geometry": {
        "type": "Point",
        "coordinates": [
          121.5102,
          25.0545
        ]
      },
      "properties": {
        "source_type": "直飲臺",
        "name": "永樂市場",
        "address": "台北市大同區迪化街21號",
        "city": "臺北市",
        "district": "大同區",
        "managing_unit": "工務局公園處",
        "maintenance_unit": "工務局公園處園藝工程隊",
        "phone": "23815132＃318",
        "open_time": "0:00~24:02",
        "location": "人行道",
        "status": "正常",
        "info_url": "https://gismobile.water.gov.taipei:8443/W/S.aspx?SD=1268",
        "photo_url": "https://gismobile.water.gov.taipei/WaterMap_drinkImg/1268.JPG"
      }
    },
    {
      "type": "Feature",
      "geometry": {
        "type": "Point",
        "coordinates": [
          121.5205,
          25.0596
        ]
      },
      "properties": {
        "source_type": "直飲臺",
        "name": "文昌宮廊道",
        "address": "台北市大同區錦西街38巷26號前捷運綠廊花圃",
        "city": "臺北市",
        "district": "大同區",
        "managing_unit": "工務局公園處",
        "maintenance_unit": "工務局公園處園藝工程隊",
        "phone": "23815132＃318",
        "open_time": "0:00~24:01",
        "location": "人行道",
        "status": "正常",
        "info_url": "https://gismobile.water.gov.taipei:8443/W/S.aspx?SD=1269",
        "photo_url": "https://gismobile.water.gov.taipei/WaterMap_drinkImg/1269.JPG"
      }
    },
    {
      "type": "Feature",
      "geometry": {
        "type": "Point",
        "coordinates": [
          121.51456,
          25.049432
        ]
      },
      "properties": {
        "source_type": "直飲臺",
        "name": "太原商圈",
        "address": "台北市大同區太原路(捷運Y13出口前)",
        "city": "臺北市",
        "district": "大同區",
        "managing_unit": "工務局公園處",
        "maintenance_unit": "工務局公園處園藝工程隊",
        "phone": "23815132＃318",
        "open_time": "0:00~24:00",
        "location": "人行道",
        "status": "正常",
        "info_url": "https://gismobile.water.gov.taipei:8443/W/S.aspx?SD=1270",
        "photo_url": "https://gismobile.water.gov.taipei/WaterMap_drinkImg/1270.JPG"
      }
    },
    {
      "type": "Feature",
      "geometry": {
        "type": "Point",
        "coordinates": [
          121.510368,
          25.049506
        ]
      },
      "properties": {
        "source_type": "直飲臺",
        "name": "臺博館鐵道部園區旁",
        "address": "塔城街捷運北門站2號出口處",
        "city": "臺北市",
        "district": "大同區",
        "managing_unit": "臺北自來水事業處",
        "maintenance_unit": "北水處北區分處",
        "phone": "21004100",
        "open_time": "0:00~24:00",
        "location": "人行道",
        "status": "正常",
        "info_url": "https://gismobile.water.gov.taipei:8443/W/S.aspx?SD=1271",
        "photo_url": "https://gismobile.water.gov.taipei/WaterMap_drinkImg/1271.JPG"
      }
    },
    {
      "type": "Feature",
      "geometry": {
        "type": "Point",
        "coordinates": [
          121.52032,
          25.050422
        ]
      },
      "properties": {
        "source_type": "直飲臺",
        "name": "新光三越商圈",
        "address": "臺北市中山區中山北路二段48巷7號",
        "city": "臺北市",
        "district": "大同區",
        "managing_unit": "臺北自來水事業處",
        "maintenance_unit": "北水處北區分處",
        "phone": "21004100",
        "open_time": "0:00~24:00",
        "location": "臺北市中山區長安西路19巷27-1號",
        "status": "正常",
        "info_url": "https://gismobile.water.gov.taipei:8443/W/S.aspx?SD=1272",
        "photo_url": "https://gismobile.water.gov.taipei/WaterMap_drinkImg/1272.JPG"
      }
    },
    {
      "type": "Feature",
      "geometry": {
        "type": "Point",
        "coordinates": [
          121.591607,
          25.044689
        ]
      },
      "properties": {
        "source_type": "直飲臺",
        "name": "南港公園",
        "address": "臺北市南港區東新街170號",
        "city": "臺北市",
        "district": "南港區",
        "managing_unit": "工務局公園處",
        "maintenance_unit": "工務局公園處南港管理所",
        "phone": "02-27833685",
        "open_time": "0:00~24:00",
        "location": "籃球場旁",
        "status": "正常",
        "info_url": "https://gismobile.water.gov.taipei:8443/W/S.aspx?SD=1307",
        "photo_url": "https://gismobile.water.gov.taipei/WaterMap_drinkImg/1307.JPG"
      }
    },
    {
      "type": "Feature",
      "geometry": {
        "type": "Point",
        "coordinates": [
          121.592,
          25.0446
        ]
      },
      "properties": {
        "source_type": "直飲臺",
        "name": "南港公園",
        "address": "臺北市南港區東新街170號",
        "city": "臺北市",
        "district": "南港區",
        "managing_unit": "工務局公園處",
        "maintenance_unit": "工務局公園處南港管理所",
        "phone": "02-27833685",
        "open_time": "0:00~24:00",
        "location": "廣場旁",
        "status": "正常",
        "info_url": "https://gismobile.water.gov.taipei:8443/W/S.aspx?SD=1307a",
        "photo_url": "https://gismobile.water.gov.taipei/WaterMap_drinkImg/1307a.JPG"
      }
    },
    {
      "type": "Feature",
      "geometry": {
        "type": "Point",
        "coordinates": [
          121.586842,
          25.042211
        ]
      },
      "properties": {
        "source_type": "直飲臺",
        "name": "玉成公園",
        "address": "臺北市南港區成福路105號對面",
        "city": "臺北市",
        "district": "南港區",
        "managing_unit": "工務局公園處",
        "maintenance_unit": "工務局公園處南港管理所",
        "phone": "02-27833685",
        "open_time": "0:00~24:00",
        "location": "籃球場旁",
        "status": "正常",
        "info_url": "https://gismobile.water.gov.taipei:8443/W/S.aspx?SD=1323",
        "photo_url": "https://gismobile.water.gov.taipei/WaterMap_drinkImg/1323.JPG"
      }
    },
    {
      "type": "Feature",
      "geometry": {
        "type": "Point",
        "coordinates": [
          121.58557,
          25.042704
        ]
      },
      "properties": {
        "source_type": "直飲臺",
        "name": "玉成公園",
        "address": "臺北市南港區玉成街241號對面",
        "city": "臺北市",
        "district": "南港區",
        "managing_unit": "工務局公園處",
        "maintenance_unit": "工務局公園處南港管理所",
        "phone": "02-27833685",
        "open_time": "0:00~24:00",
        "location": "遊戲場旁",
        "status": "正常",
        "info_url": "https://gismobile.water.gov.taipei:8443/W/S.aspx?SD=1323a",
        "photo_url": "https://gismobile.water.gov.taipei/WaterMap_drinkImg/1323a.JPG"
      }
    },
    {
      "type": "Feature",
      "geometry": {
        "type": "Point",
        "coordinates": [
          121.586212,
          25.042687
        ]
      },
      "properties": {
        "source_type": "直飲臺",
        "name": "玉成公園",
        "address": "臺北市南港區中坡南路55號",
        "city": "臺北市",
        "district": "南港區",
        "managing_unit": "工務局公園處",
        "maintenance_unit": "工務局公園處南港管理所",
        "phone": "02-27833685",
        "open_time": "0:00~24:00",
        "location": "涼亭旁",
        "status": "正常",
        "info_url": "https://gismobile.water.gov.taipei:8443/W/S.aspx?SD=1323b",
        "photo_url": "https://gismobile.water.gov.taipei/WaterMap_drinkImg/1323b.JPG"
      }
    },
    {
      "type": "Feature",
      "geometry": {
        "type": "Point",
        "coordinates": [
          121.582865,
          25.082695
        ]
      },
      "properties": {
        "source_type": "直飲臺",
        "name": "碧湖公園",
        "address": "臺北市內湖區內湖路2段175號",
        "city": "臺北市",
        "district": "內湖區",
        "managing_unit": "工務局公園處",
        "maintenance_unit": "工務局公園處花卉試驗中心內湖分隊",
        "phone": "26586601",
        "open_time": "0:00~24:00",
        "location": "閱覽室門口",
        "status": "正常",
        "info_url": "https://gismobile.water.gov.taipei:8443/W/S.aspx?SD=1324",
        "photo_url": "https://gismobile.water.gov.taipei/WaterMap_drinkImg/1324.JPG"
      }
    },
    {
      "type": "Feature",
      "geometry": {
        "type": "Point",
        "coordinates": [
          121.61783,
          25.04069
        ]
      },
      "properties": {
        "source_type": "直飲臺",
        "name": "胡適公園",
        "address": "臺北市南港區研究院路2段128號對面",
        "city": "臺北市",
        "district": "南港區",
        "managing_unit": "工務局公園處",
        "maintenance_unit": "工務局公園處南港管理所",
        "phone": "02-27833685",
        "open_time": "0:00~24:00",
        "location": "涼亭旁",
        "status": "正常",
        "info_url": "https://gismobile.water.gov.taipei:8443/W/S.aspx?SD=1342",
        "photo_url": "https://gismobile.water.gov.taipei/WaterMap_drinkImg/1342.JPG"
      }
    },
    {
      "type": "Feature",
      "geometry": {
        "type": "Point",
        "coordinates": [
          121.606124,
          25.054072
        ]
      },
      "properties": {
        "source_type": "直飲臺",
        "name": "瓶蓋印象公園",
        "address": "臺北市南港區南港路2段10號對面",
        "city": "臺北市",
        "district": "南港區",
        "managing_unit": "臺北市南港區公所",
        "maintenance_unit": "臺北市南港區公所",
        "phone": "27831343#915",
        "open_time": "0:00~24:00",
        "location": "公園北側(靠南港路2段)",
        "status": "正常",
        "info_url": "https://gismobile.water.gov.taipei:8443/W/S.aspx?SD=1343a",
        "photo_url": "https://gismobile.water.gov.taipei/WaterMap_drinkImg/1343a.JPG"
      }
    },
    {
      "type": "Feature",
      "geometry": {
        "type": "Point",
        "coordinates": [
          121.606265,
          25.053451
        ]
      },
      "properties": {
        "source_type": "直飲臺",
        "name": "瓶蓋印象公園",
        "address": "臺北市南港區南港路2段10號對面",
        "city": "臺北市",
        "district": "南港區",
        "managing_unit": "臺北市南港區公所",
        "maintenance_unit": "臺北市南港區公所",
        "phone": "27831343#915",
        "open_time": "0:00~24:00",
        "location": "公園南側(靠市民大道8段)",
        "status": "正常",
        "info_url": "https://gismobile.water.gov.taipei:8443/W/S.aspx?SD=1343b",
        "photo_url": "https://gismobile.water.gov.taipei/WaterMap_drinkImg/1343b.JPG"
      }
    },
    {
      "type": "Feature",
      "geometry": {
        "type": "Point",
        "coordinates": [
          121.587504,
          25.036359
        ]
      },
      "properties": {
        "source_type": "直飲臺",
        "name": "虎山步道",
        "address": "臺北市信義區福德街251巷巷底",
        "city": "臺北市",
        "district": "信義區",
        "managing_unit": "工務局大地工程處",
        "maintenance_unit": "大地工程處道路步道科",
        "phone": "27593001轉2312",
        "open_time": "0:00~24:00",
        "location": "公廁下方",
        "status": "正常",
        "info_url": "https://gismobile.water.gov.taipei:8443/W/S.aspx?SD=1344",
        "photo_url": "https://gismobile.water.gov.taipei/WaterMap_drinkImg/1344.JPG"
      }
    },
    {
      "type": "Feature",
      "geometry": {
        "type": "Point",
        "coordinates": [
          121.612972,
          25.046694
        ]
      },
      "properties": {
        "source_type": "直飲臺",
        "name": "中研公園",
        "address": "臺北市南港區研究院路二段70巷47弄28號對面",
        "city": "臺北市",
        "district": "南港區",
        "managing_unit": "工務局公園處",
        "maintenance_unit": "工務局公園處南港管理所",
        "phone": "02-27833685",
        "open_time": "24H",
        "location": "中研公園內",
        "status": "正常",
        "info_url": "https://gismobile.water.gov.taipei:8443/W/S.aspx?SD=1350",
        "photo_url": "https://gismobile.water.gov.taipei/WaterMap_drinkImg/1350.JPG"
      }
    },
    {
      "type": "Feature",
      "geometry": {
        "type": "Point",
        "coordinates": [
          121.590389,
          25.051595
        ]
      },
      "properties": {
        "source_type": "直飲臺",
        "name": "新新公園",
        "address": "臺北市南港區南港路三段109巷南側",
        "city": "臺北市",
        "district": "南港區",
        "managing_unit": "工務局公園處",
        "maintenance_unit": "工務局公園處南港管理所",
        "phone": "02-27833685",
        "open_time": "0:00~24:00",
        "location": "廁所旁",
        "status": "正常",
        "info_url": "https://gismobile.water.gov.taipei:8443/W/S.aspx?SD=1351",
        "photo_url": "https://gismobile.water.gov.taipei/WaterMap_drinkImg/1351.JPG"
      }
    },
    {
      "type": "Feature",
      "geometry": {
        "type": "Point",
        "coordinates": [
          121.61725,
          25.05518
        ]
      },
      "properties": {
        "source_type": "直飲臺",
        "name": "南港展覽館",
        "address": "臺北市南港區南港路1段32號人行道",
        "city": "臺北市",
        "district": "南港區",
        "managing_unit": "臺北自來水事業處",
        "maintenance_unit": "北水處東區分處",
        "phone": "87703360",
        "open_time": "0:00~24:00",
        "location": "人行道",
        "status": "正常",
        "info_url": "https://gismobile.water.gov.taipei:8443/W/S.aspx?SD=1353",
        "photo_url": "https://gismobile.water.gov.taipei/WaterMap_drinkImg/1353.JPG"
      }
    },
    {
      "type": "Feature",
      "geometry": {
        "type": "Point",
        "coordinates": [
          121.567139,
          25.082022
        ]
      },
      "properties": {
        "source_type": "直飲臺",
        "name": "西湖站",
        "address": "臺北市內湖區內湖路1段256號",
        "city": "臺北市",
        "district": "內湖區",
        "managing_unit": "臺北大眾捷運股份有限公司",
        "maintenance_unit": "臺北大眾捷運股份有限公司(棕線)",
        "phone": "25363001#8653",
        "open_time": "06:00~23:00",
        "location": "2號出口",
        "status": "正常",
        "info_url": "https://gismobile.water.gov.taipei:8443/W/S.aspx?SD=1460",
        "photo_url": "https://gismobile.water.gov.taipei/WaterMap_drinkImg/1460.JPG"
      }
    },
    {
      "type": "Feature",
      "geometry": {
        "type": "Point",
        "coordinates": [
          121.567139,
          25.082022
        ]
      },
      "properties": {
        "source_type": "直飲臺",
        "name": "西湖站",
        "address": "臺北市內湖區內湖路1段256號",
        "city": "臺北市",
        "district": "內湖區",
        "managing_unit": "臺北大眾捷運股份有限公司",
        "maintenance_unit": "臺北大眾捷運股份有限公司(棕線)",
        "phone": "25363001#8653",
        "open_time": "06:00~23:00",
        "location": "2號出口",
        "status": "正常",
        "info_url": "https://gismobile.water.gov.taipei:8443/W/S.aspx?SD=1460a",
        "photo_url": "https://gismobile.water.gov.taipei/WaterMap_drinkImg/1460a.JPG"
      }
    },
    {
      "type": "Feature",
      "geometry": {
        "type": "Point",
        "coordinates": [
          121.575722,
          25.080116
        ]
      },
      "properties": {
        "source_type": "直飲臺",
        "name": "港墘站",
        "address": "臺北市內湖區內湖路1段663號",
        "city": "臺北市",
        "district": "內湖區",
        "managing_unit": "臺北大眾捷運股份有限公司",
        "maintenance_unit": "臺北大眾捷運股份有限公司(棕線)",
        "phone": "25363001#8653",
        "open_time": "06:00~23:00",
        "location": "1號出口",
        "status": "正常",
        "info_url": "https://gismobile.water.gov.taipei:8443/W/S.aspx?SD=1462",
        "photo_url": "https://gismobile.water.gov.taipei/WaterMap_drinkImg/1462.JPG"
      }
    },
    {
      "type": "Feature",
      "geometry": {
        "type": "Point",
        "coordinates": [
          121.575722,
          25.080116
        ]
      },
      "properties": {
        "source_type": "直飲臺",
        "name": "港墘站",
        "address": "臺北市內湖區內湖路1段663號",
        "city": "臺北市",
        "district": "內湖區",
        "managing_unit": "臺北大眾捷運股份有限公司",
        "maintenance_unit": "臺北大眾捷運股份有限公司(棕線)",
        "phone": "25363001#8653",
        "open_time": "06:00~23:00",
        "location": "1號出口",
        "status": "正常",
        "info_url": "https://gismobile.water.gov.taipei:8443/W/S.aspx?SD=1462a",
        "photo_url": "https://gismobile.water.gov.taipei/WaterMap_drinkImg/1462a.JPG"
      }
    },
    {
      "type": "Feature",
      "geometry": {
        "type": "Point",
        "coordinates": [
          121.584465,
          25.078349
        ]
      },
      "properties": {
        "source_type": "直飲臺",
        "name": "文德站",
        "address": "臺北市內湖區文德路214號",
        "city": "臺北市",
        "district": "內湖區",
        "managing_unit": "臺北大眾捷運股份有限公司",
        "maintenance_unit": "臺北大眾捷運股份有限公司(棕線)",
        "phone": "25363001#8653",
        "open_time": "06:00~23:00",
        "location": "2號出口",
        "status": "正常",
        "info_url": "https://gismobile.water.gov.taipei:8443/W/S.aspx?SD=1463",
        "photo_url": "https://gismobile.water.gov.taipei/WaterMap_drinkImg/1463.JPG"
      }
    },
    {
      "type": "Feature",
      "geometry": {
        "type": "Point",
        "coordinates": [
          121.584465,
          25.078349
        ]
      },
      "properties": {
        "source_type": "直飲臺",
        "name": "文德站",
        "address": "臺北市內湖區文德路214號",
        "city": "臺北市",
        "district": "內湖區",
        "managing_unit": "臺北大眾捷運股份有限公司",
        "maintenance_unit": "臺北大眾捷運股份有限公司(棕線)",
        "phone": "25363001#8653",
        "open_time": "06:00~23:00",
        "location": "2號出口",
        "status": "正常",
        "info_url": "https://gismobile.water.gov.taipei:8443/W/S.aspx?SD=1463a",
        "photo_url": "https://gismobile.water.gov.taipei/WaterMap_drinkImg/1463a.JPG"
      }
    },
    {
      "type": "Feature",
      "geometry": {
        "type": "Point",
        "coordinates": [
          121.594299,
          25.083822
        ]
      },
      "properties": {
        "source_type": "直飲臺",
        "name": "內湖站",
        "address": "臺北市內湖區成功路4段186號",
        "city": "臺北市",
        "district": "內湖區",
        "managing_unit": "臺北大眾捷運股份有限公司",
        "maintenance_unit": "臺北大眾捷運股份有限公司(棕線)",
        "phone": "25363001#8653",
        "open_time": "06:00~23:00",
        "location": "1號出口",
        "status": "正常",
        "info_url": "https://gismobile.water.gov.taipei:8443/W/S.aspx?SD=1464",
        "photo_url": "https://gismobile.water.gov.taipei/WaterMap_drinkImg/1464.JPG"
      }
    },
    {
      "type": "Feature",
      "geometry": {
        "type": "Point",
        "coordinates": [
          121.594299,
          25.083822
        ]
      },
      "properties": {
        "source_type": "直飲臺",
        "name": "內湖站",
        "address": "臺北市內湖區成功路4段186號",
        "city": "臺北市",
        "district": "內湖區",
        "managing_unit": "臺北大眾捷運股份有限公司",
        "maintenance_unit": "臺北大眾捷運股份有限公司(棕線)",
        "phone": "25363001#8653",
        "open_time": "06:00~23:00",
        "location": "1號出口",
        "status": "正常",
        "info_url": "https://gismobile.water.gov.taipei:8443/W/S.aspx?SD=1464a",
        "photo_url": "https://gismobile.water.gov.taipei/WaterMap_drinkImg/1464a.JPG"
      }
    },
    {
      "type": "Feature",
      "geometry": {
        "type": "Point",
        "coordinates": [
          121.602242,
          25.083679
        ]
      },
      "properties": {
        "source_type": "直飲臺",
        "name": "大湖公園站",
        "address": "臺北市內湖區成功路5段11號",
        "city": "臺北市",
        "district": "內湖區",
        "managing_unit": "臺北大眾捷運股份有限公司",
        "maintenance_unit": "臺北大眾捷運股份有限公司(棕線)",
        "phone": "25363001#8653",
        "open_time": "06:00~23:00",
        "location": "2號出口",
        "status": "正常",
        "info_url": "https://gismobile.water.gov.taipei:8443/W/S.aspx?SD=1465",
        "photo_url": "https://gismobile.water.gov.taipei/WaterMap_drinkImg/1465.JPG"
      }
    },
    {
      "type": "Feature",
      "geometry": {
        "type": "Point",
        "coordinates": [
          121.602242,
          25.083679
        ]
      },
      "properties": {
        "source_type": "直飲臺",
        "name": "大湖公園站",
        "address": "臺北市內湖區成功路5段11號",
        "city": "臺北市",
        "district": "內湖區",
        "managing_unit": "臺北大眾捷運股份有限公司",
        "maintenance_unit": "臺北大眾捷運股份有限公司(棕線)",
        "phone": "25363001#8653",
        "open_time": "06:00~23:00",
        "location": "2號出口",
        "status": "正常",
        "info_url": "https://gismobile.water.gov.taipei:8443/W/S.aspx?SD=1465a",
        "photo_url": "https://gismobile.water.gov.taipei/WaterMap_drinkImg/1465a.JPG"
      }
    },
    {
      "type": "Feature",
      "geometry": {
        "type": "Point",
        "coordinates": [
          121.607194,
          25.072543
        ]
      },
      "properties": {
        "source_type": "直飲臺",
        "name": "葫洲站",
        "address": "臺北市內湖區康寧路3段16號",
        "city": "臺北市",
        "district": "內湖區",
        "managing_unit": "臺北大眾捷運股份有限公司",
        "maintenance_unit": "臺北大眾捷運股份有限公司(棕線)",
        "phone": "25363001#8653",
        "open_time": "06:00~23:00",
        "location": "2號出口",
        "status": "正常",
        "info_url": "https://gismobile.water.gov.taipei:8443/W/S.aspx?SD=1466",
        "photo_url": "https://gismobile.water.gov.taipei/WaterMap_drinkImg/1466.JPG"
      }
    },
    {
      "type": "Feature",
      "geometry": {
        "type": "Point",
        "coordinates": [
          121.607194,
          25.072543
        ]
      },
      "properties": {
        "source_type": "直飲臺",
        "name": "葫洲站",
        "address": "臺北市內湖區康寧路3段16號",
        "city": "臺北市",
        "district": "內湖區",
        "managing_unit": "臺北大眾捷運股份有限公司",
        "maintenance_unit": "臺北大眾捷運股份有限公司(棕線)",
        "phone": "25363001#8653",
        "open_time": "06:00~23:00",
        "location": "2號出口",
        "status": "正常",
        "info_url": "https://gismobile.water.gov.taipei:8443/W/S.aspx?SD=1466a",
        "photo_url": "https://gismobile.water.gov.taipei/WaterMap_drinkImg/1466a.JPG"
      }
    },
    {
      "type": "Feature",
      "geometry": {
        "type": "Point",
        "coordinates": [
          121.611888,
          25.06709
        ]
      },
      "properties": {
        "source_type": "直飲臺",
        "name": "東湖站",
        "address": "臺北市內湖區康寧路3段235號",
        "city": "臺北市",
        "district": "內湖區",
        "managing_unit": "臺北大眾捷運股份有限公司",
        "maintenance_unit": "臺北大眾捷運股份有限公司(棕線)",
        "phone": "25363001#8653",
        "open_time": "06:00~23:00",
        "location": "3號出口",
        "status": "正常",
        "info_url": "https://gismobile.water.gov.taipei:8443/W/S.aspx?SD=1467",
        "photo_url": "https://gismobile.water.gov.taipei/WaterMap_drinkImg/1467.JPG"
      }
    },
    {
      "type": "Feature",
      "geometry": {
        "type": "Point",
        "coordinates": [
          121.611888,
          25.06709
        ]
      },
      "properties": {
        "source_type": "直飲臺",
        "name": "東湖站",
        "address": "臺北市內湖區康寧路3段235號",
        "city": "臺北市",
        "district": "內湖區",
        "managing_unit": "臺北大眾捷運股份有限公司",
        "maintenance_unit": "臺北大眾捷運股份有限公司(棕線)",
        "phone": "25363001#8653",
        "open_time": "06:00~23:00",
        "location": "3號出口",
        "status": "正常",
        "info_url": "https://gismobile.water.gov.taipei:8443/W/S.aspx?SD=1467a",
        "photo_url": "https://gismobile.water.gov.taipei/WaterMap_drinkImg/1467a.JPG"
      }
    },
    {
      "type": "Feature",
      "geometry": {
        "type": "Point",
        "coordinates": [
          121.574422,
          25.068674
        ]
      },
      "properties": {
        "source_type": "直飲臺",
        "name": "內湖運動公園",
        "address": "臺北市內湖區舊宗路二段2號(內湖污水處理廠回饋公園)",
        "city": "臺北市",
        "district": "內湖區",
        "managing_unit": "工務局衛生下水道工程處",
        "maintenance_unit": "衛工處內湖污水廠",
        "phone": "27906833",
        "open_time": "0:00~24:00",
        "location": "遊戲場旁",
        "status": "正常",
        "info_url": "https://gismobile.water.gov.taipei:8443/W/S.aspx?SD=1469",
        "photo_url": "https://gismobile.water.gov.taipei/WaterMap_drinkImg/1469.JPG"
      }
    },
    {
      "type": "Feature",
      "geometry": {
        "type": "Point",
        "coordinates": [
          121.603267,
          25.080472
        ]
      },
      "properties": {
        "source_type": "直飲臺",
        "name": "大湖公園",
        "address": "臺北市內湖區成功路五段31號",
        "city": "臺北市",
        "district": "內湖區",
        "managing_unit": "工務局公園處",
        "maintenance_unit": "工務局公園處花卉試驗中心內湖分隊",
        "phone": "26586601",
        "open_time": "0:00~24:00",
        "location": "下錦帶橋右邊",
        "status": "正常",
        "info_url": "https://gismobile.water.gov.taipei:8443/W/S.aspx?SD=1472",
        "photo_url": "https://gismobile.water.gov.taipei/WaterMap_drinkImg/1472.JPG"
      }
    },
    {
      "type": "Feature",
      "geometry": {
        "type": "Point",
        "coordinates": [
          121.602444,
          25.082061
        ]
      },
      "properties": {
        "source_type": "直飲臺",
        "name": "大湖公園",
        "address": "臺北市內湖區成功路5段31號",
        "city": "臺北市",
        "district": "內湖區",
        "managing_unit": "工務局公園處",
        "maintenance_unit": "工務局公園處花卉試驗中心內湖分隊",
        "phone": "26586601",
        "open_time": "00:00~24:00",
        "location": "台北市內湖區大湖街166巷44號對面公園內樓梯旁",
        "status": "正常",
        "info_url": "https://gismobile.water.gov.taipei:8443/W/S.aspx?SD=1473a",
        "photo_url": "https://gismobile.water.gov.taipei/WaterMap_drinkImg/1473a.JPG"
      }
    },
    {
      "type": "Feature",
      "geometry": {
        "type": "Point",
        "coordinates": [
          121.60364,
          25.0825
        ]
      },
      "properties": {
        "source_type": "直飲臺",
        "name": "大湖公園",
        "address": "臺北市內湖區成功路5段31號",
        "city": "臺北市",
        "district": "內湖區",
        "managing_unit": "工務局公園處",
        "maintenance_unit": "工務局公園處花卉試驗中心內湖分隊",
        "phone": "26586601",
        "open_time": "00:00~24:00",
        "location": "台北市內湖區大湖公園游泳池後方人行天橋下方",
        "status": "正常",
        "info_url": "https://gismobile.water.gov.taipei:8443/W/S.aspx?SD=1473b",
        "photo_url": "https://gismobile.water.gov.taipei/WaterMap_drinkImg/1473b.JPG"
      }
    },
    {
      "type": "Feature",
      "geometry": {
        "type": "Point",
        "coordinates": [
          121.59603,
          25.09083
        ]
      },
      "properties": {
        "source_type": "直飲臺",
        "name": "碧湖步道",
        "address": "臺北市內湖區大湖街131巷新福本坑前",
        "city": "臺北市",
        "district": "內湖區",
        "managing_unit": "工務局大地工程處",
        "maintenance_unit": "大地工程處道路步道科",
        "phone": "27593001轉2312",
        "open_time": "0:00~24:00",
        "location": "新福本坑前",
        "status": "正常",
        "info_url": "https://gismobile.water.gov.taipei:8443/W/S.aspx?SD=1474",
        "photo_url": "https://gismobile.water.gov.taipei/WaterMap_drinkImg/1474.JPG"
      }
    },
    {
      "type": "Feature",
      "geometry": {
        "type": "Point",
        "coordinates": [
          121.58924,
          25.09594
        ]
      },
      "properties": {
        "source_type": "直飲臺",
        "name": "鯉魚山步道",
        "address": "臺北市內湖區碧山路33號旁",
        "city": "臺北市",
        "district": "內湖區",
        "managing_unit": "工務局大地工程處",
        "maintenance_unit": "大地工程處道路步道科",
        "phone": "27593001轉2312",
        "open_time": "0:00~24:00",
        "location": "碧山路33號旁",
        "status": "正常",
        "info_url": "https://gismobile.water.gov.taipei:8443/W/S.aspx?SD=1475",
        "photo_url": "https://gismobile.water.gov.taipei/WaterMap_drinkImg/1475.JPG"
      }
    },
    {
      "type": "Feature",
      "geometry": {
        "type": "Point",
        "coordinates": [
          121.585784,
          25.082067
        ]
      },
      "properties": {
        "source_type": "直飲臺",
        "name": "碧湖公園",
        "address": "臺北市內湖區內湖路2段103巷東側",
        "city": "臺北市",
        "district": "內湖區",
        "managing_unit": "工務局公園處",
        "maintenance_unit": "工務局公園處花卉試驗中心內湖分隊",
        "phone": "26586601",
        "open_time": "0:00~24:00",
        "location": "東側兒童遊戲區",
        "status": "正常",
        "info_url": "https://gismobile.water.gov.taipei:8443/W/S.aspx?SD=1476a",
        "photo_url": "https://gismobile.water.gov.taipei/WaterMap_drinkImg/1476a.JPG"
      }
    },
    {
      "type": "Feature",
      "geometry": {
        "type": "Point",
        "coordinates": [
          121.582477,
          25.080413
        ]
      },
      "properties": {
        "source_type": "直飲臺",
        "name": "碧湖公園",
        "address": "臺北市內湖區內湖路2段103巷東側",
        "city": "臺北市",
        "district": "內湖區",
        "managing_unit": "工務局公園處",
        "maintenance_unit": "工務局公園處花卉試驗中心內湖分隊",
        "phone": "26586601",
        "open_time": "0:00~24:00",
        "location": "西側涼亭旁",
        "status": "正常",
        "info_url": "https://gismobile.water.gov.taipei:8443/W/S.aspx?SD=1476b",
        "photo_url": "https://gismobile.water.gov.taipei/WaterMap_drinkImg/1476b.JPG"
      }
    },
    {
      "type": "Feature",
      "geometry": {
        "type": "Point",
        "coordinates": [
          121.618985,
          25.068404
        ]
      },
      "properties": {
        "source_type": "直飲臺",
        "name": "樂活公園",
        "address": "臺北市內湖區康樂街61巷10號對面",
        "city": "臺北市",
        "district": "內湖區",
        "managing_unit": "工務局公園處",
        "maintenance_unit": "工務局公園處花卉試驗中心內湖分隊",
        "phone": "26586601",
        "open_time": "0:00~24:00",
        "location": "東側兒童遊戲區",
        "status": "正常",
        "info_url": "https://gismobile.water.gov.taipei:8443/W/S.aspx?SD=1477",
        "photo_url": "https://gismobile.water.gov.taipei/WaterMap_drinkImg/1477.JPG"
      }
    },
    {
      "type": "Feature",
      "geometry": {
        "type": "Point",
        "coordinates": [
          121.57358,
          25.07797
        ]
      },
      "properties": {
        "source_type": "直飲臺",
        "name": "大港墘公園",
        "address": "臺北市內湖區瑞光路與港墘路口西北側",
        "city": "臺北市",
        "district": "內湖區",
        "managing_unit": "工務局公園處",
        "maintenance_unit": "工務局公園處花卉試驗中心內湖分隊",
        "phone": "26586601",
        "open_time": "0:00~24:00",
        "location": "瑞光路393巷內80公尺右邊",
        "status": "正常",
        "info_url": "https://gismobile.water.gov.taipei:8443/W/S.aspx?SD=1479",
        "photo_url": "https://gismobile.water.gov.taipei/WaterMap_drinkImg/1479.JPG"
      }
    },
    {
      "type": "Feature",
      "geometry": {
        "type": "Point",
        "coordinates": [
          121.564208,
          25.083066
        ]
      },
      "properties": {
        "source_type": "直飲臺",
        "name": "西康公園",
        "address": "臺北市內湖區內湖路一段217巷公車站牌旁",
        "city": "臺北市",
        "district": "內湖區",
        "managing_unit": "臺北市內湖區公所",
        "maintenance_unit": "臺北市內湖區公所",
        "phone": "27925828#289",
        "open_time": "0:00~24:00",
        "location": "內湖路一段217巷公車站牌旁",
        "status": "正常",
        "info_url": "https://gismobile.water.gov.taipei:8443/W/S.aspx?SD=1481",
        "photo_url": "https://gismobile.water.gov.taipei/WaterMap_drinkImg/1481.JPG"
      }
    },
    {
      "type": "Feature",
      "geometry": {
        "type": "Point",
        "coordinates": [
          121.57865,
          25.05723
        ]
      },
      "properties": {
        "source_type": "直飲臺",
        "name": "美善公園",
        "address": "臺北市內湖區行善路59巷40弄20號對面",
        "city": "臺北市",
        "district": "內湖區",
        "managing_unit": "臺北市內湖區公所",
        "maintenance_unit": "臺北市內湖區公所",
        "phone": "27925828#289",
        "open_time": "0:00~24:00",
        "location": "遊戲區旁",
        "status": "正常",
        "info_url": "https://gismobile.water.gov.taipei:8443/W/S.aspx?SD=1482",
        "photo_url": "https://gismobile.water.gov.taipei/WaterMap_drinkImg/1482.JPG"
      }
    },
    {
      "type": "Feature",
      "geometry": {
        "type": "Point",
        "coordinates": [
          121.563833,
          25.084661
        ]
      },
      "properties": {
        "source_type": "直飲臺",
        "name": "西康二號公園",
        "address": "臺北市內湖區環山路1段24巷內",
        "city": "臺北市",
        "district": "內湖區",
        "managing_unit": "臺北市內湖區公所",
        "maintenance_unit": "臺北市內湖區公所",
        "phone": "27925828#289",
        "open_time": "0:00~24:00",
        "location": "入口處",
        "status": "正常",
        "info_url": "https://gismobile.water.gov.taipei:8443/W/S.aspx?SD=1483",
        "photo_url": "https://gismobile.water.gov.taipei/WaterMap_drinkImg/1483.JPG"
      }
    },
    {
      "type": "Feature",
      "geometry": {
        "type": "Point",
        "coordinates": [
          121.581407,
          25.054217
        ]
      },
      "properties": {
        "source_type": "直飲臺",
        "name": "潭美綠地",
        "address": "臺北市內湖區潭美街155號對面",
        "city": "臺北市",
        "district": "內湖區",
        "managing_unit": "工務局水利工程處東區右岸管理站",
        "maintenance_unit": "工務局水利工程處東區右岸管理站",
        "phone": "27208889#2690",
        "open_time": "0:00~24:00",
        "location": "入口右手邊",
        "status": "正常",
        "info_url": "https://gismobile.water.gov.taipei:8443/W/S.aspx?SD=1484",
        "photo_url": "https://gismobile.water.gov.taipei/WaterMap_drinkImg/1484.JPG"
      }
    },
    {
      "type": "Feature",
      "geometry": {
        "type": "Point",
        "coordinates": [
          121.586434,
          25.061942
        ]
      },
      "properties": {
        "source_type": "直飲臺",
        "name": "明美公園",
        "address": "臺北市內湖區南京東路六段451巷57號對面",
        "city": "臺北市",
        "district": "內湖區",
        "managing_unit": "工務局公園處",
        "maintenance_unit": "工務局公園處花卉試驗中心內湖分隊",
        "phone": "26586601",
        "open_time": "0:00~24:00",
        "location": "遊戲區旁",
        "status": "正常",
        "info_url": "https://gismobile.water.gov.taipei:8443/W/S.aspx?SD=1485a",
        "photo_url": "https://gismobile.water.gov.taipei/WaterMap_drinkImg/1485a.JPG"
      }
    },
    {
      "type": "Feature",
      "geometry": {
        "type": "Point",
        "coordinates": [
          121.586854,
          25.060592
        ]
      },
      "properties": {
        "source_type": "直飲臺",
        "name": "明美公園",
        "address": "臺北市內湖區行善路333巷轉角",
        "city": "臺北市",
        "district": "內湖區",
        "managing_unit": "工務局公園處",
        "maintenance_unit": "工務局公園處花卉試驗中心內湖分隊",
        "phone": "26586601",
        "open_time": "0:00~24:00",
        "location": "步道旁",
        "status": "暫停",
        "info_url": "https://gismobile.water.gov.taipei:8443/W/S.aspx?SD=1485b",
        "photo_url": "https://gismobile.water.gov.taipei/WaterMap_drinkImg/1485b.JPG"
      }
    },
    {
      "type": "Feature",
      "geometry": {
        "type": "Point",
        "coordinates": [
          121.581594,
          25.057761
        ]
      },
      "properties": {
        "source_type": "直飲臺",
        "name": "明美公園",
        "address": "臺北市內湖區舊宗路一段2號對面步道腳踏車停車區旁",
        "city": "臺北市",
        "district": "內湖區",
        "managing_unit": "工務局公園處",
        "maintenance_unit": "工務局公園處花卉試驗中心內湖分隊",
        "phone": "26586601",
        "open_time": "0:00~24:00",
        "location": "腳踏車停放區旁",
        "status": "正常",
        "info_url": "https://gismobile.water.gov.taipei:8443/W/S.aspx?SD=1485c",
        "photo_url": "https://gismobile.water.gov.taipei/WaterMap_drinkImg/1485c.JPG"
      }
    },
    {
      "type": "Feature",
      "geometry": {
        "type": "Point",
        "coordinates": [
          121.59198,
          25.08683
        ]
      },
      "properties": {
        "source_type": "直飲臺",
        "name": "碧山公園",
        "address": "臺北市內湖區內湖路三段60巷",
        "city": "臺北市",
        "district": "內湖區",
        "managing_unit": "臺北市內湖區公所",
        "maintenance_unit": "臺北市內湖區公所",
        "phone": "27925828#289",
        "open_time": "0:00~24:00",
        "location": "入口處",
        "status": "正常",
        "info_url": "https://gismobile.water.gov.taipei:8443/W/S.aspx?SD=1486",
        "photo_url": "https://gismobile.water.gov.taipei/WaterMap_drinkImg/1486.JPG"
      }
    },
    {
      "type": "Feature",
      "geometry": {
        "type": "Point",
        "coordinates": [
          121.610877,
          25.073823
        ]
      },
      "properties": {
        "source_type": "直飲臺",
        "name": "東湖2號公園",
        "address": "臺北市內湖區康寧路三段99巷39弄27號對面",
        "city": "臺北市",
        "district": "內湖區",
        "managing_unit": "臺北市內湖區公所",
        "maintenance_unit": "臺北市內湖區公所",
        "phone": "27925828#289",
        "open_time": "0:00~24:00",
        "location": "籃球場旁",
        "status": "正常",
        "info_url": "https://gismobile.water.gov.taipei:8443/W/S.aspx?SD=1487",
        "photo_url": "https://gismobile.water.gov.taipei/WaterMap_drinkImg/1487.JPG"
      }
    },
    {
      "type": "Feature",
      "geometry": {
        "type": "Point",
        "coordinates": [
          121.618478,
          25.074173
        ]
      },
      "properties": {
        "source_type": "直飲臺",
        "name": "安泰公園",
        "address": "臺北市內湖區安泰街45巷16號前",
        "city": "臺北市",
        "district": "內湖區",
        "managing_unit": "臺北市內湖區公所",
        "maintenance_unit": "臺北市內湖區公所",
        "phone": "27925828#289",
        "open_time": "0:00~24:00",
        "location": "入口處",
        "status": "正常",
        "info_url": "https://gismobile.water.gov.taipei:8443/W/S.aspx?SD=1488",
        "photo_url": "https://gismobile.water.gov.taipei/WaterMap_drinkImg/1488.JPG"
      }
    },
    {
      "type": "Feature",
      "geometry": {
        "type": "Point",
        "coordinates": [
          121.612498,
          25.075776
        ]
      },
      "properties": {
        "source_type": "直飲臺",
        "name": "東湖1號公園",
        "address": "臺北市內湖區康寧路3段189巷",
        "city": "臺北市",
        "district": "內湖區",
        "managing_unit": "臺北市內湖區公所",
        "maintenance_unit": "臺北市內湖區公所",
        "phone": "27925828#289",
        "open_time": "0:00~24:00",
        "location": "東側入口處",
        "status": "正常",
        "info_url": "https://gismobile.water.gov.taipei:8443/W/S.aspx?SD=1489",
        "photo_url": "https://gismobile.water.gov.taipei/WaterMap_drinkImg/1489.JPG"
      }
    },
    {
      "type": "Feature",
      "geometry": {
        "type": "Point",
        "coordinates": [
          121.577942,
          25.079629
        ]
      },
      "properties": {
        "source_type": "直飲臺",
        "name": "港富公園",
        "address": "臺北市內湖區內湖路1段737巷8弄16號對面",
        "city": "臺北市",
        "district": "內湖區",
        "managing_unit": "工務局公園處",
        "maintenance_unit": "工務局公園處園藝東區",
        "phone": "87916654",
        "open_time": "0:00~24:00",
        "location": "公園南側",
        "status": "正常",
        "info_url": "https://gismobile.water.gov.taipei:8443/W/S.aspx?SD=1490",
        "photo_url": "https://gismobile.water.gov.taipei/WaterMap_drinkImg/1490.JPG"
      }
    },
    {
      "type": "Feature",
      "geometry": {
        "type": "Point",
        "coordinates": [
          121.590856,
          25.085484
        ]
      },
      "properties": {
        "source_type": "直飲臺",
        "name": "金龍公園",
        "address": "臺北市內湖區金龍路112巷旁",
        "city": "臺北市",
        "district": "內湖區",
        "managing_unit": "臺北市內湖區公所",
        "maintenance_unit": "臺北市內湖區公所",
        "phone": "27925828#289",
        "open_time": "0:00~24:00",
        "location": "公園涼亭旁",
        "status": "正常",
        "info_url": "https://gismobile.water.gov.taipei:8443/W/S.aspx?SD=1491",
        "photo_url": "https://gismobile.water.gov.taipei/WaterMap_drinkImg/1491.JPG"
      }
    },
    {
      "type": "Feature",
      "geometry": {
        "type": "Point",
        "coordinates": [
          121.588194,
          25.057361
        ]
      },
      "properties": {
        "source_type": "直飲臺",
        "name": "成美右岸河濱公園",
        "address": "臺北市內湖區新明路291巷底對面水門內",
        "city": "臺北市",
        "district": "內湖區",
        "managing_unit": "工務局水利工程處東區右岸管理站",
        "maintenance_unit": "工務局水利工程處東區右岸管理站",
        "phone": "27208889#2690",
        "open_time": "0:00~24:00",
        "location": "壘球場旁",
        "status": "正常",
        "info_url": "https://gismobile.water.gov.taipei:8443/W/S.aspx?SD=1494",
        "photo_url": "https://gismobile.water.gov.taipei/WaterMap_drinkImg/1494.JPG"
      }
    },
    {
      "type": "Feature",
      "geometry": {
        "type": "Point",
        "coordinates": [
          121.599146,
          25.086536
        ]
      },
      "properties": {
        "source_type": "直飲臺",
        "name": "煙波庭公園",
        "address": "臺北市內湖區大湖街131巷18弄61號旁",
        "city": "臺北市",
        "district": "內湖區",
        "managing_unit": "臺北市內湖區公所",
        "maintenance_unit": "臺北市內湖區公所",
        "phone": "27925828#289",
        "open_time": "0:00~24:00",
        "location": "兒童遊戲場旁",
        "status": "正常",
        "info_url": "https://gismobile.water.gov.taipei:8443/W/S.aspx?SD=1495",
        "photo_url": "https://gismobile.water.gov.taipei/WaterMap_drinkImg/1495.JPG"
      }
    },
    {
      "type": "Feature",
      "geometry": {
        "type": "Point",
        "coordinates": [
          121.592519,
          25.061746
        ]
      },
      "properties": {
        "source_type": "直飲臺",
        "name": "石潭公園",
        "address": "臺北市內湖區成功路二段東側",
        "city": "臺北市",
        "district": "內湖區",
        "managing_unit": "工務局公園處",
        "maintenance_unit": "工務局公園處花卉試驗中心內湖分隊",
        "phone": "26586601",
        "open_time": "0:00~24:00",
        "location": "涼亭旁",
        "status": "正常",
        "info_url": "https://gismobile.water.gov.taipei:8443/W/S.aspx?SD=1496",
        "photo_url": "https://gismobile.water.gov.taipei/WaterMap_drinkImg/1496.JPG"
      }
    },
    {
      "type": "Feature",
      "geometry": {
        "type": "Point",
        "coordinates": [
          121.601964,
          25.082843
        ]
      },
      "properties": {
        "source_type": "直飲臺",
        "name": "湖山6號公園",
        "address": "臺北市內湖區大湖街166巷大湖派出所後方",
        "city": "臺北市",
        "district": "內湖區",
        "managing_unit": "臺北市內湖區公所",
        "maintenance_unit": "臺北市內湖區公所",
        "phone": "27925828#289",
        "open_time": "0:00~24:00",
        "location": "涼亭旁",
        "status": "正常",
        "info_url": "https://gismobile.water.gov.taipei:8443/W/S.aspx?SD=1497",
        "photo_url": "https://gismobile.water.gov.taipei/WaterMap_drinkImg/1497.JPG"
      }
    },
    {
      "type": "Feature",
      "geometry": {
        "type": "Point",
        "coordinates": [
          121.597298,
          25.082765
        ]
      },
      "properties": {
        "source_type": "直飲臺",
        "name": "成功公園",
        "address": "臺北市內湖區金湖路46巷",
        "city": "臺北市",
        "district": "內湖區",
        "managing_unit": "工務局公園處",
        "maintenance_unit": "工務局公園處花卉試驗中心內湖分隊",
        "phone": "26586601",
        "open_time": "0:00~24:00",
        "location": "兒童遊戲場旁",
        "status": "正常",
        "info_url": "https://gismobile.water.gov.taipei:8443/W/S.aspx?SD=1498",
        "photo_url": "https://gismobile.water.gov.taipei/WaterMap_drinkImg/1498.JPG"
      }
    },
    {
      "type": "Feature",
      "geometry": {
        "type": "Point",
        "coordinates": [
          121.59864,
          25.088759
        ]
      },
      "properties": {
        "source_type": "直飲臺",
        "name": "大溝溪生態園區",
        "address": "臺北市內湖區大湖山莊街241號旁",
        "city": "臺北市",
        "district": "內湖區",
        "managing_unit": "工務局水利工程處東區右岸管理站",
        "maintenance_unit": "工務局水利工程處東區右岸管理站",
        "phone": "27208889#2690",
        "open_time": "0:00~24:00",
        "location": "園區入口",
        "status": "正常",
        "info_url": "https://gismobile.water.gov.taipei:8443/W/S.aspx?SD=1499",
        "photo_url": "https://gismobile.water.gov.taipei/WaterMap_drinkImg/1499.JPG"
      }
    },
    {
      "type": "Feature",
      "geometry": {
        "type": "Point",
        "coordinates": [
          121.548623,
          25.150675
        ]
      },
      "properties": {
        "source_type": "直飲臺",
        "name": "前山公園",
        "address": "臺北市北投區建國街4號",
        "city": "臺北市",
        "district": "北投區",
        "managing_unit": "工務局公園處",
        "maintenance_unit": "工務局公園處花卉試驗中心",
        "phone": "26586601",
        "open_time": "0:00~24:00",
        "location": "籃球場旁",
        "status": "正常",
        "info_url": "https://gismobile.water.gov.taipei:8443/W/S.aspx?SD=1528",
        "photo_url": "https://gismobile.water.gov.taipei/WaterMap_drinkImg/1528.JPG"
      }
    },
    {
      "type": "Feature",
      "geometry": {
        "type": "Point",
        "coordinates": [
          121.548647,
          25.150488
        ]
      },
      "properties": {
        "source_type": "直飲臺",
        "name": "前山公園",
        "address": "臺北市北投區建國街5-1號對面",
        "city": "臺北市",
        "district": "北投區",
        "managing_unit": "工務局公園處",
        "maintenance_unit": "工務局公園處花卉試驗中心",
        "phone": "26586601",
        "open_time": "0:00~24:00",
        "location": "籃球場旁",
        "status": "正常",
        "info_url": "https://gismobile.water.gov.taipei:8443/W/S.aspx?SD=1528a",
        "photo_url": "https://gismobile.water.gov.taipei/WaterMap_drinkImg/1528a.JPG"
      }
    },
    {
      "type": "Feature",
      "geometry": {
        "type": "Point",
        "coordinates": [
          121.50968,
          25.141778
        ]
      },
      "properties": {
        "source_type": "直飲臺",
        "name": "泉源公園",
        "address": "臺北市北投區珠海路155號",
        "city": "臺北市",
        "district": "北投區",
        "managing_unit": "產發局公用事業科",
        "maintenance_unit": "產發局公用事業科",
        "phone": "1999轉3285/1005",
        "open_time": "0:00~24:00",
        "location": "義方國小對面",
        "status": "正常",
        "info_url": "https://gismobile.water.gov.taipei:8443/W/S.aspx?SD=1545",
        "photo_url": "https://gismobile.water.gov.taipei/WaterMap_drinkImg/1545.JPG"
      }
    },
    {
      "type": "Feature",
      "geometry": {
        "type": "Point",
        "coordinates": [
          121.502129,
          25.138884
        ]
      },
      "properties": {
        "source_type": "直飲臺",
        "name": "復興公園",
        "address": "臺北市北投區珠海路與中和街口附近",
        "city": "臺北市",
        "district": "北投區",
        "managing_unit": "產發局公用事業科",
        "maintenance_unit": "產發局公用事業科",
        "phone": "1999轉3285/1005",
        "open_time": "0:00~24:00",
        "location": "泡腳池",
        "status": "正常",
        "info_url": "https://gismobile.water.gov.taipei:8443/W/S.aspx?SD=1546",
        "photo_url": "https://gismobile.water.gov.taipei/WaterMap_drinkImg/1546.JPG"
      }
    },
    {
      "type": "Feature",
      "geometry": {
        "type": "Point",
        "coordinates": [
          121.5027,
          25.13873
        ]
      },
      "properties": {
        "source_type": "直飲臺",
        "name": "復興公園",
        "address": "臺北市北投區珠海路48號對面",
        "city": "臺北市",
        "district": "北投區",
        "managing_unit": "工務局公園處",
        "maintenance_unit": "工務局公園處陽明山管理所",
        "phone": "28832130",
        "open_time": "0:00~24:00",
        "location": "入口步道旁",
        "status": "正常",
        "info_url": "https://gismobile.water.gov.taipei:8443/W/S.aspx?SD=1546a",
        "photo_url": "https://gismobile.water.gov.taipei/WaterMap_drinkImg/1546a.JPG"
      }
    },
    {
      "type": "Feature",
      "geometry": {
        "type": "Point",
        "coordinates": [
          121.503192,
          25.13936
        ]
      },
      "properties": {
        "source_type": "直飲臺",
        "name": "復興公園",
        "address": "臺北市北投區珠海路與中和街口附近",
        "city": "臺北市",
        "district": "北投區",
        "managing_unit": "工務局公園處",
        "maintenance_unit": "工務局公園處陽明山管理所",
        "phone": "28832130",
        "open_time": "0:00~24:00",
        "location": "運動場旁邊",
        "status": "正常",
        "info_url": "https://gismobile.water.gov.taipei:8443/W/S.aspx?SD=1546b",
        "photo_url": "https://gismobile.water.gov.taipei/WaterMap_drinkImg/1546b.JPG"
      }
    },
    {
      "type": "Feature",
      "geometry": {
        "type": "Point",
        "coordinates": [
          121.521732,
          25.143613
        ]
      },
      "properties": {
        "source_type": "直飲臺",
        "name": "硫磺谷遊憩區",
        "address": "臺北市北投區泉源路",
        "city": "臺北市",
        "district": "北投區",
        "managing_unit": "產發局公用事業科",
        "maintenance_unit": "產發局公用事業科",
        "phone": "1999轉3285/1005",
        "open_time": "0:00~24:00",
        "location": "泡腳池",
        "status": "暫停",
        "info_url": "https://gismobile.water.gov.taipei:8443/W/S.aspx?SD=1547",
        "photo_url": "https://gismobile.water.gov.taipei/WaterMap_drinkImg/1547.JPG"
      }
    },
    {
      "type": "Feature",
      "geometry": {
        "type": "Point",
        "coordinates": [
          121.502366,
          25.136538
        ]
      },
      "properties": {
        "source_type": "直飲臺",
        "name": "七星公園",
        "address": "臺北市北投區光明路157巷2弄(七虎公園旁).",
        "city": "臺北市",
        "district": "北投區",
        "managing_unit": "工務局公園處",
        "maintenance_unit": "工務局公園處陽明山管理所",
        "phone": "28832130",
        "open_time": "0:00~24:00",
        "location": "電梯旁",
        "status": "正常",
        "info_url": "https://gismobile.water.gov.taipei:8443/W/S.aspx?SD=1548",
        "photo_url": "https://gismobile.water.gov.taipei/WaterMap_drinkImg/1548.JPG"
      }
    },
    {
      "type": "Feature",
      "geometry": {
        "type": "Point",
        "coordinates": [
          121.506389,
          25.136055
        ]
      },
      "properties": {
        "source_type": "直飲臺",
        "name": "北投公園",
        "address": "臺北市北投區光明路251號",
        "city": "臺北市",
        "district": "北投區",
        "managing_unit": "工務局公園處",
        "maintenance_unit": "工務局公園處陽明山管理所",
        "phone": "28832130",
        "open_time": "0:00~24:00",
        "location": "圖書館旁",
        "status": "正常",
        "info_url": "https://gismobile.water.gov.taipei:8443/W/S.aspx?SD=1549a",
        "photo_url": "https://gismobile.water.gov.taipei/WaterMap_drinkImg/1549a.JPG"
      }
    },
    {
      "type": "Feature",
      "geometry": {
        "type": "Point",
        "coordinates": [
          121.50532,
          25.1369
        ]
      },
      "properties": {
        "source_type": "直飲臺",
        "name": "北投公園",
        "address": "臺北市北投區中山路2號",
        "city": "臺北市",
        "district": "北投區",
        "managing_unit": "工務局公園處",
        "maintenance_unit": "工務局公園處陽明山管理所",
        "phone": "28832130",
        "open_time": "0:00~24:00",
        "location": "天玥泉會館對面涼亭",
        "status": "正常",
        "info_url": "https://gismobile.water.gov.taipei:8443/W/S.aspx?SD=1549b",
        "photo_url": "https://gismobile.water.gov.taipei/WaterMap_drinkImg/1549b.JPG"
      }
    },
    {
      "type": "Feature",
      "geometry": {
        "type": "Point",
        "coordinates": [
          121.5039,
          25.13111
        ]
      },
      "properties": {
        "source_type": "直飲臺",
        "name": "大豐公園",
        "address": "臺北市北投區磺港路90號對面",
        "city": "臺北市",
        "district": "北投區",
        "managing_unit": "臺北市市場處",
        "maintenance_unit": "臺北市市場處",
        "phone": "25505220#2125",
        "open_time": "0:00~24:00",
        "location": "籃球場旁",
        "status": "正常",
        "info_url": "https://gismobile.water.gov.taipei:8443/W/S.aspx?SD=1550a",
        "photo_url": "https://gismobile.water.gov.taipei/WaterMap_drinkImg/1550a.JPG"
      }
    },
    {
      "type": "Feature",
      "geometry": {
        "type": "Point",
        "coordinates": [
          121.521455,
          25.110239
        ]
      },
      "properties": {
        "source_type": "直飲臺",
        "name": "榮華公園",
        "address": "臺北市北投區明德路150巷17-1號",
        "city": "臺北市",
        "district": "北投區",
        "managing_unit": "工務局公園處",
        "maintenance_unit": "工務局公園處陽明山管理所",
        "phone": "28832130",
        "open_time": "0:00~24:00",
        "location": "籃球場旁",
        "status": "正常",
        "info_url": "https://gismobile.water.gov.taipei:8443/W/S.aspx?SD=1551",
        "photo_url": "https://gismobile.water.gov.taipei/WaterMap_drinkImg/1551.JPG"
      }
    },
    {
      "type": "Feature",
      "geometry": {
        "type": "Point",
        "coordinates": [
          121.522926,
          25.11135
        ]
      },
      "properties": {
        "source_type": "直飲臺",
        "name": "榮華公園",
        "address": "臺北市北投區榮華一路20巷口對面",
        "city": "臺北市",
        "district": "北投區",
        "managing_unit": "工務局公園處",
        "maintenance_unit": "工務局公園處陽明山管理所",
        "phone": "28832130",
        "open_time": "0:00~24:00",
        "location": "休憩涼亭旁",
        "status": "正常",
        "info_url": "https://gismobile.water.gov.taipei:8443/W/S.aspx?SD=1551a",
        "photo_url": "https://gismobile.water.gov.taipei/WaterMap_drinkImg/1551a.JPG"
      }
    },
    {
      "type": "Feature",
      "geometry": {
        "type": "Point",
        "coordinates": [
          121.462529,
          25.118505
        ]
      },
      "properties": {
        "source_type": "直飲臺",
        "name": "關渡宮",
        "address": "臺北市北投區知行路360號",
        "city": "臺北市",
        "district": "北投區",
        "managing_unit": "工務局水利工程處北區左岸管理站",
        "maintenance_unit": "工務局水利工程處北區左岸管理站",
        "phone": "27208889#2691",
        "open_time": "0:00~24:00",
        "location": "廁所旁",
        "status": "正常",
        "info_url": "https://gismobile.water.gov.taipei:8443/W/S.aspx?SD=1552",
        "photo_url": "https://gismobile.water.gov.taipei/WaterMap_drinkImg/1552.JPG"
      }
    },
    {
      "type": "Feature",
      "geometry": {
        "type": "Point",
        "coordinates": [
          121.499739,
          25.12882
        ]
      },
      "properties": {
        "source_type": "直飲臺",
        "name": "中央公園",
        "address": "臺北市北投區大業路300巷33-1號旁",
        "city": "臺北市",
        "district": "北投區",
        "managing_unit": "工務局公園處",
        "maintenance_unit": "工務局公園處陽明山管理所",
        "phone": "28832130",
        "open_time": "0:00~24:00",
        "location": "籃球場旁",
        "status": "正常",
        "info_url": "https://gismobile.water.gov.taipei:8443/W/S.aspx?SD=1553",
        "photo_url": "https://gismobile.water.gov.taipei/WaterMap_drinkImg/1553.JPG"
      }
    },
    {
      "type": "Feature",
      "geometry": {
        "type": "Point",
        "coordinates": [
          121.5035,
          25.1367
        ]
      },
      "properties": {
        "source_type": "直飲臺",
        "name": "北投火車站",
        "address": "臺北市北投區大業路700號對面",
        "city": "臺北市",
        "district": "北投區",
        "managing_unit": "工務局公園處",
        "maintenance_unit": "工務局公園處陽明山管理所",
        "phone": "28832130",
        "open_time": "0:00~24:00",
        "location": "休憩座椅旁",
        "status": "正常",
        "info_url": "https://gismobile.water.gov.taipei:8443/W/S.aspx?SD=1554",
        "photo_url": "https://gismobile.water.gov.taipei/WaterMap_drinkImg/1554.JPG"
      }
    },
    {
      "type": "Feature",
      "geometry": {
        "type": "Point",
        "coordinates": [
          121.541661,
          25.151549
        ]
      },
      "properties": {
        "source_type": "直飲臺",
        "name": "橫嶺古道",
        "address": "臺北市北投區湖底路114號",
        "city": "臺北市",
        "district": "北投區",
        "managing_unit": "工務局大地工程處",
        "maintenance_unit": "大地工程處道路步道科",
        "phone": "27593001轉2312",
        "open_time": "0:00~24:00",
        "location": "湖山路湖底路交口",
        "status": "正常",
        "info_url": "https://gismobile.water.gov.taipei:8443/W/S.aspx?SD=1555",
        "photo_url": "https://gismobile.water.gov.taipei/WaterMap_drinkImg/1555.JPG"
      }
    },
    {
      "type": "Feature",
      "geometry": {
        "type": "Point",
        "coordinates": [
          121.466621,
          25.119476
        ]
      },
      "properties": {
        "source_type": "直飲臺",
        "name": "知行公園",
        "address": "臺北市北投區知行路255巷旁.",
        "city": "臺北市",
        "district": "北投區",
        "managing_unit": "臺北市北投區公所",
        "maintenance_unit": "臺北市北投區公所",
        "phone": "2891-2105#289",
        "open_time": "0:00~24:00",
        "location": "公園",
        "status": "正常",
        "info_url": "https://gismobile.water.gov.taipei:8443/W/S.aspx?SD=1557",
        "photo_url": "https://gismobile.water.gov.taipei/WaterMap_drinkImg/1557.JPG"
      }
    },
    {
      "type": "Feature",
      "geometry": {
        "type": "Point",
        "coordinates": [
          121.543504,
          25.15402
        ]
      },
      "properties": {
        "source_type": "直飲臺",
        "name": "湖山秘境",
        "address": "陽明山國家公園第2停車場內",
        "city": "臺北市",
        "district": "北投區",
        "managing_unit": "工務局公園處",
        "maintenance_unit": "工務局公園處花卉試驗中心",
        "phone": "26586601",
        "open_time": "0:00~24:00",
        "location": "第2停車場內",
        "status": "正常",
        "info_url": "https://gismobile.water.gov.taipei:8443/W/S.aspx?SD=1559",
        "photo_url": "https://gismobile.water.gov.taipei/WaterMap_drinkImg/1559.JPG"
      }
    },
    {
      "type": "Feature",
      "geometry": {
        "type": "Point",
        "coordinates": [
          121.500221,
          25.135378
        ]
      },
      "properties": {
        "source_type": "直飲臺",
        "name": "長安公園",
        "address": "臺北市北投區育仁路117號對面",
        "city": "臺北市",
        "district": "北投區",
        "managing_unit": "臺北市北投區公所",
        "maintenance_unit": "臺北市北投區公所",
        "phone": "2891-2105#289",
        "open_time": "0:00~24:00",
        "location": "涼亭旁",
        "status": "正常",
        "info_url": "https://gismobile.water.gov.taipei:8443/W/S.aspx?SD=1560",
        "photo_url": "https://gismobile.water.gov.taipei/WaterMap_drinkImg/1560.JPG"
      }
    },
    {
      "type": "Feature",
      "geometry": {
        "type": "Point",
        "coordinates": [
          121.504388,
          25.130996
        ]
      },
      "properties": {
        "source_type": "直飲臺",
        "name": "磺港公園",
        "address": "臺北市北投區磺港路與大興路交叉口",
        "city": "臺北市",
        "district": "北投區",
        "managing_unit": "工務局公園處",
        "maintenance_unit": "工務局公園處陽明山管理所",
        "phone": "28832130",
        "open_time": "0:00~24:00",
        "location": "公園",
        "status": "暫停",
        "info_url": "https://gismobile.water.gov.taipei:8443/W/S.aspx?SD=1561",
        "photo_url": "https://gismobile.water.gov.taipei/WaterMap_drinkImg/1561.JPG"
      }
    },
    {
      "type": "Feature",
      "geometry": {
        "type": "Point",
        "coordinates": [
          121.510611,
          25.126522
        ]
      },
      "properties": {
        "source_type": "直飲臺",
        "name": "丹鳳公園",
        "address": "臺北市北投區公館路255巷19弄20號",
        "city": "臺北市",
        "district": "北投區",
        "managing_unit": "工務局公園處",
        "maintenance_unit": "工務局公園處陽明山管理所",
        "phone": "28832130",
        "open_time": "0:00~24:00",
        "location": "水表箱旁",
        "status": "正常",
        "info_url": "https://gismobile.water.gov.taipei:8443/W/S.aspx?SD=1562",
        "photo_url": "https://gismobile.water.gov.taipei/WaterMap_drinkImg/1562.JPG"
      }
    },
    {
      "type": "Feature",
      "geometry": {
        "type": "Point",
        "coordinates": [
          121.511149,
          25.125853
        ]
      },
      "properties": {
        "source_type": "直飲臺",
        "name": "崇仰公園",
        "address": "臺北市北投區公館路255巷19弄30號",
        "city": "臺北市",
        "district": "北投區",
        "managing_unit": "工務局公園處",
        "maintenance_unit": "工務局公園處陽明山管理所",
        "phone": "28832130",
        "open_time": "0:00~24:00",
        "location": "步道旁",
        "status": "正常",
        "info_url": "https://gismobile.water.gov.taipei:8443/W/S.aspx?SD=1563",
        "photo_url": "https://gismobile.water.gov.taipei/WaterMap_drinkImg/1563.JPG"
      }
    },
    {
      "type": "Feature",
      "geometry": {
        "type": "Point",
        "coordinates": [
          121.477761,
          25.135104
        ]
      },
      "properties": {
        "source_type": "直飲臺",
        "name": "忠義公園",
        "address": "臺北市北投區中央北路四段32號旁",
        "city": "臺北市",
        "district": "北投區",
        "managing_unit": "工務局公園處",
        "maintenance_unit": "工務局公園處陽明山管理所",
        "phone": "28832130",
        "open_time": "0:00~24:00",
        "location": "公園",
        "status": "正常",
        "info_url": "https://gismobile.water.gov.taipei:8443/W/S.aspx?SD=1564",
        "photo_url": "https://gismobile.water.gov.taipei/WaterMap_drinkImg/1564.JPG"
      }
    },
    {
      "type": "Feature",
      "geometry": {
        "type": "Point",
        "coordinates": [
          121.526813,
          25.123883
        ]
      },
      "properties": {
        "source_type": "直飲臺",
        "name": "永欣綠地",
        "address": "臺北市北投區天母北路105巷口",
        "city": "臺北市",
        "district": "北投區",
        "managing_unit": "工務局公園處",
        "maintenance_unit": "工務局公園處陽明山管理所",
        "phone": "28832130",
        "open_time": "0:00~24:00",
        "location": "永欣綠地石牌旁",
        "status": "正常",
        "info_url": "https://gismobile.water.gov.taipei:8443/W/S.aspx?SD=1565",
        "photo_url": "https://gismobile.water.gov.taipei/WaterMap_drinkImg/1565.JPG"
      }
    },
    {
      "type": "Feature",
      "geometry": {
        "type": "Point",
        "coordinates": [
          121.529403,
          25.125454
        ]
      },
      "properties": {
        "source_type": "直飲臺",
        "name": "同德公園",
        "address": "臺北市北投區同德街23巷口",
        "city": "臺北市",
        "district": "北投區",
        "managing_unit": "臺北市北投區公所",
        "maintenance_unit": "臺北市北投區公所",
        "phone": "2891-2105#289",
        "open_time": "0:00~24:00",
        "location": "同德公園拱門旁",
        "status": "正常",
        "info_url": "https://gismobile.water.gov.taipei:8443/W/S.aspx?SD=1566",
        "photo_url": "https://gismobile.water.gov.taipei/WaterMap_drinkImg/1566.JPG"
      }
    },
    {
      "type": "Feature",
      "geometry": {
        "type": "Point",
        "coordinates": [
          121.514855,
          25.111162
        ]
      },
      "properties": {
        "source_type": "直飲臺",
        "name": "致遠公園",
        "address": "臺北市北投區致遠1路二段(自強市場旁).",
        "city": "臺北市",
        "district": "北投區",
        "managing_unit": "臺北市北投區公所",
        "maintenance_unit": "臺北市北投區公所",
        "phone": "2891-2105#289",
        "open_time": "0:00~24:00",
        "location": "兒童遊憩區",
        "status": "正常",
        "info_url": "https://gismobile.water.gov.taipei:8443/W/S.aspx?SD=1567",
        "photo_url": "https://gismobile.water.gov.taipei/WaterMap_drinkImg/1567.JPG"
      }
    },
    {
      "type": "Feature",
      "geometry": {
        "type": "Point",
        "coordinates": [
          121.520134,
          25.105669
        ]
      },
      "properties": {
        "source_type": "直飲臺",
        "name": "建民公園",
        "address": "臺北市北投區文林北路16巷7號對面.",
        "city": "臺北市",
        "district": "北投區",
        "managing_unit": "臺北市北投區公所",
        "maintenance_unit": "臺北市北投區公所",
        "phone": "2891-2105#289",
        "open_time": "0:00~24:00",
        "location": "入口處",
        "status": "正常",
        "info_url": "https://gismobile.water.gov.taipei:8443/W/S.aspx?SD=1568",
        "photo_url": "https://gismobile.water.gov.taipei/WaterMap_drinkImg/1568.JPG"
      }
    },
    {
      "type": "Feature",
      "geometry": {
        "type": "Point",
        "coordinates": [
          121.496593,
          25.13602
        ]
      },
      "properties": {
        "source_type": "直飲臺",
        "name": "豐年公園",
        "address": "臺北市北投區中央北路2段及大業路交口",
        "city": "臺北市",
        "district": "北投區",
        "managing_unit": "臺北市北投區公所",
        "maintenance_unit": "臺北市北投區公所",
        "phone": "2891-2105#289",
        "open_time": "0:00~24:00",
        "location": "豐年公園涼亭旁",
        "status": "正常",
        "info_url": "https://gismobile.water.gov.taipei:8443/W/S.aspx?SD=1569",
        "photo_url": "https://gismobile.water.gov.taipei/WaterMap_drinkImg/1569.JPG"
      }
    },
    {
      "type": "Feature",
      "geometry": {
        "type": "Point",
        "coordinates": [
          121.528891,
          25.154397
        ]
      },
      "properties": {
        "source_type": "直飲臺",
        "name": "風尾步道",
        "address": "臺北市北投區東昇路68-15號路口",
        "city": "臺北市",
        "district": "北投區",
        "managing_unit": "工務局大地工程處",
        "maintenance_unit": "大地工程處道路步道科",
        "phone": "27593001轉2312",
        "open_time": "0:00~24:00",
        "location": "東昇路68-15號路口",
        "status": "正常",
        "info_url": "https://gismobile.water.gov.taipei:8443/W/S.aspx?SD=1570",
        "photo_url": "https://gismobile.water.gov.taipei/WaterMap_drinkImg/1570.JPG"
      }
    },
    {
      "type": "Feature",
      "geometry": {
        "type": "Point",
        "coordinates": [
          121.489143,
          25.140148
        ]
      },
      "properties": {
        "source_type": "直飲臺",
        "name": "重三公園",
        "address": "臺北市北投區稻香路及重三路交口",
        "city": "臺北市",
        "district": "北投區",
        "managing_unit": "工務局公園處",
        "maintenance_unit": "工務局公園處陽明山管理所",
        "phone": "28832130",
        "open_time": "0:00~24:00",
        "location": "重三公園銘牌旁",
        "status": "正常",
        "info_url": "https://gismobile.water.gov.taipei:8443/W/S.aspx?SD=1573",
        "photo_url": "https://gismobile.water.gov.taipei/WaterMap_drinkImg/1573.JPG"
      }
    },
    {
      "type": "Feature",
      "geometry": {
        "type": "Point",
        "coordinates": [
          121.487028,
          25.139539
        ]
      },
      "properties": {
        "source_type": "直飲臺",
        "name": "新興公園",
        "address": "臺北市北投區新興路146號對面",
        "city": "臺北市",
        "district": "北投區",
        "managing_unit": "工務局公園處",
        "maintenance_unit": "工務局公園處陽明山管理所",
        "phone": "28832130",
        "open_time": "0:00~24:00",
        "location": "新興公園路燈旁",
        "status": "正常",
        "info_url": "https://gismobile.water.gov.taipei:8443/W/S.aspx?SD=1574",
        "photo_url": "https://gismobile.water.gov.taipei/WaterMap_drinkImg/1574.JPG"
      }
    },
    {
      "type": "Feature",
      "geometry": {
        "type": "Point",
        "coordinates": [
          121.496627,
          25.136765
        ]
      },
      "properties": {
        "source_type": "直飲臺",
        "name": "文化公園",
        "address": "臺北市北投區中央北路2段及文化三路交口",
        "city": "臺北市",
        "district": "北投區",
        "managing_unit": "臺北市北投區公所",
        "maintenance_unit": "臺北市北投區公所",
        "phone": "2891-2105#289",
        "open_time": "0:00~24:00",
        "location": "文化公園溜滑梯旁",
        "status": "正常",
        "info_url": "https://gismobile.water.gov.taipei:8443/W/S.aspx?SD=1575",
        "photo_url": "https://gismobile.water.gov.taipei/WaterMap_drinkImg/1575.JPG"
      }
    },
    {
      "type": "Feature",
      "geometry": {
        "type": "Point",
        "coordinates": [
          121.5143,
          25.11429
        ]
      },
      "properties": {
        "source_type": "直飲臺",
        "name": "榮光公園",
        "address": "臺北市北投區石牌路1段(石牌國中對面).",
        "city": "臺北市",
        "district": "北投區",
        "managing_unit": "臺北市北投區公所",
        "maintenance_unit": "臺北市北投區公所",
        "phone": "2891-2105#289",
        "open_time": "0:00~24:00",
        "location": "公園步道旁",
        "status": "正常",
        "info_url": "https://gismobile.water.gov.taipei:8443/W/S.aspx?SD=1576",
        "photo_url": "https://gismobile.water.gov.taipei/WaterMap_drinkImg/1576.JPG"
      }
    },
    {
      "type": "Feature",
      "geometry": {
        "type": "Point",
        "coordinates": [
          121.510172,
          25.116738
        ]
      },
      "properties": {
        "source_type": "直飲臺",
        "name": "石牌公園",
        "address": "臺北市北投區石牌路1段39巷內",
        "city": "臺北市",
        "district": "北投區",
        "managing_unit": "工務局公園處",
        "maintenance_unit": "工務局公園處陽明山管理所",
        "phone": "28832130",
        "open_time": "0:00~24:00",
        "location": "人行道旁",
        "status": "正常",
        "info_url": "https://gismobile.water.gov.taipei:8443/W/S.aspx?SD=1577a",
        "photo_url": "https://gismobile.water.gov.taipei/WaterMap_drinkImg/1577a.JPG"
      }
    },
    {
      "type": "Feature",
      "geometry": {
        "type": "Point",
        "coordinates": [
          121.509729,
          25.117514
        ]
      },
      "properties": {
        "source_type": "直飲臺",
        "name": "石牌公園",
        "address": "臺北市北投區石牌路1段39巷內",
        "city": "臺北市",
        "district": "北投區",
        "managing_unit": "工務局公園處",
        "maintenance_unit": "工務局公園處陽明山管理所",
        "phone": "28832130",
        "open_time": "0:00~24:00",
        "location": "兒童遊戲區旁",
        "status": "正常",
        "info_url": "https://gismobile.water.gov.taipei:8443/W/S.aspx?SD=1577b",
        "photo_url": "https://gismobile.water.gov.taipei/WaterMap_drinkImg/1577b.JPG"
      }
    },
    {
      "type": "Feature",
      "geometry": {
        "type": "Point",
        "coordinates": [
          121.509019,
          25.117245
        ]
      },
      "properties": {
        "source_type": "直飲臺",
        "name": "石牌公園",
        "address": "臺北市北投區尊賢街218巷54號旁",
        "city": "臺北市",
        "district": "北投區",
        "managing_unit": "工務局公園處",
        "maintenance_unit": "工務局公園處陽明山管理所",
        "phone": "28832130",
        "open_time": "0:00~24:00",
        "location": "涼亭旁",
        "status": "正常",
        "info_url": "https://gismobile.water.gov.taipei:8443/W/S.aspx?SD=1577c",
        "photo_url": "https://gismobile.water.gov.taipei/WaterMap_drinkImg/1577c.JPG"
      }
    },
    {
      "type": "Feature",
      "geometry": {
        "type": "Point",
        "coordinates": [
          121.503541,
          25.119272
        ]
      },
      "properties": {
        "source_type": "直飲臺",
        "name": "立農公園",
        "address": "臺北市北投區承德路七段與吉利街",
        "city": "臺北市",
        "district": "北投區",
        "managing_unit": "工務局公園處",
        "maintenance_unit": "工務局公園處陽明山管理所",
        "phone": "28832130",
        "open_time": "0:00~24:00",
        "location": "公園步道旁",
        "status": "正常",
        "info_url": "https://gismobile.water.gov.taipei:8443/W/S.aspx?SD=1578",
        "photo_url": "https://gismobile.water.gov.taipei/WaterMap_drinkImg/1578.JPG"
      }
    },
    {
      "type": "Feature",
      "geometry": {
        "type": "Point",
        "coordinates": [
          121.50118,
          25.13802
        ]
      },
      "properties": {
        "source_type": "直飲臺",
        "name": "中庸公園",
        "address": "臺北市北投區雙全街50號對面",
        "city": "臺北市",
        "district": "北投區",
        "managing_unit": "臺北市北投區公所",
        "maintenance_unit": "臺北市北投區公所",
        "phone": "2891-2105#289",
        "open_time": "0:00~24:00",
        "location": "公園",
        "status": "正常",
        "info_url": "https://gismobile.water.gov.taipei:8443/W/S.aspx?SD=1579",
        "photo_url": "https://gismobile.water.gov.taipei/WaterMap_drinkImg/1579.JPG"
      }
    },
    {
      "type": "Feature",
      "geometry": {
        "type": "Point",
        "coordinates": [
          121.507678,
          25.119065
        ]
      },
      "properties": {
        "source_type": "直飲臺",
        "name": "吉利公園",
        "address": "臺北市北投區吉利街149巷旁.",
        "city": "臺北市",
        "district": "北投區",
        "managing_unit": "臺北市北投區公所",
        "maintenance_unit": "臺北市北投區公所",
        "phone": "2891-2105#289",
        "open_time": "0:00~24:00",
        "location": "公園人行道旁",
        "status": "正常",
        "info_url": "https://gismobile.water.gov.taipei:8443/W/S.aspx?SD=1580",
        "photo_url": "https://gismobile.water.gov.taipei/WaterMap_drinkImg/1580.JPG"
      }
    },
    {
      "type": "Feature",
      "geometry": {
        "type": "Point",
        "coordinates": [
          121.49151,
          25.138672
        ]
      },
      "properties": {
        "source_type": "直飲臺",
        "name": "稻香運動步道",
        "address": "臺北市北投區中央北路2段132號旁",
        "city": "臺北市",
        "district": "北投區",
        "managing_unit": "工務局水利工程處北區左岸管理站",
        "maintenance_unit": "工務局水利工程處北區左岸管理站",
        "phone": "27208889#2691",
        "open_time": "0:00~24:00",
        "location": "入口處左側",
        "status": "正常",
        "info_url": "https://gismobile.water.gov.taipei:8443/W/S.aspx?SD=1581",
        "photo_url": "https://gismobile.water.gov.taipei/WaterMap_drinkImg/1581.JPG"
      }
    },
    {
      "type": "Feature",
      "geometry": {
        "type": "Point",
        "coordinates": [
          121.50376,
          25.12849
        ]
      },
      "properties": {
        "source_type": "直飲臺",
        "name": "奇岩1號公園",
        "address": "臺北市北投區三合街1段82巷61弄22號對面",
        "city": "臺北市",
        "district": "北投區",
        "managing_unit": "工務局公園處",
        "maintenance_unit": "工務局公園處陽明山管理所",
        "phone": "28832130",
        "open_time": "0:00~24:00",
        "location": "公園中央圓形廣場旁",
        "status": "暫停",
        "info_url": "https://gismobile.water.gov.taipei:8443/W/S.aspx?SD=1582",
        "photo_url": "https://gismobile.water.gov.taipei/WaterMap_drinkImg/1582.JPG"
      }
    },
    {
      "type": "Feature",
      "geometry": {
        "type": "Point",
        "coordinates": [
          121.50365,
          25.12515
        ]
      },
      "properties": {
        "source_type": "直飲臺",
        "name": "奇岩2號公園",
        "address": "臺北市北投區三合街1段117巷38弄18號",
        "city": "臺北市",
        "district": "北投區",
        "managing_unit": "工務局公園處",
        "maintenance_unit": "工務局公園處陽明山管理所",
        "phone": "28832130",
        "open_time": "0:00~24:00",
        "location": "公廁旁",
        "status": "暫停",
        "info_url": "https://gismobile.water.gov.taipei:8443/W/S.aspx?SD=1583",
        "photo_url": "https://gismobile.water.gov.taipei/WaterMap_drinkImg/1583.JPG"
      }
    },
    {
      "type": "Feature",
      "geometry": {
        "type": "Point",
        "coordinates": [
          121.50591,
          25.128325
        ]
      },
      "properties": {
        "source_type": "直飲臺",
        "name": "北投公館公園",
        "address": "臺北市北投區三合街1段82巷50弄與36巷口",
        "city": "臺北市",
        "district": "北投區",
        "managing_unit": "工務局公園處",
        "maintenance_unit": "工務局公園處陽明山管理所",
        "phone": "28832130",
        "open_time": "0:00~24:00",
        "location": "公園西北角入口",
        "status": "正常",
        "info_url": "https://gismobile.water.gov.taipei:8443/W/S.aspx?SD=1584",
        "photo_url": "https://gismobile.water.gov.taipei/WaterMap_drinkImg/1584.JPG"
      }
    },
    {
      "type": "Feature",
      "geometry": {
        "type": "Point",
        "coordinates": [
          121.50438,
          25.12596
        ]
      },
      "properties": {
        "source_type": "直飲臺",
        "name": "奇岩3號公園",
        "address": "臺北市北投區三合街1段117巷(公園北側入口)",
        "city": "臺北市",
        "district": "北投區",
        "managing_unit": "工務局公園處",
        "maintenance_unit": "工務局公園處陽明山管理所",
        "phone": "28832130",
        "open_time": "0:00~24:00",
        "location": "公園西北角入口",
        "status": "正常",
        "info_url": "https://gismobile.water.gov.taipei:8443/W/S.aspx?SD=1585",
        "photo_url": "https://gismobile.water.gov.taipei/WaterMap_drinkImg/1585.JPG"
      }
    },
    {
      "type": "Feature",
      "geometry": {
        "type": "Point",
        "coordinates": [
          121.523485,
          25.118652
        ]
      },
      "properties": {
        "source_type": "直飲臺",
        "name": "振興公園",
        "address": "臺北市北投區天母西路109號對面",
        "city": "臺北市",
        "district": "北投區",
        "managing_unit": "工務局公園處",
        "maintenance_unit": "工務局公園處陽明山管理所",
        "phone": "28832130",
        "open_time": "0:00~24:00",
        "location": "入口步道旁/公車站旁",
        "status": "正常",
        "info_url": "https://gismobile.water.gov.taipei:8443/W/S.aspx?SD=1588",
        "photo_url": "https://gismobile.water.gov.taipei/WaterMap_drinkImg/1588.JPG"
      }
    },
    {
      "type": "Feature",
      "geometry": {
        "type": "Point",
        "coordinates": [
          121.524287,
          25.113412
        ]
      },
      "properties": {
        "source_type": "直飲臺",
        "name": "榮富公園",
        "address": "臺北市北投區榮華3路3-2號旁",
        "city": "臺北市",
        "district": "北投區",
        "managing_unit": "工務局公園處",
        "maintenance_unit": "工務局公園處陽明山管理所",
        "phone": "28832130",
        "open_time": "0:00~24:00",
        "location": "廣場旁",
        "status": "正常",
        "info_url": "https://gismobile.water.gov.taipei:8443/W/S.aspx?SD=1589b",
        "photo_url": "https://gismobile.water.gov.taipei/WaterMap_drinkImg/1589b.JPG"
      }
    },
    {
      "type": "Feature",
      "geometry": {
        "type": "Point",
        "coordinates": [
          121.52985,
          25.1408
        ]
      },
      "properties": {
        "source_type": "直飲臺",
        "name": "行義路溫泉特定區1",
        "address": "臺北市北投區行義路402巷",
        "city": "臺北市",
        "district": "北投區",
        "managing_unit": "台北市紗帽山溫泉發展協會",
        "maintenance_unit": "台北市紗帽山溫泉發展協會",
        "phone": "28623688",
        "open_time": "0:00~24:00",
        "location": "澄月橋旁",
        "status": "正常",
        "info_url": "https://gismobile.water.gov.taipei:8443/W/S.aspx?SD=1590",
        "photo_url": "https://gismobile.water.gov.taipei/WaterMap_drinkImg/1590.JPG"
      }
    },
    {
      "type": "Feature",
      "geometry": {
        "type": "Point",
        "coordinates": [
          121.519106,
          25.115271
        ]
      },
      "properties": {
        "source_type": "直飲臺",
        "name": "振華公園",
        "address": "臺北市北投區振華街24號對面",
        "city": "臺北市",
        "district": "北投區",
        "managing_unit": "工務局公園處",
        "maintenance_unit": "工務局公園處陽明山管理所",
        "phone": "28832130",
        "open_time": "0:00~24:00",
        "location": "廣場東側步道榕樹旁",
        "status": "暫停",
        "info_url": "https://gismobile.water.gov.taipei:8443/W/S.aspx?SD=1591",
        "photo_url": "https://gismobile.water.gov.taipei/WaterMap_drinkImg/1591.JPG"
      }
    },
    {
      "type": "Feature",
      "geometry": {
        "type": "Point",
        "coordinates": [
          121.501589,
          25.123143
        ]
      },
      "properties": {
        "source_type": "直飲臺",
        "name": "唭哩岸站線型綠地",
        "address": "臺北市北投區北投路一段20號旁",
        "city": "臺北市",
        "district": "北投區",
        "managing_unit": "工務局公園處",
        "maintenance_unit": "工務局公園處園藝工程隊",
        "phone": "23815132＃318",
        "open_time": "0:00~24:00",
        "location": "西安橋下",
        "status": "正常",
        "info_url": "https://gismobile.water.gov.taipei:8443/W/S.aspx?SD=1593",
        "photo_url": "https://gismobile.water.gov.taipei/WaterMap_drinkImg/1593.JPG"
      }
    },
    {
      "type": "Feature",
      "geometry": {
        "type": "Point",
        "coordinates": [
          121.505886,
          25.125355
        ]
      },
      "properties": {
        "source_type": "直飲臺",
        "name": "奇岩4號綠地",
        "address": "臺北市北投區公館路308巷16號旁",
        "city": "臺北市",
        "district": "北投區",
        "managing_unit": "工務局公園處",
        "maintenance_unit": "工務局公園處園藝工程隊",
        "phone": "23815132＃318",
        "open_time": "0:00~24:00",
        "location": "清江國小旁",
        "status": "正常",
        "info_url": "https://gismobile.water.gov.taipei:8443/W/S.aspx?SD=1595",
        "photo_url": "https://gismobile.water.gov.taipei/WaterMap_drinkImg/1595.JPG"
      }
    },
    {
      "type": "Feature",
      "geometry": {
        "type": "Point",
        "coordinates": [
          121.492569,
          25.14452
        ]
      },
      "properties": {
        "source_type": "直飲臺",
        "name": "貴子坑溪河堤",
        "address": "臺北市北投區中和街525巷10弄與貴子坑溪交口",
        "city": "臺北市",
        "district": "北投區",
        "managing_unit": "工務局水利工程處北區左岸管理站",
        "maintenance_unit": "工務局水利工程處北區左岸管理站",
        "phone": "27208889#2691",
        "open_time": "0:00~24:00",
        "location": "河堤步道口",
        "status": "正常",
        "info_url": "https://gismobile.water.gov.taipei:8443/W/S.aspx?SD=1597",
        "photo_url": "https://gismobile.water.gov.taipei/WaterMap_drinkImg/1597.JPG"
      }
    },
    {
      "type": "Feature",
      "geometry": {
        "type": "Point",
        "coordinates": [
          121.46232,
          25.12127
        ]
      },
      "properties": {
        "source_type": "直飲臺",
        "name": "關渡碼頭貨櫃市集",
        "address": "臺北市北投區知行路360-1號",
        "city": "臺北市",
        "district": "北投區",
        "managing_unit": "工務局水利工程處北區右岸管理站",
        "maintenance_unit": "工務局水利工程處北區右岸管理站",
        "phone": "27208889#2690",
        "open_time": "0:00~24:00",
        "location": "關渡碼頭貨櫃屋前",
        "status": "正常",
        "info_url": "https://gismobile.water.gov.taipei:8443/W/S.aspx?SD=1598",
        "photo_url": "https://gismobile.water.gov.taipei/WaterMap_drinkImg/1598.JPG"
      }
    },
    {
      "type": "Feature",
      "geometry": {
        "type": "Point",
        "coordinates": [
          121.52837,
          25.13843
        ]
      },
      "properties": {
        "source_type": "直飲臺",
        "name": "行義路溫泉特定區2",
        "address": "臺北市北投區行義路402巷",
        "city": "臺北市",
        "district": "北投區",
        "managing_unit": "台北市紗帽山溫泉發展協會",
        "maintenance_unit": "台北市紗帽山溫泉發展協會",
        "phone": "28623688",
        "open_time": "0:00~24:00",
        "location": "巷口處",
        "status": "正常",
        "info_url": "https://gismobile.water.gov.taipei:8443/W/S.aspx?SD=1599",
        "photo_url": "https://gismobile.water.gov.taipei/WaterMap_drinkImg/1599.JPG"
      }
    },
    {
      "type": "Feature",
      "geometry": {
        "type": "Point",
        "coordinates": [
          121.53044,
          25.12534
        ]
      },
      "properties": {
        "source_type": "直飲臺",
        "name": "天母公園",
        "address": "臺北市士林區中山北路7段181巷",
        "city": "臺北市",
        "district": "士林區",
        "managing_unit": "工務局公園處",
        "maintenance_unit": "工務局公園處陽明山管理所",
        "phone": "28832130",
        "open_time": "0:00~24:00",
        "location": "籃球場旁",
        "status": "正常",
        "info_url": "https://gismobile.water.gov.taipei:8443/W/S.aspx?SD=1626",
        "photo_url": "https://gismobile.water.gov.taipei/WaterMap_drinkImg/1626.JPG"
      }
    },
    {
      "type": "Feature",
      "geometry": {
        "type": "Point",
        "coordinates": [
          121.531703,
          25.128143
        ]
      },
      "properties": {
        "source_type": "直飲臺",
        "name": "天母公園",
        "address": "臺北市士林區中山北路七段219巷1號",
        "city": "臺北市",
        "district": "士林區",
        "managing_unit": "工務局公園處",
        "maintenance_unit": "工務局公園處陽明山管理所",
        "phone": "28832130",
        "open_time": "0:00~24:00",
        "location": "堉琪橋旁",
        "status": "正常",
        "info_url": "https://gismobile.water.gov.taipei:8443/W/S.aspx?SD=1626a",
        "photo_url": "https://gismobile.water.gov.taipei/WaterMap_drinkImg/1626a.JPG"
      }
    },
    {
      "type": "Feature",
      "geometry": {
        "type": "Point",
        "coordinates": [
          121.467283,
          25.125539
        ]
      },
      "properties": {
        "source_type": "直飲臺",
        "name": "關渡站",
        "address": "臺北市北投區大度路3段296巷51號",
        "city": "臺北市",
        "district": "北投區",
        "managing_unit": "臺北大眾捷運股份有限公司",
        "maintenance_unit": "臺北大眾捷運股份有限公司(紅綠線)",
        "phone": "25363001#8653",
        "open_time": "06:00~23:00",
        "location": "1號出口",
        "status": "正常",
        "info_url": "https://gismobile.water.gov.taipei:8443/W/S.aspx?SD=1704",
        "photo_url": "https://gismobile.water.gov.taipei/WaterMap_drinkImg/1704.JPG"
      }
    },
    {
      "type": "Feature",
      "geometry": {
        "type": "Point",
        "coordinates": [
          121.473214,
          25.131062
        ]
      },
      "properties": {
        "source_type": "直飲臺",
        "name": "忠義站",
        "address": "臺北市北投區中央北路4段301號",
        "city": "臺北市",
        "district": "北投區",
        "managing_unit": "臺北大眾捷運股份有限公司",
        "maintenance_unit": "臺北大眾捷運股份有限公司(紅綠線)",
        "phone": "25363001#8653",
        "open_time": "06:00~23:00",
        "location": "出口右側",
        "status": "正常",
        "info_url": "https://gismobile.water.gov.taipei:8443/W/S.aspx?SD=1705",
        "photo_url": "https://gismobile.water.gov.taipei/WaterMap_drinkImg/1705.JPG"
      }
    },
    {
      "type": "Feature",
      "geometry": {
        "type": "Point",
        "coordinates": [
          121.485365,
          25.13766
        ]
      },
      "properties": {
        "source_type": "直飲臺",
        "name": "復興崗站",
        "address": "臺北市北投區中央北路3段53巷10號",
        "city": "臺北市",
        "district": "北投區",
        "managing_unit": "臺北大眾捷運股份有限公司",
        "maintenance_unit": "臺北大眾捷運股份有限公司(紅綠線)",
        "phone": "25363001#8653",
        "open_time": "06:00~23:00",
        "location": "1號出口",
        "status": "正常",
        "info_url": "https://gismobile.water.gov.taipei:8443/W/S.aspx?SD=1706",
        "photo_url": "https://gismobile.water.gov.taipei/WaterMap_drinkImg/1706.JPG"
      }
    },
    {
      "type": "Feature",
      "geometry": {
        "type": "Point",
        "coordinates": [
          121.50343,
          25.136996
        ]
      },
      "properties": {
        "source_type": "直飲臺",
        "name": "新北投站",
        "address": "臺北市北投區大業路700號",
        "city": "臺北市",
        "district": "北投區",
        "managing_unit": "臺北大眾捷運股份有限公司",
        "maintenance_unit": "臺北大眾捷運股份有限公司(紅綠線)",
        "phone": "25363001#8653",
        "open_time": "06:00~23:00",
        "location": "出口右側",
        "status": "正常",
        "info_url": "https://gismobile.water.gov.taipei:8443/W/S.aspx?SD=1707",
        "photo_url": "https://gismobile.water.gov.taipei/WaterMap_drinkImg/1707.JPG"
      }
    },
    {
      "type": "Feature",
      "geometry": {
        "type": "Point",
        "coordinates": [
          121.50343,
          25.136996
        ]
      },
      "properties": {
        "source_type": "直飲臺",
        "name": "新北投站",
        "address": "臺北市北投區大業路700號",
        "city": "臺北市",
        "district": "北投區",
        "managing_unit": "臺北大眾捷運股份有限公司",
        "maintenance_unit": "臺北大眾捷運股份有限公司(紅綠線)",
        "phone": "25363001#8653",
        "open_time": "06:00~23:00",
        "location": "出口右側",
        "status": "正常",
        "info_url": "https://gismobile.water.gov.taipei:8443/W/S.aspx?SD=1707a",
        "photo_url": "https://gismobile.water.gov.taipei/WaterMap_drinkImg/1707a.JPG"
      }
    },
    {
      "type": "Feature",
      "geometry": {
        "type": "Point",
        "coordinates": [
          121.498234,
          25.132068
        ]
      },
      "properties": {
        "source_type": "直飲臺",
        "name": "北投站",
        "address": "臺北市北投區光明路1號",
        "city": "臺北市",
        "district": "北投區",
        "managing_unit": "臺北大眾捷運股份有限公司",
        "maintenance_unit": "臺北大眾捷運股份有限公司(紅綠線)",
        "phone": "25363001#8653",
        "open_time": "06:00~23:00",
        "location": "出口右側",
        "status": "正常",
        "info_url": "https://gismobile.water.gov.taipei:8443/W/S.aspx?SD=1708",
        "photo_url": "https://gismobile.water.gov.taipei/WaterMap_drinkImg/1708.JPG"
      }
    },
    {
      "type": "Feature",
      "geometry": {
        "type": "Point",
        "coordinates": [
          121.498234,
          25.132068
        ]
      },
      "properties": {
        "source_type": "直飲臺",
        "name": "北投站",
        "address": "臺北市北投區光明路1號",
        "city": "臺北市",
        "district": "北投區",
        "managing_unit": "臺北大眾捷運股份有限公司",
        "maintenance_unit": "臺北大眾捷運股份有限公司(紅綠線)",
        "phone": "25363001#8653",
        "open_time": "06:00~23:00",
        "location": "出口右側",
        "status": "正常",
        "info_url": "https://gismobile.water.gov.taipei:8443/W/S.aspx?SD=1708a",
        "photo_url": "https://gismobile.water.gov.taipei/WaterMap_drinkImg/1708a.JPG"
      }
    },
    {
      "type": "Feature",
      "geometry": {
        "type": "Point",
        "coordinates": [
          121.500942,
          25.1261
        ]
      },
      "properties": {
        "source_type": "直飲臺",
        "name": "奇岩站",
        "address": "臺北市北投區三合街2段487號",
        "city": "臺北市",
        "district": "北投區",
        "managing_unit": "臺北大眾捷運股份有限公司",
        "maintenance_unit": "臺北大眾捷運股份有限公司(紅綠線)",
        "phone": "25363001#8653",
        "open_time": "06:00~23:00",
        "location": "出口右側",
        "status": "正常",
        "info_url": "https://gismobile.water.gov.taipei:8443/W/S.aspx?SD=1709",
        "photo_url": "https://gismobile.water.gov.taipei/WaterMap_drinkImg/1709.JPG"
      }
    },
    {
      "type": "Feature",
      "geometry": {
        "type": "Point",
        "coordinates": [
          121.500942,
          25.1261
        ]
      },
      "properties": {
        "source_type": "直飲臺",
        "name": "奇岩站",
        "address": "臺北市北投區三合街2段487號",
        "city": "臺北市",
        "district": "北投區",
        "managing_unit": "臺北大眾捷運股份有限公司",
        "maintenance_unit": "臺北大眾捷運股份有限公司(紅綠線)",
        "phone": "25363001#8653",
        "open_time": "06:00~23:00",
        "location": "出口右側",
        "status": "正常",
        "info_url": "https://gismobile.water.gov.taipei:8443/W/S.aspx?SD=1709a",
        "photo_url": "https://gismobile.water.gov.taipei/WaterMap_drinkImg/1709a.JPG"
      }
    },
    {
      "type": "Feature",
      "geometry": {
        "type": "Point",
        "coordinates": [
          121.50702,
          25.12078
        ]
      },
      "properties": {
        "source_type": "直飲臺",
        "name": "唭哩岸站",
        "address": "臺北市北投區東華街2段301號",
        "city": "臺北市",
        "district": "北投區",
        "managing_unit": "臺北大眾捷運股份有限公司",
        "maintenance_unit": "臺北大眾捷運股份有限公司(紅綠線)",
        "phone": "25363001#8653",
        "open_time": "06:00~23:00",
        "location": "出口1",
        "status": "正常",
        "info_url": "https://gismobile.water.gov.taipei:8443/W/S.aspx?SD=1710",
        "photo_url": "https://gismobile.water.gov.taipei/WaterMap_drinkImg/1710.JPG"
      }
    },
    {
      "type": "Feature",
      "geometry": {
        "type": "Point",
        "coordinates": [
          121.50702,
          25.12078
        ]
      },
      "properties": {
        "source_type": "直飲臺",
        "name": "唭哩岸站",
        "address": "臺北市北投區東華街2段301號",
        "city": "臺北市",
        "district": "北投區",
        "managing_unit": "臺北大眾捷運股份有限公司",
        "maintenance_unit": "臺北大眾捷運股份有限公司(紅綠線)",
        "phone": "25363001#8653",
        "open_time": "06:00~23:00",
        "location": "出口1",
        "status": "正常",
        "info_url": "https://gismobile.water.gov.taipei:8443/W/S.aspx?SD=1710a",
        "photo_url": "https://gismobile.water.gov.taipei/WaterMap_drinkImg/1710a.JPG"
      }
    },
    {
      "type": "Feature",
      "geometry": {
        "type": "Point",
        "coordinates": [
          121.515189,
          25.114852
        ]
      },
      "properties": {
        "source_type": "直飲臺",
        "name": "石牌站",
        "address": "臺北市北投區石牌路1段200號",
        "city": "臺北市",
        "district": "北投區",
        "managing_unit": "臺北大眾捷運股份有限公司",
        "maintenance_unit": "臺北大眾捷運股份有限公司(紅綠線)",
        "phone": "25363001#8653",
        "open_time": "06:00~23:00",
        "location": "出口1",
        "status": "正常",
        "info_url": "https://gismobile.water.gov.taipei:8443/W/S.aspx?SD=1711",
        "photo_url": "https://gismobile.water.gov.taipei/WaterMap_drinkImg/1711.JPG"
      }
    },
    {
      "type": "Feature",
      "geometry": {
        "type": "Point",
        "coordinates": [
          121.515189,
          25.114852
        ]
      },
      "properties": {
        "source_type": "直飲臺",
        "name": "石牌站",
        "address": "臺北市北投區石牌路1段200號",
        "city": "臺北市",
        "district": "北投區",
        "managing_unit": "臺北大眾捷運股份有限公司",
        "maintenance_unit": "臺北大眾捷運股份有限公司(紅綠線)",
        "phone": "25363001#8653",
        "open_time": "06:00~23:00",
        "location": "出口1",
        "status": "正常",
        "info_url": "https://gismobile.water.gov.taipei:8443/W/S.aspx?SD=1711a",
        "photo_url": "https://gismobile.water.gov.taipei/WaterMap_drinkImg/1711a.JPG"
      }
    },
    {
      "type": "Feature",
      "geometry": {
        "type": "Point",
        "coordinates": [
          121.519024,
          25.109317
        ]
      },
      "properties": {
        "source_type": "直飲臺",
        "name": "明德站",
        "address": "臺北市北投區明德路95號",
        "city": "臺北市",
        "district": "北投區",
        "managing_unit": "臺北大眾捷運股份有限公司",
        "maintenance_unit": "臺北大眾捷運股份有限公司(紅綠線)",
        "phone": "25363001#8653",
        "open_time": "06:00~23:00",
        "location": "出口左側",
        "status": "正常",
        "info_url": "https://gismobile.water.gov.taipei:8443/W/S.aspx?SD=1712",
        "photo_url": "https://gismobile.water.gov.taipei/WaterMap_drinkImg/1712.JPG"
      }
    },
    {
      "type": "Feature",
      "geometry": {
        "type": "Point",
        "coordinates": [
          121.522608,
          25.102112
        ]
      },
      "properties": {
        "source_type": "直飲臺",
        "name": "芝山站",
        "address": "臺北市士林區福國路70號",
        "city": "臺北市",
        "district": "士林區",
        "managing_unit": "臺北大眾捷運股份有限公司",
        "maintenance_unit": "臺北大眾捷運股份有限公司(紅綠線)",
        "phone": "25363001#8653",
        "open_time": "06:00~23:00",
        "location": "1號出口",
        "status": "正常",
        "info_url": "https://gismobile.water.gov.taipei:8443/W/S.aspx?SD=1713",
        "photo_url": "https://gismobile.water.gov.taipei/WaterMap_drinkImg/1713.JPG"
      }
    },
    {
      "type": "Feature",
      "geometry": {
        "type": "Point",
        "coordinates": [
          121.52643,
          25.09266
        ]
      },
      "properties": {
        "source_type": "直飲臺",
        "name": "士林站",
        "address": "臺北市士林區福德路1號",
        "city": "臺北市",
        "district": "士林區",
        "managing_unit": "臺北大眾捷運股份有限公司",
        "maintenance_unit": "臺北大眾捷運股份有限公司(紅綠線)",
        "phone": "25363001#8653",
        "open_time": "06:00~23:00",
        "location": "2號出口",
        "status": "正常",
        "info_url": "https://gismobile.water.gov.taipei:8443/W/S.aspx?SD=1714a",
        "photo_url": "https://gismobile.water.gov.taipei/WaterMap_drinkImg/1714a.JPG"
      }
    },
    {
      "type": "Feature",
      "geometry": {
        "type": "Point",
        "coordinates": [
          121.52586,
          25.09435
        ]
      },
      "properties": {
        "source_type": "直飲臺",
        "name": "士林站",
        "address": "臺北市士林區福德路1號",
        "city": "臺北市",
        "district": "士林區",
        "managing_unit": "臺北大眾捷運股份有限公司",
        "maintenance_unit": "臺北大眾捷運股份有限公司(紅綠線)",
        "phone": "25363001#8653",
        "open_time": "06:00~23:00",
        "location": "1號出口",
        "status": "正常",
        "info_url": "https://gismobile.water.gov.taipei:8443/W/S.aspx?SD=1714b",
        "photo_url": "https://gismobile.water.gov.taipei/WaterMap_drinkImg/1714b.JPG"
      }
    },
    {
      "type": "Feature",
      "geometry": {
        "type": "Point",
        "coordinates": [
          121.52643,
          25.09266
        ]
      },
      "properties": {
        "source_type": "直飲臺",
        "name": "士林站",
        "address": "臺北市士林區福德路1號",
        "city": "臺北市",
        "district": "士林區",
        "managing_unit": "臺北大眾捷運股份有限公司",
        "maintenance_unit": "臺北大眾捷運股份有限公司(紅綠線)",
        "phone": "25363001#8653",
        "open_time": "06:00~23:00",
        "location": "2號出口",
        "status": "正常",
        "info_url": "https://gismobile.water.gov.taipei:8443/W/S.aspx?SD=1714c",
        "photo_url": "https://gismobile.water.gov.taipei/WaterMap_drinkImg/1714c.JPG"
      }
    },
    {
      "type": "Feature",
      "geometry": {
        "type": "Point",
        "coordinates": [
          121.524736,
          25.083485
        ]
      },
      "properties": {
        "source_type": "直飲臺",
        "name": "劍潭站",
        "address": "臺北市士林區中山北路5段65號",
        "city": "臺北市",
        "district": "士林區",
        "managing_unit": "臺北大眾捷運股份有限公司",
        "maintenance_unit": "臺北大眾捷運股份有限公司(紅綠線)",
        "phone": "25363001#8653",
        "open_time": "06:00~23:00",
        "location": "2號出口",
        "status": "正常",
        "info_url": "https://gismobile.water.gov.taipei:8443/W/S.aspx?SD=1715a",
        "photo_url": "https://gismobile.water.gov.taipei/WaterMap_drinkImg/1715a.JPG"
      }
    },
    {
      "type": "Feature",
      "geometry": {
        "type": "Point",
        "coordinates": [
          121.525154,
          25.085144
        ]
      },
      "properties": {
        "source_type": "直飲臺",
        "name": "劍潭站",
        "address": "臺北市士林區中山北路5段65號",
        "city": "臺北市",
        "district": "士林區",
        "managing_unit": "臺北大眾捷運股份有限公司",
        "maintenance_unit": "臺北大眾捷運股份有限公司(紅綠線)",
        "phone": "25363001#8653",
        "open_time": "06:00~23:00",
        "location": "1號出口",
        "status": "正常",
        "info_url": "https://gismobile.water.gov.taipei:8443/W/S.aspx?SD=1715b",
        "photo_url": "https://gismobile.water.gov.taipei/WaterMap_drinkImg/1715b.JPG"
      }
    },
    {
      "type": "Feature",
      "geometry": {
        "type": "Point",
        "coordinates": [
          121.52511,
          25.08509
        ]
      },
      "properties": {
        "source_type": "直飲臺",
        "name": "劍潭站",
        "address": "臺北市士林區中山北路5段65號",
        "city": "臺北市",
        "district": "士林區",
        "managing_unit": "臺北大眾捷運股份有限公司",
        "maintenance_unit": "臺北大眾捷運股份有限公司(紅綠線)",
        "phone": "25363001#8653",
        "open_time": "06:00~23:00",
        "location": "1號出口",
        "status": "正常",
        "info_url": "https://gismobile.water.gov.taipei:8443/W/S.aspx?SD=1715c",
        "photo_url": "https://gismobile.water.gov.taipei/WaterMap_drinkImg/1715c.JPG"
      }
    },
    {
      "type": "Feature",
      "geometry": {
        "type": "Point",
        "coordinates": [
          121.52007,
          25.07077
        ]
      },
      "properties": {
        "source_type": "直飲臺",
        "name": "圓山站",
        "address": "臺北市大同區酒泉街9之1號",
        "city": "臺北市",
        "district": "大同區",
        "managing_unit": "臺北大眾捷運股份有限公司",
        "maintenance_unit": "臺北大眾捷運股份有限公司(紅綠線)",
        "phone": "25363001#8653",
        "open_time": "06:00~23:00",
        "location": "1號出口",
        "status": "正常",
        "info_url": "https://gismobile.water.gov.taipei:8443/W/S.aspx?SD=1716",
        "photo_url": "https://gismobile.water.gov.taipei/WaterMap_drinkImg/1716.JPG"
      }
    },
    {
      "type": "Feature",
      "geometry": {
        "type": "Point",
        "coordinates": [
          121.519547,
          25.062605
        ]
      },
      "properties": {
        "source_type": "直飲臺",
        "name": "民權西路站",
        "address": "臺北市中山區民權西路72號",
        "city": "臺北市",
        "district": "中山區",
        "managing_unit": "臺北大眾捷運股份有限公司",
        "maintenance_unit": "臺北大眾捷運股份有限公司(紅綠線)",
        "phone": "25363001#8653",
        "open_time": "06:00~23:00",
        "location": "1號出口",
        "status": "正常",
        "info_url": "https://gismobile.water.gov.taipei:8443/W/S.aspx?SD=1717",
        "photo_url": "https://gismobile.water.gov.taipei/WaterMap_drinkImg/1717.JPG"
      }
    },
    {
      "type": "Feature",
      "geometry": {
        "type": "Point",
        "coordinates": [
          121.519788,
          25.06303
        ]
      },
      "properties": {
        "source_type": "直飲臺",
        "name": "民權西路站",
        "address": "臺北市中山區民權西路72號",
        "city": "臺北市",
        "district": "中山區",
        "managing_unit": "臺北大眾捷運股份有限公司",
        "maintenance_unit": "臺北大眾捷運股份有限公司(藍橘線)",
        "phone": "25363001#8653",
        "open_time": "06:00~23:00",
        "location": "9號出口",
        "status": "正常",
        "info_url": "https://gismobile.water.gov.taipei:8443/W/S.aspx?SD=1717a",
        "photo_url": "https://gismobile.water.gov.taipei/WaterMap_drinkImg/1717a.JPG"
      }
    },
    {
      "type": "Feature",
      "geometry": {
        "type": "Point",
        "coordinates": [
          121.519788,
          25.06303
        ]
      },
      "properties": {
        "source_type": "直飲臺",
        "name": "民權西路站",
        "address": "臺北市中山區民權西路72號",
        "city": "臺北市",
        "district": "中山區",
        "managing_unit": "臺北大眾捷運股份有限公司",
        "maintenance_unit": "臺北大眾捷運股份有限公司(藍橘線)",
        "phone": "25363001#8653",
        "open_time": "06:00~23:00",
        "location": "9號出口",
        "status": "正常",
        "info_url": "https://gismobile.water.gov.taipei:8443/W/S.aspx?SD=1717b",
        "photo_url": "https://gismobile.water.gov.taipei/WaterMap_drinkImg/1717b.JPG"
      }
    },
    {
      "type": "Feature",
      "geometry": {
        "type": "Point",
        "coordinates": [
          121.520579,
          25.057496
        ]
      },
      "properties": {
        "source_type": "直飲臺",
        "name": "雙連站",
        "address": "臺北市中山區民生西路47號",
        "city": "臺北市",
        "district": "中山區",
        "managing_unit": "臺北大眾捷運股份有限公司",
        "maintenance_unit": "臺北大眾捷運股份有限公司(紅綠線)",
        "phone": "25363001#8653",
        "open_time": "06:00~23:00",
        "location": "1號出口",
        "status": "正常",
        "info_url": "https://gismobile.water.gov.taipei:8443/W/S.aspx?SD=1718",
        "photo_url": "https://gismobile.water.gov.taipei/WaterMap_drinkImg/1718.JPG"
      }
    },
    {
      "type": "Feature",
      "geometry": {
        "type": "Point",
        "coordinates": [
          121.520545,
          25.055401
        ]
      },
      "properties": {
        "source_type": "直飲臺",
        "name": "中山地下街",
        "address": "臺北市中山區雙連站及中山站間地下街",
        "city": "臺北市",
        "district": "中山區",
        "managing_unit": "臺北大眾捷運股份有限公司",
        "maintenance_unit": "臺北大眾捷運股份有限公司(藍橘線)",
        "phone": "25363001#8653",
        "open_time": "06:00~23:00",
        "location": "爵士廣場",
        "status": "正常",
        "info_url": "https://gismobile.water.gov.taipei:8443/W/S.aspx?SD=1718a",
        "photo_url": "https://gismobile.water.gov.taipei/WaterMap_drinkImg/1718a.JPG"
      }
    },
    {
      "type": "Feature",
      "geometry": {
        "type": "Point",
        "coordinates": [
          121.520545,
          25.055401
        ]
      },
      "properties": {
        "source_type": "直飲臺",
        "name": "中山地下街",
        "address": "臺北市中山區雙連站及中山站間地下街",
        "city": "臺北市",
        "district": "中山區",
        "managing_unit": "臺北大眾捷運股份有限公司",
        "maintenance_unit": "臺北大眾捷運股份有限公司(藍橘線)",
        "phone": "25363001#8653",
        "open_time": "06:00~23:00",
        "location": "爵士廣場",
        "status": "正常",
        "info_url": "https://gismobile.water.gov.taipei:8443/W/S.aspx?SD=1718b",
        "photo_url": "https://gismobile.water.gov.taipei/WaterMap_drinkImg/1718b.JPG"
      }
    },
    {
      "type": "Feature",
      "geometry": {
        "type": "Point",
        "coordinates": [
          121.520579,
          25.057496
        ]
      },
      "properties": {
        "source_type": "直飲臺",
        "name": "雙連站",
        "address": "臺北市中山區民生西路47號",
        "city": "臺北市",
        "district": "中山區",
        "managing_unit": "臺北大眾捷運股份有限公司",
        "maintenance_unit": "臺北大眾捷運股份有限公司(紅綠線)",
        "phone": "25363001#8653",
        "open_time": "06:00~23:00",
        "location": "1號出口",
        "status": "正常",
        "info_url": "https://gismobile.water.gov.taipei:8443/W/S.aspx?SD=1718c",
        "photo_url": "https://gismobile.water.gov.taipei/WaterMap_drinkImg/1718c.JPG"
      }
    },
    {
      "type": "Feature",
      "geometry": {
        "type": "Point",
        "coordinates": [
          121.520302,
          25.052423
        ]
      },
      "properties": {
        "source_type": "直飲臺",
        "name": "中山站",
        "address": "臺北市中山區南京西路16號",
        "city": "臺北市",
        "district": "中山區",
        "managing_unit": "臺北大眾捷運股份有限公司",
        "maintenance_unit": "臺北大眾捷運股份有限公司(紅綠線)",
        "phone": "25363001#8653",
        "open_time": "06:00~23:00",
        "location": "1號出口",
        "status": "正常",
        "info_url": "https://gismobile.water.gov.taipei:8443/W/S.aspx?SD=1719",
        "photo_url": "https://gismobile.water.gov.taipei/WaterMap_drinkImg/1719.JPG"
      }
    },
    {
      "type": "Feature",
      "geometry": {
        "type": "Point",
        "coordinates": [
          121.520302,
          25.052423
        ]
      },
      "properties": {
        "source_type": "直飲臺",
        "name": "中山站(淡水信義線)",
        "address": "臺北市中山區南京西路16號",
        "city": "臺北市",
        "district": "中山區",
        "managing_unit": "臺北大眾捷運股份有限公司",
        "maintenance_unit": "臺北大眾捷運股份有限公司(紅綠線)",
        "phone": "25363001#8653",
        "open_time": "06:00~23:00",
        "location": "1號出口",
        "status": "正常",
        "info_url": "https://gismobile.water.gov.taipei:8443/W/S.aspx?SD=1719a",
        "photo_url": "https://gismobile.water.gov.taipei/WaterMap_drinkImg/1719a.JPG"
      }
    },
    {
      "type": "Feature",
      "geometry": {
        "type": "Point",
        "coordinates": [
          121.517253,
          25.046485
        ]
      },
      "properties": {
        "source_type": "直飲臺",
        "name": "台北車站",
        "address": "臺北市中正區忠孝西路1段49號",
        "city": "臺北市",
        "district": "中正區",
        "managing_unit": "臺北大眾捷運股份有限公司",
        "maintenance_unit": "臺北大眾捷運股份有限公司(紅綠線)",
        "phone": "25363001#8653",
        "open_time": "06:00~23:00",
        "location": "4號出口",
        "status": "正常",
        "info_url": "https://gismobile.water.gov.taipei:8443/W/S.aspx?SD=1720",
        "photo_url": "https://gismobile.water.gov.taipei/WaterMap_drinkImg/1720.JPG"
      }
    },
    {
      "type": "Feature",
      "geometry": {
        "type": "Point",
        "coordinates": [
          121.517253,
          25.046485
        ]
      },
      "properties": {
        "source_type": "直飲臺",
        "name": "台北車站(板南線)",
        "address": "臺北市中正區忠孝西路1段49號",
        "city": "臺北市",
        "district": "中正區",
        "managing_unit": "臺北大眾捷運股份有限公司",
        "maintenance_unit": "臺北大眾捷運股份有限公司(紅綠線)",
        "phone": "25363001#8653",
        "open_time": "06:00~23:00",
        "location": "4號出口",
        "status": "正常",
        "info_url": "https://gismobile.water.gov.taipei:8443/W/S.aspx?SD=1720a",
        "photo_url": "https://gismobile.water.gov.taipei/WaterMap_drinkImg/1720a.JPG"
      }
    },
    {
      "type": "Feature",
      "geometry": {
        "type": "Point",
        "coordinates": [
          121.515774,
          25.040962
        ]
      },
      "properties": {
        "source_type": "直飲臺",
        "name": "台大醫院站",
        "address": "臺北市中正區公園路52號",
        "city": "臺北市",
        "district": "中正區",
        "managing_unit": "臺北大眾捷運股份有限公司",
        "maintenance_unit": "臺北大眾捷運股份有限公司(紅綠線)",
        "phone": "25363001#8653",
        "open_time": "06:00~23:00",
        "location": "1號出口",
        "status": "正常",
        "info_url": "https://gismobile.water.gov.taipei:8443/W/S.aspx?SD=1721",
        "photo_url": "https://gismobile.water.gov.taipei/WaterMap_drinkImg/1721.JPG"
      }
    },
    {
      "type": "Feature",
      "geometry": {
        "type": "Point",
        "coordinates": [
          121.515774,
          25.040962
        ]
      },
      "properties": {
        "source_type": "直飲臺",
        "name": "台大醫院站",
        "address": "臺北市中正區公園路52號",
        "city": "臺北市",
        "district": "中正區",
        "managing_unit": "臺北大眾捷運股份有限公司",
        "maintenance_unit": "臺北大眾捷運股份有限公司(紅綠線)",
        "phone": "25363001#8653",
        "open_time": "06:00~23:00",
        "location": "1號出口",
        "status": "正常",
        "info_url": "https://gismobile.water.gov.taipei:8443/W/S.aspx?SD=1721a",
        "photo_url": "https://gismobile.water.gov.taipei/WaterMap_drinkImg/1721a.JPG"
      }
    },
    {
      "type": "Feature",
      "geometry": {
        "type": "Point",
        "coordinates": [
          121.517187,
          25.034899
        ]
      },
      "properties": {
        "source_type": "直飲臺",
        "name": "中正紀念堂站",
        "address": "臺北市中正區羅斯福路1段8之1號",
        "city": "臺北市",
        "district": "中正區",
        "managing_unit": "臺北大眾捷運股份有限公司",
        "maintenance_unit": "臺北大眾捷運股份有限公司(紅綠線)",
        "phone": "25363001#8653",
        "open_time": "06:00~23:00",
        "location": "5號出口",
        "status": "正常",
        "info_url": "https://gismobile.water.gov.taipei:8443/W/S.aspx?SD=1722a",
        "photo_url": "https://gismobile.water.gov.taipei/WaterMap_drinkImg/1722a.JPG"
      }
    },
    {
      "type": "Feature",
      "geometry": {
        "type": "Point",
        "coordinates": [
          121.517187,
          25.034899
        ]
      },
      "properties": {
        "source_type": "直飲臺",
        "name": "中正紀念堂站",
        "address": "臺北市中正區羅斯福路1段8之1號",
        "city": "臺北市",
        "district": "中正區",
        "managing_unit": "臺北大眾捷運股份有限公司",
        "maintenance_unit": "臺北大眾捷運股份有限公司(紅綠線)",
        "phone": "25363001#8653",
        "open_time": "06:00~23:00",
        "location": "5號出口",
        "status": "正常",
        "info_url": "https://gismobile.water.gov.taipei:8443/W/S.aspx?SD=1722b",
        "photo_url": "https://gismobile.water.gov.taipei/WaterMap_drinkImg/1722b.JPG"
      }
    },
    {
      "type": "Feature",
      "geometry": {
        "type": "Point",
        "coordinates": [
          121.517187,
          25.034899
        ]
      },
      "properties": {
        "source_type": "直飲臺",
        "name": "中正紀念堂站",
        "address": "臺北市中正區羅斯福路1段8之1號",
        "city": "臺北市",
        "district": "中正區",
        "managing_unit": "臺北大眾捷運股份有限公司",
        "maintenance_unit": "臺北大眾捷運股份有限公司(紅綠線)",
        "phone": "25363001#8653",
        "open_time": "06:00~23:00",
        "location": "5號出口",
        "status": "正常",
        "info_url": "https://gismobile.water.gov.taipei:8443/W/S.aspx?SD=1722c",
        "photo_url": "https://gismobile.water.gov.taipei/WaterMap_drinkImg/1722c.JPG"
      }
    },
    {
      "type": "Feature",
      "geometry": {
        "type": "Point",
        "coordinates": [
          121.522304,
          25.027499
        ]
      },
      "properties": {
        "source_type": "直飲臺",
        "name": "古亭站",
        "address": "臺北市大安區羅斯福路2段164之1號",
        "city": "臺北市",
        "district": "大安區",
        "managing_unit": "臺北大眾捷運股份有限公司",
        "maintenance_unit": "臺北大眾捷運股份有限公司(紅綠線)",
        "phone": "25363001#8653",
        "open_time": "06:00~23:00",
        "location": "6號出口",
        "status": "正常",
        "info_url": "https://gismobile.water.gov.taipei:8443/W/S.aspx?SD=1723",
        "photo_url": "https://gismobile.water.gov.taipei/WaterMap_drinkImg/1723.JPG"
      }
    },
    {
      "type": "Feature",
      "geometry": {
        "type": "Point",
        "coordinates": [
          121.522304,
          25.027499
        ]
      },
      "properties": {
        "source_type": "直飲臺",
        "name": "古亭站",
        "address": "臺北市大安區羅斯福路2段164之1號",
        "city": "臺北市",
        "district": "大安區",
        "managing_unit": "臺北大眾捷運股份有限公司",
        "maintenance_unit": "臺北大眾捷運股份有限公司(紅綠線)",
        "phone": "25363001#8653",
        "open_time": "06:00~23:00",
        "location": "6號出口",
        "status": "正常",
        "info_url": "https://gismobile.water.gov.taipei:8443/W/S.aspx?SD=1723a",
        "photo_url": "https://gismobile.water.gov.taipei/WaterMap_drinkImg/1723a.JPG"
      }
    },
    {
      "type": "Feature",
      "geometry": {
        "type": "Point",
        "coordinates": [
          121.527849,
          25.02118
        ]
      },
      "properties": {
        "source_type": "直飲臺",
        "name": "台電大樓站",
        "address": "臺北市大安區羅斯福路3段126-5號",
        "city": "臺北市",
        "district": "大安區",
        "managing_unit": "臺北大眾捷運股份有限公司",
        "maintenance_unit": "臺北大眾捷運股份有限公司(紅綠線)",
        "phone": "25363001#8653",
        "open_time": "06:00~23:00",
        "location": "1號出口",
        "status": "正常",
        "info_url": "https://gismobile.water.gov.taipei:8443/W/S.aspx?SD=1728",
        "photo_url": "https://gismobile.water.gov.taipei/WaterMap_drinkImg/1728.JPG"
      }
    },
    {
      "type": "Feature",
      "geometry": {
        "type": "Point",
        "coordinates": [
          121.527849,
          25.02118
        ]
      },
      "properties": {
        "source_type": "直飲臺",
        "name": "台電大樓站",
        "address": "臺北市大安區羅斯福路3段126-5號",
        "city": "臺北市",
        "district": "大安區",
        "managing_unit": "臺北大眾捷運股份有限公司",
        "maintenance_unit": "臺北大眾捷運股份有限公司(紅綠線)",
        "phone": "25363001#8653",
        "open_time": "06:00~23:00",
        "location": "1號出口",
        "status": "正常",
        "info_url": "https://gismobile.water.gov.taipei:8443/W/S.aspx?SD=1728a",
        "photo_url": "https://gismobile.water.gov.taipei/WaterMap_drinkImg/1728a.JPG"
      }
    },
    {
      "type": "Feature",
      "geometry": {
        "type": "Point",
        "coordinates": [
          121.534767,
          25.014685
        ]
      },
      "properties": {
        "source_type": "直飲臺",
        "name": "公館站",
        "address": "臺北市大安區羅斯福路4段64-1號",
        "city": "臺北市",
        "district": "大安區",
        "managing_unit": "臺北大眾捷運股份有限公司",
        "maintenance_unit": "臺北大眾捷運股份有限公司(紅綠線)",
        "phone": "25363001#8653",
        "open_time": "06:00~23:00",
        "location": "2號出口",
        "status": "正常",
        "info_url": "https://gismobile.water.gov.taipei:8443/W/S.aspx?SD=1729",
        "photo_url": "https://gismobile.water.gov.taipei/WaterMap_drinkImg/1729.JPG"
      }
    },
    {
      "type": "Feature",
      "geometry": {
        "type": "Point",
        "coordinates": [
          121.534767,
          25.014685
        ]
      },
      "properties": {
        "source_type": "直飲臺",
        "name": "公館站",
        "address": "臺北市大安區羅斯福路4段64-1號",
        "city": "臺北市",
        "district": "大安區",
        "managing_unit": "臺北大眾捷運股份有限公司",
        "maintenance_unit": "臺北大眾捷運股份有限公司(紅綠線)",
        "phone": "25363001#8653",
        "open_time": "06:00~23:00",
        "location": "2號出口",
        "status": "正常",
        "info_url": "https://gismobile.water.gov.taipei:8443/W/S.aspx?SD=1729a",
        "photo_url": "https://gismobile.water.gov.taipei/WaterMap_drinkImg/1729a.JPG"
      }
    },
    {
      "type": "Feature",
      "geometry": {
        "type": "Point",
        "coordinates": [
          121.539038,
          25.002203
        ]
      },
      "properties": {
        "source_type": "直飲臺",
        "name": "萬隆站",
        "address": "臺北市文山區羅斯福路5段214號",
        "city": "臺北市",
        "district": "文山區",
        "managing_unit": "臺北大眾捷運股份有限公司",
        "maintenance_unit": "臺北大眾捷運股份有限公司(紅綠線)",
        "phone": "25363001#8653",
        "open_time": "06:00~23:00",
        "location": "4號出口",
        "status": "正常",
        "info_url": "https://gismobile.water.gov.taipei:8443/W/S.aspx?SD=1730",
        "photo_url": "https://gismobile.water.gov.taipei/WaterMap_drinkImg/1730.JPG"
      }
    },
    {
      "type": "Feature",
      "geometry": {
        "type": "Point",
        "coordinates": [
          121.539038,
          25.002203
        ]
      },
      "properties": {
        "source_type": "直飲臺",
        "name": "萬隆站",
        "address": "臺北市文山區羅斯福路5段214號",
        "city": "臺北市",
        "district": "文山區",
        "managing_unit": "臺北大眾捷運股份有限公司",
        "maintenance_unit": "臺北大眾捷運股份有限公司(紅綠線)",
        "phone": "25363001#8653",
        "open_time": "06:00~23:00",
        "location": "4號出口",
        "status": "正常",
        "info_url": "https://gismobile.water.gov.taipei:8443/W/S.aspx?SD=1730a",
        "photo_url": "https://gismobile.water.gov.taipei/WaterMap_drinkImg/1730a.JPG"
      }
    },
    {
      "type": "Feature",
      "geometry": {
        "type": "Point",
        "coordinates": [
          121.540694,
          24.99223
        ]
      },
      "properties": {
        "source_type": "直飲臺",
        "name": "景美站",
        "address": "臺北市文山區羅斯福路6段216號",
        "city": "臺北市",
        "district": "文山區",
        "managing_unit": "臺北大眾捷運股份有限公司",
        "maintenance_unit": "臺北大眾捷運股份有限公司(紅綠線)",
        "phone": "25363001#8653",
        "open_time": "06:00~23:00",
        "location": "1號出口",
        "status": "正常",
        "info_url": "https://gismobile.water.gov.taipei:8443/W/S.aspx?SD=1731",
        "photo_url": "https://gismobile.water.gov.taipei/WaterMap_drinkImg/1731.JPG"
      }
    },
    {
      "type": "Feature",
      "geometry": {
        "type": "Point",
        "coordinates": [
          121.540694,
          24.99223
        ]
      },
      "properties": {
        "source_type": "直飲臺",
        "name": "景美站",
        "address": "臺北市文山區羅斯福路6段216號",
        "city": "臺北市",
        "district": "文山區",
        "managing_unit": "臺北大眾捷運股份有限公司",
        "maintenance_unit": "臺北大眾捷運股份有限公司(紅綠線)",
        "phone": "25363001#8653",
        "open_time": "06:00~23:00",
        "location": "1號出口",
        "status": "正常",
        "info_url": "https://gismobile.water.gov.taipei:8443/W/S.aspx?SD=1731a",
        "photo_url": "https://gismobile.water.gov.taipei/WaterMap_drinkImg/1731a.JPG"
      }
    },
    {
      "type": "Feature",
      "geometry": {
        "type": "Point",
        "coordinates": [
          121.579897,
          24.998276
        ]
      },
      "properties": {
        "source_type": "直飲臺",
        "name": "動物園站",
        "address": "臺北市文山區新光路2段32號",
        "city": "臺北市",
        "district": "文山區",
        "managing_unit": "臺北大眾捷運股份有限公司",
        "maintenance_unit": "臺北大眾捷運股份有限公司(棕線)",
        "phone": "25363001#8653",
        "open_time": "06:00~23:00",
        "location": "1號出口",
        "status": "正常",
        "info_url": "https://gismobile.water.gov.taipei:8443/W/S.aspx?SD=1801",
        "photo_url": "https://gismobile.water.gov.taipei/WaterMap_drinkImg/1801.JPG"
      }
    },
    {
      "type": "Feature",
      "geometry": {
        "type": "Point",
        "coordinates": [
          121.579897,
          24.998276
        ]
      },
      "properties": {
        "source_type": "直飲臺",
        "name": "動物園站",
        "address": "臺北市文山區新光路2段32號",
        "city": "臺北市",
        "district": "文山區",
        "managing_unit": "臺北大眾捷運股份有限公司",
        "maintenance_unit": "臺北大眾捷運股份有限公司(棕線)",
        "phone": "25363001#8653",
        "open_time": "06:00~23:00",
        "location": "1號出口",
        "status": "正常",
        "info_url": "https://gismobile.water.gov.taipei:8443/W/S.aspx?SD=1801a",
        "photo_url": "https://gismobile.water.gov.taipei/WaterMap_drinkImg/1801a.JPG"
      }
    },
    {
      "type": "Feature",
      "geometry": {
        "type": "Point",
        "coordinates": [
          121.573381,
          24.998202
        ]
      },
      "properties": {
        "source_type": "直飲臺",
        "name": "木柵站",
        "address": "臺北市文山區木柵路4段135號",
        "city": "臺北市",
        "district": "文山區",
        "managing_unit": "臺北大眾捷運股份有限公司",
        "maintenance_unit": "臺北大眾捷運股份有限公司(棕線)",
        "phone": "25363001#8653",
        "open_time": "06:00~23:00",
        "location": "出口右側",
        "status": "正常",
        "info_url": "https://gismobile.water.gov.taipei:8443/W/S.aspx?SD=1802",
        "photo_url": "https://gismobile.water.gov.taipei/WaterMap_drinkImg/1802.JPG"
      }
    },
    {
      "type": "Feature",
      "geometry": {
        "type": "Point",
        "coordinates": [
          121.573381,
          24.998202
        ]
      },
      "properties": {
        "source_type": "直飲臺",
        "name": "木柵站",
        "address": "臺北市文山區木柵路4段135號",
        "city": "臺北市",
        "district": "文山區",
        "managing_unit": "臺北大眾捷運股份有限公司",
        "maintenance_unit": "臺北大眾捷運股份有限公司(棕線)",
        "phone": "25363001#8653",
        "open_time": "06:00~23:00",
        "location": "出口右側",
        "status": "正常",
        "info_url": "https://gismobile.water.gov.taipei:8443/W/S.aspx?SD=1802a",
        "photo_url": "https://gismobile.water.gov.taipei/WaterMap_drinkImg/1802a.JPG"
      }
    },
    {
      "type": "Feature",
      "geometry": {
        "type": "Point",
        "coordinates": [
          121.568384,
          24.998599
        ]
      },
      "properties": {
        "source_type": "直飲臺",
        "name": "萬芳社區站",
        "address": "臺北市文山區萬芳路60號",
        "city": "臺北市",
        "district": "文山區",
        "managing_unit": "臺北大眾捷運股份有限公司",
        "maintenance_unit": "臺北大眾捷運股份有限公司(棕線)",
        "phone": "25363001#8653",
        "open_time": "06:00~23:00",
        "location": "出口右側",
        "status": "正常",
        "info_url": "https://gismobile.water.gov.taipei:8443/W/S.aspx?SD=1803",
        "photo_url": "https://gismobile.water.gov.taipei/WaterMap_drinkImg/1803.JPG"
      }
    },
    {
      "type": "Feature",
      "geometry": {
        "type": "Point",
        "coordinates": [
          121.568384,
          24.998599
        ]
      },
      "properties": {
        "source_type": "直飲臺",
        "name": "萬芳社區站",
        "address": "臺北市文山區萬芳路60號",
        "city": "臺北市",
        "district": "文山區",
        "managing_unit": "臺北大眾捷運股份有限公司",
        "maintenance_unit": "臺北大眾捷運股份有限公司(棕線)",
        "phone": "25363001#8653",
        "open_time": "06:00~23:00",
        "location": "出口右側",
        "status": "正常",
        "info_url": "https://gismobile.water.gov.taipei:8443/W/S.aspx?SD=1803a",
        "photo_url": "https://gismobile.water.gov.taipei/WaterMap_drinkImg/1803a.JPG"
      }
    },
    {
      "type": "Feature",
      "geometry": {
        "type": "Point",
        "coordinates": [
          121.557732,
          24.999333
        ]
      },
      "properties": {
        "source_type": "直飲臺",
        "name": "萬芳醫院站",
        "address": "臺北市文山區興隆路3段113號",
        "city": "臺北市",
        "district": "文山區",
        "managing_unit": "臺北大眾捷運股份有限公司",
        "maintenance_unit": "臺北大眾捷運股份有限公司(棕線)",
        "phone": "25363001#8653",
        "open_time": "06:00~23:00",
        "location": "出口右側",
        "status": "正常",
        "info_url": "https://gismobile.water.gov.taipei:8443/W/S.aspx?SD=1804",
        "photo_url": "https://gismobile.water.gov.taipei/WaterMap_drinkImg/1804.JPG"
      }
    },
    {
      "type": "Feature",
      "geometry": {
        "type": "Point",
        "coordinates": [
          121.557732,
          24.999333
        ]
      },
      "properties": {
        "source_type": "直飲臺",
        "name": "萬芳醫院站",
        "address": "臺北市文山區興隆路3段113號",
        "city": "臺北市",
        "district": "文山區",
        "managing_unit": "臺北大眾捷運股份有限公司",
        "maintenance_unit": "臺北大眾捷運股份有限公司(棕線)",
        "phone": "25363001#8653",
        "open_time": "06:00~23:00",
        "location": "出口右側",
        "status": "正常",
        "info_url": "https://gismobile.water.gov.taipei:8443/W/S.aspx?SD=1804a",
        "photo_url": "https://gismobile.water.gov.taipei/WaterMap_drinkImg/1804a.JPG"
      }
    },
    {
      "type": "Feature",
      "geometry": {
        "type": "Point",
        "coordinates": [
          121.557015,
          25.00512
        ]
      },
      "properties": {
        "source_type": "直飲臺",
        "name": "辛亥站",
        "address": "臺北市文山區辛亥路4段128號",
        "city": "臺北市",
        "district": "文山區",
        "managing_unit": "臺北大眾捷運股份有限公司",
        "maintenance_unit": "臺北大眾捷運股份有限公司(棕線)",
        "phone": "25363001#8653",
        "open_time": "06:00~23:00",
        "location": "出口右側",
        "status": "正常",
        "info_url": "https://gismobile.water.gov.taipei:8443/W/S.aspx?SD=1805",
        "photo_url": "https://gismobile.water.gov.taipei/WaterMap_drinkImg/1805.JPG"
      }
    },
    {
      "type": "Feature",
      "geometry": {
        "type": "Point",
        "coordinates": [
          121.5586,
          25.01864
        ]
      },
      "properties": {
        "source_type": "直飲臺",
        "name": "麟光站",
        "address": "臺北市大安區和平東路3段410號",
        "city": "臺北市",
        "district": "大安區",
        "managing_unit": "臺北大眾捷運股份有限公司",
        "maintenance_unit": "臺北大眾捷運股份有限公司(棕線)",
        "phone": "25363001#8653",
        "open_time": "06:00~23:00",
        "location": "出口左側",
        "status": "正常",
        "info_url": "https://gismobile.water.gov.taipei:8443/W/S.aspx?SD=1806",
        "photo_url": "https://gismobile.water.gov.taipei/WaterMap_drinkImg/1806.JPG"
      }
    },
    {
      "type": "Feature",
      "geometry": {
        "type": "Point",
        "coordinates": [
          121.5586,
          25.01864
        ]
      },
      "properties": {
        "source_type": "直飲臺",
        "name": "麟光站",
        "address": "臺北市大安區和平東路3段410號",
        "city": "臺北市",
        "district": "大安區",
        "managing_unit": "臺北大眾捷運股份有限公司",
        "maintenance_unit": "臺北大眾捷運股份有限公司(棕線)",
        "phone": "25363001#8653",
        "open_time": "06:00~23:00",
        "location": "出口左側",
        "status": "正常",
        "info_url": "https://gismobile.water.gov.taipei:8443/W/S.aspx?SD=1806a",
        "photo_url": "https://gismobile.water.gov.taipei/WaterMap_drinkImg/1806a.JPG"
      }
    },
    {
      "type": "Feature",
      "geometry": {
        "type": "Point",
        "coordinates": [
          121.552755,
          25.023878
        ]
      },
      "properties": {
        "source_type": "直飲臺",
        "name": "六張犁站",
        "address": "臺北市大安區和平東路3段168號",
        "city": "臺北市",
        "district": "大安區",
        "managing_unit": "臺北大眾捷運股份有限公司",
        "maintenance_unit": "臺北大眾捷運股份有限公司(棕線)",
        "phone": "25363001#8653",
        "open_time": "06:00~23:00",
        "location": "出口右側",
        "status": "正常",
        "info_url": "https://gismobile.water.gov.taipei:8443/W/S.aspx?SD=1807",
        "photo_url": "https://gismobile.water.gov.taipei/WaterMap_drinkImg/1807.JPG"
      }
    },
    {
      "type": "Feature",
      "geometry": {
        "type": "Point",
        "coordinates": [
          121.543472,
          25.026134
        ]
      },
      "properties": {
        "source_type": "直飲臺",
        "name": "科技大樓站",
        "address": "臺北市大安區復興南路2段235號",
        "city": "臺北市",
        "district": "大安區",
        "managing_unit": "臺北大眾捷運股份有限公司",
        "maintenance_unit": "臺北大眾捷運股份有限公司(棕線)",
        "phone": "25363001#8653",
        "open_time": "06:00~23:00",
        "location": "出口右側",
        "status": "正常",
        "info_url": "https://gismobile.water.gov.taipei:8443/W/S.aspx?SD=1808",
        "photo_url": "https://gismobile.water.gov.taipei/WaterMap_drinkImg/1808.JPG"
      }
    },
    {
      "type": "Feature",
      "geometry": {
        "type": "Point",
        "coordinates": [
          121.543472,
          25.026134
        ]
      },
      "properties": {
        "source_type": "直飲臺",
        "name": "科技大樓站",
        "address": "臺北市大安區復興南路2段235號",
        "city": "臺北市",
        "district": "大安區",
        "managing_unit": "臺北大眾捷運股份有限公司",
        "maintenance_unit": "臺北大眾捷運股份有限公司(棕線)",
        "phone": "25363001#8653",
        "open_time": "06:00~23:00",
        "location": "出口右側",
        "status": "正常",
        "info_url": "https://gismobile.water.gov.taipei:8443/W/S.aspx?SD=1808a",
        "photo_url": "https://gismobile.water.gov.taipei/WaterMap_drinkImg/1808a.JPG"
      }
    },
    {
      "type": "Feature",
      "geometry": {
        "type": "Point",
        "coordinates": [
          121.544005,
          25.033164
        ]
      },
      "properties": {
        "source_type": "直飲臺",
        "name": "大安站",
        "address": "臺北市大安區信義路4段2號",
        "city": "臺北市",
        "district": "大安區",
        "managing_unit": "臺北大眾捷運股份有限公司",
        "maintenance_unit": "臺北大眾捷運股份有限公司(棕線)",
        "phone": "25363001#8653",
        "open_time": "06:00~23:00",
        "location": "4號出口",
        "status": "正常",
        "info_url": "https://gismobile.water.gov.taipei:8443/W/S.aspx?SD=1809",
        "photo_url": "https://gismobile.water.gov.taipei/WaterMap_drinkImg/1809.JPG"
      }
    },
    {
      "type": "Feature",
      "geometry": {
        "type": "Point",
        "coordinates": [
          121.544005,
          25.033164
        ]
      },
      "properties": {
        "source_type": "直飲臺",
        "name": "大安站(文湖線)",
        "address": "臺北市大安區信義路4段2號",
        "city": "臺北市",
        "district": "大安區",
        "managing_unit": "臺北大眾捷運股份有限公司",
        "maintenance_unit": "臺北大眾捷運股份有限公司(棕線)",
        "phone": "25363001#8653",
        "open_time": "06:00~23:00",
        "location": "4號出口",
        "status": "正常",
        "info_url": "https://gismobile.water.gov.taipei:8443/W/S.aspx?SD=1809a",
        "photo_url": "https://gismobile.water.gov.taipei/WaterMap_drinkImg/1809a.JPG"
      }
    },
    {
      "type": "Feature",
      "geometry": {
        "type": "Point",
        "coordinates": [
          121.543247,
          25.041263
        ]
      },
      "properties": {
        "source_type": "直飲臺",
        "name": "忠孝復興站",
        "address": "臺北市大安區忠孝東路3段302號",
        "city": "臺北市",
        "district": "大安區",
        "managing_unit": "臺北大眾捷運股份有限公司",
        "maintenance_unit": "臺北大眾捷運股份有限公司(棕線)",
        "phone": "25363001#8653",
        "open_time": "06:00~23:00",
        "location": "2號出口",
        "status": "正常",
        "info_url": "https://gismobile.water.gov.taipei:8443/W/S.aspx?SD=1810",
        "photo_url": "https://gismobile.water.gov.taipei/WaterMap_drinkImg/1810.JPG"
      }
    },
    {
      "type": "Feature",
      "geometry": {
        "type": "Point",
        "coordinates": [
          121.543247,
          25.041263
        ]
      },
      "properties": {
        "source_type": "直飲臺",
        "name": "忠孝復興站(文湖線)",
        "address": "臺北市大安區忠孝東路3段302號",
        "city": "臺北市",
        "district": "大安區",
        "managing_unit": "臺北大眾捷運股份有限公司",
        "maintenance_unit": "臺北大眾捷運股份有限公司(棕線)",
        "phone": "25363001#8653",
        "open_time": "06:00~23:00",
        "location": "2號出口",
        "status": "正常",
        "info_url": "https://gismobile.water.gov.taipei:8443/W/S.aspx?SD=1810a",
        "photo_url": "https://gismobile.water.gov.taipei/WaterMap_drinkImg/1810a.JPG"
      }
    },
    {
      "type": "Feature",
      "geometry": {
        "type": "Point",
        "coordinates": [
          121.544527,
          25.052392
        ]
      },
      "properties": {
        "source_type": "直飲臺",
        "name": "南京復興站",
        "address": "臺北市松山區南京東路3段253號",
        "city": "臺北市",
        "district": "松山區",
        "managing_unit": "臺北大眾捷運股份有限公司",
        "maintenance_unit": "臺北大眾捷運股份有限公司(棕線)",
        "phone": "25363001#8653",
        "open_time": "06:00~23:00",
        "location": "7號出口",
        "status": "正常",
        "info_url": "https://gismobile.water.gov.taipei:8443/W/S.aspx?SD=1811",
        "photo_url": "https://gismobile.water.gov.taipei/WaterMap_drinkImg/1811.JPG"
      }
    },
    {
      "type": "Feature",
      "geometry": {
        "type": "Point",
        "coordinates": [
          121.544022,
          25.060836
        ]
      },
      "properties": {
        "source_type": "直飲臺",
        "name": "中山國中站",
        "address": "臺北市中山區復興北路376號",
        "city": "臺北市",
        "district": "中山區",
        "managing_unit": "臺北大眾捷運股份有限公司",
        "maintenance_unit": "臺北大眾捷運股份有限公司(棕線)",
        "phone": "25363001#8653",
        "open_time": "06:00~23:00",
        "location": "出口左側",
        "status": "正常",
        "info_url": "https://gismobile.water.gov.taipei:8443/W/S.aspx?SD=1812",
        "photo_url": "https://gismobile.water.gov.taipei/WaterMap_drinkImg/1812.JPG"
      }
    },
    {
      "type": "Feature",
      "geometry": {
        "type": "Point",
        "coordinates": [
          121.544022,
          25.060836
        ]
      },
      "properties": {
        "source_type": "直飲臺",
        "name": "中山國中站",
        "address": "臺北市中山區復興北路376號",
        "city": "臺北市",
        "district": "中山區",
        "managing_unit": "臺北大眾捷運股份有限公司",
        "maintenance_unit": "臺北大眾捷運股份有限公司(棕線)",
        "phone": "25363001#8653",
        "open_time": "06:00~23:00",
        "location": "出口左側",
        "status": "正常",
        "info_url": "https://gismobile.water.gov.taipei:8443/W/S.aspx?SD=1812a",
        "photo_url": "https://gismobile.water.gov.taipei/WaterMap_drinkImg/1812a.JPG"
      }
    },
    {
      "type": "Feature",
      "geometry": {
        "type": "Point",
        "coordinates": [
          121.565295,
          25.040958
        ]
      },
      "properties": {
        "source_type": "直飲臺",
        "name": "市政府站",
        "address": "臺北市信義區忠孝東路5段2號",
        "city": "臺北市",
        "district": "信義區",
        "managing_unit": "臺北大眾捷運股份有限公司",
        "maintenance_unit": "臺北大眾捷運股份有限公司(藍橘線)",
        "phone": "25363001#8653",
        "open_time": "06:00~23:00",
        "location": "2號出口",
        "status": "正常",
        "info_url": "https://gismobile.water.gov.taipei:8443/W/S.aspx?SD=1813",
        "photo_url": "https://gismobile.water.gov.taipei/WaterMap_drinkImg/1813.JPG"
      }
    },
    {
      "type": "Feature",
      "geometry": {
        "type": "Point",
        "coordinates": [
          121.565295,
          25.040958
        ]
      },
      "properties": {
        "source_type": "直飲臺",
        "name": "市政府站",
        "address": "臺北市信義區忠孝東路5段2號",
        "city": "臺北市",
        "district": "信義區",
        "managing_unit": "臺北大眾捷運股份有限公司",
        "maintenance_unit": "臺北大眾捷運股份有限公司(藍橘線)",
        "phone": "25363001#8653",
        "open_time": "06:00~23:00",
        "location": "2號出口",
        "status": "正常",
        "info_url": "https://gismobile.water.gov.taipei:8443/W/S.aspx?SD=1813a",
        "photo_url": "https://gismobile.water.gov.taipei/WaterMap_drinkImg/1813a.JPG"
      }
    },
    {
      "type": "Feature",
      "geometry": {
        "type": "Point",
        "coordinates": [
          121.558541,
          25.041181
        ]
      },
      "properties": {
        "source_type": "直飲臺",
        "name": "國父紀念館",
        "address": "臺北市信義區忠孝東路4段400號",
        "city": "臺北市",
        "district": "信義區",
        "managing_unit": "臺北大眾捷運股份有限公司",
        "maintenance_unit": "臺北大眾捷運股份有限公司(藍橘線)",
        "phone": "25363001#8653",
        "open_time": "06:00~23:00",
        "location": "4號出口",
        "status": "正常",
        "info_url": "https://gismobile.water.gov.taipei:8443/W/S.aspx?SD=1814",
        "photo_url": "https://gismobile.water.gov.taipei/WaterMap_drinkImg/1814.JPG"
      }
    },
    {
      "type": "Feature",
      "geometry": {
        "type": "Point",
        "coordinates": [
          121.558541,
          25.041181
        ]
      },
      "properties": {
        "source_type": "直飲臺",
        "name": "國父紀念館站",
        "address": "臺北市信義區忠孝東路4段400號",
        "city": "臺北市",
        "district": "信義區",
        "managing_unit": "臺北大眾捷運股份有限公司",
        "maintenance_unit": "臺北大眾捷運股份有限公司(藍橘線)",
        "phone": "25363001#8653",
        "open_time": "06:00~23:00",
        "location": "4號出口",
        "status": "正常",
        "info_url": "https://gismobile.water.gov.taipei:8443/W/S.aspx?SD=1814a",
        "photo_url": "https://gismobile.water.gov.taipei/WaterMap_drinkImg/1814a.JPG"
      }
    },
    {
      "type": "Feature",
      "geometry": {
        "type": "Point",
        "coordinates": [
          121.551494,
          25.041347
        ]
      },
      "properties": {
        "source_type": "直飲臺",
        "name": "忠孝敦化站",
        "address": "臺北市大安區忠孝東路4段182號",
        "city": "臺北市",
        "district": "大安區",
        "managing_unit": "臺北大眾捷運股份有限公司",
        "maintenance_unit": "臺北大眾捷運股份有限公司(藍橘線)",
        "phone": "25363001#8653",
        "open_time": "06:00~23:00",
        "location": "3號出口",
        "status": "正常",
        "info_url": "https://gismobile.water.gov.taipei:8443/W/S.aspx?SD=1815",
        "photo_url": "https://gismobile.water.gov.taipei/WaterMap_drinkImg/1815.JPG"
      }
    },
    {
      "type": "Feature",
      "geometry": {
        "type": "Point",
        "coordinates": [
          121.551494,
          25.041347
        ]
      },
      "properties": {
        "source_type": "直飲臺",
        "name": "忠孝敦化站",
        "address": "臺北市大安區忠孝東路4段182號",
        "city": "臺北市",
        "district": "大安區",
        "managing_unit": "臺北大眾捷運股份有限公司",
        "maintenance_unit": "臺北大眾捷運股份有限公司(藍橘線)",
        "phone": "25363001#8653",
        "open_time": "06:00~23:00",
        "location": "3號出口",
        "status": "正常",
        "info_url": "https://gismobile.water.gov.taipei:8443/W/S.aspx?SD=1815a",
        "photo_url": "https://gismobile.water.gov.taipei/WaterMap_drinkImg/1815a.JPG"
      }
    },
    {
      "type": "Feature",
      "geometry": {
        "type": "Point",
        "coordinates": [
          121.543736,
          25.04178
        ]
      },
      "properties": {
        "source_type": "直飲臺",
        "name": "忠孝復興站",
        "address": "臺北市大安區忠孝東路4段47號",
        "city": "臺北市",
        "district": "大安區",
        "managing_unit": "臺北大眾捷運股份有限公司",
        "maintenance_unit": "臺北大眾捷運股份有限公司(藍橘線)",
        "phone": "25363001#8653",
        "open_time": "06:00~23:00",
        "location": "1號出口",
        "status": "正常",
        "info_url": "https://gismobile.water.gov.taipei:8443/W/S.aspx?SD=1816",
        "photo_url": "https://gismobile.water.gov.taipei/WaterMap_drinkImg/1816.JPG"
      }
    },
    {
      "type": "Feature",
      "geometry": {
        "type": "Point",
        "coordinates": [
          121.543736,
          25.04178
        ]
      },
      "properties": {
        "source_type": "直飲臺",
        "name": "忠孝復興站(板南線)",
        "address": "臺北市大安區忠孝東路4段47號",
        "city": "臺北市",
        "district": "大安區",
        "managing_unit": "臺北大眾捷運股份有限公司",
        "maintenance_unit": "臺北大眾捷運股份有限公司(藍橘線)",
        "phone": "25363001#8653",
        "open_time": "06:00~23:00",
        "location": "1號出口",
        "status": "正常",
        "info_url": "https://gismobile.water.gov.taipei:8443/W/S.aspx?SD=1816a",
        "photo_url": "https://gismobile.water.gov.taipei/WaterMap_drinkImg/1816a.JPG"
      }
    },
    {
      "type": "Feature",
      "geometry": {
        "type": "Point",
        "coordinates": [
          121.531944,
          25.042746
        ]
      },
      "properties": {
        "source_type": "直飲臺",
        "name": "忠孝新生站",
        "address": "臺北市中正區新生南路1段67號",
        "city": "臺北市",
        "district": "中正區",
        "managing_unit": "臺北大眾捷運股份有限公司",
        "maintenance_unit": "臺北大眾捷運股份有限公司(藍橘線)",
        "phone": "25363001#8653",
        "open_time": "06:00~23:00",
        "location": "1號出口",
        "status": "正常",
        "info_url": "https://gismobile.water.gov.taipei:8443/W/S.aspx?SD=1817",
        "photo_url": "https://gismobile.water.gov.taipei/WaterMap_drinkImg/1817.JPG"
      }
    },
    {
      "type": "Feature",
      "geometry": {
        "type": "Point",
        "coordinates": [
          121.532353,
          25.041235
        ]
      },
      "properties": {
        "source_type": "直飲臺",
        "name": "忠孝新生站",
        "address": "臺北市中正區新生南路1段67號",
        "city": "臺北市",
        "district": "中正區",
        "managing_unit": "臺北大眾捷運股份有限公司",
        "maintenance_unit": "臺北大眾捷運股份有限公司(藍橘線)",
        "phone": "25363001#8653",
        "open_time": "06:00~23:00",
        "location": "5號出口",
        "status": "正常",
        "info_url": "https://gismobile.water.gov.taipei:8443/W/S.aspx?SD=1817a",
        "photo_url": "https://gismobile.water.gov.taipei/WaterMap_drinkImg/1817a.JPG"
      }
    },
    {
      "type": "Feature",
      "geometry": {
        "type": "Point",
        "coordinates": [
          121.532353,
          25.041235
        ]
      },
      "properties": {
        "source_type": "直飲臺",
        "name": "忠孝新生站",
        "address": "臺北市中正區新生南路1段67號",
        "city": "臺北市",
        "district": "中正區",
        "managing_unit": "臺北大眾捷運股份有限公司",
        "maintenance_unit": "臺北大眾捷運股份有限公司(藍橘線)",
        "phone": "25363001#8653",
        "open_time": "06:00~23:00",
        "location": "5號出口",
        "status": "正常",
        "info_url": "https://gismobile.water.gov.taipei:8443/W/S.aspx?SD=1817b",
        "photo_url": "https://gismobile.water.gov.taipei/WaterMap_drinkImg/1817b.JPG"
      }
    },
    {
      "type": "Feature",
      "geometry": {
        "type": "Point",
        "coordinates": [
          121.531944,
          25.042746
        ]
      },
      "properties": {
        "source_type": "直飲臺",
        "name": "忠孝新生站(板南線)",
        "address": "臺北市中正區新生南路1段67號",
        "city": "臺北市",
        "district": "中正區",
        "managing_unit": "臺北大眾捷運股份有限公司",
        "maintenance_unit": "臺北大眾捷運股份有限公司(藍橘線)",
        "phone": "25363001#8653",
        "open_time": "06:00~23:00",
        "location": "1號出口",
        "status": "正常",
        "info_url": "https://gismobile.water.gov.taipei:8443/W/S.aspx?SD=1817c",
        "photo_url": "https://gismobile.water.gov.taipei/WaterMap_drinkImg/1817c.JPG"
      }
    },
    {
      "type": "Feature",
      "geometry": {
        "type": "Point",
        "coordinates": [
          121.523221,
          25.044999
        ]
      },
      "properties": {
        "source_type": "直飲臺",
        "name": "善導寺站",
        "address": "臺北市中正區忠孝東路1段58號",
        "city": "臺北市",
        "district": "中正區",
        "managing_unit": "臺北大眾捷運股份有限公司",
        "maintenance_unit": "臺北大眾捷運股份有限公司(藍橘線)",
        "phone": "25363001#8653",
        "open_time": "06:00~23:00",
        "location": "1號出口",
        "status": "正常",
        "info_url": "https://gismobile.water.gov.taipei:8443/W/S.aspx?SD=1818",
        "photo_url": "https://gismobile.water.gov.taipei/WaterMap_drinkImg/1818.JPG"
      }
    },
    {
      "type": "Feature",
      "geometry": {
        "type": "Point",
        "coordinates": [
          121.523221,
          25.044999
        ]
      },
      "properties": {
        "source_type": "直飲臺",
        "name": "善導寺站",
        "address": "臺北市中正區忠孝東路1段58號",
        "city": "臺北市",
        "district": "中正區",
        "managing_unit": "臺北大眾捷運股份有限公司",
        "maintenance_unit": "臺北大眾捷運股份有限公司(藍橘線)",
        "phone": "25363001#8653",
        "open_time": "06:00~23:00",
        "location": "1號出口",
        "status": "正常",
        "info_url": "https://gismobile.water.gov.taipei:8443/W/S.aspx?SD=1818a",
        "photo_url": "https://gismobile.water.gov.taipei/WaterMap_drinkImg/1818a.JPG"
      }
    },
    {
      "type": "Feature",
      "geometry": {
        "type": "Point",
        "coordinates": [
          121.508805,
          25.042309
        ]
      },
      "properties": {
        "source_type": "直飲臺",
        "name": "西門站",
        "address": "臺北市中正區寶慶路32之1號",
        "city": "臺北市",
        "district": "中正區",
        "managing_unit": "臺北大眾捷運股份有限公司",
        "maintenance_unit": "臺北大眾捷運股份有限公司(藍橘線)",
        "phone": "25363001#8653",
        "open_time": "06:00~23:00",
        "location": "4號出口",
        "status": "正常",
        "info_url": "https://gismobile.water.gov.taipei:8443/W/S.aspx?SD=1819",
        "photo_url": "https://gismobile.water.gov.taipei/WaterMap_drinkImg/1819.JPG"
      }
    },
    {
      "type": "Feature",
      "geometry": {
        "type": "Point",
        "coordinates": [
          121.508805,
          25.042309
        ]
      },
      "properties": {
        "source_type": "直飲臺",
        "name": "西門站",
        "address": "臺北市中正區寶慶路32之1號",
        "city": "臺北市",
        "district": "中正區",
        "managing_unit": "臺北大眾捷運股份有限公司",
        "maintenance_unit": "臺北大眾捷運股份有限公司(藍橘線)",
        "phone": "25363001#8653",
        "open_time": "06:00~23:00",
        "location": "4號出口",
        "status": "正常",
        "info_url": "https://gismobile.water.gov.taipei:8443/W/S.aspx?SD=1819a",
        "photo_url": "https://gismobile.water.gov.taipei/WaterMap_drinkImg/1819a.JPG"
      }
    },
    {
      "type": "Feature",
      "geometry": {
        "type": "Point",
        "coordinates": [
          121.499564,
          25.035497
        ]
      },
      "properties": {
        "source_type": "直飲臺",
        "name": "龍山寺站",
        "address": "臺北市萬華區西園路1段153號",
        "city": "臺北市",
        "district": "萬華區",
        "managing_unit": "臺北大眾捷運股份有限公司",
        "maintenance_unit": "臺北大眾捷運股份有限公司(藍橘線)",
        "phone": "25363001#8653",
        "open_time": "06:00~23:00",
        "location": "1號出口",
        "status": "正常",
        "info_url": "https://gismobile.water.gov.taipei:8443/W/S.aspx?SD=1820",
        "photo_url": "https://gismobile.water.gov.taipei/WaterMap_drinkImg/1820.JPG"
      }
    },
    {
      "type": "Feature",
      "geometry": {
        "type": "Point",
        "coordinates": [
          121.499564,
          25.035497
        ]
      },
      "properties": {
        "source_type": "直飲臺",
        "name": "龍山寺站",
        "address": "臺北市萬華區西園路1段153號",
        "city": "臺北市",
        "district": "萬華區",
        "managing_unit": "臺北大眾捷運股份有限公司",
        "maintenance_unit": "臺北大眾捷運股份有限公司(藍橘線)",
        "phone": "25363001#8653",
        "open_time": "06:00~23:00",
        "location": "1號出口",
        "status": "正常",
        "info_url": "https://gismobile.water.gov.taipei:8443/W/S.aspx?SD=1820a",
        "photo_url": "https://gismobile.water.gov.taipei/WaterMap_drinkImg/1820a.JPG"
      }
    },
    {
      "type": "Feature",
      "geometry": {
        "type": "Point",
        "coordinates": [
          121.511382,
          25.035359
        ]
      },
      "properties": {
        "source_type": "直飲臺",
        "name": "小南門站",
        "address": "臺北市中正區愛國西路22號",
        "city": "臺北市",
        "district": "中正區",
        "managing_unit": "臺北大眾捷運股份有限公司",
        "maintenance_unit": "臺北大眾捷運股份有限公司(藍橘線)",
        "phone": "25363001#8653",
        "open_time": "06:00~23:00",
        "location": "3、4號出口間",
        "status": "正常",
        "info_url": "https://gismobile.water.gov.taipei:8443/W/S.aspx?SD=1821",
        "photo_url": "https://gismobile.water.gov.taipei/WaterMap_drinkImg/1821.JPG"
      }
    },
    {
      "type": "Feature",
      "geometry": {
        "type": "Point",
        "coordinates": [
          121.511382,
          25.035359
        ]
      },
      "properties": {
        "source_type": "直飲臺",
        "name": "小南門站",
        "address": "臺北市中正區愛國西路22號",
        "city": "臺北市",
        "district": "中正區",
        "managing_unit": "臺北大眾捷運股份有限公司",
        "maintenance_unit": "臺北大眾捷運股份有限公司(藍橘線)",
        "phone": "25363001#8653",
        "open_time": "06:00~23:00",
        "location": "3、4號出口間",
        "status": "正常",
        "info_url": "https://gismobile.water.gov.taipei:8443/W/S.aspx?SD=1821a",
        "photo_url": "https://gismobile.water.gov.taipei/WaterMap_drinkImg/1821a.JPG"
      }
    },
    {
      "type": "Feature",
      "geometry": {
        "type": "Point",
        "coordinates": [
          121.576648,
          25.040836
        ]
      },
      "properties": {
        "source_type": "直飲臺",
        "name": "永春站",
        "address": "臺北市信義區忠孝東路5段455號",
        "city": "臺北市",
        "district": "信義區",
        "managing_unit": "臺北大眾捷運股份有限公司",
        "maintenance_unit": "臺北大眾捷運股份有限公司(藍橘線)",
        "phone": "25363001#8653",
        "open_time": "06:00~23:00",
        "location": "5號出口",
        "status": "正常",
        "info_url": "https://gismobile.water.gov.taipei:8443/W/S.aspx?SD=1822",
        "photo_url": "https://gismobile.water.gov.taipei/WaterMap_drinkImg/1822.JPG"
      }
    },
    {
      "type": "Feature",
      "geometry": {
        "type": "Point",
        "coordinates": [
          121.576648,
          25.040836
        ]
      },
      "properties": {
        "source_type": "直飲臺",
        "name": "永春站",
        "address": "臺北市信義區忠孝東路5段455號",
        "city": "臺北市",
        "district": "信義區",
        "managing_unit": "臺北大眾捷運股份有限公司",
        "maintenance_unit": "臺北大眾捷運股份有限公司(藍橘線)",
        "phone": "25363001#8653",
        "open_time": "06:00~23:00",
        "location": "5號出口",
        "status": "正常",
        "info_url": "https://gismobile.water.gov.taipei:8443/W/S.aspx?SD=1822a",
        "photo_url": "https://gismobile.water.gov.taipei/WaterMap_drinkImg/1822a.JPG"
      }
    },
    {
      "type": "Feature",
      "geometry": {
        "type": "Point",
        "coordinates": [
          121.582872,
          25.04528
        ]
      },
      "properties": {
        "source_type": "直飲臺",
        "name": "後山埤站",
        "address": "臺北市南港區忠孝東路6段2號",
        "city": "臺北市",
        "district": "南港區",
        "managing_unit": "臺北大眾捷運股份有限公司",
        "maintenance_unit": "臺北大眾捷運股份有限公司(藍橘線)",
        "phone": "25363001#8653",
        "open_time": "06:00~23:00",
        "location": "3號出口",
        "status": "正常",
        "info_url": "https://gismobile.water.gov.taipei:8443/W/S.aspx?SD=1823",
        "photo_url": "https://gismobile.water.gov.taipei/WaterMap_drinkImg/1823.JPG"
      }
    },
    {
      "type": "Feature",
      "geometry": {
        "type": "Point",
        "coordinates": [
          121.582872,
          25.04528
        ]
      },
      "properties": {
        "source_type": "直飲臺",
        "name": "後山埤站",
        "address": "臺北市南港區忠孝東路6段2號",
        "city": "臺北市",
        "district": "南港區",
        "managing_unit": "臺北大眾捷運股份有限公司",
        "maintenance_unit": "臺北大眾捷運股份有限公司(藍橘線)",
        "phone": "25363001#8653",
        "open_time": "06:00~23:00",
        "location": "3號出口",
        "status": "正常",
        "info_url": "https://gismobile.water.gov.taipei:8443/W/S.aspx?SD=1823a",
        "photo_url": "https://gismobile.water.gov.taipei/WaterMap_drinkImg/1823a.JPG"
      }
    },
    {
      "type": "Feature",
      "geometry": {
        "type": "Point",
        "coordinates": [
          121.593627,
          25.050608
        ]
      },
      "properties": {
        "source_type": "直飲臺",
        "name": "昆陽站",
        "address": "臺北市南港區忠孝東路6段451號",
        "city": "臺北市",
        "district": "南港區",
        "managing_unit": "臺北大眾捷運股份有限公司",
        "maintenance_unit": "臺北大眾捷運股份有限公司(藍橘線)",
        "phone": "25363001#8653",
        "open_time": "06:00~23:00",
        "location": "3號出口",
        "status": "正常",
        "info_url": "https://gismobile.water.gov.taipei:8443/W/S.aspx?SD=1824",
        "photo_url": "https://gismobile.water.gov.taipei/WaterMap_drinkImg/1824.JPG"
      }
    },
    {
      "type": "Feature",
      "geometry": {
        "type": "Point",
        "coordinates": [
          121.593627,
          25.050608
        ]
      },
      "properties": {
        "source_type": "直飲臺",
        "name": "昆陽站",
        "address": "臺北市南港區忠孝東路6段451號",
        "city": "臺北市",
        "district": "南港區",
        "managing_unit": "臺北大眾捷運股份有限公司",
        "maintenance_unit": "臺北大眾捷運股份有限公司(藍橘線)",
        "phone": "25363001#8653",
        "open_time": "06:00~23:00",
        "location": "3號出口",
        "status": "正常",
        "info_url": "https://gismobile.water.gov.taipei:8443/W/S.aspx?SD=1824a",
        "photo_url": "https://gismobile.water.gov.taipei/WaterMap_drinkImg/1824a.JPG"
      }
    },
    {
      "type": "Feature",
      "geometry": {
        "type": "Point",
        "coordinates": [
          121.607446,
          25.051943
        ]
      },
      "properties": {
        "source_type": "直飲臺",
        "name": "南港站",
        "address": "臺北市南港區忠孝東路7段380號",
        "city": "臺北市",
        "district": "南港區",
        "managing_unit": "臺北大眾捷運股份有限公司",
        "maintenance_unit": "臺北大眾捷運股份有限公司(藍橘線)",
        "phone": "25363001#8653",
        "open_time": "06:00~23:00",
        "location": "2號出口",
        "status": "正常",
        "info_url": "https://gismobile.water.gov.taipei:8443/W/S.aspx?SD=1825",
        "photo_url": "https://gismobile.water.gov.taipei/WaterMap_drinkImg/1825.JPG"
      }
    },
    {
      "type": "Feature",
      "geometry": {
        "type": "Point",
        "coordinates": [
          121.607446,
          25.051943
        ]
      },
      "properties": {
        "source_type": "直飲臺",
        "name": "南港站",
        "address": "臺北市南港區忠孝東路7段380號",
        "city": "臺北市",
        "district": "南港區",
        "managing_unit": "臺北大眾捷運股份有限公司",
        "maintenance_unit": "臺北大眾捷運股份有限公司(藍橘線)",
        "phone": "25363001#8653",
        "open_time": "06:00~23:00",
        "location": "2號出口",
        "status": "正常",
        "info_url": "https://gismobile.water.gov.taipei:8443/W/S.aspx?SD=1825a",
        "photo_url": "https://gismobile.water.gov.taipei/WaterMap_drinkImg/1825a.JPG"
      }
    },
    {
      "type": "Feature",
      "geometry": {
        "type": "Point",
        "coordinates": [
          121.616028,
          25.060354
        ]
      },
      "properties": {
        "source_type": "直飲臺",
        "name": "南港軟體園區站",
        "address": "臺北市南港區經貿二路183號",
        "city": "臺北市",
        "district": "南港區",
        "managing_unit": "臺北大眾捷運股份有限公司",
        "maintenance_unit": "臺北大眾捷運股份有限公司(棕線)",
        "phone": "25363001#8653",
        "open_time": "06:00~23:00",
        "location": "1號出口",
        "status": "正常",
        "info_url": "https://gismobile.water.gov.taipei:8443/W/S.aspx?SD=1826",
        "photo_url": "https://gismobile.water.gov.taipei/WaterMap_drinkImg/1826.JPG"
      }
    },
    {
      "type": "Feature",
      "geometry": {
        "type": "Point",
        "coordinates": [
          121.616028,
          25.060354
        ]
      },
      "properties": {
        "source_type": "直飲臺",
        "name": "南港軟體園區站",
        "address": "臺北市南港區經貿二路183號",
        "city": "臺北市",
        "district": "南港區",
        "managing_unit": "臺北大眾捷運股份有限公司",
        "maintenance_unit": "臺北大眾捷運股份有限公司(棕線)",
        "phone": "25363001#8653",
        "open_time": "06:00~23:00",
        "location": "1號出口",
        "status": "正常",
        "info_url": "https://gismobile.water.gov.taipei:8443/W/S.aspx?SD=1826a",
        "photo_url": "https://gismobile.water.gov.taipei/WaterMap_drinkImg/1826a.JPG"
      }
    },
    {
      "type": "Feature",
      "geometry": {
        "type": "Point",
        "coordinates": [
          121.618266,
          25.055104
        ]
      },
      "properties": {
        "source_type": "直飲臺",
        "name": "南港展覽館站",
        "address": "臺北市南港區南港路1段32號",
        "city": "臺北市",
        "district": "南港區",
        "managing_unit": "臺北大眾捷運股份有限公司",
        "maintenance_unit": "臺北大眾捷運股份有限公司(棕線)",
        "phone": "25363001#8653",
        "open_time": "06:00~23:00",
        "location": "3號出口",
        "status": "正常",
        "info_url": "https://gismobile.water.gov.taipei:8443/W/S.aspx?SD=1827",
        "photo_url": "https://gismobile.water.gov.taipei/WaterMap_drinkImg/1827.JPG"
      }
    },
    {
      "type": "Feature",
      "geometry": {
        "type": "Point",
        "coordinates": [
          121.618266,
          25.055104
        ]
      },
      "properties": {
        "source_type": "直飲臺",
        "name": "南港展覽館站(文湖線)",
        "address": "臺北市南港區南港路1段32號",
        "city": "臺北市",
        "district": "南港區",
        "managing_unit": "臺北大眾捷運股份有限公司",
        "maintenance_unit": "臺北大眾捷運股份有限公司(棕線)",
        "phone": "25363001#8653",
        "open_time": "06:00~23:00",
        "location": "3號出口",
        "status": "正常",
        "info_url": "https://gismobile.water.gov.taipei:8443/W/S.aspx?SD=1827a",
        "photo_url": "https://gismobile.water.gov.taipei/WaterMap_drinkImg/1827a.JPG"
      }
    },
    {
      "type": "Feature",
      "geometry": {
        "type": "Point",
        "coordinates": [
          121.617386,
          25.054846
        ]
      },
      "properties": {
        "source_type": "直飲臺",
        "name": "南港展覽館站",
        "address": "臺北市南港區南港路1段32號",
        "city": "臺北市",
        "district": "南港區",
        "managing_unit": "臺北大眾捷運股份有限公司",
        "maintenance_unit": "臺北大眾捷運股份有限公司(藍橘線)",
        "phone": "25363001#8653",
        "open_time": "06:00~23:00",
        "location": "5號出口",
        "status": "正常",
        "info_url": "https://gismobile.water.gov.taipei:8443/W/S.aspx?SD=1828a",
        "photo_url": "https://gismobile.water.gov.taipei/WaterMap_drinkImg/1828a.JPG"
      }
    },
    {
      "type": "Feature",
      "geometry": {
        "type": "Point",
        "coordinates": [
          121.61817,
          25.054414
        ]
      },
      "properties": {
        "source_type": "直飲臺",
        "name": "南港展覽館站",
        "address": "臺北市南港區南港路1段32號",
        "city": "臺北市",
        "district": "南港區",
        "managing_unit": "臺北大眾捷運股份有限公司",
        "maintenance_unit": "臺北大眾捷運股份有限公司(藍橘線)",
        "phone": "25363001#8653",
        "open_time": "06:00~23:00",
        "location": "6、7號出口間",
        "status": "正常",
        "info_url": "https://gismobile.water.gov.taipei:8443/W/S.aspx?SD=1828b",
        "photo_url": "https://gismobile.water.gov.taipei/WaterMap_drinkImg/1828b.JPG"
      }
    },
    {
      "type": "Feature",
      "geometry": {
        "type": "Point",
        "coordinates": [
          121.617386,
          25.054846
        ]
      },
      "properties": {
        "source_type": "直飲臺",
        "name": "南港展覽館站(板南線)",
        "address": "臺北市南港區南港路1段32號",
        "city": "臺北市",
        "district": "南港區",
        "managing_unit": "臺北大眾捷運股份有限公司",
        "maintenance_unit": "臺北大眾捷運股份有限公司(藍橘線)",
        "phone": "25363001#8653",
        "open_time": "06:00~23:00",
        "location": "5號出口",
        "status": "正常",
        "info_url": "https://gismobile.water.gov.taipei:8443/W/S.aspx?SD=1828c",
        "photo_url": "https://gismobile.water.gov.taipei/WaterMap_drinkImg/1828c.JPG"
      }
    },
    {
      "type": "Feature",
      "geometry": {
        "type": "Point",
        "coordinates": [
          121.61817,
          25.054414
        ]
      },
      "properties": {
        "source_type": "直飲臺",
        "name": "南港展覽館站(板南線)",
        "address": "臺北市南港區南港路1段32號",
        "city": "臺北市",
        "district": "南港區",
        "managing_unit": "臺北大眾捷運股份有限公司",
        "maintenance_unit": "臺北大眾捷運股份有限公司(藍橘線)",
        "phone": "25363001#8653",
        "open_time": "06:00~23:00",
        "location": "6、7號出口間",
        "status": "正常",
        "info_url": "https://gismobile.water.gov.taipei:8443/W/S.aspx?SD=1828d",
        "photo_url": "https://gismobile.water.gov.taipei/WaterMap_drinkImg/1828d.JPG"
      }
    },
    {
      "type": "Feature",
      "geometry": {
        "type": "Point",
        "coordinates": [
          121.553587,
          25.033316
        ]
      },
      "properties": {
        "source_type": "直飲臺",
        "name": "信義安和站",
        "address": "臺北市大安區信義路4段212之1號",
        "city": "臺北市",
        "district": "大安區",
        "managing_unit": "臺北大眾捷運股份有限公司",
        "maintenance_unit": "臺北大眾捷運股份有限公司(紅綠線)",
        "phone": "25363001#8653",
        "open_time": "06:00~23:00",
        "location": "5號出口",
        "status": "正常",
        "info_url": "https://gismobile.water.gov.taipei:8443/W/S.aspx?SD=1829a",
        "photo_url": "https://gismobile.water.gov.taipei/WaterMap_drinkImg/1829a.JPG"
      }
    },
    {
      "type": "Feature",
      "geometry": {
        "type": "Point",
        "coordinates": [
          121.553587,
          25.033316
        ]
      },
      "properties": {
        "source_type": "直飲臺",
        "name": "信義安和站",
        "address": "臺北市大安區信義路4段212號",
        "city": "臺北市",
        "district": "大安區",
        "managing_unit": "臺北大眾捷運股份有限公司",
        "maintenance_unit": "臺北大眾捷運股份有限公司(紅綠線)",
        "phone": "25363001#8653",
        "open_time": "06:00~23:00",
        "location": "5號出口",
        "status": "正常",
        "info_url": "https://gismobile.water.gov.taipei:8443/W/S.aspx?SD=1829b",
        "photo_url": "https://gismobile.water.gov.taipei/WaterMap_drinkImg/1829b.JPG"
      }
    },
    {
      "type": "Feature",
      "geometry": {
        "type": "Point",
        "coordinates": [
          121.563592,
          25.033078
        ]
      },
      "properties": {
        "source_type": "直飲臺",
        "name": "台北101/世貿站",
        "address": "臺北市信義區信義路5段20號",
        "city": "臺北市",
        "district": "信義區",
        "managing_unit": "臺北大眾捷運股份有限公司",
        "maintenance_unit": "臺北大眾捷運股份有限公司(紅綠線)",
        "phone": "25363001#8653",
        "open_time": "06:00~23:00",
        "location": "4、5號出口間",
        "status": "正常",
        "info_url": "https://gismobile.water.gov.taipei:8443/W/S.aspx?SD=1830a",
        "photo_url": "https://gismobile.water.gov.taipei/WaterMap_drinkImg/1830a.JPG"
      }
    },
    {
      "type": "Feature",
      "geometry": {
        "type": "Point",
        "coordinates": [
          121.563592,
          25.033078
        ]
      },
      "properties": {
        "source_type": "直飲臺",
        "name": "台北101/世貿站",
        "address": "臺北市信義區信義路5段20號",
        "city": "臺北市",
        "district": "信義區",
        "managing_unit": "臺北大眾捷運股份有限公司",
        "maintenance_unit": "臺北大眾捷運股份有限公司(紅綠線)",
        "phone": "25363001#8653",
        "open_time": "06:00~23:00",
        "location": "4、5號出口間",
        "status": "正常",
        "info_url": "https://gismobile.water.gov.taipei:8443/W/S.aspx?SD=1830b",
        "photo_url": "https://gismobile.water.gov.taipei/WaterMap_drinkImg/1830b.JPG"
      }
    },
    {
      "type": "Feature",
      "geometry": {
        "type": "Point",
        "coordinates": [
          121.569546,
          25.032733
        ]
      },
      "properties": {
        "source_type": "直飲臺",
        "name": "象山站",
        "address": "臺北市信義區信義路5段152號",
        "city": "臺北市",
        "district": "信義區",
        "managing_unit": "臺北大眾捷運股份有限公司",
        "maintenance_unit": "臺北大眾捷運股份有限公司(紅綠線)",
        "phone": "25363001#8653",
        "open_time": "06:00~23:00",
        "location": "2號出口",
        "status": "正常",
        "info_url": "https://gismobile.water.gov.taipei:8443/W/S.aspx?SD=1831a",
        "photo_url": "https://gismobile.water.gov.taipei/WaterMap_drinkImg/1831a.JPG"
      }
    },
    {
      "type": "Feature",
      "geometry": {
        "type": "Point",
        "coordinates": [
          121.569546,
          25.032733
        ]
      },
      "properties": {
        "source_type": "直飲臺",
        "name": "象山站",
        "address": "臺北市信義區信義路5段152號",
        "city": "臺北市",
        "district": "信義區",
        "managing_unit": "臺北大眾捷運股份有限公司",
        "maintenance_unit": "臺北大眾捷運股份有限公司(紅綠線)",
        "phone": "25363001#8653",
        "open_time": "06:00~23:00",
        "location": "2號出口",
        "status": "正常",
        "info_url": "https://gismobile.water.gov.taipei:8443/W/S.aspx?SD=1831b",
        "photo_url": "https://gismobile.water.gov.taipei/WaterMap_drinkImg/1831b.JPG"
      }
    },
    {
      "type": "Feature",
      "geometry": {
        "type": "Point",
        "coordinates": [
          121.542027,
          25.033593
        ]
      },
      "properties": {
        "source_type": "直飲臺",
        "name": "大安站(信義)",
        "address": "臺北市大安區信義路4段2號",
        "city": "臺北市",
        "district": "大安區",
        "managing_unit": "臺北大眾捷運股份有限公司",
        "maintenance_unit": "臺北大眾捷運股份有限公司(紅綠線)",
        "phone": "25363001#8653",
        "open_time": "06:00~23:00",
        "location": "1、2號出口間",
        "status": "正常",
        "info_url": "https://gismobile.water.gov.taipei:8443/W/S.aspx?SD=1832a",
        "photo_url": "https://gismobile.water.gov.taipei/WaterMap_drinkImg/1832a.JPG"
      }
    },
    {
      "type": "Feature",
      "geometry": {
        "type": "Point",
        "coordinates": [
          121.542027,
          25.033593
        ]
      },
      "properties": {
        "source_type": "直飲臺",
        "name": "大安站(信義)",
        "address": "臺北市大安區信義路4段2號",
        "city": "臺北市",
        "district": "大安區",
        "managing_unit": "臺北大眾捷運股份有限公司",
        "maintenance_unit": "臺北大眾捷運股份有限公司(紅綠線)",
        "phone": "25363001#8653",
        "open_time": "06:00~23:00",
        "location": "1、2號出口間",
        "status": "正常",
        "info_url": "https://gismobile.water.gov.taipei:8443/W/S.aspx?SD=1832b",
        "photo_url": "https://gismobile.water.gov.taipei/WaterMap_drinkImg/1832b.JPG"
      }
    },
    {
      "type": "Feature",
      "geometry": {
        "type": "Point",
        "coordinates": [
          121.535783,
          25.033416
        ]
      },
      "properties": {
        "source_type": "直飲臺",
        "name": "大安森林公園站",
        "address": "臺北市大安區信義路3段100號",
        "city": "臺北市",
        "district": "大安區",
        "managing_unit": "臺北大眾捷運股份有限公司",
        "maintenance_unit": "臺北大眾捷運股份有限公司(紅綠線)",
        "phone": "25363001#8653",
        "open_time": "06:00~23:00",
        "location": "5號出口",
        "status": "正常",
        "info_url": "https://gismobile.water.gov.taipei:8443/W/S.aspx?SD=1833a",
        "photo_url": "https://gismobile.water.gov.taipei/WaterMap_drinkImg/1833a.JPG"
      }
    },
    {
      "type": "Feature",
      "geometry": {
        "type": "Point",
        "coordinates": [
          121.535783,
          25.033416
        ]
      },
      "properties": {
        "source_type": "直飲臺",
        "name": "大安森林公園站",
        "address": "臺北市大安區信義路3段100號",
        "city": "臺北市",
        "district": "大安區",
        "managing_unit": "臺北大眾捷運股份有限公司",
        "maintenance_unit": "臺北大眾捷運股份有限公司(紅綠線)",
        "phone": "25363001#8653",
        "open_time": "06:00~23:00",
        "location": "5號出口",
        "status": "正常",
        "info_url": "https://gismobile.water.gov.taipei:8443/W/S.aspx?SD=1833b",
        "photo_url": "https://gismobile.water.gov.taipei/WaterMap_drinkImg/1833b.JPG"
      }
    },
    {
      "type": "Feature",
      "geometry": {
        "type": "Point",
        "coordinates": [
          121.570448,
          25.036349
        ]
      },
      "properties": {
        "source_type": "直飲臺",
        "name": "博愛國小",
        "address": "臺北市信義區松仁路95巷20號",
        "city": "臺北市",
        "district": "信義區",
        "managing_unit": "博愛國小",
        "maintenance_unit": "博愛國小總務處",
        "phone": "23450616轉410",
        "open_time": "08:00~18:00",
        "location": "101教室",
        "status": "正常",
        "info_url": "https://gismobile.water.gov.taipei:8443/W/S.aspx?SD=1902a11",
        "photo_url": "https://gismobile.water.gov.taipei/WaterMap_drinkImg/1902a11.JPG"
      }
    },
    {
      "type": "Feature",
      "geometry": {
        "type": "Point",
        "coordinates": [
          121.570448,
          25.036349
        ]
      },
      "properties": {
        "source_type": "直飲臺",
        "name": "博愛國小",
        "address": "臺北市信義區松仁路95巷20號",
        "city": "臺北市",
        "district": "信義區",
        "managing_unit": "博愛國小",
        "maintenance_unit": "博愛國小總務處",
        "phone": "23450616轉410",
        "open_time": "08:00~18:00",
        "location": "201教室",
        "status": "正常",
        "info_url": "https://gismobile.water.gov.taipei:8443/W/S.aspx?SD=1902a21",
        "photo_url": "https://gismobile.water.gov.taipei/WaterMap_drinkImg/1902a21.JPG"
      }
    },
    {
      "type": "Feature",
      "geometry": {
        "type": "Point",
        "coordinates": [
          121.570448,
          25.036349
        ]
      },
      "properties": {
        "source_type": "直飲臺",
        "name": "博愛國小",
        "address": "臺北市信義區松仁路95巷20號",
        "city": "臺北市",
        "district": "信義區",
        "managing_unit": "博愛國小",
        "maintenance_unit": "博愛國小總務處",
        "phone": "23450616轉410",
        "open_time": "08:00~18:00",
        "location": "304教室",
        "status": "正常",
        "info_url": "https://gismobile.water.gov.taipei:8443/W/S.aspx?SD=1902a31",
        "photo_url": "https://gismobile.water.gov.taipei/WaterMap_drinkImg/1902a31.JPG"
      }
    },
    {
      "type": "Feature",
      "geometry": {
        "type": "Point",
        "coordinates": [
          121.570448,
          25.036349
        ]
      },
      "properties": {
        "source_type": "直飲臺",
        "name": "博愛國小",
        "address": "臺北市信義區松仁路95巷20號",
        "city": "臺北市",
        "district": "信義區",
        "managing_unit": "博愛國小",
        "maintenance_unit": "博愛國小總務處",
        "phone": "23450616轉410",
        "open_time": "08:00~18:00",
        "location": "304教室",
        "status": "正常",
        "info_url": "https://gismobile.water.gov.taipei:8443/W/S.aspx?SD=1902a32",
        "photo_url": "https://gismobile.water.gov.taipei/WaterMap_drinkImg/1902a32.JPG"
      }
    },
    {
      "type": "Feature",
      "geometry": {
        "type": "Point",
        "coordinates": [
          121.570448,
          25.036349
        ]
      },
      "properties": {
        "source_type": "直飲臺",
        "name": "博愛國小",
        "address": "臺北市信義區松仁路95巷20號",
        "city": "臺北市",
        "district": "信義區",
        "managing_unit": "博愛國小",
        "maintenance_unit": "博愛國小總務處",
        "phone": "23450616轉410",
        "open_time": "08:00~18:00",
        "location": "401教室",
        "status": "正常",
        "info_url": "https://gismobile.water.gov.taipei:8443/W/S.aspx?SD=1902a41",
        "photo_url": "https://gismobile.water.gov.taipei/WaterMap_drinkImg/1902a41.JPG"
      }
    },
    {
      "type": "Feature",
      "geometry": {
        "type": "Point",
        "coordinates": [
          121.570448,
          25.036349
        ]
      },
      "properties": {
        "source_type": "直飲臺",
        "name": "博愛國小",
        "address": "臺北市信義區松仁路95巷20號",
        "city": "臺北市",
        "district": "信義區",
        "managing_unit": "博愛國小",
        "maintenance_unit": "博愛國小總務處",
        "phone": "23450616轉410",
        "open_time": "08:00~18:00",
        "location": "206教室",
        "status": "正常",
        "info_url": "https://gismobile.water.gov.taipei:8443/W/S.aspx?SD=1902b21",
        "photo_url": "https://gismobile.water.gov.taipei/WaterMap_drinkImg/1902b21.JPG"
      }
    },
    {
      "type": "Feature",
      "geometry": {
        "type": "Point",
        "coordinates": [
          121.570448,
          25.036349
        ]
      },
      "properties": {
        "source_type": "直飲臺",
        "name": "博愛國小",
        "address": "臺北市信義區松仁路95巷20號",
        "city": "臺北市",
        "district": "信義區",
        "managing_unit": "博愛國小",
        "maintenance_unit": "博愛國小總務處",
        "phone": "23450616轉410",
        "open_time": "08:00~18:00",
        "location": "309教室",
        "status": "正常",
        "info_url": "https://gismobile.water.gov.taipei:8443/W/S.aspx?SD=1902b31",
        "photo_url": "https://gismobile.water.gov.taipei/WaterMap_drinkImg/1902b31.JPG"
      }
    },
    {
      "type": "Feature",
      "geometry": {
        "type": "Point",
        "coordinates": [
          121.570448,
          25.036349
        ]
      },
      "properties": {
        "source_type": "直飲臺",
        "name": "博愛國小",
        "address": "臺北市信義區松仁路95巷20號",
        "city": "臺北市",
        "district": "信義區",
        "managing_unit": "博愛國小",
        "maintenance_unit": "博愛國小總務處",
        "phone": "23450616轉410",
        "open_time": "08:00~18:00",
        "location": "309教室",
        "status": "正常",
        "info_url": "https://gismobile.water.gov.taipei:8443/W/S.aspx?SD=1902b32",
        "photo_url": "https://gismobile.water.gov.taipei/WaterMap_drinkImg/1902b32.JPG"
      }
    },
    {
      "type": "Feature",
      "geometry": {
        "type": "Point",
        "coordinates": [
          121.570448,
          25.036349
        ]
      },
      "properties": {
        "source_type": "直飲臺",
        "name": "博愛國小",
        "address": "臺北市信義區松仁路95巷20號",
        "city": "臺北市",
        "district": "信義區",
        "managing_unit": "博愛國小",
        "maintenance_unit": "博愛國小總務處",
        "phone": "23450616轉410",
        "open_time": "08:00~18:00",
        "location": "406教室",
        "status": "正常",
        "info_url": "https://gismobile.water.gov.taipei:8443/W/S.aspx?SD=1902b41",
        "photo_url": "https://gismobile.water.gov.taipei/WaterMap_drinkImg/1902b41.JPG"
      }
    },
    {
      "type": "Feature",
      "geometry": {
        "type": "Point",
        "coordinates": [
          121.570448,
          25.036349
        ]
      },
      "properties": {
        "source_type": "直飲臺",
        "name": "博愛國小",
        "address": "臺北市信義區松仁路95巷20號",
        "city": "臺北市",
        "district": "信義區",
        "managing_unit": "博愛國小",
        "maintenance_unit": "博愛國小總務處",
        "phone": "23450616轉410",
        "open_time": "08:00~18:00",
        "location": "112教室",
        "status": "正常",
        "info_url": "https://gismobile.water.gov.taipei:8443/W/S.aspx?SD=1902c11",
        "photo_url": "https://gismobile.water.gov.taipei/WaterMap_drinkImg/1902c11.JPG"
      }
    },
    {
      "type": "Feature",
      "geometry": {
        "type": "Point",
        "coordinates": [
          121.570448,
          25.036349
        ]
      },
      "properties": {
        "source_type": "直飲臺",
        "name": "博愛國小",
        "address": "臺北市信義區松仁路95巷20號",
        "city": "臺北市",
        "district": "信義區",
        "managing_unit": "博愛國小",
        "maintenance_unit": "博愛國小總務處",
        "phone": "23450616轉410",
        "open_time": "08:00~18:00",
        "location": "212教室",
        "status": "正常",
        "info_url": "https://gismobile.water.gov.taipei:8443/W/S.aspx?SD=1902c21",
        "photo_url": "https://gismobile.water.gov.taipei/WaterMap_drinkImg/1902c21.JPG"
      }
    },
    {
      "type": "Feature",
      "geometry": {
        "type": "Point",
        "coordinates": [
          121.570448,
          25.036349
        ]
      },
      "properties": {
        "source_type": "直飲臺",
        "name": "博愛國小",
        "address": "臺北市信義區松仁路95巷20號",
        "city": "臺北市",
        "district": "信義區",
        "managing_unit": "博愛國小",
        "maintenance_unit": "博愛國小總務處",
        "phone": "23450616轉410",
        "open_time": "08:00~18:00",
        "location": "314教室",
        "status": "正常",
        "info_url": "https://gismobile.water.gov.taipei:8443/W/S.aspx?SD=1902c31",
        "photo_url": "https://gismobile.water.gov.taipei/WaterMap_drinkImg/1902c31.JPG"
      }
    },
    {
      "type": "Feature",
      "geometry": {
        "type": "Point",
        "coordinates": [
          121.570448,
          25.036349
        ]
      },
      "properties": {
        "source_type": "直飲臺",
        "name": "博愛國小",
        "address": "臺北市信義區松仁路95巷20號",
        "city": "臺北市",
        "district": "信義區",
        "managing_unit": "博愛國小",
        "maintenance_unit": "博愛國小總務處",
        "phone": "23450616轉410",
        "open_time": "08:00~18:00",
        "location": "音樂教室411",
        "status": "正常",
        "info_url": "https://gismobile.water.gov.taipei:8443/W/S.aspx?SD=1902c41",
        "photo_url": "https://gismobile.water.gov.taipei/WaterMap_drinkImg/1902c41.JPG"
      }
    },
    {
      "type": "Feature",
      "geometry": {
        "type": "Point",
        "coordinates": [
          121.570448,
          25.036349
        ]
      },
      "properties": {
        "source_type": "直飲臺",
        "name": "博愛國小",
        "address": "臺北市信義區松仁路95巷20號",
        "city": "臺北市",
        "district": "信義區",
        "managing_unit": "博愛國小",
        "maintenance_unit": "博愛國小總務處",
        "phone": "23450616轉410",
        "open_time": "08:00~18:00",
        "location": "115教室",
        "status": "正常",
        "info_url": "https://gismobile.water.gov.taipei:8443/W/S.aspx?SD=1902d11",
        "photo_url": "https://gismobile.water.gov.taipei/WaterMap_drinkImg/1902d11.JPG"
      }
    },
    {
      "type": "Feature",
      "geometry": {
        "type": "Point",
        "coordinates": [
          121.570448,
          25.036349
        ]
      },
      "properties": {
        "source_type": "直飲臺",
        "name": "博愛國小",
        "address": "臺北市信義區松仁路95巷20號",
        "city": "臺北市",
        "district": "信義區",
        "managing_unit": "博愛國小",
        "maintenance_unit": "博愛國小總務處",
        "phone": "23450616轉410",
        "open_time": "08:00~18:00",
        "location": "216教室",
        "status": "正常",
        "info_url": "https://gismobile.water.gov.taipei:8443/W/S.aspx?SD=1902d21",
        "photo_url": "https://gismobile.water.gov.taipei/WaterMap_drinkImg/1902d21.JPG"
      }
    },
    {
      "type": "Feature",
      "geometry": {
        "type": "Point",
        "coordinates": [
          121.570448,
          25.036349
        ]
      },
      "properties": {
        "source_type": "直飲臺",
        "name": "博愛國小",
        "address": "臺北市信義區松仁路95巷20號",
        "city": "臺北市",
        "district": "信義區",
        "managing_unit": "博愛國小",
        "maintenance_unit": "博愛國小總務處",
        "phone": "23450616轉410",
        "open_time": "08:00~18:00",
        "location": "教師研究室318",
        "status": "正常",
        "info_url": "https://gismobile.water.gov.taipei:8443/W/S.aspx?SD=1902d31",
        "photo_url": "https://gismobile.water.gov.taipei/WaterMap_drinkImg/1902d31.JPG"
      }
    },
    {
      "type": "Feature",
      "geometry": {
        "type": "Point",
        "coordinates": [
          121.570448,
          25.036349
        ]
      },
      "properties": {
        "source_type": "直飲臺",
        "name": "博愛國小",
        "address": "臺北市信義區松仁路95巷20號",
        "city": "臺北市",
        "district": "信義區",
        "managing_unit": "博愛國小",
        "maintenance_unit": "博愛國小總務處",
        "phone": "23450616轉410",
        "open_time": "08:00~18:00",
        "location": "414教室",
        "status": "正常",
        "info_url": "https://gismobile.water.gov.taipei:8443/W/S.aspx?SD=1902d41",
        "photo_url": "https://gismobile.water.gov.taipei/WaterMap_drinkImg/1902d41.JPG"
      }
    },
    {
      "type": "Feature",
      "geometry": {
        "type": "Point",
        "coordinates": [
          121.570448,
          25.036349
        ]
      },
      "properties": {
        "source_type": "直飲臺",
        "name": "博愛國小",
        "address": "臺北市信義區松仁路95巷20號",
        "city": "臺北市",
        "district": "信義區",
        "managing_unit": "博愛國小",
        "maintenance_unit": "博愛國小總務處",
        "phone": "23450616轉410",
        "open_time": "08:00~18:00",
        "location": "121教室",
        "status": "正常",
        "info_url": "https://gismobile.water.gov.taipei:8443/W/S.aspx?SD=1902e11",
        "photo_url": "https://gismobile.water.gov.taipei/WaterMap_drinkImg/1902e11.JPG"
      }
    },
    {
      "type": "Feature",
      "geometry": {
        "type": "Point",
        "coordinates": [
          121.570448,
          25.036349
        ]
      },
      "properties": {
        "source_type": "直飲臺",
        "name": "博愛國小",
        "address": "臺北市信義區松仁路95巷20號",
        "city": "臺北市",
        "district": "信義區",
        "managing_unit": "博愛國小",
        "maintenance_unit": "博愛國小總務處",
        "phone": "23450616轉410",
        "open_time": "08:00~18:00",
        "location": "222教室",
        "status": "正常",
        "info_url": "https://gismobile.water.gov.taipei:8443/W/S.aspx?SD=1902e21",
        "photo_url": "https://gismobile.water.gov.taipei/WaterMap_drinkImg/1902e21.JPG"
      }
    },
    {
      "type": "Feature",
      "geometry": {
        "type": "Point",
        "coordinates": [
          121.570448,
          25.036349
        ]
      },
      "properties": {
        "source_type": "直飲臺",
        "name": "博愛國小",
        "address": "臺北市信義區松仁路95巷20號",
        "city": "臺北市",
        "district": "信義區",
        "managing_unit": "博愛國小",
        "maintenance_unit": "博愛國小總務處",
        "phone": "23450616轉410",
        "open_time": "08:00~18:00",
        "location": "324教室",
        "status": "正常",
        "info_url": "https://gismobile.water.gov.taipei:8443/W/S.aspx?SD=1902e31",
        "photo_url": "https://gismobile.water.gov.taipei/WaterMap_drinkImg/1902e31.JPG"
      }
    },
    {
      "type": "Feature",
      "geometry": {
        "type": "Point",
        "coordinates": [
          121.570448,
          25.036349
        ]
      },
      "properties": {
        "source_type": "直飲臺",
        "name": "博愛國小",
        "address": "臺北市信義區松仁路95巷20號",
        "city": "臺北市",
        "district": "信義區",
        "managing_unit": "博愛國小",
        "maintenance_unit": "博愛國小總務處",
        "phone": "23450616轉410",
        "open_time": "08:00~18:00",
        "location": "324教室",
        "status": "正常",
        "info_url": "https://gismobile.water.gov.taipei:8443/W/S.aspx?SD=1902e32",
        "photo_url": "https://gismobile.water.gov.taipei/WaterMap_drinkImg/1902e32.JPG"
      }
    },
    {
      "type": "Feature",
      "geometry": {
        "type": "Point",
        "coordinates": [
          121.570448,
          25.036349
        ]
      },
      "properties": {
        "source_type": "直飲臺",
        "name": "博愛國小",
        "address": "臺北市信義區松仁路95巷20號",
        "city": "臺北市",
        "district": "信義區",
        "managing_unit": "博愛國小",
        "maintenance_unit": "博愛國小總務處",
        "phone": "23450616轉410",
        "open_time": "08:00~18:00",
        "location": "自然教室419",
        "status": "正常",
        "info_url": "https://gismobile.water.gov.taipei:8443/W/S.aspx?SD=1902e41",
        "photo_url": "https://gismobile.water.gov.taipei/WaterMap_drinkImg/1902e41.JPG"
      }
    },
    {
      "type": "Feature",
      "geometry": {
        "type": "Point",
        "coordinates": [
          121.570448,
          25.036349
        ]
      },
      "properties": {
        "source_type": "直飲臺",
        "name": "博愛國小",
        "address": "臺北市信義區松仁路95巷20號",
        "city": "臺北市",
        "district": "信義區",
        "managing_unit": "博愛國小",
        "maintenance_unit": "博愛國小總務處",
        "phone": "23450616轉410",
        "open_time": "08:00~18:00",
        "location": "126教室",
        "status": "正常",
        "info_url": "https://gismobile.water.gov.taipei:8443/W/S.aspx?SD=1902f11",
        "photo_url": "https://gismobile.water.gov.taipei/WaterMap_drinkImg/1902f11.JPG"
      }
    },
    {
      "type": "Feature",
      "geometry": {
        "type": "Point",
        "coordinates": [
          121.570448,
          25.036349
        ]
      },
      "properties": {
        "source_type": "直飲臺",
        "name": "博愛國小",
        "address": "臺北市信義區松仁路95巷20號",
        "city": "臺北市",
        "district": "信義區",
        "managing_unit": "博愛國小",
        "maintenance_unit": "博愛國小總務處",
        "phone": "23450616轉410",
        "open_time": "08:00~18:00",
        "location": "227教室",
        "status": "正常",
        "info_url": "https://gismobile.water.gov.taipei:8443/W/S.aspx?SD=1902f21",
        "photo_url": "https://gismobile.water.gov.taipei/WaterMap_drinkImg/1902f21.JPG"
      }
    },
    {
      "type": "Feature",
      "geometry": {
        "type": "Point",
        "coordinates": [
          121.570448,
          25.036349
        ]
      },
      "properties": {
        "source_type": "直飲臺",
        "name": "博愛國小",
        "address": "臺北市信義區松仁路95巷20號",
        "city": "臺北市",
        "district": "信義區",
        "managing_unit": "博愛國小",
        "maintenance_unit": "博愛國小總務處",
        "phone": "23450616轉410",
        "open_time": "08:00~18:00",
        "location": "329教室",
        "status": "正常",
        "info_url": "https://gismobile.water.gov.taipei:8443/W/S.aspx?SD=1902f31",
        "photo_url": "https://gismobile.water.gov.taipei/WaterMap_drinkImg/1902f31.JPG"
      }
    },
    {
      "type": "Feature",
      "geometry": {
        "type": "Point",
        "coordinates": [
          121.570448,
          25.036349
        ]
      },
      "properties": {
        "source_type": "直飲臺",
        "name": "博愛國小",
        "address": "臺北市信義區松仁路95巷20號",
        "city": "臺北市",
        "district": "信義區",
        "managing_unit": "博愛國小",
        "maintenance_unit": "博愛國小總務處",
        "phone": "23450616轉410",
        "open_time": "08:00~18:00",
        "location": "329教室",
        "status": "正常",
        "info_url": "https://gismobile.water.gov.taipei:8443/W/S.aspx?SD=1902f32",
        "photo_url": "https://gismobile.water.gov.taipei/WaterMap_drinkImg/1902f32.JPG"
      }
    },
    {
      "type": "Feature",
      "geometry": {
        "type": "Point",
        "coordinates": [
          121.570448,
          25.036349
        ]
      },
      "properties": {
        "source_type": "直飲臺",
        "name": "博愛國小",
        "address": "臺北市信義區松仁路95巷20號",
        "city": "臺北市",
        "district": "信義區",
        "managing_unit": "博愛國小",
        "maintenance_unit": "博愛國小總務處",
        "phone": "23450616轉410",
        "open_time": "08:00~18:00",
        "location": "音樂社團3",
        "status": "正常",
        "info_url": "https://gismobile.water.gov.taipei:8443/W/S.aspx?SD=1902f41",
        "photo_url": "https://gismobile.water.gov.taipei/WaterMap_drinkImg/1902f41.JPG"
      }
    },
    {
      "type": "Feature",
      "geometry": {
        "type": "Point",
        "coordinates": [
          121.52087,
          25.038585
        ]
      },
      "properties": {
        "source_type": "直飲臺",
        "name": "東門國小",
        "address": "臺北市中正區仁愛路1段2之4號",
        "city": "臺北市",
        "district": "中正區",
        "managing_unit": "臺北市中正區東門國民小學",
        "maintenance_unit": "東門國小總務處",
        "phone": "23412822轉27",
        "open_time": "08:00~18:00",
        "location": "忠孝樓1樓",
        "status": "正常",
        "info_url": "https://gismobile.water.gov.taipei:8443/W/S.aspx?SD=1954a11",
        "photo_url": "https://gismobile.water.gov.taipei/WaterMap_drinkImg/1954a11.JPG"
      }
    },
    {
      "type": "Feature",
      "geometry": {
        "type": "Point",
        "coordinates": [
          121.52087,
          25.038585
        ]
      },
      "properties": {
        "source_type": "直飲臺",
        "name": "東門國小",
        "address": "臺北市中正區仁愛路1段2之4號",
        "city": "臺北市",
        "district": "中正區",
        "managing_unit": "臺北市中正區東門國民小學",
        "maintenance_unit": "東門國小總務處",
        "phone": "23412822轉27",
        "open_time": "08:00~18:00",
        "location": "忠孝樓1樓",
        "status": "正常",
        "info_url": "https://gismobile.water.gov.taipei:8443/W/S.aspx?SD=1954a12",
        "photo_url": "https://gismobile.water.gov.taipei/WaterMap_drinkImg/1954a12.JPG"
      }
    },
    {
      "type": "Feature",
      "geometry": {
        "type": "Point",
        "coordinates": [
          121.52087,
          25.038585
        ]
      },
      "properties": {
        "source_type": "直飲臺",
        "name": "東門國小",
        "address": "臺北市中正區仁愛路1段2之4號",
        "city": "臺北市",
        "district": "中正區",
        "managing_unit": "臺北市中正區東門國民小學",
        "maintenance_unit": "東門國小總務處",
        "phone": "23412822轉27",
        "open_time": "08:00~18:00",
        "location": "仁愛樓1樓",
        "status": "正常",
        "info_url": "https://gismobile.water.gov.taipei:8443/W/S.aspx?SD=1954a14",
        "photo_url": "https://gismobile.water.gov.taipei/WaterMap_drinkImg/1954a14.JPG"
      }
    },
    {
      "type": "Feature",
      "geometry": {
        "type": "Point",
        "coordinates": [
          121.52087,
          25.038585
        ]
      },
      "properties": {
        "source_type": "直飲臺",
        "name": "東門國小",
        "address": "臺北市中正區仁愛路1段2之4號",
        "city": "臺北市",
        "district": "中正區",
        "managing_unit": "臺北市中正區東門國民小學",
        "maintenance_unit": "東門國小總務處",
        "phone": "23412822轉27",
        "open_time": "08:00~18:00",
        "location": "仁愛樓1樓",
        "status": "正常",
        "info_url": "https://gismobile.water.gov.taipei:8443/W/S.aspx?SD=1954a15",
        "photo_url": "https://gismobile.water.gov.taipei/WaterMap_drinkImg/1954a15.JPG"
      }
    },
    {
      "type": "Feature",
      "geometry": {
        "type": "Point",
        "coordinates": [
          121.52087,
          25.038585
        ]
      },
      "properties": {
        "source_type": "直飲臺",
        "name": "東門國小",
        "address": "臺北市中正區仁愛路1段2之4號",
        "city": "臺北市",
        "district": "中正區",
        "managing_unit": "臺北市中正區東門國民小學",
        "maintenance_unit": "東門國小總務處",
        "phone": "23412822轉27",
        "open_time": "08:00~18:00",
        "location": "忠孝樓2樓",
        "status": "正常",
        "info_url": "https://gismobile.water.gov.taipei:8443/W/S.aspx?SD=1954a21",
        "photo_url": "https://gismobile.water.gov.taipei/WaterMap_drinkImg/1954a21.JPG"
      }
    },
    {
      "type": "Feature",
      "geometry": {
        "type": "Point",
        "coordinates": [
          121.52087,
          25.038585
        ]
      },
      "properties": {
        "source_type": "直飲臺",
        "name": "東門國小",
        "address": "臺北市中正區仁愛路1段2之4號",
        "city": "臺北市",
        "district": "中正區",
        "managing_unit": "臺北市中正區東門國民小學",
        "maintenance_unit": "東門國小總務處",
        "phone": "23412822轉27",
        "open_time": "08:00~18:00",
        "location": "忠孝樓2樓",
        "status": "正常",
        "info_url": "https://gismobile.water.gov.taipei:8443/W/S.aspx?SD=1954a22",
        "photo_url": "https://gismobile.water.gov.taipei/WaterMap_drinkImg/1954a22.JPG"
      }
    },
    {
      "type": "Feature",
      "geometry": {
        "type": "Point",
        "coordinates": [
          121.52087,
          25.038585
        ]
      },
      "properties": {
        "source_type": "直飲臺",
        "name": "東門國小",
        "address": "臺北市中正區仁愛路1段2之4號",
        "city": "臺北市",
        "district": "中正區",
        "managing_unit": "臺北市中正區東門國民小學",
        "maintenance_unit": "東門國小總務處",
        "phone": "23412822轉27",
        "open_time": "08:00~18:00",
        "location": "仁愛樓2樓",
        "status": "正常",
        "info_url": "https://gismobile.water.gov.taipei:8443/W/S.aspx?SD=1954a23",
        "photo_url": "https://gismobile.water.gov.taipei/WaterMap_drinkImg/1954a23.JPG"
      }
    },
    {
      "type": "Feature",
      "geometry": {
        "type": "Point",
        "coordinates": [
          121.52087,
          25.038585
        ]
      },
      "properties": {
        "source_type": "直飲臺",
        "name": "東門國小",
        "address": "臺北市中正區仁愛路1段2之4號",
        "city": "臺北市",
        "district": "中正區",
        "managing_unit": "臺北市中正區東門國民小學",
        "maintenance_unit": "東門國小總務處",
        "phone": "23412822轉27",
        "open_time": "08:00~18:00",
        "location": "仁愛樓2樓",
        "status": "正常",
        "info_url": "https://gismobile.water.gov.taipei:8443/W/S.aspx?SD=1954a24",
        "photo_url": "https://gismobile.water.gov.taipei/WaterMap_drinkImg/1954a24.JPG"
      }
    },
    {
      "type": "Feature",
      "geometry": {
        "type": "Point",
        "coordinates": [
          121.52087,
          25.038585
        ]
      },
      "properties": {
        "source_type": "直飲臺",
        "name": "東門國小",
        "address": "臺北市中正區仁愛路1段2之4號",
        "city": "臺北市",
        "district": "中正區",
        "managing_unit": "臺北市中正區東門國民小學",
        "maintenance_unit": "東門國小總務處",
        "phone": "23412822轉27",
        "open_time": "08:00~18:00",
        "location": "忠孝樓3樓",
        "status": "正常",
        "info_url": "https://gismobile.water.gov.taipei:8443/W/S.aspx?SD=1954a31",
        "photo_url": "https://gismobile.water.gov.taipei/WaterMap_drinkImg/1954a31.JPG"
      }
    },
    {
      "type": "Feature",
      "geometry": {
        "type": "Point",
        "coordinates": [
          121.52087,
          25.038585
        ]
      },
      "properties": {
        "source_type": "直飲臺",
        "name": "東門國小",
        "address": "臺北市中正區仁愛路1段2之4號",
        "city": "臺北市",
        "district": "中正區",
        "managing_unit": "臺北市中正區東門國民小學",
        "maintenance_unit": "東門國小總務處",
        "phone": "23412822轉27",
        "open_time": "08:00~18:00",
        "location": "仁愛樓3樓",
        "status": "正常",
        "info_url": "https://gismobile.water.gov.taipei:8443/W/S.aspx?SD=1954a33",
        "photo_url": "https://gismobile.water.gov.taipei/WaterMap_drinkImg/1954a33.JPG"
      }
    },
    {
      "type": "Feature",
      "geometry": {
        "type": "Point",
        "coordinates": [
          121.52087,
          25.038585
        ]
      },
      "properties": {
        "source_type": "直飲臺",
        "name": "東門國小",
        "address": "臺北市中正區仁愛路1段2之4號",
        "city": "臺北市",
        "district": "中正區",
        "managing_unit": "臺北市中正區東門國民小學",
        "maintenance_unit": "東門國小總務處",
        "phone": "23412822轉27",
        "open_time": "08:00~18:00",
        "location": "仁愛樓3樓",
        "status": "正常",
        "info_url": "https://gismobile.water.gov.taipei:8443/W/S.aspx?SD=1954a34",
        "photo_url": "https://gismobile.water.gov.taipei/WaterMap_drinkImg/1954a34.JPG"
      }
    },
    {
      "type": "Feature",
      "geometry": {
        "type": "Point",
        "coordinates": [
          121.52087,
          25.038585
        ]
      },
      "properties": {
        "source_type": "直飲臺",
        "name": "東門國小",
        "address": "臺北市中正區仁愛路1段2之4號",
        "city": "臺北市",
        "district": "中正區",
        "managing_unit": "臺北市中正區東門國民小學",
        "maintenance_unit": "東門國小總務處",
        "phone": "23412822轉27",
        "open_time": "08:00~18:00",
        "location": "信義樓1樓",
        "status": "正常",
        "info_url": "https://gismobile.water.gov.taipei:8443/W/S.aspx?SD=1954b12",
        "photo_url": "https://gismobile.water.gov.taipei/WaterMap_drinkImg/1954b12.JPG"
      }
    },
    {
      "type": "Feature",
      "geometry": {
        "type": "Point",
        "coordinates": [
          121.52087,
          25.038585
        ]
      },
      "properties": {
        "source_type": "直飲臺",
        "name": "東門國小",
        "address": "臺北市中正區仁愛路1段2之4號",
        "city": "臺北市",
        "district": "中正區",
        "managing_unit": "臺北市中正區東門國民小學",
        "maintenance_unit": "東門國小總務處",
        "phone": "23412822轉27",
        "open_time": "08:00~18:00",
        "location": "和平樓1樓",
        "status": "正常",
        "info_url": "https://gismobile.water.gov.taipei:8443/W/S.aspx?SD=1954b14",
        "photo_url": "https://gismobile.water.gov.taipei/WaterMap_drinkImg/1954b14.JPG"
      }
    },
    {
      "type": "Feature",
      "geometry": {
        "type": "Point",
        "coordinates": [
          121.52087,
          25.038585
        ]
      },
      "properties": {
        "source_type": "直飲臺",
        "name": "東門國小",
        "address": "臺北市中正區仁愛路1段2之4號",
        "city": "臺北市",
        "district": "中正區",
        "managing_unit": "臺北市中正區東門國民小學",
        "maintenance_unit": "東門國小總務處",
        "phone": "23412822轉27",
        "open_time": "08:00~18:00",
        "location": "和平樓1樓",
        "status": "正常",
        "info_url": "https://gismobile.water.gov.taipei:8443/W/S.aspx?SD=1954b15",
        "photo_url": "https://gismobile.water.gov.taipei/WaterMap_drinkImg/1954b15.JPG"
      }
    },
    {
      "type": "Feature",
      "geometry": {
        "type": "Point",
        "coordinates": [
          121.52087,
          25.038585
        ]
      },
      "properties": {
        "source_type": "直飲臺",
        "name": "東門國小",
        "address": "臺北市中正區仁愛路1段2之4號",
        "city": "臺北市",
        "district": "中正區",
        "managing_unit": "臺北市中正區東門國民小學",
        "maintenance_unit": "東門國小總務處",
        "phone": "23412822轉27",
        "open_time": "08:00~18:00",
        "location": "信義樓2樓",
        "status": "正常",
        "info_url": "https://gismobile.water.gov.taipei:8443/W/S.aspx?SD=1954b21",
        "photo_url": "https://gismobile.water.gov.taipei/WaterMap_drinkImg/1954b21.JPG"
      }
    },
    {
      "type": "Feature",
      "geometry": {
        "type": "Point",
        "coordinates": [
          121.52087,
          25.038585
        ]
      },
      "properties": {
        "source_type": "直飲臺",
        "name": "東門國小",
        "address": "臺北市中正區仁愛路1段2之4號",
        "city": "臺北市",
        "district": "中正區",
        "managing_unit": "臺北市中正區東門國民小學",
        "maintenance_unit": "東門國小總務處",
        "phone": "23412822轉27",
        "open_time": "08:00~18:00",
        "location": "信義樓2樓",
        "status": "正常",
        "info_url": "https://gismobile.water.gov.taipei:8443/W/S.aspx?SD=1954b22",
        "photo_url": "https://gismobile.water.gov.taipei/WaterMap_drinkImg/1954b22.JPG"
      }
    },
    {
      "type": "Feature",
      "geometry": {
        "type": "Point",
        "coordinates": [
          121.52087,
          25.038585
        ]
      },
      "properties": {
        "source_type": "直飲臺",
        "name": "東門國小",
        "address": "臺北市中正區仁愛路1段2之4號",
        "city": "臺北市",
        "district": "中正區",
        "managing_unit": "臺北市中正區東門國民小學",
        "maintenance_unit": "東門國小總務處",
        "phone": "23412822轉27",
        "open_time": "08:00~18:00",
        "location": "和平樓2樓",
        "status": "正常",
        "info_url": "https://gismobile.water.gov.taipei:8443/W/S.aspx?SD=1954b25",
        "photo_url": "https://gismobile.water.gov.taipei/WaterMap_drinkImg/1954b25.JPG"
      }
    },
    {
      "type": "Feature",
      "geometry": {
        "type": "Point",
        "coordinates": [
          121.52087,
          25.038585
        ]
      },
      "properties": {
        "source_type": "直飲臺",
        "name": "東門國小",
        "address": "臺北市中正區仁愛路1段2之4號",
        "city": "臺北市",
        "district": "中正區",
        "managing_unit": "臺北市中正區東門國民小學",
        "maintenance_unit": "東門國小總務處",
        "phone": "23412822轉27",
        "open_time": "08:00~18:00",
        "location": "和平樓2樓",
        "status": "正常",
        "info_url": "https://gismobile.water.gov.taipei:8443/W/S.aspx?SD=1954b26",
        "photo_url": "https://gismobile.water.gov.taipei/WaterMap_drinkImg/1954b26.JPG"
      }
    },
    {
      "type": "Feature",
      "geometry": {
        "type": "Point",
        "coordinates": [
          121.52087,
          25.038585
        ]
      },
      "properties": {
        "source_type": "直飲臺",
        "name": "東門國小",
        "address": "臺北市中正區仁愛路1段2之4號",
        "city": "臺北市",
        "district": "中正區",
        "managing_unit": "臺北市中正區東門國民小學",
        "maintenance_unit": "東門國小總務處",
        "phone": "23412822轉27",
        "open_time": "08:00~18:00",
        "location": "信義樓3樓",
        "status": "正常",
        "info_url": "https://gismobile.water.gov.taipei:8443/W/S.aspx?SD=1954b31",
        "photo_url": "https://gismobile.water.gov.taipei/WaterMap_drinkImg/1954b31.JPG"
      }
    },
    {
      "type": "Feature",
      "geometry": {
        "type": "Point",
        "coordinates": [
          121.52087,
          25.038585
        ]
      },
      "properties": {
        "source_type": "直飲臺",
        "name": "東門國小",
        "address": "臺北市中正區仁愛路1段2之4號",
        "city": "臺北市",
        "district": "中正區",
        "managing_unit": "臺北市中正區東門國民小學",
        "maintenance_unit": "東門國小總務處",
        "phone": "23412822轉27",
        "open_time": "08:00~18:00",
        "location": "信義樓3樓",
        "status": "正常",
        "info_url": "https://gismobile.water.gov.taipei:8443/W/S.aspx?SD=1954b32",
        "photo_url": "https://gismobile.water.gov.taipei/WaterMap_drinkImg/1954b32.JPG"
      }
    },
    {
      "type": "Feature",
      "geometry": {
        "type": "Point",
        "coordinates": [
          121.52087,
          25.038585
        ]
      },
      "properties": {
        "source_type": "直飲臺",
        "name": "東門國小",
        "address": "臺北市中正區仁愛路1段2之4號",
        "city": "臺北市",
        "district": "中正區",
        "managing_unit": "臺北市中正區東門國民小學",
        "maintenance_unit": "東門國小總務處",
        "phone": "23412822轉27",
        "open_time": "08:00~18:00",
        "location": "和平樓3樓",
        "status": "正常",
        "info_url": "https://gismobile.water.gov.taipei:8443/W/S.aspx?SD=1954b36",
        "photo_url": "https://gismobile.water.gov.taipei/WaterMap_drinkImg/1954b36.JPG"
      }
    },
    {
      "type": "Feature",
      "geometry": {
        "type": "Point",
        "coordinates": [
          121.52087,
          25.038585
        ]
      },
      "properties": {
        "source_type": "直飲臺",
        "name": "東門國小",
        "address": "臺北市中正區仁愛路1段2之4號",
        "city": "臺北市",
        "district": "中正區",
        "managing_unit": "臺北市中正區東門國民小學",
        "maintenance_unit": "東門國小總務處",
        "phone": "23412822轉27",
        "open_time": "08:00~18:00",
        "location": "和平樓3樓",
        "status": "正常",
        "info_url": "https://gismobile.water.gov.taipei:8443/W/S.aspx?SD=1954b37",
        "photo_url": "https://gismobile.water.gov.taipei/WaterMap_drinkImg/1954b37.JPG"
      }
    },
    {
      "type": "Feature",
      "geometry": {
        "type": "Point",
        "coordinates": [
          121.52087,
          25.038585
        ]
      },
      "properties": {
        "source_type": "直飲臺",
        "name": "東門國小",
        "address": "臺北市中正區仁愛路1段2之4號",
        "city": "臺北市",
        "district": "中正區",
        "managing_unit": "臺北市中正區東門國民小學",
        "maintenance_unit": "東門國小總務處",
        "phone": "23412822轉27",
        "open_time": "08:00~18:00",
        "location": "和平樓4樓",
        "status": "正常",
        "info_url": "https://gismobile.water.gov.taipei:8443/W/S.aspx?SD=1954b41",
        "photo_url": "https://gismobile.water.gov.taipei/WaterMap_drinkImg/1954b41.JPG"
      }
    },
    {
      "type": "Feature",
      "geometry": {
        "type": "Point",
        "coordinates": [
          121.52087,
          25.038585
        ]
      },
      "properties": {
        "source_type": "直飲臺",
        "name": "東門國小",
        "address": "臺北市中正區仁愛路1段2之4號",
        "city": "臺北市",
        "district": "中正區",
        "managing_unit": "臺北市中正區東門國民小學",
        "maintenance_unit": "東門國小總務處",
        "phone": "23412822轉27",
        "open_time": "08:00~18:00",
        "location": "和平樓4樓",
        "status": "正常",
        "info_url": "https://gismobile.water.gov.taipei:8443/W/S.aspx?SD=1954b42",
        "photo_url": "https://gismobile.water.gov.taipei/WaterMap_drinkImg/1954b42.JPG"
      }
    },
    {
      "type": "Feature",
      "geometry": {
        "type": "Point",
        "coordinates": [
          121.561178,
          24.983205
        ]
      },
      "properties": {
        "source_type": "直飲臺",
        "name": "忠順公園",
        "address": "臺北市文山區興隆路四段1巷15號964弄",
        "city": "臺北市",
        "district": "文山區",
        "managing_unit": "臺北市文山區公所",
        "maintenance_unit": "臺北市文山區公所",
        "phone": "2936-5222#381",
        "open_time": "0:00~24:00",
        "location": "涼亭旁",
        "status": "正常",
        "info_url": "https://gismobile.water.gov.taipei:8443/W/S.aspx?SD=2001",
        "photo_url": "https://gismobile.water.gov.taipei/WaterMap_drinkImg/2001.JPG"
      }
    },
    {
      "type": "Feature",
      "geometry": {
        "type": "Point",
        "coordinates": [
          121.564433,
          24.989357
        ]
      },
      "properties": {
        "source_type": "直飲臺",
        "name": "久康公園",
        "address": "臺北市文山區久康街35號對面",
        "city": "臺北市",
        "district": "文山區",
        "managing_unit": "臺北市文山區公所",
        "maintenance_unit": "臺北市文山區公所",
        "phone": "2936-5222#381",
        "open_time": "0:00~24:00",
        "location": "遊戲區旁",
        "status": "正常",
        "info_url": "https://gismobile.water.gov.taipei:8443/W/S.aspx?SD=2002",
        "photo_url": "https://gismobile.water.gov.taipei/WaterMap_drinkImg/2002.JPG"
      }
    },
    {
      "type": "Feature",
      "geometry": {
        "type": "Point",
        "coordinates": [
          121.563698,
          24.983592
        ]
      },
      "properties": {
        "source_type": "直飲臺",
        "name": "保儀公園",
        "address": "臺北市文山區木新路3段50巷26號對面",
        "city": "臺北市",
        "district": "文山區",
        "managing_unit": "臺北市文山區公所",
        "maintenance_unit": "臺北市文山區公所",
        "phone": "2936-5222#381",
        "open_time": "0:00~24:00",
        "location": "遊戲區旁",
        "status": "正常",
        "info_url": "https://gismobile.water.gov.taipei:8443/W/S.aspx?SD=2003",
        "photo_url": "https://gismobile.water.gov.taipei/WaterMap_drinkImg/2003.JPG"
      }
    },
    {
      "type": "Feature",
      "geometry": {
        "type": "Point",
        "coordinates": [
          121.568861,
          24.984648
        ]
      },
      "properties": {
        "source_type": "直飲臺",
        "name": "木榮公園",
        "address": "臺北市文山區木新路2段156-1號對面",
        "city": "臺北市",
        "district": "文山區",
        "managing_unit": "臺北市文山區公所",
        "maintenance_unit": "臺北市文山區公所",
        "phone": "2936-5222#381",
        "open_time": "0:00~24:00",
        "location": "入口處",
        "status": "正常",
        "info_url": "https://gismobile.water.gov.taipei:8443/W/S.aspx?SD=2004",
        "photo_url": "https://gismobile.water.gov.taipei/WaterMap_drinkImg/2004.JPG"
      }
    },
    {
      "type": "Feature",
      "geometry": {
        "type": "Point",
        "coordinates": [
          121.563246,
          25.0033
        ]
      },
      "properties": {
        "source_type": "直飲臺",
        "name": "萬芳11號公園",
        "address": "臺北市文山區萬美街二段82號(萬寧街與萬美街交口)",
        "city": "臺北市",
        "district": "文山區",
        "managing_unit": "工務局公園處",
        "maintenance_unit": "工務局公園處南港管理所",
        "phone": "02-27833685",
        "open_time": "0:00~24:00",
        "location": "公園內",
        "status": "正常",
        "info_url": "https://gismobile.water.gov.taipei:8443/W/S.aspx?SD=2006",
        "photo_url": "https://gismobile.water.gov.taipei/WaterMap_drinkImg/2006.JPG"
      }
    },
    {
      "type": "Feature",
      "geometry": {
        "type": "Point",
        "coordinates": [
          121.567406,
          24.981491
        ]
      },
      "properties": {
        "source_type": "直飲臺",
        "name": "道南河濱公園",
        "address": "臺北市文山區木新路二段299巷與號恆光街30巷交叉口(恆光橋下)",
        "city": "臺北市",
        "district": "文山區",
        "managing_unit": "工務局水利工程處南區管理站",
        "maintenance_unit": "工務局水利工程處南區管理站",
        "phone": "27208889#2691",
        "open_time": "0:00~24:00",
        "location": "共融公園旁",
        "status": "正常",
        "info_url": "https://gismobile.water.gov.taipei:8443/W/S.aspx?SD=2007",
        "photo_url": "https://gismobile.water.gov.taipei/WaterMap_drinkImg/2007.JPG"
      }
    },
    {
      "type": "Feature",
      "geometry": {
        "type": "Point",
        "coordinates": [
          121.5538,
          24.979906
        ]
      },
      "properties": {
        "source_type": "直飲臺",
        "name": "木柵河濱公園",
        "address": "臺北市文山區木新路三段417號(寶橋下)",
        "city": "臺北市",
        "district": "文山區",
        "managing_unit": "工務局水利工程處南區管理站",
        "maintenance_unit": "工務局水利工程處南區管理站",
        "phone": "27208889#2691",
        "open_time": "0:00~24:00",
        "location": "休憩空間旁",
        "status": "正常",
        "info_url": "https://gismobile.water.gov.taipei:8443/W/S.aspx?SD=2008",
        "photo_url": "https://gismobile.water.gov.taipei/WaterMap_drinkImg/2008.JPG"
      }
    },
    {
      "type": "Feature",
      "geometry": {
        "type": "Point",
        "coordinates": [
          121.54606,
          24.997032
        ]
      },
      "properties": {
        "source_type": "直飲臺",
        "name": "興福公園",
        "address": "臺北市文山區景華街121巷17弄",
        "city": "臺北市",
        "district": "文山區",
        "managing_unit": "臺北市文山區公所",
        "maintenance_unit": "臺北市文山區公所",
        "phone": "2936-5222#381",
        "open_time": "0:00~24:00",
        "location": "涼亭旁",
        "status": "正常",
        "info_url": "https://gismobile.water.gov.taipei:8443/W/S.aspx?SD=2009",
        "photo_url": "https://gismobile.water.gov.taipei/WaterMap_drinkImg/2009.JPG"
      }
    },
    {
      "type": "Feature",
      "geometry": {
        "type": "Point",
        "coordinates": [
          121.552116,
          25.063067
        ]
      },
      "properties": {
        "source_type": "直飲臺",
        "name": "松山機場站",
        "address": "臺北市松山區敦化北路338號",
        "city": "臺北市",
        "district": "松山區",
        "managing_unit": "臺北大眾捷運股份有限公司",
        "maintenance_unit": "臺北大眾捷運股份有限公司(棕線)",
        "phone": "25363001#8653",
        "open_time": "06:00~23:00",
        "location": "3號出口",
        "status": "正常",
        "info_url": "https://gismobile.water.gov.taipei:8443/W/S.aspx?SD=2430",
        "photo_url": "https://gismobile.water.gov.taipei/WaterMap_drinkImg/2430.JPG"
      }
    },
    {
      "type": "Feature",
      "geometry": {
        "type": "Point",
        "coordinates": [
          121.541823,
          25.051712
        ]
      },
      "properties": {
        "source_type": "直飲臺",
        "name": "南京復興站",
        "address": "臺北市中山區南京東路3段253號",
        "city": "臺北市",
        "district": "中山區",
        "managing_unit": "臺北大眾捷運股份有限公司",
        "maintenance_unit": "臺北大眾捷運股份有限公司(紅綠線)",
        "phone": "25363001#8653",
        "open_time": "06:00~23:00",
        "location": "2號出口",
        "status": "正常",
        "info_url": "https://gismobile.water.gov.taipei:8443/W/S.aspx?SD=2442a",
        "photo_url": "https://gismobile.water.gov.taipei/WaterMap_drinkImg/2442a.JPG"
      }
    },
    {
      "type": "Feature",
      "geometry": {
        "type": "Point",
        "coordinates": [
          121.541823,
          25.051712
        ]
      },
      "properties": {
        "source_type": "直飲臺",
        "name": "南京復興站",
        "address": "臺北市中山區南京東路3段253號",
        "city": "臺北市",
        "district": "中山區",
        "managing_unit": "臺北大眾捷運股份有限公司",
        "maintenance_unit": "臺北大眾捷運股份有限公司(紅綠線)",
        "phone": "25363001#8653",
        "open_time": "06:00~23:00",
        "location": "2號出口",
        "status": "正常",
        "info_url": "https://gismobile.water.gov.taipei:8443/W/S.aspx?SD=2442b",
        "photo_url": "https://gismobile.water.gov.taipei/WaterMap_drinkImg/2442b.JPG"
      }
    },
    {
      "type": "Feature",
      "geometry": {
        "type": "Point",
        "coordinates": [
          121.551023,
          25.051515
        ]
      },
      "properties": {
        "source_type": "直飲臺",
        "name": "台北小巨蛋站",
        "address": "臺北市松山區南京東路4段10-1號",
        "city": "臺北市",
        "district": "松山區",
        "managing_unit": "臺北大眾捷運股份有限公司",
        "maintenance_unit": "臺北大眾捷運股份有限公司(紅綠線)",
        "phone": "25363001#8653",
        "open_time": "06:00~23:00",
        "location": "2號出口",
        "status": "正常",
        "info_url": "https://gismobile.water.gov.taipei:8443/W/S.aspx?SD=2443a",
        "photo_url": "https://gismobile.water.gov.taipei/WaterMap_drinkImg/2443a.JPG"
      }
    },
    {
      "type": "Feature",
      "geometry": {
        "type": "Point",
        "coordinates": [
          121.551023,
          25.051515
        ]
      },
      "properties": {
        "source_type": "直飲臺",
        "name": "台北小巨蛋站",
        "address": "臺北市松山區南京東路4段10-1號",
        "city": "臺北市",
        "district": "松山區",
        "managing_unit": "臺北大眾捷運股份有限公司",
        "maintenance_unit": "臺北大眾捷運股份有限公司(紅綠線)",
        "phone": "25363001#8653",
        "open_time": "06:00~23:00",
        "location": "2號出口",
        "status": "正常",
        "info_url": "https://gismobile.water.gov.taipei:8443/W/S.aspx?SD=2443b",
        "photo_url": "https://gismobile.water.gov.taipei/WaterMap_drinkImg/2443b.JPG"
      }
    },
    {
      "type": "Feature",
      "geometry": {
        "type": "Point",
        "coordinates": [
          121.563305,
          25.051539
        ]
      },
      "properties": {
        "source_type": "直飲臺",
        "name": "南京三民站",
        "address": "臺北市松山區南京東路5段237號",
        "city": "臺北市",
        "district": "松山區",
        "managing_unit": "臺北大眾捷運股份有限公司",
        "maintenance_unit": "臺北大眾捷運股份有限公司(紅綠線)",
        "phone": "25363001#8653",
        "open_time": "06:00~23:00",
        "location": "1號出口",
        "status": "正常",
        "info_url": "https://gismobile.water.gov.taipei:8443/W/S.aspx?SD=2444a",
        "photo_url": "https://gismobile.water.gov.taipei/WaterMap_drinkImg/2444a.JPG"
      }
    },
    {
      "type": "Feature",
      "geometry": {
        "type": "Point",
        "coordinates": [
          121.563305,
          25.051539
        ]
      },
      "properties": {
        "source_type": "直飲臺",
        "name": "南京三民站",
        "address": "臺北市松山區南京東路5段237號",
        "city": "臺北市",
        "district": "松山區",
        "managing_unit": "臺北大眾捷運股份有限公司",
        "maintenance_unit": "臺北大眾捷運股份有限公司(紅綠線)",
        "phone": "25363001#8653",
        "open_time": "06:00~23:00",
        "location": "1號出口",
        "status": "正常",
        "info_url": "https://gismobile.water.gov.taipei:8443/W/S.aspx?SD=2444b",
        "photo_url": "https://gismobile.water.gov.taipei/WaterMap_drinkImg/2444b.JPG"
      }
    },
    {
      "type": "Feature",
      "geometry": {
        "type": "Point",
        "coordinates": [
          121.578119,
          25.050361
        ]
      },
      "properties": {
        "source_type": "直飲臺",
        "name": "松山站",
        "address": "臺北市松山區八德路4段742號",
        "city": "臺北市",
        "district": "松山區",
        "managing_unit": "臺北大眾捷運股份有限公司",
        "maintenance_unit": "臺北大眾捷運股份有限公司(紅綠線)",
        "phone": "25363001#8653",
        "open_time": "06:00~23:00",
        "location": "3號出口",
        "status": "正常",
        "info_url": "https://gismobile.water.gov.taipei:8443/W/S.aspx?SD=2445a",
        "photo_url": "https://gismobile.water.gov.taipei/WaterMap_drinkImg/2445a.JPG"
      }
    },
    {
      "type": "Feature",
      "geometry": {
        "type": "Point",
        "coordinates": [
          121.578119,
          25.050361
        ]
      },
      "properties": {
        "source_type": "直飲臺",
        "name": "松山站",
        "address": "臺北市松山區八德路4段742號",
        "city": "臺北市",
        "district": "松山區",
        "managing_unit": "臺北大眾捷運股份有限公司",
        "maintenance_unit": "臺北大眾捷運股份有限公司(紅綠線)",
        "phone": "25363001#8653",
        "open_time": "06:00~23:00",
        "location": "3號出口",
        "status": "正常",
        "info_url": "https://gismobile.water.gov.taipei:8443/W/S.aspx?SD=2445b",
        "photo_url": "https://gismobile.water.gov.taipei/WaterMap_drinkImg/2445b.JPG"
      }
    },
    {
      "type": "Feature",
      "geometry": {
        "type": "Point",
        "coordinates": [
          121.56765,
          25.06179
        ]
      },
      "properties": {
        "source_type": "直飲臺",
        "name": "三民公園",
        "address": "臺北市松山區撫遠街298號",
        "city": "臺北市",
        "district": "松山區",
        "managing_unit": "工務局公園處",
        "maintenance_unit": "工務局公園處圓山管理所",
        "phone": "2585-0192 轉232",
        "open_time": "0:00~24:00",
        "location": "遊戲場旁",
        "status": "正常",
        "info_url": "https://gismobile.water.gov.taipei:8443/W/S.aspx?SD=2446",
        "photo_url": "https://gismobile.water.gov.taipei/WaterMap_drinkImg/2446.JPG"
      }
    },
    {
      "type": "Feature",
      "geometry": {
        "type": "Point",
        "coordinates": [
          121.56675,
          25.061379
        ]
      },
      "properties": {
        "source_type": "直飲臺",
        "name": "三民公園",
        "address": "臺北市松山區撫遠街298號對面",
        "city": "臺北市",
        "district": "松山區",
        "managing_unit": "工務局公園處",
        "maintenance_unit": "工務局公園處圓山管理所",
        "phone": "2585-0192 轉232",
        "open_time": "0:00~24:00",
        "location": "入口牌樓左側",
        "status": "正常",
        "info_url": "https://gismobile.water.gov.taipei:8443/W/S.aspx?SD=2446a",
        "photo_url": "https://gismobile.water.gov.taipei/WaterMap_drinkImg/2446a.JPG"
      }
    },
    {
      "type": "Feature",
      "geometry": {
        "type": "Point",
        "coordinates": [
          121.550179,
          25.04839
        ]
      },
      "properties": {
        "source_type": "直飲臺",
        "name": "臺北田徑場",
        "address": "八德路三段與敦化北路",
        "city": "臺北市",
        "district": "松山區",
        "managing_unit": "臺北自來水事業處",
        "maintenance_unit": "北水處東區分處",
        "phone": "87703360",
        "open_time": "0:00~24:00",
        "location": "八德路三段10-1號對面",
        "status": "正常",
        "info_url": "https://gismobile.water.gov.taipei:8443/W/S.aspx?SD=2447",
        "photo_url": "https://gismobile.water.gov.taipei/WaterMap_drinkImg/2447.JPG"
      }
    },
    {
      "type": "Feature",
      "geometry": {
        "type": "Point",
        "coordinates": [
          121.554839,
          25.058341
        ]
      },
      "properties": {
        "source_type": "直飲臺",
        "name": "資訊科技服務大樓",
        "address": "臺北市松山區民生東路4段133號",
        "city": "臺北市",
        "district": "松山區",
        "managing_unit": "民生辦公大樓管理服務中心",
        "maintenance_unit": "民生辦公大樓管理負責人",
        "phone": "27160802",
        "open_time": "0:00~24:00",
        "location": "人行道",
        "status": "正常",
        "info_url": "https://gismobile.water.gov.taipei:8443/W/S.aspx?SD=2450",
        "photo_url": "https://gismobile.water.gov.taipei/WaterMap_drinkImg/2450.JPG"
      }
    },
    {
      "type": "Feature",
      "geometry": {
        "type": "Point",
        "coordinates": [
          121.58793,
          25.054729
        ]
      },
      "properties": {
        "source_type": "直飲臺",
        "name": "成美左岸河濱公園",
        "address": "臺北市南港區成美河濱公園",
        "city": "臺北市",
        "district": "南港區",
        "managing_unit": "工務局水利工程處東區左岸管理站",
        "maintenance_unit": "工務局水利工程處東區左岸管理站",
        "phone": "27208889#2691",
        "open_time": "0:00~24:00",
        "location": "籃球場",
        "status": "正常",
        "info_url": "https://gismobile.water.gov.taipei:8443/W/S.aspx?SD=2451",
        "photo_url": "https://gismobile.water.gov.taipei/WaterMap_drinkImg/2451.JPG"
      }
    },
    {
      "type": "Feature",
      "geometry": {
        "type": "Point",
        "coordinates": [
          121.557821,
          25.057544
        ]
      },
      "properties": {
        "source_type": "直飲臺",
        "name": "民生公園",
        "address": "臺北市松山區民生東路5段36巷4弄17號",
        "city": "臺北市",
        "district": "松山區",
        "managing_unit": "工務局公園處",
        "maintenance_unit": "工務局公園處圓山管理所",
        "phone": "2585-0192 轉232",
        "open_time": "0:00~24:00",
        "location": "步道",
        "status": "正常",
        "info_url": "https://gismobile.water.gov.taipei:8443/W/S.aspx?SD=2453",
        "photo_url": "https://gismobile.water.gov.taipei/WaterMap_drinkImg/2453.JPG"
      }
    },
    {
      "type": "Feature",
      "geometry": {
        "type": "Point",
        "coordinates": [
          121.565426,
          25.060523
        ]
      },
      "properties": {
        "source_type": "直飲臺",
        "name": "富民生態公園",
        "address": "臺北市松山區新東街41之7號",
        "city": "臺北市",
        "district": "松山區",
        "managing_unit": "工務局公園處",
        "maintenance_unit": "工務局公園處圓山管理所",
        "phone": "2585-0192 轉232",
        "open_time": "0:00~24:00",
        "location": "步道",
        "status": "正常",
        "info_url": "https://gismobile.water.gov.taipei:8443/W/S.aspx?SD=2454",
        "photo_url": "https://gismobile.water.gov.taipei/WaterMap_drinkImg/2454.JPG"
      }
    },
    {
      "type": "Feature",
      "geometry": {
        "type": "Point",
        "coordinates": [
          121.550507,
          25.046403
        ]
      },
      "properties": {
        "source_type": "直飲臺",
        "name": "敦化公園",
        "address": "臺北市松山區八德路3段12巷52弄3號對面",
        "city": "臺北市",
        "district": "松山區",
        "managing_unit": "臺北市松山區公所",
        "maintenance_unit": "臺北市松山區公所",
        "phone": "8787-8787#889",
        "open_time": "0:00~24:00",
        "location": "遊戲區旁",
        "status": "正常",
        "info_url": "https://gismobile.water.gov.taipei:8443/W/S.aspx?SD=2455",
        "photo_url": "https://gismobile.water.gov.taipei/WaterMap_drinkImg/2455.JPG"
      }
    },
    {
      "type": "Feature",
      "geometry": {
        "type": "Point",
        "coordinates": [
          121.55351,
          25.0479
        ]
      },
      "properties": {
        "source_type": "直飲臺",
        "name": "吉仁公園",
        "address": "臺北市松山區八德路3段與延吉街交口",
        "city": "臺北市",
        "district": "松山區",
        "managing_unit": "臺北市松山區公所",
        "maintenance_unit": "臺北市松山區公所",
        "phone": "8787-8787#889",
        "open_time": "0:00~24:00",
        "location": "涼亭旁",
        "status": "正常",
        "info_url": "https://gismobile.water.gov.taipei:8443/W/S.aspx?SD=2456",
        "photo_url": "https://gismobile.water.gov.taipei/WaterMap_drinkImg/2456.JPG"
      }
    },
    {
      "type": "Feature",
      "geometry": {
        "type": "Point",
        "coordinates": [
          121.56894,
          25.05411
        ]
      },
      "properties": {
        "source_type": "直飲臺",
        "name": "健康公園",
        "address": "臺北市松山區寶清街111巷40號",
        "city": "臺北市",
        "district": "松山區",
        "managing_unit": "臺北市松山區公所",
        "maintenance_unit": "臺北市松山區公所",
        "phone": "8787-8787#889",
        "open_time": "0:00~24:00",
        "location": "花圃內",
        "status": "正常",
        "info_url": "https://gismobile.water.gov.taipei:8443/W/S.aspx?SD=2457",
        "photo_url": "https://gismobile.water.gov.taipei/WaterMap_drinkImg/2457.JPG"
      }
    },
    {
      "type": "Feature",
      "geometry": {
        "type": "Point",
        "coordinates": [
          121.567676,
          25.052155
        ]
      },
      "properties": {
        "source_type": "直飲臺",
        "name": "寶清公園",
        "address": "臺北市松山區寶寶清街30巷22號",
        "city": "臺北市",
        "district": "松山區",
        "managing_unit": "臺北市松山區公所",
        "maintenance_unit": "臺北市松山區公所",
        "phone": "8787-8787#889",
        "open_time": "0:00~24:00",
        "location": "步道",
        "status": "正常",
        "info_url": "https://gismobile.water.gov.taipei:8443/W/S.aspx?SD=2458",
        "photo_url": "https://gismobile.water.gov.taipei/WaterMap_drinkImg/2458.JPG"
      }
    },
    {
      "type": "Feature",
      "geometry": {
        "type": "Point",
        "coordinates": [
          121.564043,
          25.053873
        ]
      },
      "properties": {
        "source_type": "直飲臺",
        "name": "西松公園",
        "address": "臺北市松山區南京東路5段251１巷50弄13號",
        "city": "臺北市",
        "district": "松山區",
        "managing_unit": "臺北市松山區公所",
        "maintenance_unit": "臺北市松山區公所",
        "phone": "8787-8787#889",
        "open_time": "0:00~24:00",
        "location": "花圃內",
        "status": "正常",
        "info_url": "https://gismobile.water.gov.taipei:8443/W/S.aspx?SD=2459",
        "photo_url": "https://gismobile.water.gov.taipei/WaterMap_drinkImg/2459.JPG"
      }
    },
    {
      "type": "Feature",
      "geometry": {
        "type": "Point",
        "coordinates": [
          121.547639,
          25.060756
        ]
      },
      "properties": {
        "source_type": "直飲臺",
        "name": "民有1號公園",
        "address": "臺北市松山區民權東路3段160巷15號",
        "city": "臺北市",
        "district": "松山區",
        "managing_unit": "臺北市松山區公所",
        "maintenance_unit": "臺北市松山區公所",
        "phone": "8787-8787#889",
        "open_time": "0:00~24:00",
        "location": "步道",
        "status": "正常",
        "info_url": "https://gismobile.water.gov.taipei:8443/W/S.aspx?SD=2460",
        "photo_url": "https://gismobile.water.gov.taipei/WaterMap_drinkImg/2460.JPG"
      }
    },
    {
      "type": "Feature",
      "geometry": {
        "type": "Point",
        "coordinates": [
          121.57916,
          25.04231
        ]
      },
      "properties": {
        "source_type": "直飲臺",
        "name": "永春公園",
        "address": "臺北市信義區忠孝東路五段703巷1弄24號對面",
        "city": "臺北市",
        "district": "信義區",
        "managing_unit": "臺北市信義區公所",
        "maintenance_unit": "臺北市信義區公所",
        "phone": "27239777#707",
        "open_time": "0:00~24:00",
        "location": "圓形廣場座椅、燈桿旁",
        "status": "正常",
        "info_url": "https://gismobile.water.gov.taipei:8443/W/S.aspx?SD=2461",
        "photo_url": "https://gismobile.water.gov.taipei/WaterMap_drinkImg/2461.JPG"
      }
    },
    {
      "type": "Feature",
      "geometry": {
        "type": "Point",
        "coordinates": [
          121.54596,
          25.04999
        ]
      },
      "properties": {
        "source_type": "直飲臺",
        "name": "敦中公園",
        "address": "臺北市松山區敦化北路4巷",
        "city": "臺北市",
        "district": "松山區",
        "managing_unit": "臺北市松山區公所",
        "maintenance_unit": "臺北市松山區公所",
        "phone": "8787-8787#889",
        "open_time": "0:00~24:00",
        "location": "北側入口處右側",
        "status": "正常",
        "info_url": "https://gismobile.water.gov.taipei:8443/W/S.aspx?SD=2462",
        "photo_url": "https://gismobile.water.gov.taipei/WaterMap_drinkImg/2462.JPG"
      }
    },
    {
      "type": "Feature",
      "geometry": {
        "type": "Point",
        "coordinates": [
          121.54617,
          25.05324
        ]
      },
      "properties": {
        "source_type": "直飲臺",
        "name": "慶城公園",
        "address": "臺北市松山區慶城街16巷7號對面",
        "city": "臺北市",
        "district": "松山區",
        "managing_unit": "臺北市松山區公所",
        "maintenance_unit": "臺北市松山區公所",
        "phone": "8787-8787#889",
        "open_time": "0:00~24:00",
        "location": "西側入口處右側",
        "status": "正常",
        "info_url": "https://gismobile.water.gov.taipei:8443/W/S.aspx?SD=2463",
        "photo_url": "https://gismobile.water.gov.taipei/WaterMap_drinkImg/2463.JPG"
      }
    },
    {
      "type": "Feature",
      "geometry": {
        "type": "Point",
        "coordinates": [
          121.56855,
          25.05568
        ]
      },
      "properties": {
        "source_type": "直飲臺",
        "name": "鵬程公園",
        "address": "臺北市松山區健康路325巷12弄28號左前方",
        "city": "臺北市",
        "district": "松山區",
        "managing_unit": "臺北市松山區公所",
        "maintenance_unit": "臺北市松山區公所",
        "phone": "8787-8787#889",
        "open_time": "0:00~24:00",
        "location": "西側入口處左側",
        "status": "正常",
        "info_url": "https://gismobile.water.gov.taipei:8443/W/S.aspx?SD=2464",
        "photo_url": "https://gismobile.water.gov.taipei/WaterMap_drinkImg/2464.JPG"
      }
    },
    {
      "type": "Feature",
      "geometry": {
        "type": "Point",
        "coordinates": [
          121.56834,
          25.05902
        ]
      },
      "properties": {
        "source_type": "直飲臺",
        "name": "新東公園",
        "address": "臺北市松山區民生東路5段與撫遠街交口附近",
        "city": "臺北市",
        "district": "松山區",
        "managing_unit": "臺北市松山區公所",
        "maintenance_unit": "臺北市松山區公所",
        "phone": "8787-8787#889",
        "open_time": "0:00~24:00",
        "location": "北側入口處右側",
        "status": "正常",
        "info_url": "https://gismobile.water.gov.taipei:8443/W/S.aspx?SD=2465",
        "photo_url": "https://gismobile.water.gov.taipei/WaterMap_drinkImg/2465.JPG"
      }
    },
    {
      "type": "Feature",
      "geometry": {
        "type": "Point",
        "coordinates": [
          121.55482,
          25.05075
        ]
      },
      "properties": {
        "source_type": "直飲臺",
        "name": "寧安公園",
        "address": "臺北市松山區寧安街60巷1號對面",
        "city": "臺北市",
        "district": "松山區",
        "managing_unit": "臺北市松山區公所",
        "maintenance_unit": "臺北市松山區公所",
        "phone": "8787-8787#889",
        "open_time": "0:00~24:00",
        "location": "西側入口處右側",
        "status": "正常",
        "info_url": "https://gismobile.water.gov.taipei:8443/W/S.aspx?SD=2466",
        "photo_url": "https://gismobile.water.gov.taipei/WaterMap_drinkImg/2466.JPG"
      }
    },
    {
      "type": "Feature",
      "geometry": {
        "type": "Point",
        "coordinates": [
          121.572596,
          25.05006
        ]
      },
      "properties": {
        "source_type": "直飲臺",
        "name": "饒河街觀光夜市",
        "address": "臺北市松山區饒河街39號對面",
        "city": "臺北市",
        "district": "松山區",
        "managing_unit": "金好家",
        "maintenance_unit": "工務局公園處園藝工程隊",
        "phone": "23815132＃318",
        "open_time": "0:00~24:00",
        "location": "八德路4段與饒河街路口空地(牌樓前)",
        "status": "正常",
        "info_url": "https://gismobile.water.gov.taipei:8443/W/S.aspx?SD=2472",
        "photo_url": "https://gismobile.water.gov.taipei/WaterMap_drinkImg/2472.JPG"
      }
    },
    {
      "type": "Feature",
      "geometry": {
        "type": "Point",
        "coordinates": [
          121.563892,
          25.0505
        ]
      },
      "properties": {
        "source_type": "直飲臺",
        "name": "南京三民捷運站商圈",
        "address": "臺北市松山區八德路四段245巷52弄",
        "city": "臺北市",
        "district": "松山區",
        "managing_unit": "臺北市松山區公所",
        "maintenance_unit": "臺北市松山區公所",
        "phone": "8787-8787#889",
        "open_time": "0:00~24:00",
        "location": "遊戲區旁",
        "status": "正常",
        "info_url": "https://gismobile.water.gov.taipei:8443/W/S.aspx?SD=2474",
        "photo_url": "https://gismobile.water.gov.taipei/WaterMap_drinkImg/2474.JPG"
      }
    },
    {
      "type": "Feature",
      "geometry": {
        "type": "Point",
        "coordinates": [
          121.525055,
          25.058863
        ]
      },
      "properties": {
        "source_type": "直飲臺",
        "name": "永盛公園",
        "address": "臺北市中山區民生東路一段23巷44號對面",
        "city": "臺北市",
        "district": "中山區",
        "managing_unit": "臺北市中山區公所",
        "maintenance_unit": "臺北市中山區公所",
        "phone": "25031369#538",
        "open_time": "0:00~24:00",
        "location": "公園入口旁/Ubike旁",
        "status": "正常",
        "info_url": "https://gismobile.water.gov.taipei:8443/W/S.aspx?SD=2701",
        "photo_url": "https://gismobile.water.gov.taipei/WaterMap_drinkImg/2701.JPG"
      }
    },
    {
      "type": "Feature",
      "geometry": {
        "type": "Point",
        "coordinates": [
          121.530064,
          25.063504
        ]
      },
      "properties": {
        "source_type": "直飲臺",
        "name": "新壽公園",
        "address": "臺北市中山區新生北路三段11巷63號對面",
        "city": "臺北市",
        "district": "中山區",
        "managing_unit": "臺北市中山區公所",
        "maintenance_unit": "臺北市中山區公所",
        "phone": "25031369#538",
        "open_time": "0:00~24:00",
        "location": "休憩座椅旁",
        "status": "正常",
        "info_url": "https://gismobile.water.gov.taipei:8443/W/S.aspx?SD=2702",
        "photo_url": "https://gismobile.water.gov.taipei/WaterMap_drinkImg/2702.JPG"
      }
    },
    {
      "type": "Feature",
      "geometry": {
        "type": "Point",
        "coordinates": [
          121.529096,
          25.060629
        ]
      },
      "properties": {
        "source_type": "直飲臺",
        "name": "錦州公園",
        "address": "臺北市中山區中原街106號對面",
        "city": "臺北市",
        "district": "中山區",
        "managing_unit": "臺北市中山區公所",
        "maintenance_unit": "臺北市中山區公所",
        "phone": "25031369#538",
        "open_time": "0:00~24:00",
        "location": "兒童遊戲場旁休息區",
        "status": "正常",
        "info_url": "https://gismobile.water.gov.taipei:8443/W/S.aspx?SD=2708",
        "photo_url": "https://gismobile.water.gov.taipei/WaterMap_drinkImg/2708.JPG"
      }
    },
    {
      "type": "Feature",
      "geometry": {
        "type": "Point",
        "coordinates": [
          121.541642,
          25.049436
        ]
      },
      "properties": {
        "source_type": "直飲臺",
        "name": "朱崙公園",
        "address": "臺北市中山區龍江路55巷",
        "city": "臺北市",
        "district": "中山區",
        "managing_unit": "臺北市中山區公所",
        "maintenance_unit": "臺北市中山區公所",
        "phone": "25031369#538",
        "open_time": "0:00~24:00",
        "location": "廁所旁",
        "status": "正常",
        "info_url": "https://gismobile.water.gov.taipei:8443/W/S.aspx?SD=2710",
        "photo_url": "https://gismobile.water.gov.taipei/WaterMap_drinkImg/2710.JPG"
      }
    },
    {
      "type": "Feature",
      "geometry": {
        "type": "Point",
        "coordinates": [
          121.528652,
          25.080599
        ]
      },
      "properties": {
        "source_type": "直飲臺",
        "name": "劍潭山親山步道",
        "address": "臺北市中山區中山北路四段1巷1弄",
        "city": "臺北市",
        "district": "中山區",
        "managing_unit": "工務局大地工程處",
        "maintenance_unit": "大地工程處道路步道科",
        "phone": "27593001轉2312",
        "open_time": "0:00~24:00",
        "location": "藍鵲平台旁",
        "status": "正常",
        "info_url": "https://gismobile.water.gov.taipei:8443/W/S.aspx?SD=2713a",
        "photo_url": "https://gismobile.water.gov.taipei/WaterMap_drinkImg/2713a.JPG"
      }
    },
    {
      "type": "Feature",
      "geometry": {
        "type": "Point",
        "coordinates": [
          121.524536,
          25.080885
        ]
      },
      "properties": {
        "source_type": "直飲臺",
        "name": "劍潭山親山步道",
        "address": "臺北市中山區中山北路四段67號旁",
        "city": "臺北市",
        "district": "中山區",
        "managing_unit": "工務局大地工程處",
        "maintenance_unit": "大地工程處道路步道科",
        "phone": "27593001轉2312",
        "open_time": "0:00~24:00",
        "location": "步道口旁",
        "status": "正常",
        "info_url": "https://gismobile.water.gov.taipei:8443/W/S.aspx?SD=2713b",
        "photo_url": "https://gismobile.water.gov.taipei/WaterMap_drinkImg/2713b.JPG"
      }
    },
    {
      "type": "Feature",
      "geometry": {
        "type": "Point",
        "coordinates": [
          121.541634,
          25.053095
        ]
      },
      "properties": {
        "source_type": "直飲臺",
        "name": "興國公園",
        "address": "臺北市中山區遼寧街177號對面",
        "city": "臺北市",
        "district": "中山區",
        "managing_unit": "臺北市中山區公所",
        "maintenance_unit": "臺北市中山區公所",
        "phone": "25031369#538",
        "open_time": "0:00~24:00",
        "location": "洗手台旁",
        "status": "正常",
        "info_url": "https://gismobile.water.gov.taipei:8443/W/S.aspx?SD=2715",
        "photo_url": "https://gismobile.water.gov.taipei/WaterMap_drinkImg/2715.JPG"
      }
    },
    {
      "type": "Feature",
      "geometry": {
        "type": "Point",
        "coordinates": [
          121.5211,
          25.0617
        ]
      },
      "properties": {
        "source_type": "直飲臺",
        "name": "永靜公園",
        "address": "台北市中山區中山北路2段12巷4-3號旁",
        "city": "臺北市",
        "district": "中山區",
        "managing_unit": "臺北市中山區公所",
        "maintenance_unit": "臺北市中山區公所",
        "phone": "25031369#538",
        "open_time": "0:00~24:00",
        "location": "人行道出入口",
        "status": "正常",
        "info_url": "https://gismobile.water.gov.taipei:8443/W/S.aspx?SD=2716",
        "photo_url": "https://gismobile.water.gov.taipei/WaterMap_drinkImg/2716.JPG"
      }
    },
    {
      "type": "Feature",
      "geometry": {
        "type": "Point",
        "coordinates": [
          121.524554,
          25.064049
        ]
      },
      "properties": {
        "source_type": "直飲臺",
        "name": "晴光公園",
        "address": "臺北市中山區雙城街13巷與雙城街口",
        "city": "臺北市",
        "district": "中山區",
        "managing_unit": "臺北市中山區公所",
        "maintenance_unit": "臺北市中山區公所",
        "phone": "25031369#538",
        "open_time": "0:00~24:00",
        "location": "兒童遊戲場旁",
        "status": "正常",
        "info_url": "https://gismobile.water.gov.taipei:8443/W/S.aspx?SD=2717",
        "photo_url": "https://gismobile.water.gov.taipei/WaterMap_drinkImg/2717.JPG"
      }
    },
    {
      "type": "Feature",
      "geometry": {
        "type": "Point",
        "coordinates": [
          121.520525,
          25.053139
        ]
      },
      "properties": {
        "source_type": "直飲臺",
        "name": "中山捷運站廊道",
        "address": "臺北市中山區南京西路23巷與中山北路16巷交口",
        "city": "臺北市",
        "district": "中山區",
        "managing_unit": "臺北自來水事業處",
        "maintenance_unit": "北水處北區分處",
        "phone": "21004100",
        "open_time": "0:00~24:00",
        "location": "人行道",
        "status": "正常",
        "info_url": "https://gismobile.water.gov.taipei:8443/W/S.aspx?SD=2718",
        "photo_url": "https://gismobile.water.gov.taipei/WaterMap_drinkImg/2718.JPG"
      }
    },
    {
      "type": "Feature",
      "geometry": {
        "type": "Point",
        "coordinates": [
          121.520727,
          25.056509
        ]
      },
      "properties": {
        "source_type": "直飲臺",
        "name": "雙連捷運站廊道",
        "address": "臺北市中山區民生西路66巷",
        "city": "臺北市",
        "district": "中山區",
        "managing_unit": "臺北自來水事業處",
        "maintenance_unit": "北水處北區分處",
        "phone": "21004100",
        "open_time": "0:00~24:00",
        "location": "人行道",
        "status": "正常",
        "info_url": "https://gismobile.water.gov.taipei:8443/W/S.aspx?SD=2719",
        "photo_url": "https://gismobile.water.gov.taipei/WaterMap_drinkImg/2719.JPG"
      }
    },
    {
      "type": "Feature",
      "geometry": {
        "type": "Point",
        "coordinates": [
          121.542229,
          25.06007
        ]
      },
      "properties": {
        "source_type": "直飲臺",
        "name": "龍江公園",
        "address": "臺北市中山區錦州街423號對面",
        "city": "臺北市",
        "district": "中山區",
        "managing_unit": "臺北市中山區公所",
        "maintenance_unit": "臺北市中山區公所",
        "phone": "25031369#538",
        "open_time": "0:00~24:00",
        "location": "公園北側入口旁",
        "status": "正常",
        "info_url": "https://gismobile.water.gov.taipei:8443/W/S.aspx?SD=2720",
        "photo_url": "https://gismobile.water.gov.taipei/WaterMap_drinkImg/2720.JPG"
      }
    },
    {
      "type": "Feature",
      "geometry": {
        "type": "Point",
        "coordinates": [
          121.534722,
          25.050226
        ]
      },
      "properties": {
        "source_type": "直飲臺",
        "name": "伊通街商圈",
        "address": "臺北市中山區伊通街39號對面",
        "city": "臺北市",
        "district": "中山區",
        "managing_unit": "臺北市中山區公所",
        "maintenance_unit": "臺北市中山區公所",
        "phone": "25031369#538",
        "open_time": "0:00~24:00",
        "location": "公園內步道旁",
        "status": "正常",
        "info_url": "https://gismobile.water.gov.taipei:8443/W/S.aspx?SD=2722",
        "photo_url": "https://gismobile.water.gov.taipei/WaterMap_drinkImg/2722.JPG"
      }
    },
    {
      "type": "Feature",
      "geometry": {
        "type": "Point",
        "coordinates": [
          121.548134,
          25.079546
        ]
      },
      "properties": {
        "source_type": "直飲臺",
        "name": "北安路商圈",
        "address": "台北市中山區北安路538巷1弄5號對面",
        "city": "臺北市",
        "district": "中山區",
        "managing_unit": "工務局公園處",
        "maintenance_unit": "工務局公園處圓山管理所",
        "phone": "2585-0192 轉232",
        "open_time": "0:00~24:00",
        "location": "公園內步道旁",
        "status": "正常",
        "info_url": "https://gismobile.water.gov.taipei:8443/W/S.aspx?SD=2723",
        "photo_url": "https://gismobile.water.gov.taipei/WaterMap_drinkImg/2723.JPG"
      }
    },
    {
      "type": "Feature",
      "geometry": {
        "type": "Point",
        "coordinates": [
          121.52832,
          25.0916
        ]
      },
      "properties": {
        "source_type": "直飲臺",
        "name": "203號公園",
        "address": "臺北市士林區平五街2號",
        "city": "臺北市",
        "district": "士林區",
        "managing_unit": "工務局公園處",
        "maintenance_unit": "工務局公園處士林園藝所",
        "phone": "28812512",
        "open_time": "0:00~24:00",
        "location": "公廁前",
        "status": "正常",
        "info_url": "https://gismobile.water.gov.taipei:8443/W/S.aspx?SD=2801",
        "photo_url": "https://gismobile.water.gov.taipei/WaterMap_drinkImg/2801.JPG"
      }
    },
    {
      "type": "Feature",
      "geometry": {
        "type": "Point",
        "coordinates": [
          121.530564,
          25.095796
        ]
      },
      "properties": {
        "source_type": "直飲臺",
        "name": "福林公園",
        "address": "臺北市士林區福林路60號對面",
        "city": "臺北市",
        "district": "士林區",
        "managing_unit": "工務局公園處",
        "maintenance_unit": "工務局公園處士林園藝所",
        "phone": "28812512",
        "open_time": "0:00~24:00",
        "location": "停車場人行入口旁",
        "status": "正常",
        "info_url": "https://gismobile.water.gov.taipei:8443/W/S.aspx?SD=2802",
        "photo_url": "https://gismobile.water.gov.taipei/WaterMap_drinkImg/2802.JPG"
      }
    },
    {
      "type": "Feature",
      "geometry": {
        "type": "Point",
        "coordinates": [
          121.517045,
          25.081309
        ]
      },
      "properties": {
        "source_type": "直飲臺",
        "name": "百齡右岸河濱公園",
        "address": "臺北市士林區通河東街一段3巷對面",
        "city": "臺北市",
        "district": "士林區",
        "managing_unit": "工務局水利工程處北區右岸管理站",
        "maintenance_unit": "工務局水利工程處北區右岸管理站",
        "phone": "27208889#2690",
        "open_time": "0:00~24:00",
        "location": "三腳渡籃球場旁",
        "status": "正常",
        "info_url": "https://gismobile.water.gov.taipei:8443/W/S.aspx?SD=2805",
        "photo_url": "https://gismobile.water.gov.taipei/WaterMap_drinkImg/2805.JPG"
      }
    },
    {
      "type": "Feature",
      "geometry": {
        "type": "Point",
        "coordinates": [
          121.523281,
          25.099219
        ]
      },
      "properties": {
        "source_type": "直飲臺",
        "name": "雙溪河濱公園",
        "address": "臺北市士林區文林路621巷619號對面",
        "city": "臺北市",
        "district": "士林區",
        "managing_unit": "工務局水利工程處北區左岸管理站",
        "maintenance_unit": "工務局水利工程處北區左岸管理站",
        "phone": "27208889#2691",
        "open_time": "0:00~24:00",
        "location": "士林橋旁",
        "status": "暫停",
        "info_url": "https://gismobile.water.gov.taipei:8443/W/S.aspx?SD=2806",
        "photo_url": "https://gismobile.water.gov.taipei/WaterMap_drinkImg/2806.JPG"
      }
    },
    {
      "type": "Feature",
      "geometry": {
        "type": "Point",
        "coordinates": [
          121.523273,
          25.07884
        ]
      },
      "properties": {
        "source_type": "直飲臺",
        "name": "通河街二巷綠地",
        "address": "臺北市士林區通河街2巷",
        "city": "臺北市",
        "district": "士林區",
        "managing_unit": "工務局公園處",
        "maintenance_unit": "工務局公園處士林園藝所",
        "phone": "28812512",
        "open_time": "0:00~24:00",
        "location": "兒童遊戲場旁",
        "status": "正常",
        "info_url": "https://gismobile.water.gov.taipei:8443/W/S.aspx?SD=2807",
        "photo_url": "https://gismobile.water.gov.taipei/WaterMap_drinkImg/2807.JPG"
      }
    },
    {
      "type": "Feature",
      "geometry": {
        "type": "Point",
        "coordinates": [
          121.529383,
          25.110095
        ]
      },
      "properties": {
        "source_type": "直飲臺",
        "name": "蘭雅1號公園",
        "address": "臺北市士林區德行東路129巷",
        "city": "臺北市",
        "district": "士林區",
        "managing_unit": "工務局公園處",
        "maintenance_unit": "工務局公園處陽明山管理所",
        "phone": "28832130",
        "open_time": "0:00~24:00",
        "location": "公園告示牌旁",
        "status": "正常",
        "info_url": "https://gismobile.water.gov.taipei:8443/W/S.aspx?SD=2808",
        "photo_url": "https://gismobile.water.gov.taipei/WaterMap_drinkImg/2808.JPG"
      }
    },
    {
      "type": "Feature",
      "geometry": {
        "type": "Point",
        "coordinates": [
          121.536483,
          25.10133
        ]
      },
      "properties": {
        "source_type": "直飲臺",
        "name": "至誠公園",
        "address": "臺北市士林區至誠路一段24號旁",
        "city": "臺北市",
        "district": "士林區",
        "managing_unit": "臺北市士林區公所",
        "maintenance_unit": "臺北市士林區公所",
        "phone": "28826200#6311",
        "open_time": "0:00~24:00",
        "location": "升旗台旁",
        "status": "正常",
        "info_url": "https://gismobile.water.gov.taipei:8443/W/S.aspx?SD=2809",
        "photo_url": "https://gismobile.water.gov.taipei/WaterMap_drinkImg/2809.JPG"
      }
    },
    {
      "type": "Feature",
      "geometry": {
        "type": "Point",
        "coordinates": [
          121.550065,
          25.100249
        ]
      },
      "properties": {
        "source_type": "直飲臺",
        "name": "故宮博物院",
        "address": "臺北市士林區至善路2段250號對面",
        "city": "臺北市",
        "district": "士林區",
        "managing_unit": "國立故宮博物院",
        "maintenance_unit": "國立故宮博物院",
        "phone": "28812021#2307",
        "open_time": "0:00~24:00",
        "location": "警衛室前",
        "status": "正常",
        "info_url": "https://gismobile.water.gov.taipei:8443/W/S.aspx?SD=2810",
        "photo_url": "https://gismobile.water.gov.taipei/WaterMap_drinkImg/2810.JPG"
      }
    },
    {
      "type": "Feature",
      "geometry": {
        "type": "Point",
        "coordinates": [
          121.523484,
          25.105655
        ]
      },
      "properties": {
        "source_type": "直飲臺",
        "name": "天母SOGO商圈",
        "address": "臺北市士林區德行西路37號對面",
        "city": "臺北市",
        "district": "士林區",
        "managing_unit": "臺北市士林區公所",
        "maintenance_unit": "臺北市士林區公所",
        "phone": "28826200#6311",
        "open_time": "0:00~24:00",
        "location": "公園內步道旁",
        "status": "正常",
        "info_url": "https://gismobile.water.gov.taipei:8443/W/S.aspx?SD=2813",
        "photo_url": "https://gismobile.water.gov.taipei/WaterMap_drinkImg/2813.JPG"
      }
    },
    {
      "type": "Feature",
      "geometry": {
        "type": "Point",
        "coordinates": [
          121.520508,
          25.09279
        ]
      },
      "properties": {
        "source_type": "直飲臺",
        "name": "士林中正路商圈",
        "address": "臺北市士林區中正路435巷19號對面",
        "city": "臺北市",
        "district": "士林區",
        "managing_unit": "工務局公園處",
        "maintenance_unit": "工務局公園處園藝工程隊",
        "phone": "23815132＃318",
        "open_time": "0:00~24:00",
        "location": "公園內步道旁",
        "status": "正常",
        "info_url": "https://gismobile.water.gov.taipei:8443/W/S.aspx?SD=2814",
        "photo_url": "https://gismobile.water.gov.taipei/WaterMap_drinkImg/2814.JPG"
      }
    },
    {
      "type": "Feature",
      "geometry": {
        "type": "Point",
        "coordinates": [
          121.563846,
          25.165661
        ]
      },
      "properties": {
        "source_type": "直飲臺",
        "name": "冷水坑遊客中心(冷擎步道)",
        "address": "臺北市士林區菁山路101巷170號",
        "city": "臺北市",
        "district": "士林區",
        "managing_unit": "陽明山國家公園管理處",
        "maintenance_unit": "陽明山國家公園管理處",
        "phone": "28610036",
        "open_time": "0:00~24:00",
        "location": "人行道旁綠帶內",
        "status": "正常",
        "info_url": "https://gismobile.water.gov.taipei:8443/W/S.aspx?SD=2815",
        "photo_url": "https://gismobile.water.gov.taipei/WaterMap_drinkImg/2815.JPG"
      }
    },
    {
      "type": "Feature",
      "geometry": {
        "type": "Point",
        "coordinates": [
          121.569915,
          25.106916
        ]
      },
      "properties": {
        "source_type": "直飲臺",
        "name": "翠山步道",
        "address": "臺北市士林區中社路2段185巷附近大崙尾山公車站旁",
        "city": "臺北市",
        "district": "士林區",
        "managing_unit": "工務局公園處",
        "maintenance_unit": "工務局公園處士林園藝所",
        "phone": "28812512",
        "open_time": "0:00~24:00",
        "location": "公車站旁",
        "status": "正常",
        "info_url": "https://gismobile.water.gov.taipei:8443/W/S.aspx?SD=2816",
        "photo_url": "https://gismobile.water.gov.taipei/WaterMap_drinkImg/2816.JPG"
      }
    },
    {
      "type": "Feature",
      "geometry": {
        "type": "Point",
        "coordinates": [
          121.528694,
          24.979302
        ]
      },
      "properties": {
        "source_type": "直飲臺",
        "name": "十四張公園",
        "address": "新北市新店區啟文路66號對面",
        "city": "臺北市",
        "district": "新店區",
        "managing_unit": "新店區公所",
        "maintenance_unit": "新店區公所",
        "phone": "29112281#2220",
        "open_time": "0:00~24:00",
        "location": "人行道",
        "status": "正常",
        "info_url": "https://gismobile.water.gov.taipei:8443/W/S.aspx?SD=2906",
        "photo_url": "https://gismobile.water.gov.taipei/WaterMap_drinkImg/2906.JPG"
      }
    },
    {
      "type": "Feature",
      "geometry": {
        "type": "Point",
        "coordinates": [
          121.527059,
          24.979708
        ]
      },
      "properties": {
        "source_type": "直飲臺",
        "name": "十四張公園(央北二路側)",
        "address": "新北市新店區央北二路206巷6號旁",
        "city": "臺北市",
        "district": "新店區",
        "managing_unit": "新店區公所",
        "maintenance_unit": "新店區公所",
        "phone": "29112281#2220",
        "open_time": "0:00~24:00",
        "location": "公園內步道旁",
        "status": "正常",
        "info_url": "https://gismobile.water.gov.taipei:8443/W/S.aspx?SD=2906a",
        "photo_url": "https://gismobile.water.gov.taipei/WaterMap_drinkImg/2906a.JPG"
      }
    },
    {
      "type": "Feature",
      "geometry": {
        "type": "Point",
        "coordinates": [
          121.57746,
          25.07471
        ]
      },
      "properties": {
        "source_type": "直飲臺",
        "name": "瑞光路商圈",
        "address": "臺北市內湖區瑞光路190號人行道",
        "city": "臺北市",
        "district": "內湖區",
        "managing_unit": "臺北自來水事業處",
        "maintenance_unit": "北水處東區分處",
        "phone": "87703360",
        "open_time": "0:00~24:00",
        "location": "人行道",
        "status": "正常",
        "info_url": "https://gismobile.water.gov.taipei:8443/W/S.aspx?SD=3102",
        "photo_url": "https://gismobile.water.gov.taipei/WaterMap_drinkImg/3102.JPG"
      }
    },
    {
      "type": "Feature",
      "geometry": {
        "type": "Point",
        "coordinates": [
          121.548869,
          25.014329
        ]
      },
      "properties": {
        "source_type": "直飲臺",
        "name": "北水處技術科陽台",
        "address": "臺北市大安區長興街131號",
        "city": "臺北市",
        "district": "大安區",
        "managing_unit": "臺北自來水事業處",
        "maintenance_unit": "北水處技術科",
        "phone": "87335703",
        "open_time": "0:00~24:00",
        "location": "技術科陽台",
        "status": "正常",
        "info_url": "https://gismobile.water.gov.taipei:8443/W/S.aspx?SD=t001",
        "photo_url": "https://gismobile.water.gov.taipei/WaterMap_drinkImg/t001.JPG"
      }
    },
    {
      "type": "Feature",
      "geometry": {
        "type": "Point",
        "coordinates": [
          121.547601,
          25.014614
        ]
      },
      "properties": {
        "source_type": "直飲臺",
        "name": "北水處總務科多功能視聽室",
        "address": "臺北市大安區長興街131號",
        "city": "臺北市",
        "district": "大安區",
        "managing_unit": "臺北自來水事業處",
        "maintenance_unit": "北水處總務科",
        "phone": "87335819",
        "open_time": "0:00~24:00",
        "location": "多功能視聽室",
        "status": "正常",
        "info_url": "https://gismobile.water.gov.taipei:8443/W/S.aspx?SD=t004",
        "photo_url": "https://gismobile.water.gov.taipei/WaterMap_drinkImg/t004.JPG"
      }
    },
    {
      "type": "Feature",
      "geometry": {
        "type": "Point",
        "coordinates": [
          121.551012,
          25.015032
        ]
      },
      "properties": {
        "source_type": "直飲臺",
        "name": "北水處總務科簡報室",
        "address": "臺北市大安區長興街131號",
        "city": "臺北市",
        "district": "大安區",
        "managing_unit": "臺北自來水事業處",
        "maintenance_unit": "北水處總務科",
        "phone": "87335819",
        "open_time": "0:00~24:00",
        "location": "簡報室",
        "status": "正常",
        "info_url": "https://gismobile.water.gov.taipei:8443/W/S.aspx?SD=t005",
        "photo_url": "https://gismobile.water.gov.taipei/WaterMap_drinkImg/t005.JPG"
      }
    },
    {
      "type": "Feature",
      "geometry": {
        "type": "Point",
        "coordinates": [
          121.534994,
          25.013748
        ]
      },
      "properties": {
        "source_type": "直飲臺",
        "name": "北水處工程總隊(靠羅斯福路)",
        "address": "臺北市中正區羅斯福路4段92號3F",
        "city": "臺北市",
        "district": "中正區",
        "managing_unit": "臺北自來水事業處工程總隊",
        "maintenance_unit": "北水處工程總隊",
        "phone": "83695175",
        "open_time": "08:00~18:00",
        "location": "(靠羅斯福路)",
        "status": "正常",
        "info_url": "https://gismobile.water.gov.taipei:8443/W/S.aspx?SD=t006a",
        "photo_url": "https://gismobile.water.gov.taipei/WaterMap_drinkImg/t006a.JPG"
      }
    },
    {
      "type": "Feature",
      "geometry": {
        "type": "Point",
        "coordinates": [
          121.53478,
          25.013563
        ]
      },
      "properties": {
        "source_type": "直飲臺",
        "name": "北水處工程總隊(靠汀洲路)",
        "address": "臺北市中正區羅斯福路4段92號3F",
        "city": "臺北市",
        "district": "中正區",
        "managing_unit": "臺北自來水事業處工程總隊",
        "maintenance_unit": "北水處工程總隊",
        "phone": "83695175",
        "open_time": "08:00~18:00",
        "location": "(靠汀洲路)",
        "status": "正常",
        "info_url": "https://gismobile.water.gov.taipei:8443/W/S.aspx?SD=t006b",
        "photo_url": "https://gismobile.water.gov.taipei/WaterMap_drinkImg/t006b.JPG"
      }
    },
    {
      "type": "Feature",
      "geometry": {
        "type": "Point",
        "coordinates": [
          121.530566,
          25.013427
        ]
      },
      "properties": {
        "source_type": "直飲臺",
        "name": "北水處南區分處（1F）服務中心內",
        "address": "臺北市中正區思源路1號",
        "city": "臺北市",
        "district": "中正區",
        "managing_unit": "臺北自來水事業處",
        "maintenance_unit": "北水處南區分處",
        "phone": "83695107",
        "open_time": "08:00~18:00",
        "location": "（1F）服務中心內",
        "status": "正常",
        "info_url": "https://gismobile.water.gov.taipei:8443/W/S.aspx?SD=t007",
        "photo_url": "https://gismobile.water.gov.taipei/WaterMap_drinkImg/t007.JPG"
      }
    },
    {
      "type": "Feature",
      "geometry": {
        "type": "Point",
        "coordinates": [
          121.52121,
          25.05032
        ]
      },
      "properties": {
        "source_type": "直飲臺",
        "name": "北水處北區分處茶水間",
        "address": "臺北市中山區長安西路3號2樓",
        "city": "臺北市",
        "district": "中山區",
        "managing_unit": "臺北自來水事業處",
        "maintenance_unit": "北水處北區分處",
        "phone": "21004100",
        "open_time": "0:00~24:00",
        "location": "茶水間",
        "status": "正常",
        "info_url": "https://gismobile.water.gov.taipei:8443/W/S.aspx?SD=t008",
        "photo_url": "https://gismobile.water.gov.taipei/WaterMap_drinkImg/t008.JPG"
      }
    },
    {
      "type": "Feature",
      "geometry": {
        "type": "Point",
        "coordinates": [
          121.532251,
          25.012342
        ]
      },
      "properties": {
        "source_type": "直飲臺",
        "name": "北水處環境教育中心",
        "address": "臺北市中正區本處環境教育中心2樓",
        "city": "臺北市",
        "district": "中正區",
        "managing_unit": "臺北自來水事業處",
        "maintenance_unit": "北水處環境教育中心",
        "phone": "83695138",
        "open_time": "08:00~18:00",
        "location": null,
        "status": "正常",
        "info_url": "https://gismobile.water.gov.taipei:8443/W/S.aspx?SD=t009",
        "photo_url": "https://gismobile.water.gov.taipei/WaterMap_drinkImg/t009.JPG"
      }
    },
    {
      "type": "Feature",
      "geometry": {
        "type": "Point",
        "coordinates": [
          121.554683,
          25.059163
        ]
      },
      "properties": {
        "source_type": "直飲臺",
        "name": "北水處東區分處",
        "address": "臺北市松山區光復北路266號3樓",
        "city": "臺北市",
        "district": "松山區",
        "managing_unit": "臺北自來水事業處",
        "maintenance_unit": "北水處東區分處",
        "phone": "87703360",
        "open_time": "08:00~18:00",
        "location": null,
        "status": "正常",
        "info_url": "https://gismobile.water.gov.taipei:8443/W/S.aspx?SD=t010",
        "photo_url": "https://gismobile.water.gov.taipei/WaterMap_drinkImg/t010.JPG"
      }
    },
    {
      "type": "Feature",
      "geometry": {
        "type": "Point",
        "coordinates": [
          121.530735,
          25.013345
        ]
      },
      "properties": {
        "source_type": "直飲臺",
        "name": "自來水園區",
        "address": "臺北市中正區思源路1號",
        "city": "臺北市",
        "district": "中正區",
        "managing_unit": "臺北自來水事業處",
        "maintenance_unit": "展業科",
        "phone": "83695108",
        "open_time": "8:00~18:00",
        "location": "護理站外",
        "status": "正常",
        "info_url": "https://gismobile.water.gov.taipei:8443/W/S.aspx?SD=t014",
        "photo_url": "https://gismobile.water.gov.taipei/WaterMap_drinkImg/t014.JPG"
      }
    },
    {
      "type": "Feature",
      "geometry": {
        "type": "Point",
        "coordinates": [
          121.530215,
          25.013165
        ]
      },
      "properties": {
        "source_type": "直飲臺",
        "name": "自來水園區",
        "address": "臺北市中正區思源路1號",
        "city": "臺北市",
        "district": "中正區",
        "managing_unit": "臺北自來水事業處",
        "maintenance_unit": "展業科",
        "phone": "83695108",
        "open_time": "8:00~18:00",
        "location": "思源票口後方",
        "status": "正常",
        "info_url": "https://gismobile.water.gov.taipei:8443/W/S.aspx?SD=t015",
        "photo_url": "https://gismobile.water.gov.taipei/WaterMap_drinkImg/t015.JPG"
      }
    },
    {
      "type": "Feature",
      "geometry": {
        "type": "Point",
        "coordinates": [
          121.534512,
          25.010368
        ]
      },
      "properties": {
        "source_type": "直飲臺",
        "name": "北水處總隊中區工務所",
        "address": "臺北市中正區汀州路3段230巷17號2樓",
        "city": "臺北市",
        "district": "中正區",
        "managing_unit": "臺北自來水事業處工程總隊",
        "maintenance_unit": "北水處總隊中區工務所",
        "phone": "83695175",
        "open_time": "08:00~18:00",
        "location": null,
        "status": "正常",
        "info_url": "https://gismobile.water.gov.taipei:8443/W/S.aspx?SD=t017",
        "photo_url": "https://gismobile.water.gov.taipei/WaterMap_drinkImg/t017.JPG"
      }
    },
    {
      "type": "Feature",
      "geometry": {
        "type": "Point",
        "coordinates": [
          121.547374,
          25.014618
        ]
      },
      "properties": {
        "source_type": "直飲臺",
        "name": "北水處客服中心哺乳室",
        "address": "臺北市大安區長興街131號",
        "city": "臺北市",
        "district": "大安區",
        "managing_unit": "臺北自來水事業處",
        "maintenance_unit": "北水處客服中心",
        "phone": "87335936",
        "open_time": "08:00~18:00",
        "location": "哺乳室",
        "status": "正常",
        "info_url": "https://gismobile.water.gov.taipei:8443/W/S.aspx?SD=t018",
        "photo_url": "https://gismobile.water.gov.taipei/WaterMap_drinkImg/t018.JPG"
      }
    },
    {
      "type": "Feature",
      "geometry": {
        "type": "Point",
        "coordinates": [
          121.554656,
          25.059392
        ]
      },
      "properties": {
        "source_type": "直飲臺",
        "name": "北水處東區分處",
        "address": "臺北市松山區光復北路266號2樓",
        "city": "臺北市",
        "district": "松山區",
        "managing_unit": "臺北自來水事業處",
        "maintenance_unit": "北水處東區分處",
        "phone": "87703360",
        "open_time": "08:00~18:00",
        "location": null,
        "status": "正常",
        "info_url": "https://gismobile.water.gov.taipei:8443/W/S.aspx?SD=t020",
        "photo_url": "https://gismobile.water.gov.taipei/WaterMap_drinkImg/t020.JPG"
      }
    },
    {
      "type": "Feature",
      "geometry": {
        "type": "Point",
        "coordinates": [
          121.550375,
          25.014659
        ]
      },
      "properties": {
        "source_type": "直飲臺",
        "name": "北水處供水科3樓",
        "address": "臺北市大安區長興街131號",
        "city": "臺北市",
        "district": "大安區",
        "managing_unit": "臺北自來水事業處",
        "maintenance_unit": "北水處供水科",
        "phone": "87335821",
        "open_time": "08:00~18:00",
        "location": "3樓",
        "status": "正常",
        "info_url": "https://gismobile.water.gov.taipei:8443/W/S.aspx?SD=t022",
        "photo_url": "https://gismobile.water.gov.taipei/WaterMap_drinkImg/t022.JPG"
      }
    },
    {
      "type": "Feature",
      "geometry": {
        "type": "Point",
        "coordinates": [
          121.534512,
          25.010368
        ]
      },
      "properties": {
        "source_type": "直飲臺",
        "name": "北水處總隊西區工務所",
        "address": "臺北市中正區汀州路3段230巷17號1樓",
        "city": "臺北市",
        "district": "中正區",
        "managing_unit": "臺北自來水事業處工程總隊",
        "maintenance_unit": "北水處總隊西區工務所",
        "phone": "83695175",
        "open_time": "08:00~18:00",
        "location": "辦公室內",
        "status": "正常",
        "info_url": "https://gismobile.water.gov.taipei:8443/W/S.aspx?SD=t023",
        "photo_url": "https://gismobile.water.gov.taipei/WaterMap_drinkImg/t023.JPG"
      }
    },
    {
      "type": "Feature",
      "geometry": {
        "type": "Point",
        "coordinates": [
          121.550372,
          25.01462
        ]
      },
      "properties": {
        "source_type": "直飲臺",
        "name": "北水處供水科",
        "address": "臺北市大安區長興街131號",
        "city": "臺北市",
        "district": "大安區",
        "managing_unit": "臺北自來水事業處",
        "maintenance_unit": "北水處供水科",
        "phone": "87335821",
        "open_time": "08:00~18:00",
        "location": "辦公室內",
        "status": "正常",
        "info_url": "https://gismobile.water.gov.taipei:8443/W/S.aspx?SD=t024",
        "photo_url": "https://gismobile.water.gov.taipei/WaterMap_drinkImg/t024.JPG"
      }
    },
    {
      "type": "Feature",
      "geometry": {
        "type": "Point",
        "coordinates": [
          121.567659,
          25.064631
        ]
      },
      "properties": {
        "source_type": "直飲臺",
        "name": "東區工務所",
        "address": "臺北市松山區民權東路5段41-1號",
        "city": "臺北市",
        "district": "松山區",
        "managing_unit": "臺北自來水事業處工程總隊",
        "maintenance_unit": "北水處總隊東區工務所",
        "phone": "83695175",
        "open_time": "08:30~17:30",
        "location": "2樓茶水間",
        "status": "正常",
        "info_url": "https://gismobile.water.gov.taipei:8443/W/S.aspx?SD=t026",
        "photo_url": "https://gismobile.water.gov.taipei/WaterMap_drinkImg/t026.JPG"
      }
    },
    {
      "type": "Feature",
      "geometry": {
        "type": "Point",
        "coordinates": [
          121.52104,
          25.05032
        ]
      },
      "properties": {
        "source_type": "直飲臺",
        "name": "北區營業分處",
        "address": "臺北市中山區長安西路3號2樓",
        "city": "臺北市",
        "district": "中山區",
        "managing_unit": "臺北自來水事業處",
        "maintenance_unit": "北水處北區分處",
        "phone": "21004100",
        "open_time": "08:30~17:30",
        "location": "服務台旁",
        "status": "正常",
        "info_url": "https://gismobile.water.gov.taipei:8443/W/S.aspx?SD=t027",
        "photo_url": "https://gismobile.water.gov.taipei/WaterMap_drinkImg/t027.JPG"
      }
    },
    {
      "type": "Feature",
      "geometry": {
        "type": "Point",
        "coordinates": [
          121.548567,
          25.01486
        ]
      },
      "properties": {
        "source_type": "直飲臺",
        "name": "北水處淨水大樓3樓",
        "address": "臺北市大安區長興街131號",
        "city": "臺北市",
        "district": "大安區",
        "managing_unit": "臺北自來水事業處",
        "maintenance_unit": "北水處水質科",
        "phone": "87335687",
        "open_time": "0:00~24:00",
        "location": "淨水大樓3樓",
        "status": "正常",
        "info_url": "https://gismobile.water.gov.taipei:8443/W/S.aspx?SD=t028a",
        "photo_url": "https://gismobile.water.gov.taipei/WaterMap_drinkImg/t028a.JPG"
      }
    },
    {
      "type": "Feature",
      "geometry": {
        "type": "Point",
        "coordinates": [
          121.548567,
          25.01486
        ]
      },
      "properties": {
        "source_type": "直飲臺",
        "name": "北水處淨水大樓3樓",
        "address": "臺北市大安區長興街131號",
        "city": "臺北市",
        "district": "大安區",
        "managing_unit": "臺北自來水事業處",
        "maintenance_unit": "北水處水質科",
        "phone": "87335687",
        "open_time": "0:00~24:00",
        "location": "淨水大樓3樓",
        "status": "正常",
        "info_url": "https://gismobile.water.gov.taipei:8443/W/S.aspx?SD=t028b",
        "photo_url": "https://gismobile.water.gov.taipei/WaterMap_drinkImg/t028b.JPG"
      }
    },
    {
      "type": "Feature",
      "geometry": {
        "type": "Point",
        "coordinates": [
          121.547806,
          25.014277
        ]
      },
      "properties": {
        "source_type": "直飲臺",
        "name": "北水處行政大樓",
        "address": "臺北市大安區長興街131號",
        "city": "臺北市",
        "district": "大安區",
        "managing_unit": "臺北自來水事業處",
        "maintenance_unit": "北水處總務科",
        "phone": "87335819",
        "open_time": "0:00~24:00",
        "location": "北水處行政大樓2F",
        "status": "正常",
        "info_url": "https://gismobile.water.gov.taipei:8443/W/S.aspx?SD=t029",
        "photo_url": "https://gismobile.water.gov.taipei/WaterMap_drinkImg/t029.JPG"
      }
    },
    {
      "type": "Feature",
      "geometry": {
        "type": "Point",
        "coordinates": [
          121.54796,
          25.014119
        ]
      },
      "properties": {
        "source_type": "直飲臺",
        "name": "北水處行政大樓",
        "address": "臺北市大安區長興街131號",
        "city": "臺北市",
        "district": "大安區",
        "managing_unit": "臺北自來水事業處",
        "maintenance_unit": "北水處總務科",
        "phone": "87335819",
        "open_time": "0:00~24:00",
        "location": "北水處行政大樓3F",
        "status": "正常",
        "info_url": "https://gismobile.water.gov.taipei:8443/W/S.aspx?SD=t030",
        "photo_url": "https://gismobile.water.gov.taipei/WaterMap_drinkImg/t030.JPG"
      }
    },
    {
      "type": "Feature",
      "geometry": {
        "type": "Point",
        "coordinates": [
          121.530654,
          25.013462
        ]
      },
      "properties": {
        "source_type": "直飲臺",
        "name": "南區營業分處",
        "address": "臺北市中正區思源路1號3樓",
        "city": "臺北市",
        "district": "中正區",
        "managing_unit": "臺北自來水事業處",
        "maintenance_unit": "北水處南區分處",
        "phone": "83695107",
        "open_time": "0:00~24:00",
        "location": "3F茶水間",
        "status": "正常",
        "info_url": "https://gismobile.water.gov.taipei:8443/W/S.aspx?SD=t031",
        "photo_url": "https://gismobile.water.gov.taipei/WaterMap_drinkImg/t031.JPG"
      }
    },
    {
      "type": "Feature",
      "geometry": {
        "type": "Point",
        "coordinates": [
          121.530561,
          25.013363
        ]
      },
      "properties": {
        "source_type": "直飲臺",
        "name": "自來水園區",
        "address": "臺北市中正區思源街1號",
        "city": "臺北市",
        "district": "中正區",
        "managing_unit": "臺北自來水事業處",
        "maintenance_unit": "展業科",
        "phone": "83695108",
        "open_time": "0:00~24:00",
        "location": "哺乳室",
        "status": "暫停",
        "info_url": "https://gismobile.water.gov.taipei:8443/W/S.aspx?SD=t032",
        "photo_url": "https://gismobile.water.gov.taipei/WaterMap_drinkImg/t032.JPG"
      }
    },
    {
      "type": "Feature",
      "geometry": {
        "type": "Point",
        "coordinates": [
          121.530275,
          25.012178
        ]
      },
      "properties": {
        "source_type": "直飲臺",
        "name": "自來水園區",
        "address": "臺北市中正區思源街1號",
        "city": "臺北市",
        "district": "中正區",
        "managing_unit": "臺北自來水事業處",
        "maintenance_unit": "展業科",
        "phone": "83695108",
        "open_time": "0:00~24:00",
        "location": "椰林小站",
        "status": "正常",
        "info_url": "https://gismobile.water.gov.taipei:8443/W/S.aspx?SD=t033",
        "photo_url": "https://gismobile.water.gov.taipei/WaterMap_drinkImg/t033.JPG"
      }
    },
    {
      "type": "Feature",
      "geometry": {
        "type": "Point",
        "coordinates": [
          121.549744,
          25.015979
        ]
      },
      "properties": {
        "source_type": "直飲臺",
        "name": "長興淨水場",
        "address": "臺北市大安區長興街131號",
        "city": "臺北市",
        "district": "大安區",
        "managing_unit": "臺北自來水事業處",
        "maintenance_unit": "北水處長興淨水場",
        "phone": "87335663",
        "open_time": "0:00~24:00",
        "location": "辦公室1樓",
        "status": "正常",
        "info_url": "https://gismobile.water.gov.taipei:8443/W/S.aspx?SD=t034",
        "photo_url": "https://gismobile.water.gov.taipei/WaterMap_drinkImg/t034.JPG"
      }
    },
    {
      "type": "Feature",
      "geometry": {
        "type": "Point",
        "coordinates": [
          121.549744,
          25.015979
        ]
      },
      "properties": {
        "source_type": "直飲臺",
        "name": "長興淨水場",
        "address": "臺北市大安區長興街131號",
        "city": "臺北市",
        "district": "大安區",
        "managing_unit": "臺北自來水事業處",
        "maintenance_unit": "北水處長興淨水場",
        "phone": "87335663",
        "open_time": "0:00~24:00",
        "location": "辦公室2樓",
        "status": "正常",
        "info_url": "https://gismobile.water.gov.taipei:8443/W/S.aspx?SD=t035",
        "photo_url": "https://gismobile.water.gov.taipei/WaterMap_drinkImg/t035.JPG"
      }
    },
    {
      "type": "Feature",
      "geometry": {
        "type": "Point",
        "coordinates": [
          121.516495,
          25.029734
        ]
      },
      "properties": {
        "source_type": "直飲臺",
        "name": "西區營業分處",
        "address": "臺北市中正區牯嶺街38號2樓",
        "city": "臺北市",
        "district": "中正區",
        "managing_unit": "臺北自來水事業處",
        "maintenance_unit": "北水處西區分處",
        "phone": "33431678#1696",
        "open_time": "08:30~17:30",
        "location": "2樓樓梯口",
        "status": "正常",
        "info_url": "https://gismobile.water.gov.taipei:8443/W/S.aspx?SD=t036",
        "photo_url": "https://gismobile.water.gov.taipei/WaterMap_drinkImg/t036.JPG"
      }
    },
    {
      "type": "Feature",
      "geometry": {
        "type": "Point",
        "coordinates": [
          121.516495,
          25.029734
        ]
      },
      "properties": {
        "source_type": "直飲臺",
        "name": "西區營業分處",
        "address": "臺北市中正區牯嶺街38號3樓",
        "city": "臺北市",
        "district": "中正區",
        "managing_unit": "臺北自來水事業處",
        "maintenance_unit": "北水處西區分處",
        "phone": "33431678#1696",
        "open_time": "08:30~17:30",
        "location": "3樓樓梯口",
        "status": "正常",
        "info_url": "https://gismobile.water.gov.taipei:8443/W/S.aspx?SD=t037",
        "photo_url": "https://gismobile.water.gov.taipei/WaterMap_drinkImg/t037.JPG"
      }
    },
    {
      "type": "Feature",
      "geometry": {
        "type": "Point",
        "coordinates": [
          121.516495,
          25.029734
        ]
      },
      "properties": {
        "source_type": "直飲臺",
        "name": "西區營業分處",
        "address": "臺北市中正區牯嶺街38號5樓",
        "city": "臺北市",
        "district": "中正區",
        "managing_unit": "臺北自來水事業處",
        "maintenance_unit": "北水處西區分處",
        "phone": "33431678#1696",
        "open_time": "08:30~17:30",
        "location": "5樓樓梯口",
        "status": "正常",
        "info_url": "https://gismobile.water.gov.taipei:8443/W/S.aspx?SD=t038",
        "photo_url": "https://gismobile.water.gov.taipei/WaterMap_drinkImg/t038.JPG"
      }
    },
    {
      "type": "Feature",
      "geometry": {
        "type": "Point",
        "coordinates": [
          121.516495,
          25.029734
        ]
      },
      "properties": {
        "source_type": "直飲臺",
        "name": "西區營業分處",
        "address": "臺北市中正區牯嶺街38號7樓",
        "city": "臺北市",
        "district": "中正區",
        "managing_unit": "臺北自來水事業處",
        "maintenance_unit": "北水處西區分處",
        "phone": "33431678#1696",
        "open_time": "08:30~17:30",
        "location": "7樓樓梯口",
        "status": "正常",
        "info_url": "https://gismobile.water.gov.taipei:8443/W/S.aspx?SD=t039",
        "photo_url": "https://gismobile.water.gov.taipei/WaterMap_drinkImg/t039.JPG"
      }
    }
  ]
}