{
  "type": "FeatureCollection",
  "features": [
    {
      "type": "Feature",
      "geometry": {
        "type": "Point",
        "coordinates": [
          121.5508081,
          25.0448506
        ]
      },
      "properties": {
        "restid": "5817",
        "name": "一品活蝦 市民店",
        "address": "臺北市松山區市民大道四段145號",
        "phone": "02-25776662#",
        "city": "臺北市",
        "district": "松山區"
      }
    },
    {
      "type": "Feature",
      "geometry": {
        "type": "Point",
        "coordinates": [
          121.5695215,
          25.0411985
        ]
      },
      "properties": {
        "restid": "5816",
        "name": "一品活蝦市府店",
        "address": "臺北市信義區忠孝東路五段195號",
        "phone": "02-27560028#",
        "city": "臺北市",
        "district": "信義區"
      }
    },
    {
      "type": "Feature",
      "geometry": {
        "type": "Point",
        "coordinates": [
          121.5679505,
          25.0367556
        ]
      },
      "properties": {
        "restid": "5790",
        "name": "瓦城泰國料理板橋遠百店",
        "address": "新北市板橋區中山路一段152號13樓",
        "phone": "02-29589133#",
        "city": "新北市",
        "district": "板橋區"
      }
    },
    {
      "type": "Feature",
      "geometry": {
        "type": "Point",
        "coordinates": [
          121.483954,
          25.159494
        ]
      },
      "properties": {
        "restid": "5789",
        "name": "北投國華高爾夫俱樂部餐廳",
        "address": "新北市淡水區坪頂里小坪頂23-1號",
        "phone": "02-86261281#",
        "city": "新北市",
        "district": "淡水區"
      }
    },
    {
      "type": "Feature",
      "geometry": {
        "type": "Point",
        "coordinates": [
          121.5679505,
          25.0367556
        ]
      },
      "properties": {
        "restid": "5788",
        "name": "四川吳抄手",
        "address": "臺北市信義區松仁路58號四樓402櫃位",
        "phone": "02-87862426#",
        "city": "臺北市",
        "district": "信義區"
      }
    },
    {
      "type": "Feature",
      "geometry": {
        "type": "Point",
        "coordinates": [
          121.5677823,
          25.0368519
        ]
      },
      "properties": {
        "restid": "5639",
        "name": "長浜魚屋",
        "address": "臺北市信義區松仁路58號B3",
        "phone": "-#",
        "city": "臺北市",
        "district": "信義區"
      }
    },
    {
      "type": "Feature",
      "geometry": {
        "type": "Point",
        "coordinates": [
          121.5677823,
          25.0368519
        ]
      },
      "properties": {
        "restid": "5638",
        "name": "季樂A13",
        "address": "臺北市信義區松仁路58號B3",
        "phone": "02-27588268#",
        "city": "臺北市",
        "district": "信義區"
      }
    },
    {
      "type": "Feature",
      "geometry": {
        "type": "Point",
        "coordinates": [
          121.4483639,
          24.9912453
        ]
      },
      "properties": {
        "restid": "5635",
        "name": "海霸王餐廳股份有限公司海山分公司",
        "address": "新北市土城區中央路一段22號",
        "phone": "02-22664835#",
        "city": "新北市",
        "district": "土城區"
      }
    },
    {
      "type": "Feature",
      "geometry": {
        "type": "Point",
        "coordinates": [
          121.5568772,
          25.0394481
        ]
      },
      "properties": {
        "restid": "5631",
        "name": "sugar miss",
        "address": "臺北市大安區光復南路290巷4號1 樓",
        "phone": "02-27715320#",
        "city": "臺北市",
        "district": "大安區"
      }
    },
    {
      "type": "Feature",
      "geometry": {
        "type": "Point",
        "coordinates": [
          121.5488112,
          25.1001805
        ]
      },
      "properties": {
        "restid": "5420",
        "name": "故宮晶華",
        "address": "臺北市士林區至善路二段221號",
        "phone": "02-28829393#",
        "city": "臺北市",
        "district": "士林區"
      }
    },
    {
      "type": "Feature",
      "geometry": {
        "type": "Point",
        "coordinates": [
          121.4214111,
          24.966259
        ]
      },
      "properties": {
        "restid": "5415",
        "name": "鴻海精密虎躍廠員工餐廳",
        "address": "新北市土城區自由街2號",
        "phone": "02-22683466#501011040",
        "city": "新北市",
        "district": "土城區"
      }
    },
    {
      "type": "Feature",
      "geometry": {
        "type": "Point",
        "coordinates": [
          121.5595066,
          25.0424367
        ]
      },
      "properties": {
        "restid": "5414",
        "name": "掌門精釀啤酒餐廳大巨蛋店",
        "address": "臺北市信義區忠孝東路四段515號",
        "phone": "02-23223066#",
        "city": "臺北市",
        "district": "信義區"
      }
    },
    {
      "type": "Feature",
      "geometry": {
        "type": "Point",
        "coordinates": [
          121.5007623,
          25.0307602
        ]
      },
      "properties": {
        "restid": "5263",
        "name": "董月花早餐店",
        "address": "臺北市萬華區萬大路67號",
        "phone": "02-23087999#",
        "city": "臺北市",
        "district": "萬華區"
      }
    },
    {
      "type": "Feature",
      "geometry": {
        "type": "Point",
        "coordinates": [
          121.5595066,
          25.0424367
        ]
      },
      "properties": {
        "restid": "5148",
        "name": "湊湊火鍋•茶憩",
        "address": "臺北市信義區忠孝東路四段515號",
        "phone": "02-27566986#",
        "city": "臺北市",
        "district": "信義區"
      }
    },
    {
      "type": "Feature",
      "geometry": {
        "type": "Point",
        "coordinates": [
          121.5689714,
          25.0414615
        ]
      },
      "properties": {
        "restid": "5118",
        "name": "上樓看看 咖啡",
        "address": "臺北市信義區忠孝東路五段165巷3弄6號",
        "phone": "02-87871782#",
        "city": "臺北市",
        "district": "信義區"
      }
    },
    {
      "type": "Feature",
      "geometry": {
        "type": "Point",
        "coordinates": [
          121.5469968,
          25.044862
        ]
      },
      "properties": {
        "restid": "5116",
        "name": "技固帕串燒酒家 CHIKUPA Izakaya",
        "address": "臺北市大安區市民大道四段66號",
        "phone": "02-27419335#",
        "city": "臺北市",
        "district": "大安區"
      }
    },
    {
      "type": "Feature",
      "geometry": {
        "type": "Point",
        "coordinates": [
          121.554754,
          25.042747
        ]
      },
      "properties": {
        "restid": "5103",
        "name": "Pan House Wine & Bistro",
        "address": "臺北市大安區延吉街131巷9號",
        "phone": "02-27312465#",
        "city": "臺北市",
        "district": "大安區"
      }
    },
    {
      "type": "Feature",
      "geometry": {
        "type": "Point",
        "coordinates": [
          121.5711666,
          25.077819
        ]
      },
      "properties": {
        "restid": "5102",
        "name": "內湖光寶大樓員工餐廳",
        "address": "臺北市內湖區瑞光路392號",
        "phone": "02-87982888#6934",
        "city": "臺北市",
        "district": "內湖區"
      }
    },
    {
      "type": "Feature",
      "geometry": {
        "type": "Point",
        "coordinates": [
          121.5578467,
          25.0309146
        ]
      },
      "properties": {
        "restid": "5099",
        "name": "放 Fun Dining串燒酒肴",
        "address": "臺北市信義區嘉興街70-3號1樓",
        "phone": "02-27201500#",
        "city": "臺北市",
        "district": "信義區"
      }
    },
    {
      "type": "Feature",
      "geometry": {
        "type": "Point",
        "coordinates": [
          121.5529,
          25.0436068
        ]
      },
      "properties": {
        "restid": "5095",
        "name": "DEC Taipei",
        "address": "臺北市大安區忠孝東路4段223巷63號",
        "phone": "-#",
        "city": "臺北市",
        "district": "大安區"
      }
    },
    {
      "type": "Feature",
      "geometry": {
        "type": "Point",
        "coordinates": [
          121.5541651,
          25.0402281
        ]
      },
      "properties": {
        "restid": "5093",
        "name": "十八居酒棧",
        "address": "臺北市大安區忠孝東路四段248巷17號",
        "phone": "-#",
        "city": "臺北市",
        "district": "大安區"
      }
    },
    {
      "type": "Feature",
      "geometry": {
        "type": "Point",
        "coordinates": [
          121.52565,
          25.0401193
        ]
      },
      "properties": {
        "restid": "5020",
        "name": "Rodeo",
        "address": "臺北市中正區杭州南路一段12號",
        "phone": "02-23933608#",
        "city": "臺北市",
        "district": "中正區"
      }
    },
    {
      "type": "Feature",
      "geometry": {
        "type": "Point",
        "coordinates": [
          121.4775087,
          25.0324074
        ]
      },
      "properties": {
        "restid": "4925",
        "name": "沙巴家 新北板橋店",
        "address": "新北市板橋區懷德街65號",
        "phone": "-#",
        "city": "新北市",
        "district": "板橋區"
      }
    },
    {
      "type": "Feature",
      "geometry": {
        "type": "Point",
        "coordinates": [
          121.6072597,
          25.0528955
        ]
      },
      "properties": {
        "restid": "4923",
        "name": "好滴咖啡",
        "address": "臺北市南港區忠孝東路七段371號B棟B1",
        "phone": "02-27648181#",
        "city": "臺北市",
        "district": "南港區"
      }
    },
    {
      "type": "Feature",
      "geometry": {
        "type": "Point",
        "coordinates": [
          121.6072597,
          25.0528955
        ]
      },
      "properties": {
        "restid": "4911",
        "name": "星馬快餐 台北南港環球百貨門市",
        "address": "臺北市南港區忠孝東路七段371號B1櫃位B116",
        "phone": "-#",
        "city": "臺北市",
        "district": "南港區"
      }
    },
    {
      "type": "Feature",
      "geometry": {
        "type": "Point",
        "coordinates": [
          121.44494,
          25.046919
        ]
      },
      "properties": {
        "restid": "4910",
        "name": "星馬快餐 新北新莊門市",
        "address": "新北市新莊區中平路138號1F",
        "phone": "-#",
        "city": "新北市",
        "district": "新莊區"
      }
    },
    {
      "type": "Feature",
      "geometry": {
        "type": "Point",
        "coordinates": [
          121.5455449,
          25.0437425
        ]
      },
      "properties": {
        "restid": "4909",
        "name": "星馬快餐台北大安店",
        "address": "臺北市大安區復興南路一段107巷25號1F",
        "phone": "-#",
        "city": "臺北市",
        "district": "大安區"
      }
    },
    {
      "type": "Feature",
      "geometry": {
        "type": "Point",
        "coordinates": [
          121.5397518,
          25.0173405
        ]
      },
      "properties": {
        "restid": "4869",
        "name": "Drink store水雲朵臺灣大學店",
        "address": "臺北市大安區羅斯福路4段1號（台大第一學生活動中心餐廳）",
        "phone": "02-23661686#",
        "city": "臺北市",
        "district": "大安區"
      }
    },
    {
      "type": "Feature",
      "geometry": {
        "type": "Point",
        "coordinates": [
          121.5428657,
          25.0138401
        ]
      },
      "properties": {
        "restid": "4868",
        "name": "天津蔥抓餅",
        "address": "臺北市大安區基隆路四段43號B1",
        "phone": "02-27382936#",
        "city": "臺北市",
        "district": "大安區"
      }
    },
    {
      "type": "Feature",
      "geometry": {
        "type": "Point",
        "coordinates": [
          121.5428657,
          25.0138401
        ]
      },
      "properties": {
        "restid": "4867",
        "name": "雞同鴨講",
        "address": "臺北市大安區基隆路四段43號B1",
        "phone": "02-27382936#",
        "city": "臺北市",
        "district": "大安區"
      }
    },
    {
      "type": "Feature",
      "geometry": {
        "type": "Point",
        "coordinates": [
          121.5428657,
          25.0138401
        ]
      },
      "properties": {
        "restid": "4865",
        "name": "茶覺",
        "address": "臺北市大安區基隆路四段43號B1",
        "phone": "02-27382936#",
        "city": "臺北市",
        "district": "大安區"
      }
    },
    {
      "type": "Feature",
      "geometry": {
        "type": "Point",
        "coordinates": [
          121.5428657,
          25.0138401
        ]
      },
      "properties": {
        "restid": "4862",
        "name": "京都日式料理",
        "address": "臺北市大安區基隆路四段43號B1",
        "phone": "02-27382936#",
        "city": "臺北市",
        "district": "大安區"
      }
    },
    {
      "type": "Feature",
      "geometry": {
        "type": "Point",
        "coordinates": [
          121.5428657,
          25.0138401
        ]
      },
      "properties": {
        "restid": "4860",
        "name": "八方雲集台科大店",
        "address": "臺北市大安區基隆路四段43號B1",
        "phone": "02-27382936#",
        "city": "臺北市",
        "district": "大安區"
      }
    },
    {
      "type": "Feature",
      "geometry": {
        "type": "Point",
        "coordinates": [
          121.5245435,
          25.0219509
        ]
      },
      "properties": {
        "restid": "4859",
        "name": "Supreme beans coffee Taipei",
        "address": "臺北市中正區汀州路二段293號1樓",
        "phone": "02-23678745#",
        "city": "臺北市",
        "district": "中正區"
      }
    },
    {
      "type": "Feature",
      "geometry": {
        "type": "Point",
        "coordinates": [
          121.5326358,
          25.0157178
        ]
      },
      "properties": {
        "restid": "4858",
        "name": "重順川菜餐廳",
        "address": "臺北市中正區羅斯福路三段316巷8弄3-2號",
        "phone": "02-23684549#",
        "city": "臺北市",
        "district": "中正區"
      }
    },
    {
      "type": "Feature",
      "geometry": {
        "type": "Point",
        "coordinates": [
          121.5427043,
          25.0128577
        ]
      },
      "properties": {
        "restid": "4843",
        "name": "御便當",
        "address": "臺北市大安區基隆路四段43號",
        "phone": "02-27382936#",
        "city": "臺北市",
        "district": "大安區"
      }
    },
    {
      "type": "Feature",
      "geometry": {
        "type": "Point",
        "coordinates": [
          121.5427043,
          25.0128577
        ]
      },
      "properties": {
        "restid": "4842",
        "name": "高麗元韓式料理",
        "address": "臺北市大安區基隆路四段43號",
        "phone": "02-27382936#",
        "city": "臺北市",
        "district": "大安區"
      }
    },
    {
      "type": "Feature",
      "geometry": {
        "type": "Point",
        "coordinates": [
          121.5427043,
          25.0128577
        ]
      },
      "properties": {
        "restid": "4840",
        "name": "七樂燒臘",
        "address": "臺北市大安區基隆路四段43號",
        "phone": "02-27382936#",
        "city": "臺北市",
        "district": "大安區"
      }
    },
    {
      "type": "Feature",
      "geometry": {
        "type": "Point",
        "coordinates": [
          121.5355257,
          25.0129102
        ]
      },
      "properties": {
        "restid": "4839",
        "name": "黑丸關東煮",
        "address": "臺北市中正區羅斯福路四段136巷1弄7號",
        "phone": "-#",
        "city": "臺北市",
        "district": "中正區"
      }
    },
    {
      "type": "Feature",
      "geometry": {
        "type": "Point",
        "coordinates": [
          121.5354822,
          25.0126133
        ]
      },
      "properties": {
        "restid": "4837",
        "name": "白帝城川式滷味",
        "address": "臺北市中正區羅斯福路四段136巷8號",
        "phone": "-#",
        "city": "臺北市",
        "district": "中正區"
      }
    },
    {
      "type": "Feature",
      "geometry": {
        "type": "Point",
        "coordinates": [
          121.564101,
          25.0334929
        ]
      },
      "properties": {
        "restid": "4802",
        "name": "TWG Tea",
        "address": "臺北市信義區市府路45號5樓",
        "phone": "02-87891837#",
        "city": "臺北市",
        "district": "信義區"
      }
    },
    {
      "type": "Feature",
      "geometry": {
        "type": "Point",
        "coordinates": [
          121.5643085,
          25.0338492
        ]
      },
      "properties": {
        "restid": "4801",
        "name": "凱林鐵板燒台北101店",
        "address": "臺北市信義區市府路45號B1樓",
        "phone": "02-81018285#",
        "city": "臺北市",
        "district": "信義區"
      }
    },
    {
      "type": "Feature",
      "geometry": {
        "type": "Point",
        "coordinates": [
          121.42302122,
          25.04329274
        ]
      },
      "properties": {
        "restid": "4689",
        "name": "明志科技大學學生餐廳",
        "address": "新北市泰山區工專路84號",
        "phone": "02-29083309#",
        "city": "新北市",
        "district": "泰山區"
      }
    },
    {
      "type": "Feature",
      "geometry": {
        "type": "Point",
        "coordinates": [
          121.5358449,
          25.0122635
        ]
      },
      "properties": {
        "restid": "4645",
        "name": "咖啡休日 Day off. - 手沖咖啡專門店",
        "address": "臺北市中正區羅斯福路四段136巷6弄23號",
        "phone": "02-23689841#",
        "city": "臺北市",
        "district": "中正區"
      }
    },
    {
      "type": "Feature",
      "geometry": {
        "type": "Point",
        "coordinates": [
          121.5334094,
          25.0138878
        ]
      },
      "properties": {
        "restid": "4644",
        "name": "京阪豚骨拉麵",
        "address": "臺北市中正區汀州路三段104巷9號",
        "phone": "02-23640605#",
        "city": "臺北市",
        "district": "中正區"
      }
    },
    {
      "type": "Feature",
      "geometry": {
        "type": "Point",
        "coordinates": [
          121.5764728,
          25.0716583
        ]
      },
      "properties": {
        "restid": "4641",
        "name": "普橘島",
        "address": "臺北市內湖區瑞湖街111號",
        "phone": "02-26588866#1485",
        "city": "臺北市",
        "district": "內湖區"
      }
    },
    {
      "type": "Feature",
      "geometry": {
        "type": "Point",
        "coordinates": [
          121.8205249,
          25.1342685
        ]
      },
      "properties": {
        "restid": "4440",
        "name": "友信海鮮餐廳",
        "address": "新北市瑞芳區深澳路189之7號",
        "phone": "02-24977777#",
        "city": "新北市",
        "district": "瑞芳區"
      }
    },
    {
      "type": "Feature",
      "geometry": {
        "type": "Point",
        "coordinates": [
          121.5659555,
          25.0343073
        ]
      },
      "properties": {
        "restid": "3962",
        "name": "海底撈火鍋",
        "address": "臺北市信義區松智路17號2B",
        "phone": "02-87801855#",
        "city": "臺北市",
        "district": "信義區"
      }
    },
    {
      "type": "Feature",
      "geometry": {
        "type": "Point",
        "coordinates": [
          121.5232167,
          25.0553814
        ]
      },
      "properties": {
        "restid": "3917",
        "name": "彰化商業銀行員工餐廳",
        "address": "臺北市中山區中山北路二段57號13樓",
        "phone": "-#",
        "city": "臺北市",
        "district": "中山區"
      }
    },
    {
      "type": "Feature",
      "geometry": {
        "type": "Point",
        "coordinates": [
          121.4129442,
          25.0223036
        ]
      },
      "properties": {
        "restid": "3781",
        "name": "米炭火燒肉小酒館 迴龍店",
        "address": "新北市新莊區新北市新莊區中正路891-17號",
        "phone": "02-29088787",
        "city": "新北市",
        "district": "新莊區"
      }
    },
    {
      "type": "Feature",
      "geometry": {
        "type": "Point",
        "coordinates": [
          121.5570625,
          25.0822446
        ]
      },
      "properties": {
        "restid": "3759",
        "name": "黑毛屋大直忠泰店",
        "address": "臺北市中正區樂群三路200號5樓",
        "phone": "02-85025991#",
        "city": "臺北市",
        "district": "中正區"
      }
    },
    {
      "type": "Feature",
      "geometry": {
        "type": "Point",
        "coordinates": [
          121.5570625,
          25.0822446
        ]
      },
      "properties": {
        "restid": "3755",
        "name": "老乾杯大直忠泰店",
        "address": "臺北市中山區樂群三路200號5樓",
        "phone": "02-85025551#",
        "city": "臺北市",
        "district": "中山區"
      }
    },
    {
      "type": "Feature",
      "geometry": {
        "type": "Point",
        "coordinates": [
          121.5653962,
          25.0408461
        ]
      },
      "properties": {
        "restid": "3751",
        "name": "博多天麩羅山海",
        "address": "臺北市信義區忠孝東路五段8號B2",
        "phone": "02-27231885#",
        "city": "臺北市",
        "district": "信義區"
      }
    },
    {
      "type": "Feature",
      "geometry": {
        "type": "Point",
        "coordinates": [
          121.4237188,
          25.0234582
        ]
      },
      "properties": {
        "restid": "3684",
        "name": "頑童茶館",
        "address": "新北市新莊區四維路97巷16號1樓",
        "phone": "02-82015788#",
        "city": "新北市",
        "district": "新莊區"
      }
    },
    {
      "type": "Feature",
      "geometry": {
        "type": "Point",
        "coordinates": [
          121.5580267,
          25.045903
        ]
      },
      "properties": {
        "restid": "3682",
        "name": "Coming Bistro",
        "address": "臺北市松山區光復南路55號1樓",
        "phone": "02-27479225#",
        "city": "臺北市",
        "district": "松山區"
      }
    },
    {
      "type": "Feature",
      "geometry": {
        "type": "Point",
        "coordinates": [
          121.5269515,
          25.050578
        ]
      },
      "properties": {
        "restid": "3681",
        "name": "九湯屋日本拉麵(台北南京店)",
        "address": "臺北市中山區南京東路一段132巷33號",
        "phone": "02-25813100#",
        "city": "臺北市",
        "district": "中山區"
      }
    },
    {
      "type": "Feature",
      "geometry": {
        "type": "Point",
        "coordinates": [
          121.4938367,
          25.0666573
        ]
      },
      "properties": {
        "restid": "3680",
        "name": "大吃一斤活蝦餐廳",
        "address": "新北市三重區自強路一段222號",
        "phone": "-#",
        "city": "新北市",
        "district": "三重區"
      }
    },
    {
      "type": "Feature",
      "geometry": {
        "type": "Point",
        "coordinates": [
          121.5630504,
          25.0426146
        ]
      },
      "properties": {
        "restid": "3679",
        "name": "鳥作洋食",
        "address": "臺北市信義區忠孝東路四段553巷16弄2號1樓",
        "phone": "02-27567966#",
        "city": "臺北市",
        "district": "信義區"
      }
    },
    {
      "type": "Feature",
      "geometry": {
        "type": "Point",
        "coordinates": [
          121.4288653,
          25.0210285
        ]
      },
      "properties": {
        "restid": "3675",
        "name": "紫緹麵食館",
        "address": "新北市新莊區民安東路37號",
        "phone": "02-22029635#",
        "city": "新北市",
        "district": "新莊區"
      }
    },
    {
      "type": "Feature",
      "geometry": {
        "type": "Point",
        "coordinates": [
          121.5650865,
          25.0500353
        ]
      },
      "properties": {
        "restid": "3528",
        "name": "咖食堂",
        "address": "臺北市中正區八德路1段82巷9弄13號",
        "phone": "02-23965252#",
        "city": "臺北市",
        "district": "中正區"
      }
    },
    {
      "type": "Feature",
      "geometry": {
        "type": "Point",
        "coordinates": [
          121.5448587,
          25.0502905
        ]
      },
      "properties": {
        "restid": "3436",
        "name": "發肉燒肉餐酒(敦化本店)",
        "address": "臺北市松山區敦化北路4巷56號",
        "phone": "02-27113331#",
        "city": "臺北市",
        "district": "松山區"
      }
    },
    {
      "type": "Feature",
      "geometry": {
        "type": "Point",
        "coordinates": [
          121.5453353,
          25.0395577
        ]
      },
      "properties": {
        "restid": "3435",
        "name": "立馬吃一鍋。有機水產火鍋專賣",
        "address": "臺北市大安區仁愛路四段27巷9號B1",
        "phone": "02-27417668#",
        "city": "臺北市",
        "district": "大安區"
      }
    },
    {
      "type": "Feature",
      "geometry": {
        "type": "Point",
        "coordinates": [
          121.5289148,
          25.0285574
        ]
      },
      "properties": {
        "restid": "3434",
        "name": "Bea's Bistro 美式餐館",
        "address": "臺北市大安區潮州街133號",
        "phone": "02-23918827#",
        "city": "臺北市",
        "district": "大安區"
      }
    },
    {
      "type": "Feature",
      "geometry": {
        "type": "Point",
        "coordinates": [
          121.4274724,
          24.9902473
        ]
      },
      "properties": {
        "restid": "3433",
        "name": "豬豬的拉麵屋",
        "address": "新北市板橋區溪北路41號1樓",
        "phone": "-#",
        "city": "新北市",
        "district": "板橋區"
      }
    },
    {
      "type": "Feature",
      "geometry": {
        "type": "Point",
        "coordinates": [
          121.5432347,
          25.0240436
        ]
      },
      "properties": {
        "restid": "3432",
        "name": "6：35 Brunch & Dinner(大安旗艦店)",
        "address": "臺北市大安區復興南路二段288號",
        "phone": "02-23770100#",
        "city": "臺北市",
        "district": "大安區"
      }
    },
    {
      "type": "Feature",
      "geometry": {
        "type": "Point",
        "coordinates": [
          121.5426486,
          25.0224472
        ]
      },
      "properties": {
        "restid": "3429",
        "name": "永和樓中華料理店",
        "address": "臺北市大安區和平東路二段118巷52弄3號",
        "phone": "02-23772077#",
        "city": "臺北市",
        "district": "大安區"
      }
    },
    {
      "type": "Feature",
      "geometry": {
        "type": "Point",
        "coordinates": [
          121.5534984,
          25.0426381
        ]
      },
      "properties": {
        "restid": "3427",
        "name": "真飽餐盒",
        "address": "臺北市大安區延吉街70巷6弄3號",
        "phone": "02-27720506#",
        "city": "臺北市",
        "district": "大安區"
      }
    },
    {
      "type": "Feature",
      "geometry": {
        "type": "Point",
        "coordinates": [
          121.50585277,
          25.03787064
        ]
      },
      "properties": {
        "restid": "3134",
        "name": "爭鮮迴轉壽司",
        "address": "臺北市萬華區台北市萬華區桂林路1號1樓",
        "phone": "02-23812806",
        "city": "臺北市",
        "district": "萬華區"
      }
    },
    {
      "type": "Feature",
      "geometry": {
        "type": "Point",
        "coordinates": [
          121.5058378,
          25.03792027
        ]
      },
      "properties": {
        "restid": "3126",
        "name": "海底撈",
        "address": "臺北市萬華區台北市萬華區桂林路1號4樓",
        "phone": "02-23146868",
        "city": "臺北市",
        "district": "萬華區"
      }
    },
    {
      "type": "Feature",
      "geometry": {
        "type": "Point",
        "coordinates": [
          121.50586999,
          25.03794943
        ]
      },
      "properties": {
        "restid": "3114",
        "name": "星巴克",
        "address": "臺北市萬華區台北市萬華區桂林路1號",
        "phone": "02-23616931",
        "city": "臺北市",
        "district": "萬華區"
      }
    },
    {
      "type": "Feature",
      "geometry": {
        "type": "Point",
        "coordinates": [
          121.50585926,
          25.03794943
        ]
      },
      "properties": {
        "restid": "3101",
        "name": "炸雞大獅",
        "address": "臺北市萬華區台北市萬華區桂林路1號",
        "phone": "02-23813607",
        "city": "臺北市",
        "district": "萬華區"
      }
    },
    {
      "type": "Feature",
      "geometry": {
        "type": "Point",
        "coordinates": [
          121.54605237,
          25.04757916
        ]
      },
      "properties": {
        "restid": "2305",
        "name": "PAI CAFÉ & LIFE",
        "address": "臺北市松山區八德路二段366巷11號",
        "phone": "-#",
        "city": "臺北市",
        "district": "松山區"
      }
    },
    {
      "type": "Feature",
      "geometry": {
        "type": "Point",
        "coordinates": [
          121.5347223,
          25.05927894
        ]
      },
      "properties": {
        "restid": "2299",
        "name": "PAI Coffee",
        "address": "臺北市中山區民生東路二段147巷6弄1號",
        "phone": "02-25179787#",
        "city": "臺北市",
        "district": "中山區"
      }
    },
    {
      "type": "Feature",
      "geometry": {
        "type": "Point",
        "coordinates": [
          121.53387122,
          25.02349946
        ]
      },
      "properties": {
        "restid": "2064",
        "name": "風尚咖啡廳",
        "address": "臺北市大安區新生南路3段30號B1",
        "phone": "02-88122323#2021",
        "city": "臺北市",
        "district": "大安區"
      }
    },
    {
      "type": "Feature",
      "geometry": {
        "type": "Point",
        "coordinates": [
          121.606437,
          25.0527451
        ]
      },
      "properties": {
        "restid": "1829",
        "name": "靜岡勝政豬排 南港環球店",
        "address": "臺北市南港區忠孝東路七段371號B1",
        "phone": "02-27865589#",
        "city": "臺北市",
        "district": "南港區"
      }
    },
    {
      "type": "Feature",
      "geometry": {
        "type": "Point",
        "coordinates": [
          121.606437,
          25.0527451
        ]
      },
      "properties": {
        "restid": "1828",
        "name": "朱記餡餅粥店",
        "address": "臺北市南港區忠孝東路七段371號B1",
        "phone": "02-26510264#",
        "city": "臺北市",
        "district": "南港區"
      }
    },
    {
      "type": "Feature",
      "geometry": {
        "type": "Point",
        "coordinates": [
          121.456703,
          25.16156839
        ]
      },
      "properties": {
        "restid": "1646",
        "name": "閑恬Mydeli手作美味坊",
        "address": "新北市淡水區坪頂路22號",
        "phone": "02-86263159#",
        "city": "新北市",
        "district": "淡水區"
      }
    },
    {
      "type": "Feature",
      "geometry": {
        "type": "Point",
        "coordinates": [
          121.63004427,
          25.0629986
        ]
      },
      "properties": {
        "restid": "1627",
        "name": "食家安飲食文化股份有限公司",
        "address": "新北市汐止區福德一路328巷1號",
        "phone": "02-27925757#",
        "city": "新北市",
        "district": "汐止區"
      }
    },
    {
      "type": "Feature",
      "geometry": {
        "type": "Point",
        "coordinates": [
          121.4616265,
          25.01075113
        ]
      },
      "properties": {
        "restid": "1619",
        "name": "麵食主義 Kirin pasta新板店",
        "address": "新北市板橋區縣民大道1段310號",
        "phone": "02-29643968#",
        "city": "新北市",
        "district": "板橋區"
      }
    },
    {
      "type": "Feature",
      "geometry": {
        "type": "Point",
        "coordinates": [
          121.5454299,
          25.05751728
        ]
      },
      "properties": {
        "restid": "1585",
        "name": "杭州小籠湯包-民生店",
        "address": "臺北市松山區民生東路三段118號",
        "phone": "02-66130666#",
        "city": "臺北市",
        "district": "松山區"
      }
    },
    {
      "type": "Feature",
      "geometry": {
        "type": "Point",
        "coordinates": [
          121.5315196,
          25.01823751
        ]
      },
      "properties": {
        "restid": "1577",
        "name": "秘徑小食光",
        "address": "臺北市大安區羅斯福路三段283巷3號",
        "phone": "02-33651995#",
        "city": "臺北市",
        "district": "大安區"
      }
    },
    {
      "type": "Feature",
      "geometry": {
        "type": "Point",
        "coordinates": [
          121.57010767,
          25.04265879
        ]
      },
      "properties": {
        "restid": "1576",
        "name": "蔬漫小姐Miss Shumaan.house",
        "address": "臺北市信義區永吉路120巷82號1F",
        "phone": "02-27662386#",
        "city": "臺北市",
        "district": "信義區"
      }
    },
    {
      "type": "Feature",
      "geometry": {
        "type": "Point",
        "coordinates": [
          121.363547,
          25.071241
        ]
      },
      "properties": {
        "restid": "1379",
        "name": "藏壽司 林口三井Outlet店",
        "address": "新北市林口區文化三路一段356號B1",
        "phone": "02-26069852#",
        "city": "新北市",
        "district": "林口區"
      }
    },
    {
      "type": "Feature",
      "geometry": {
        "type": "Point",
        "coordinates": [
          121.532636,
          25.05224
        ]
      },
      "properties": {
        "restid": "1376",
        "name": "藏壽司 松江南京店",
        "address": "臺北市中山區南京東路二段101號B1",
        "phone": "02-25681519#",
        "city": "臺北市",
        "district": "中山區"
      }
    },
    {
      "type": "Feature",
      "geometry": {
        "type": "Point",
        "coordinates": [
          121.4675853,
          25.01373563
        ]
      },
      "properties": {
        "restid": "1198",
        "name": "板大八番小雞",
        "address": "新北市板橋區新站路28號",
        "phone": "02-77054168#",
        "city": "新北市",
        "district": "板橋區"
      }
    },
    {
      "type": "Feature",
      "geometry": {
        "type": "Point",
        "coordinates": [
          121.6395118,
          25.03352299
        ]
      },
      "properties": {
        "restid": "1197",
        "name": "天然茶莊",
        "address": "新北市汐止區汐碇路380巷30號",
        "phone": "02-26603762#",
        "city": "新北市",
        "district": "汐止區"
      }
    },
    {
      "type": "Feature",
      "geometry": {
        "type": "Point",
        "coordinates": [
          121.543057,
          25.041212
        ]
      },
      "properties": {
        "restid": "623",
        "name": "凱林鐵板燒",
        "address": "臺北市大安區忠孝東路三段300號B2",
        "phone": "02-87728551#",
        "city": "臺北市",
        "district": "大安區"
      }
    },
    {
      "type": "Feature",
      "geometry": {
        "type": "Point",
        "coordinates": [
          121.4564032,
          24.9992921
        ]
      },
      "properties": {
        "restid": "5921",
        "name": "藏壽司 板橋遠科店",
        "address": "新北市板橋區遠東路62之3號",
        "phone": "02-29640432",
        "city": "新北市",
        "district": "板橋區"
      }
    },
    {
      "type": "Feature",
      "geometry": {
        "type": "Point",
        "coordinates": [
          121.543552,
          25.0423811
        ]
      },
      "properties": {
        "restid": "5850",
        "name": "RizzBar Taipei",
        "address": "臺北市大安區復興南路一段150號",
        "phone": "02-27765606#",
        "city": "臺北市",
        "district": "大安區"
      }
    },
    {
      "type": "Feature",
      "geometry": {
        "type": "Point",
        "coordinates": [
          121.5681308,
          25.0367179
        ]
      },
      "properties": {
        "restid": "5688",
        "name": "鼎泰豐A13店",
        "address": "臺北市信義區松仁路58號1F",
        "phone": "02-87805200#",
        "city": "臺北市",
        "district": "信義區"
      }
    },
    {
      "type": "Feature",
      "geometry": {
        "type": "Point",
        "coordinates": [
          121.5595072,
          25.0423915
        ]
      },
      "properties": {
        "restid": "5748",
        "name": "玖仰jiu yang(大巨蛋)",
        "address": "臺北市信義區忠孝東路四段515號B2",
        "phone": "02-27670089#",
        "city": "臺北市",
        "district": "信義區"
      }
    },
    {
      "type": "Feature",
      "geometry": {
        "type": "Point",
        "coordinates": [
          121.5107373,
          25.0810879
        ]
      },
      "properties": {
        "restid": "5574",
        "name": "味佳奇早餐店",
        "address": "臺北市士林區延平北路5段90號",
        "phone": "02-28113898#",
        "city": "臺北市",
        "district": "士林區"
      }
    },
    {
      "type": "Feature",
      "geometry": {
        "type": "Point",
        "coordinates": [
          121.4966324,
          25.0578043
        ]
      },
      "properties": {
        "restid": "5573",
        "name": "哪次不吃早午餐店",
        "address": "新北市三重區大同南路152號1樓",
        "phone": "02-29750970#",
        "city": "新北市",
        "district": "三重區"
      }
    },
    {
      "type": "Feature",
      "geometry": {
        "type": "Point",
        "coordinates": [
          121.5432417,
          25.0408932
        ]
      },
      "properties": {
        "restid": "5570",
        "name": "鼎泰豐復興店",
        "address": "臺北市大安區忠孝東路三段300號B2",
        "phone": "02-22267890#5105",
        "city": "臺北市",
        "district": "大安區"
      }
    },
    {
      "type": "Feature",
      "geometry": {
        "type": "Point",
        "coordinates": [
          121.5510469,
          25.0443455
        ]
      },
      "properties": {
        "restid": "5567",
        "name": "無日",
        "address": "臺北市大安區市民大道四段118號",
        "phone": "-#",
        "city": "臺北市",
        "district": "大安區"
      }
    },
    {
      "type": "Feature",
      "geometry": {
        "type": "Point",
        "coordinates": [
          121.5144408,
          25.0047738
        ]
      },
      "properties": {
        "restid": "5566",
        "name": "恩典早午餐",
        "address": "新北市永和區安樂路294號",
        "phone": "02-29288688#",
        "city": "新北市",
        "district": "永和區"
      }
    },
    {
      "type": "Feature",
      "geometry": {
        "type": "Point",
        "coordinates": [
          121.5078174,
          24.9861947
        ]
      },
      "properties": {
        "restid": "5565",
        "name": "喬MAMA",
        "address": "新北市中和區興南路二段6號",
        "phone": "02-29400048#",
        "city": "新北市",
        "district": "中和區"
      }
    },
    {
      "type": "Feature",
      "geometry": {
        "type": "Point",
        "coordinates": [
          121.3899016,
          24.9575311
        ]
      },
      "properties": {
        "restid": "5564",
        "name": "多米葉漢堡",
        "address": "新北市樹林區佳園路2段104號",
        "phone": "02-26802008#",
        "city": "新北市",
        "district": "樹林區"
      }
    },
    {
      "type": "Feature",
      "geometry": {
        "type": "Point",
        "coordinates": [
          121.4098229,
          24.9786918
        ]
      },
      "properties": {
        "restid": "5563",
        "name": "吉得堡東興店",
        "address": "新北市樹林區東興街12之1號",
        "phone": "02-86845389#",
        "city": "新北市",
        "district": "樹林區"
      }
    },
    {
      "type": "Feature",
      "geometry": {
        "type": "Point",
        "coordinates": [
          121.4474577,
          25.0472943
        ]
      },
      "properties": {
        "restid": "5562",
        "name": "美津素食漢堡",
        "address": "新北市新莊區中和街63號",
        "phone": "02-29907859#",
        "city": "新北市",
        "district": "新莊區"
      }
    },
    {
      "type": "Feature",
      "geometry": {
        "type": "Point",
        "coordinates": [
          121.411948,
          25.0283302
        ]
      },
      "properties": {
        "restid": "5560",
        "name": "順哥㕑坊早餐店",
        "address": "新北市新莊區新北大道7段630號",
        "phone": "02-29088861#",
        "city": "新北市",
        "district": "新莊區"
      }
    },
    {
      "type": "Feature",
      "geometry": {
        "type": "Point",
        "coordinates": [
          121.432982,
          25.0202973
        ]
      },
      "properties": {
        "restid": "5559",
        "name": "妞蛋吐司早午餐",
        "address": "新北市新莊區民安東路176號1樓",
        "phone": "02-22027707#",
        "city": "新北市",
        "district": "新莊區"
      }
    },
    {
      "type": "Feature",
      "geometry": {
        "type": "Point",
        "coordinates": [
          121.4257868,
          24.9986001
        ]
      },
      "properties": {
        "restid": "5555",
        "name": "仨食三餐",
        "address": "新北市樹林區千歲街61巷36-1號1樓",
        "phone": "02-26823823#",
        "city": "新北市",
        "district": "樹林區"
      }
    },
    {
      "type": "Feature",
      "geometry": {
        "type": "Point",
        "coordinates": [
          121.4334621,
          25.0033639
        ]
      },
      "properties": {
        "restid": "5553",
        "name": "米可廚房",
        "address": "新北市新莊區新樹路625號一樓",
        "phone": "02-22076010#",
        "city": "新北市",
        "district": "新莊區"
      }
    },
    {
      "type": "Feature",
      "geometry": {
        "type": "Point",
        "coordinates": [
          121.5620886,
          24.9821411
        ]
      },
      "properties": {
        "restid": "5519",
        "name": "三三活力早餐-總店",
        "address": "臺北市文山區木新路三段122號",
        "phone": "02-22345728#",
        "city": "臺北市",
        "district": "文山區"
      }
    },
    {
      "type": "Feature",
      "geometry": {
        "type": "Point",
        "coordinates": [
          121.5681007,
          24.9863736
        ]
      },
      "properties": {
        "restid": "5518",
        "name": "晨間戀人早餐",
        "address": "臺北市文山區保儀路107號",
        "phone": "02-29396882#",
        "city": "臺北市",
        "district": "文山區"
      }
    },
    {
      "type": "Feature",
      "geometry": {
        "type": "Point",
        "coordinates": [
          121.48091,
          25.0683357
        ]
      },
      "properties": {
        "restid": "5516",
        "name": "早饗食",
        "address": "新北市三重區中正北路272號",
        "phone": "02-29800660#",
        "city": "新北市",
        "district": "三重區"
      }
    },
    {
      "type": "Feature",
      "geometry": {
        "type": "Point",
        "coordinates": [
          121.4141413,
          25.0209547
        ]
      },
      "properties": {
        "restid": "5515",
        "name": "萬佳鄉-新展店",
        "address": "新北市新莊區龍安路66-42號",
        "phone": "02-29063230#",
        "city": "新北市",
        "district": "新莊區"
      }
    },
    {
      "type": "Feature",
      "geometry": {
        "type": "Point",
        "coordinates": [
          121.4455272,
          25.0363249
        ]
      },
      "properties": {
        "restid": "5514",
        "name": "饗爍早午餐",
        "address": "新北市新莊區建中街125號1樓",
        "phone": "02-29909839#",
        "city": "新北市",
        "district": "新莊區"
      }
    },
    {
      "type": "Feature",
      "geometry": {
        "type": "Point",
        "coordinates": [
          121.5255889,
          24.9630091
        ]
      },
      "properties": {
        "restid": "5510",
        "name": "三合院。早午餐",
        "address": "新北市新店區安康路一段227號",
        "phone": "02-86666087#",
        "city": "新北市",
        "district": "新店區"
      }
    },
    {
      "type": "Feature",
      "geometry": {
        "type": "Point",
        "coordinates": [
          121.5005043,
          25.0322162
        ]
      },
      "properties": {
        "restid": "5453",
        "name": "愛吃不吃早餐屋",
        "address": "臺北市萬華區萬大路20號",
        "phone": "-#",
        "city": "臺北市",
        "district": "萬華區"
      }
    },
    {
      "type": "Feature",
      "geometry": {
        "type": "Point",
        "coordinates": [
          121.4611621,
          24.9944408
        ]
      },
      "properties": {
        "restid": "5452",
        "name": "吉得堡早餐店-和平店",
        "address": "新北市板橋區和平路66號",
        "phone": "-#",
        "city": "新北市",
        "district": "板橋區"
      }
    },
    {
      "type": "Feature",
      "geometry": {
        "type": "Point",
        "coordinates": [
          121.5514001,
          25.0427505
        ]
      },
      "properties": {
        "restid": "5445",
        "name": "L.C Française 法租界",
        "address": "臺北市大安區敦化南路一段187巷45-2號",
        "phone": "-#",
        "city": "臺北市",
        "district": "大安區"
      }
    },
    {
      "type": "Feature",
      "geometry": {
        "type": "Point",
        "coordinates": [
          121.5566674,
          25.04459196
        ]
      },
      "properties": {
        "restid": "5429",
        "name": "Fermented by 曾House",
        "address": "臺北市大安區市民大道四段232號1F",
        "phone": "02-87729010#",
        "city": "臺北市",
        "district": "大安區"
      }
    },
    {
      "type": "Feature",
      "geometry": {
        "type": "Point",
        "coordinates": [
          121.4603242,
          25.0098794
        ]
      },
      "properties": {
        "restid": "5427",
        "name": "BarAku",
        "address": "新北市板橋區縣民大道一段269號2樓",
        "phone": "02-29698058#",
        "city": "新北市",
        "district": "板橋區"
      }
    },
    {
      "type": "Feature",
      "geometry": {
        "type": "Point",
        "coordinates": [
          121.5595066,
          25.0424367
        ]
      },
      "properties": {
        "restid": "5425",
        "name": "TOK盡興時光",
        "address": "臺北市信義區忠孝東路四段515號",
        "phone": "02-27656228#",
        "city": "臺北市",
        "district": "信義區"
      }
    },
    {
      "type": "Feature",
      "geometry": {
        "type": "Point",
        "coordinates": [
          121.5595066,
          25.0424367
        ]
      },
      "properties": {
        "restid": "5406",
        "name": "漢堡排嘉",
        "address": "臺北市信義區忠孝東路四段515號",
        "phone": "02-27615088#",
        "city": "臺北市",
        "district": "信義區"
      }
    },
    {
      "type": "Feature",
      "geometry": {
        "type": "Point",
        "coordinates": [
          121.5595066,
          25.0424367
        ]
      },
      "properties": {
        "restid": "5391",
        "name": "SPORTS NATION",
        "address": "臺北市信義區忠孝東路四段515號",
        "phone": "02-27600299#",
        "city": "臺北市",
        "district": "信義區"
      }
    },
    {
      "type": "Feature",
      "geometry": {
        "type": "Point",
        "coordinates": [
          121.4905542,
          25.0690026
        ]
      },
      "properties": {
        "restid": "5353",
        "name": "豚將拉麵重陽店",
        "address": "新北市三重區重陽路四段8號1樓",
        "phone": "02-89832058",
        "city": "新北市",
        "district": "三重區"
      }
    },
    {
      "type": "Feature",
      "geometry": {
        "type": "Point",
        "coordinates": [
          121.5595066,
          25.0424367
        ]
      },
      "properties": {
        "restid": "5139",
        "name": "大巨星港式飲茶餐酒館",
        "address": "臺北市信義區忠孝東路四段515號",
        "phone": "02-27771717#",
        "city": "臺北市",
        "district": "信義區"
      }
    },
    {
      "type": "Feature",
      "geometry": {
        "type": "Point",
        "coordinates": [
          121.5595066,
          25.0424367
        ]
      },
      "properties": {
        "restid": "5138",
        "name": "武蔵野森珈琲Diner",
        "address": "臺北市信義區忠孝東路四段515號",
        "phone": "02-27686118#",
        "city": "臺北市",
        "district": "信義區"
      }
    },
    {
      "type": "Feature",
      "geometry": {
        "type": "Point",
        "coordinates": [
          121.5452464,
          24.9951072
        ]
      },
      "properties": {
        "restid": "5135",
        "name": "景美如叔叔早餐店30",
        "address": "臺北市文山區景華街80號",
        "phone": "02-29310465#",
        "city": "臺北市",
        "district": "文山區"
      }
    },
    {
      "type": "Feature",
      "geometry": {
        "type": "Point",
        "coordinates": [
          121.5595066,
          25.0424367
        ]
      },
      "properties": {
        "restid": "5130",
        "name": "Lit Lit 早午餐酒吧",
        "address": "臺北市信義區忠孝東路四段515號",
        "phone": "02-27600793#",
        "city": "臺北市",
        "district": "信義區"
      }
    },
    {
      "type": "Feature",
      "geometry": {
        "type": "Point",
        "coordinates": [
          121.5595066,
          25.0424367
        ]
      },
      "properties": {
        "restid": "5129",
        "name": "一風堂 台北大巨蛋店",
        "address": "臺北市信義區忠孝東路四段515號",
        "phone": "02-27565135#",
        "city": "臺北市",
        "district": "信義區"
      }
    },
    {
      "type": "Feature",
      "geometry": {
        "type": "Point",
        "coordinates": [
          121.5595066,
          25.0424367
        ]
      },
      "properties": {
        "restid": "5128",
        "name": "星胡同",
        "address": "臺北市信義區忠孝東路四段515號",
        "phone": "02-27660166#",
        "city": "臺北市",
        "district": "信義區"
      }
    },
    {
      "type": "Feature",
      "geometry": {
        "type": "Point",
        "coordinates": [
          121.5595066,
          25.0424367
        ]
      },
      "properties": {
        "restid": "5127",
        "name": "放感情 螢火部落",
        "address": "臺北市信義區忠孝東路四段515號",
        "phone": "02-25282588#",
        "city": "臺北市",
        "district": "信義區"
      }
    },
    {
      "type": "Feature",
      "geometry": {
        "type": "Point",
        "coordinates": [
          121.5595066,
          25.0424367
        ]
      },
      "properties": {
        "restid": "5126",
        "name": "PRESERVE",
        "address": "臺北市信義區忠孝東路四段515號",
        "phone": "02-27613365#",
        "city": "臺北市",
        "district": "信義區"
      }
    },
    {
      "type": "Feature",
      "geometry": {
        "type": "Point",
        "coordinates": [
          121.5595066,
          25.0424367
        ]
      },
      "properties": {
        "restid": "5125",
        "name": "週末炸雞漢堡俱樂部",
        "address": "臺北市信義區忠孝東路四段515號",
        "phone": "-#",
        "city": "臺北市",
        "district": "信義區"
      }
    },
    {
      "type": "Feature",
      "geometry": {
        "type": "Point",
        "coordinates": [
          121.5539052,
          25.0432617
        ]
      },
      "properties": {
        "restid": "5110",
        "name": "Meal Room 米釉鍋物",
        "address": "臺北市大安區延吉街66-1號",
        "phone": "02-87728728#",
        "city": "臺北市",
        "district": "大安區"
      }
    },
    {
      "type": "Feature",
      "geometry": {
        "type": "Point",
        "coordinates": [
          121.5546583,
          25.0416701
        ]
      },
      "properties": {
        "restid": "5109",
        "name": "Zentopia Taipei 禪托邦餐酒館",
        "address": "臺北市大安區忠孝東路四段289號b1",
        "phone": "02-27755056#",
        "city": "臺北市",
        "district": "大安區"
      }
    },
    {
      "type": "Feature",
      "geometry": {
        "type": "Point",
        "coordinates": [
          121.5449162,
          25.04414544
        ]
      },
      "properties": {
        "restid": "5107",
        "name": "Cheers&Co.",
        "address": "臺北市大安區復興南路一段107巷5弄12號",
        "phone": "02-27210277#",
        "city": "臺北市",
        "district": "大安區"
      }
    },
    {
      "type": "Feature",
      "geometry": {
        "type": "Point",
        "coordinates": [
          121.4854958,
          24.9981631
        ]
      },
      "properties": {
        "restid": "5487",
        "name": "Apple203早午餐店-中和遠東",
        "address": "新北市中和區中正路738號",
        "phone": "02-82261077#",
        "city": "新北市",
        "district": "中和區"
      }
    },
    {
      "type": "Feature",
      "geometry": {
        "type": "Point",
        "coordinates": [
          121.5417836,
          25.0421174
        ]
      },
      "properties": {
        "restid": "5541",
        "name": "慢步調咖啡館",
        "address": "臺北市大安區忠孝東路三段251巷1弄1號",
        "phone": "02-27112311#",
        "city": "臺北市",
        "district": "大安區"
      }
    },
    {
      "type": "Feature",
      "geometry": {
        "type": "Point",
        "coordinates": [
          121.5486364,
          24.9512893
        ]
      },
      "properties": {
        "restid": "5522",
        "name": "喔嗨呦早餐屋",
        "address": "新北市新店區北宜路2段36號",
        "phone": "02-22178530#",
        "city": "新北市",
        "district": "新店區"
      }
    },
    {
      "type": "Feature",
      "geometry": {
        "type": "Point",
        "coordinates": [
          121.4248024,
          25.0099687
        ]
      },
      "properties": {
        "restid": "5443",
        "name": "吉可堡早餐店",
        "address": "新北市樹林區俊英街113-1號",
        "phone": "02-26763998#",
        "city": "新北市",
        "district": "樹林區"
      }
    },
    {
      "type": "Feature",
      "geometry": {
        "type": "Point",
        "coordinates": [
          121.491983,
          25.0735005
        ]
      },
      "properties": {
        "restid": "5442",
        "name": "帕彼手作早餐坊",
        "address": "新北市三重區三和路三段188號",
        "phone": "02-29881313#",
        "city": "新北市",
        "district": "三重區"
      }
    },
    {
      "type": "Feature",
      "geometry": {
        "type": "Point",
        "coordinates": [
          121.4874173,
          25.0515277
        ]
      },
      "properties": {
        "restid": "5441",
        "name": "House.好食早餐店",
        "address": "新北市三重區福德里成功路106之1號",
        "phone": "02-29703375#",
        "city": "新北市",
        "district": "三重區"
      }
    },
    {
      "type": "Feature",
      "geometry": {
        "type": "Point",
        "coordinates": [
          121.5076938,
          24.9863955
        ]
      },
      "properties": {
        "restid": "5440",
        "name": "豆司苑咖啡",
        "address": "新北市中和區南山路320巷3號",
        "phone": "02-29497910#",
        "city": "新北市",
        "district": "中和區"
      }
    },
    {
      "type": "Feature",
      "geometry": {
        "type": "Point",
        "coordinates": [
          121.4589781,
          25.0911037
        ]
      },
      "properties": {
        "restid": "5505",
        "name": "可口188複合式早午餐",
        "address": "新北市蘆洲區永平街18巷8號1F",
        "phone": "02-22833342#",
        "city": "新北市",
        "district": "蘆洲區"
      }
    },
    {
      "type": "Feature",
      "geometry": {
        "type": "Point",
        "coordinates": [
          121.4612458,
          25.0819372
        ]
      },
      "properties": {
        "restid": "5504",
        "name": "早到甜早午餐",
        "address": "新北市蘆洲區長安街108巷5弄2號",
        "phone": "02-28472461#",
        "city": "新北市",
        "district": "蘆洲區"
      }
    },
    {
      "type": "Feature",
      "geometry": {
        "type": "Point",
        "coordinates": [
          121.5001128,
          25.0618167
        ]
      },
      "properties": {
        "restid": "5502",
        "name": "荳荳早午餐店",
        "address": "新北市三重區文化南路31之1號",
        "phone": "02-89731966#",
        "city": "新北市",
        "district": "三重區"
      }
    },
    {
      "type": "Feature",
      "geometry": {
        "type": "Point",
        "coordinates": [
          121.5549636,
          25.03916
        ]
      },
      "properties": {
        "restid": "5500",
        "name": "和睦屋享吃食務所",
        "address": "臺北市大安區延吉街162號",
        "phone": "-#",
        "city": "臺北市",
        "district": "大安區"
      }
    },
    {
      "type": "Feature",
      "geometry": {
        "type": "Point",
        "coordinates": [
          121.4616022,
          24.9829835
        ]
      },
      "properties": {
        "restid": "5486",
        "name": "鴻心堡早午餐",
        "address": "新北市土城區清水路256號",
        "phone": "02-22655106#",
        "city": "新北市",
        "district": "土城區"
      }
    },
    {
      "type": "Feature",
      "geometry": {
        "type": "Point",
        "coordinates": [
          121.445329,
          24.987092
        ]
      },
      "properties": {
        "restid": "5484",
        "name": "星誼美而美",
        "address": "新北市土城區日新街9巷1號",
        "phone": "02-82616104#",
        "city": "新北市",
        "district": "土城區"
      }
    },
    {
      "type": "Feature",
      "geometry": {
        "type": "Point",
        "coordinates": [
          121.5027205,
          25.0286274
        ]
      },
      "properties": {
        "restid": "5479",
        "name": "美美精緻早午餐",
        "address": "臺北市萬華區西藏路115巷6弄7號",
        "phone": "02-23032518#",
        "city": "臺北市",
        "district": "萬華區"
      }
    },
    {
      "type": "Feature",
      "geometry": {
        "type": "Point",
        "coordinates": [
          121.4652548,
          24.9963124
        ]
      },
      "properties": {
        "restid": "5478",
        "name": "呷尚寶-華順店",
        "address": "新北市中和區華順街133號",
        "phone": "021-29535252#",
        "city": "新北市",
        "district": "中和區"
      }
    },
    {
      "type": "Feature",
      "geometry": {
        "type": "Point",
        "coordinates": [
          121.4436012,
          25.0374156
        ]
      },
      "properties": {
        "restid": "5471",
        "name": "弘爺漢堡-新莊信義店",
        "address": "新北市新莊區公園一路98號",
        "phone": "02-29908418#",
        "city": "新北市",
        "district": "新莊區"
      }
    },
    {
      "type": "Feature",
      "geometry": {
        "type": "Point",
        "coordinates": [
          121.4800398,
          25.0853012
        ]
      },
      "properties": {
        "restid": "5458",
        "name": "幸福時光-蘆洲店",
        "address": "新北市蘆洲區信義路222巷20號",
        "phone": "-#",
        "city": "新北市",
        "district": "蘆洲區"
      }
    },
    {
      "type": "Feature",
      "geometry": {
        "type": "Point",
        "coordinates": [
          121.3909688,
          25.0766636
        ]
      },
      "properties": {
        "restid": "4211",
        "name": "慕谷慕魚蔬食原住民人文餐廳",
        "address": "新北市林口區仁愛路一段338號",
        "phone": "-#",
        "city": "新北市",
        "district": "林口區"
      }
    },
    {
      "type": "Feature",
      "geometry": {
        "type": "Point",
        "coordinates": [
          121.5489025,
          25.1432836
        ]
      },
      "properties": {
        "restid": "4129",
        "name": "藏粵閣",
        "address": "臺北市士林區格致路237號2樓",
        "phone": "02-28616661#",
        "city": "臺北市",
        "district": "士林區"
      }
    },
    {
      "type": "Feature",
      "geometry": {
        "type": "Point",
        "coordinates": [
          121.5372562,
          25.0527114
        ]
      },
      "properties": {
        "restid": "4984",
        "name": "柒號洋樓",
        "address": "臺北市中山區建國北路二段7號",
        "phone": "02-25066688#",
        "city": "臺北市",
        "district": "中山區"
      }
    },
    {
      "type": "Feature",
      "geometry": {
        "type": "Point",
        "coordinates": [
          121.546478,
          24.978061
        ]
      },
      "properties": {
        "restid": "4979",
        "name": "藏壽司 新店威秀裕隆店",
        "address": "新北市新店區中興路三段70號6樓",
        "phone": "02-89147904#",
        "city": "新北市",
        "district": "新店區"
      }
    },
    {
      "type": "Feature",
      "geometry": {
        "type": "Point",
        "coordinates": [
          121.5335291,
          25.0146589
        ]
      },
      "properties": {
        "restid": "4812",
        "name": "989就愛海鮮粥",
        "address": "臺北市中正區羅斯福路四段52巷16弄1號",
        "phone": "02-23650100#",
        "city": "臺北市",
        "district": "中正區"
      }
    },
    {
      "type": "Feature",
      "geometry": {
        "type": "Point",
        "coordinates": [
          121.5365043,
          24.9559849
        ]
      },
      "properties": {
        "restid": "4743",
        "name": "馬克廚房 Rocky Pizza",
        "address": "新北市新店區新店區碧潭風景區A01-03",
        "phone": "02-29127765#",
        "city": "新北市",
        "district": "新店區"
      }
    },
    {
      "type": "Feature",
      "geometry": {
        "type": "Point",
        "coordinates": [
          121.4673332,
          25.0140651
        ]
      },
      "properties": {
        "restid": "4741",
        "name": "山野居蔬食-板橋大遠百",
        "address": "新北市板橋區新站路28號",
        "phone": "-#",
        "city": "新北市",
        "district": "板橋區"
      }
    },
    {
      "type": "Feature",
      "geometry": {
        "type": "Point",
        "coordinates": [
          121.4747789,
          25.0066724
        ]
      },
      "properties": {
        "restid": "4739",
        "name": "貓樂貓咖啡-環球中和",
        "address": "新北市中和區中山路三段122號",
        "phone": "02-22217108#",
        "city": "新北市",
        "district": "中和區"
      }
    },
    {
      "type": "Feature",
      "geometry": {
        "type": "Point",
        "coordinates": [
          121.4747789,
          25.0066724
        ]
      },
      "properties": {
        "restid": "4732",
        "name": "九如-中和環球",
        "address": "新北市中和區中山路三段122號",
        "phone": "02-22218223#",
        "city": "新北市",
        "district": "中和區"
      }
    },
    {
      "type": "Feature",
      "geometry": {
        "type": "Point",
        "coordinates": [
          121.5518476,
          25.0636811
        ]
      },
      "properties": {
        "restid": "4780",
        "name": "二師兄肉羹專賣店",
        "address": "臺北市松山區敦化北路340-10號2樓",
        "phone": "-#",
        "city": "臺北市",
        "district": "松山區"
      }
    },
    {
      "type": "Feature",
      "geometry": {
        "type": "Point",
        "coordinates": [
          121.5518476,
          25.0636811
        ]
      },
      "properties": {
        "restid": "4779",
        "name": "TKK",
        "address": "臺北市松山區敦化北路340-10號2樓",
        "phone": "02-25467952#",
        "city": "臺北市",
        "district": "松山區"
      }
    },
    {
      "type": "Feature",
      "geometry": {
        "type": "Point",
        "coordinates": [
          121.5518476,
          25.0636811
        ]
      },
      "properties": {
        "restid": "4778",
        "name": "upoke",
        "address": "臺北市松山區敦化北路340-10號2樓",
        "phone": "02-25465951#",
        "city": "臺北市",
        "district": "松山區"
      }
    },
    {
      "type": "Feature",
      "geometry": {
        "type": "Point",
        "coordinates": [
          121.5518476,
          25.0636811
        ]
      },
      "properties": {
        "restid": "4776",
        "name": "五花馬",
        "address": "臺北市松山區敦化北路340-10號2樓",
        "phone": "02-25471022#",
        "city": "臺北市",
        "district": "松山區"
      }
    },
    {
      "type": "Feature",
      "geometry": {
        "type": "Point",
        "coordinates": [
          121.5320626,
          25.0165578
        ]
      },
      "properties": {
        "restid": "4759",
        "name": "BERTHA IRISH BAR",
        "address": "臺北市中正區羅斯福路三段278號",
        "phone": "-#",
        "city": "臺北市",
        "district": "中正區"
      }
    },
    {
      "type": "Feature",
      "geometry": {
        "type": "Point",
        "coordinates": [
          121.4749549,
          25.0069668
        ]
      },
      "properties": {
        "restid": "4731",
        "name": "欣葉小聚中和環球店",
        "address": "新北市中和區中山路三段122號4樓",
        "phone": "02-32345858#",
        "city": "新北市",
        "district": "中和區"
      }
    },
    {
      "type": "Feature",
      "geometry": {
        "type": "Point",
        "coordinates": [
          121.4670443,
          25.0138151
        ]
      },
      "properties": {
        "restid": "4728",
        "name": "橙易食堂-板橋大遠百",
        "address": "新北市板橋區新站路28號B1",
        "phone": "-#",
        "city": "新北市",
        "district": "板橋區"
      }
    },
    {
      "type": "Feature",
      "geometry": {
        "type": "Point",
        "coordinates": [
          121.5636048,
          25.0442733
        ]
      },
      "properties": {
        "restid": "5088",
        "name": "三徑就荒Hermit's Hut",
        "address": "臺北市信義區忠孝東路四段553巷46弄15號1樓",
        "phone": "02-27466929#",
        "city": "臺北市",
        "district": "信義區"
      }
    },
    {
      "type": "Feature",
      "geometry": {
        "type": "Point",
        "coordinates": [
          121.5475477,
          25.0443613
        ]
      },
      "properties": {
        "restid": "5087",
        "name": "Silk & Linen",
        "address": "臺北市大安區大安路一段19巷28號",
        "phone": "-#",
        "city": "臺北市",
        "district": "大安區"
      }
    },
    {
      "type": "Feature",
      "geometry": {
        "type": "Point",
        "coordinates": [
          120.6397751,
          24.3629879
        ]
      },
      "properties": {
        "restid": "5083",
        "name": "梟夜串酒場",
        "address": "臺北市大安區四維路164號",
        "phone": "02-27010207#",
        "city": "臺北市",
        "district": "大安區"
      }
    },
    {
      "type": "Feature",
      "geometry": {
        "type": "Point",
        "coordinates": [
          121.5555417,
          25.0357216
        ]
      },
      "properties": {
        "restid": "5082",
        "name": "《念•饗》NIAN SANG",
        "address": "臺北市大安區延吉街242-3號1樓",
        "phone": "02-27038006#",
        "city": "臺北市",
        "district": "大安區"
      }
    },
    {
      "type": "Feature",
      "geometry": {
        "type": "Point",
        "coordinates": [
          121.5517058,
          25.0269613
        ]
      },
      "properties": {
        "restid": "5071",
        "name": "Gravity 磁場",
        "address": "臺北市大安區樂利路39-1號",
        "phone": "-#",
        "city": "臺北市",
        "district": "大安區"
      }
    },
    {
      "type": "Feature",
      "geometry": {
        "type": "Point",
        "coordinates": [
          121.5481926,
          25.0417788
        ]
      },
      "properties": {
        "restid": "5070",
        "name": "Old Seat Restaurant Cafe 川酒.咖啡",
        "address": "臺北市大安區忠孝東路4段101巷29號",
        "phone": "-#",
        "city": "臺北市",
        "district": "大安區"
      }
    },
    {
      "type": "Feature",
      "geometry": {
        "type": "Point",
        "coordinates": [
          121.5535507,
          25.0357659
        ]
      },
      "properties": {
        "restid": "5063",
        "name": "MONO MONO",
        "address": "臺北市大安區安和路一段127巷29弄17號",
        "phone": "-#",
        "city": "臺北市",
        "district": "大安區"
      }
    },
    {
      "type": "Feature",
      "geometry": {
        "type": "Point",
        "coordinates": [
          121.5238425,
          25.0342382
        ]
      },
      "properties": {
        "restid": "5062",
        "name": "壹府YifuBarTaipei",
        "address": "臺北市大安區杭州南路二段13號",
        "phone": "-#",
        "city": "臺北市",
        "district": "大安區"
      }
    },
    {
      "type": "Feature",
      "geometry": {
        "type": "Point",
        "coordinates": [
          121.5643085,
          25.0338492
        ]
      },
      "properties": {
        "restid": "5054",
        "name": "阿官火鍋專家-台北101旗艦店",
        "address": "臺北市信義區市府路45號B1",
        "phone": "02-81017693#",
        "city": "臺北市",
        "district": "信義區"
      }
    },
    {
      "type": "Feature",
      "geometry": {
        "type": "Point",
        "coordinates": [
          121.5643085,
          25.0338492
        ]
      },
      "properties": {
        "restid": "5053",
        "name": "姥姥酸菜魚 101店",
        "address": "臺北市信義區市府路45號B1",
        "phone": "02-81017817#",
        "city": "臺北市",
        "district": "信義區"
      }
    },
    {
      "type": "Feature",
      "geometry": {
        "type": "Point",
        "coordinates": [
          121.5333243,
          25.0508646
        ]
      },
      "properties": {
        "restid": "5041",
        "name": "犇鱻涮涮鍋",
        "address": "臺北市中山區松江路95-1號2樓",
        "phone": "02-25069069#",
        "city": "臺北市",
        "district": "中山區"
      }
    },
    {
      "type": "Feature",
      "geometry": {
        "type": "Point",
        "coordinates": [
          121.54799,
          25.0243689
        ]
      },
      "properties": {
        "restid": "4373",
        "name": "黑沃咖啡-大安和平店",
        "address": "臺北市大安區台北市大安區和平東路三段46之4號",
        "phone": "04-22624040#",
        "city": "臺北市",
        "district": "大安區"
      }
    },
    {
      "type": "Feature",
      "geometry": {
        "type": "Point",
        "coordinates": [
          121.6122632,
          25.0554621
        ]
      },
      "properties": {
        "restid": "4372",
        "name": "黑沃咖啡-台北南港店",
        "address": "臺北市南港區台北市南港區南港路一段152之3號",
        "phone": "04-22624040#",
        "city": "臺北市",
        "district": "南港區"
      }
    },
    {
      "type": "Feature",
      "geometry": {
        "type": "Point",
        "coordinates": [
          121.5240879,
          25.0252854
        ]
      },
      "properties": {
        "restid": "4371",
        "name": "黑沃咖啡-台北古亭店",
        "address": "臺北市大安區台北市大安區羅斯福路二段91號",
        "phone": "04-22624040#",
        "city": "臺北市",
        "district": "大安區"
      }
    },
    {
      "type": "Feature",
      "geometry": {
        "type": "Point",
        "coordinates": [
          121.5455797,
          25.0559654
        ]
      },
      "properties": {
        "restid": "4370",
        "name": "黑沃咖啡-民生興安店",
        "address": "臺北市松山區台北市松山區興安街204號",
        "phone": "04-22624040#",
        "city": "臺北市",
        "district": "松山區"
      }
    },
    {
      "type": "Feature",
      "geometry": {
        "type": "Point",
        "coordinates": [
          121.4329125,
          25.0320349
        ]
      },
      "properties": {
        "restid": "4369",
        "name": "黑沃咖啡-新北輔大店",
        "address": "新北市新莊區新北市新莊區中正路595號",
        "phone": "04-22624040#",
        "city": "新北市",
        "district": "新莊區"
      }
    },
    {
      "type": "Feature",
      "geometry": {
        "type": "Point",
        "coordinates": [
          121.4570988,
          25.0079334
        ]
      },
      "properties": {
        "restid": "4364",
        "name": "黑沃咖啡-板橋南門店",
        "address": "新北市板橋區新北市板橋區南門街73號",
        "phone": "04-22624040#",
        "city": "新北市",
        "district": "板橋區"
      }
    },
    {
      "type": "Feature",
      "geometry": {
        "type": "Point",
        "coordinates": [
          121.5430071,
          25.0433798
        ]
      },
      "properties": {
        "restid": "4363",
        "name": "黑沃咖啡-台北復興店",
        "address": "臺北市大安區台北市大安區復興南路一段122巷4號1樓",
        "phone": "04-22624040#",
        "city": "臺北市",
        "district": "大安區"
      }
    },
    {
      "type": "Feature",
      "geometry": {
        "type": "Point",
        "coordinates": [
          121.545345,
          25.041394
        ]
      },
      "properties": {
        "restid": "5004",
        "name": "媽咪里啦手製餅乾",
        "address": "臺北市大安區忠孝東路四段60-2號",
        "phone": "02-27517306#",
        "city": "臺北市",
        "district": "大安區"
      }
    },
    {
      "type": "Feature",
      "geometry": {
        "type": "Point",
        "coordinates": [
          121.5502674,
          25.0242797
        ]
      },
      "properties": {
        "restid": "4999",
        "name": "Zoom Inn",
        "address": "臺北市大安區和平東路三段68-6號",
        "phone": "-#",
        "city": "臺北市",
        "district": "大安區"
      }
    },
    {
      "type": "Feature",
      "geometry": {
        "type": "Point",
        "coordinates": [
          121.5230804,
          25.022949
        ]
      },
      "properties": {
        "restid": "4998",
        "name": "通天掌糕糕",
        "address": "臺北市中正區汀州路二段188號1樓",
        "phone": "02-23680088#",
        "city": "臺北市",
        "district": "中正區"
      }
    },
    {
      "type": "Feature",
      "geometry": {
        "type": "Point",
        "coordinates": [
          121.6072597,
          25.0528955
        ]
      },
      "properties": {
        "restid": "4920",
        "name": "奧特拉麵 南港環球店",
        "address": "臺北市南港區忠孝東路七段371號B1",
        "phone": "02-26512250#",
        "city": "臺北市",
        "district": "南港區"
      }
    },
    {
      "type": "Feature",
      "geometry": {
        "type": "Point",
        "coordinates": [
          121.5168091,
          25.0037736
        ]
      },
      "properties": {
        "restid": "4919",
        "name": "馬蹄圈圈",
        "address": "新北市永和區秀朗路一段114號",
        "phone": "02-23611999#894",
        "city": "新北市",
        "district": "永和區"
      }
    },
    {
      "type": "Feature",
      "geometry": {
        "type": "Point",
        "coordinates": [
          121.5571926,
          25.0287221
        ]
      },
      "properties": {
        "restid": "4917",
        "name": "Sandalwood Taipei",
        "address": "臺北市信義區基隆路二段113號1樓",
        "phone": "-#",
        "city": "臺北市",
        "district": "信義區"
      }
    },
    {
      "type": "Feature",
      "geometry": {
        "type": "Point",
        "coordinates": [
          121.5317175,
          25.0188324
        ]
      },
      "properties": {
        "restid": "4916",
        "name": "神燈搓一下",
        "address": "臺北市大安區羅斯福路三段283巷28號",
        "phone": "-#",
        "city": "臺北市",
        "district": "大安區"
      }
    },
    {
      "type": "Feature",
      "geometry": {
        "type": "Point",
        "coordinates": [
          121.5465116,
          24.9779832
        ]
      },
      "properties": {
        "restid": "4914",
        "name": "星馬快餐 新北新店裕隆城百貨門市",
        "address": "新北市新店區中興路三段70號6F20櫃",
        "phone": "-#",
        "city": "新北市",
        "district": "新店區"
      }
    },
    {
      "type": "Feature",
      "geometry": {
        "type": "Point",
        "coordinates": [
          121.53551757,
          25.01206637
        ]
      },
      "properties": {
        "restid": "4821",
        "name": "法點法食FADENFASAï",
        "address": "臺北市中正區汀州路三段210號1樓",
        "phone": "-#",
        "city": "臺北市",
        "district": "中正區"
      }
    },
    {
      "type": "Feature",
      "geometry": {
        "type": "Point",
        "coordinates": [
          121.560913,
          25.083079
        ]
      },
      "properties": {
        "restid": "4891",
        "name": "一鷺串燒居酒屋（大直旗艦店）",
        "address": "臺北市中山區植福路217號219號",
        "phone": "02-85015885#",
        "city": "臺北市",
        "district": "中山區"
      }
    },
    {
      "type": "Feature",
      "geometry": {
        "type": "Point",
        "coordinates": [
          121.5398141,
          25.0658717
        ]
      },
      "properties": {
        "restid": "4889",
        "name": "一鷺串燒居酒屋松江本店",
        "address": "臺北市中山區民權東路二152巷1號",
        "phone": "02-25043668#",
        "city": "臺北市",
        "district": "中山區"
      }
    },
    {
      "type": "Feature",
      "geometry": {
        "type": "Point",
        "coordinates": [
          121.6072597,
          25.0528955
        ]
      },
      "properties": {
        "restid": "4897",
        "name": "YAYOI彌生軒-南港車站店",
        "address": "臺北市南港區忠孝東路七段371號B1樓",
        "phone": "02-27863298#",
        "city": "臺北市",
        "district": "南港區"
      }
    },
    {
      "type": "Feature",
      "geometry": {
        "type": "Point",
        "coordinates": [
          121.5579495,
          24.9996924
        ]
      },
      "properties": {
        "restid": "4878",
        "name": "麵線歐爸",
        "address": "臺北市文山區興隆路三段111號B1(統一商場)",
        "phone": "02-29335005#",
        "city": "臺北市",
        "district": "文山區"
      }
    },
    {
      "type": "Feature",
      "geometry": {
        "type": "Point",
        "coordinates": [
          121.5579495,
          24.9996924
        ]
      },
      "properties": {
        "restid": "4875",
        "name": "總會有機會club25",
        "address": "臺北市文山區興隆路三段111號B1(統一商場)",
        "phone": "02-29335005#",
        "city": "臺北市",
        "district": "文山區"
      }
    },
    {
      "type": "Feature",
      "geometry": {
        "type": "Point",
        "coordinates": [
          121.536638,
          25.0129394
        ]
      },
      "properties": {
        "restid": "4873",
        "name": "龐德羅莎",
        "address": "臺北市大安區羅斯福路四段85號台大管理學院第二活動中心二樓",
        "phone": "02-23779990#",
        "city": "臺北市",
        "district": "大安區"
      }
    },
    {
      "type": "Feature",
      "geometry": {
        "type": "Point",
        "coordinates": [
          121.5397518,
          25.0173405
        ]
      },
      "properties": {
        "restid": "4870",
        "name": "丘蒔堂",
        "address": "臺北市大安區羅斯福路4段1號（台大第一學生活動中心餐廳）",
        "phone": "-#",
        "city": "臺北市",
        "district": "大安區"
      }
    },
    {
      "type": "Feature",
      "geometry": {
        "type": "Point",
        "coordinates": [
          121.5427043,
          25.0128577
        ]
      },
      "properties": {
        "restid": "4852",
        "name": "A華加湯滷味",
        "address": "臺北市大安區基隆路四段43號",
        "phone": "02-27382936#",
        "city": "臺北市",
        "district": "大安區"
      }
    },
    {
      "type": "Feature",
      "geometry": {
        "type": "Point",
        "coordinates": [
          121.5427043,
          25.0128577
        ]
      },
      "properties": {
        "restid": "4851",
        "name": "溫州大餛飩",
        "address": "臺北市大安區基隆路四段43號",
        "phone": "02-27382936#",
        "city": "臺北市",
        "district": "大安區"
      }
    },
    {
      "type": "Feature",
      "geometry": {
        "type": "Point",
        "coordinates": [
          121.42302122,
          25.04329274
        ]
      },
      "properties": {
        "restid": "4688",
        "name": "明志科大第二餐廳",
        "address": "新北市泰山區工專路84號",
        "phone": "02-26890808#",
        "city": "新北市",
        "district": "泰山區"
      }
    },
    {
      "type": "Feature",
      "geometry": {
        "type": "Point",
        "coordinates": [
          121.531706,
          25.0176399
        ]
      },
      "properties": {
        "restid": "4684",
        "name": "貓食光",
        "address": "臺北市大安區羅斯福路三段297-1號1樓",
        "phone": "02-23860234#",
        "city": "臺北市",
        "district": "大安區"
      }
    },
    {
      "type": "Feature",
      "geometry": {
        "type": "Point",
        "coordinates": [
          121.531258,
          25.015961
        ]
      },
      "properties": {
        "restid": "4683",
        "name": "BAR FEST",
        "address": "臺北市中正區汀州路三段149號1樓",
        "phone": "-#",
        "city": "臺北市",
        "district": "中正區"
      }
    },
    {
      "type": "Feature",
      "geometry": {
        "type": "Point",
        "coordinates": [
          121.5358227,
          25.0129485
        ]
      },
      "properties": {
        "restid": "4682",
        "name": "89 LOOP Sports",
        "address": "臺北市中正區羅斯福路四段134號2樓",
        "phone": "02-23656597#",
        "city": "臺北市",
        "district": "中正區"
      }
    },
    {
      "type": "Feature",
      "geometry": {
        "type": "Point",
        "coordinates": [
          121.5366614,
          25.1025986
        ]
      },
      "properties": {
        "restid": "4675",
        "name": "山禾苑",
        "address": "臺北市士林區芝玉路一段28號",
        "phone": "-#",
        "city": "臺北市",
        "district": "士林區"
      }
    },
    {
      "type": "Feature",
      "geometry": {
        "type": "Point",
        "coordinates": [
          121.5222919,
          25.0486254
        ]
      },
      "properties": {
        "restid": "4674",
        "name": "蛋奶樹蔬食專賣",
        "address": "臺北市中山區中山北路一段33巷26號",
        "phone": "02-25216801#",
        "city": "臺北市",
        "district": "中山區"
      }
    },
    {
      "type": "Feature",
      "geometry": {
        "type": "Point",
        "coordinates": [
          121.37868168,
          25.07575125
        ]
      },
      "properties": {
        "restid": "4661",
        "name": "好好時光公益咖啡館",
        "address": "新北市林口區文化一路一段207之1號",
        "phone": "02-26012485#",
        "city": "新北市",
        "district": "林口區"
      }
    },
    {
      "type": "Feature",
      "geometry": {
        "type": "Point",
        "coordinates": [
          121.56642495,
          25.0508904
        ]
      },
      "properties": {
        "restid": "4660",
        "name": "金山客家小館",
        "address": "臺北市松山區南京東路五段250巷2弄5號1樓",
        "phone": "02-27659906#",
        "city": "臺北市",
        "district": "松山區"
      }
    },
    {
      "type": "Feature",
      "geometry": {
        "type": "Point",
        "coordinates": [
          121.532234,
          25.015678
        ]
      },
      "properties": {
        "restid": "4567",
        "name": "靜壽司",
        "address": "臺北市中正區羅斯福路三段316巷7-1號",
        "phone": "02-23656568#",
        "city": "臺北市",
        "district": "中正區"
      }
    },
    {
      "type": "Feature",
      "geometry": {
        "type": "Point",
        "coordinates": [
          121.5337916,
          25.0138682
        ]
      },
      "properties": {
        "restid": "4566",
        "name": "源士林粥品",
        "address": "臺北市中正區汀州路三段134號",
        "phone": "02-23683593#",
        "city": "臺北市",
        "district": "中正區"
      }
    },
    {
      "type": "Feature",
      "geometry": {
        "type": "Point",
        "coordinates": [
          121.4688298,
          25.050299
        ]
      },
      "properties": {
        "restid": "4565",
        "name": "玉山銀行(希望大樓)員工餐廳",
        "address": "新北市三重區中興北街42巷17弄10號",
        "phone": "02-21751313#8181",
        "city": "新北市",
        "district": "三重區"
      }
    },
    {
      "type": "Feature",
      "geometry": {
        "type": "Point",
        "coordinates": [
          121.5229861,
          25.0301176
        ]
      },
      "properties": {
        "restid": "4054",
        "name": "無二會所",
        "address": "臺北市大安區杭州南路二段61巷12號",
        "phone": "02-23917599#",
        "city": "臺北市",
        "district": "大安區"
      }
    },
    {
      "type": "Feature",
      "geometry": {
        "type": "Point",
        "coordinates": [
          121.5645389,
          25.033976
        ]
      },
      "properties": {
        "restid": "4047",
        "name": "捌伍添第",
        "address": "臺北市信義區信義路五段7號85號樓B側",
        "phone": "02-81010085#",
        "city": "臺北市",
        "district": "信義區"
      }
    },
    {
      "type": "Feature",
      "geometry": {
        "type": "Point",
        "coordinates": [
          121.4809911,
          25.1928559
        ]
      },
      "properties": {
        "restid": "4046",
        "name": "天空小品",
        "address": "新北市淡水區忠寮里竹圍子8-17號",
        "phone": "02-26257366#",
        "city": "新北市",
        "district": "淡水區"
      }
    },
    {
      "type": "Feature",
      "geometry": {
        "type": "Point",
        "coordinates": [
          121.4495726,
          25.0596783
        ]
      },
      "properties": {
        "restid": "3969",
        "name": "海底撈",
        "address": "新北市新莊區新北市新北市新莊區新北大道四段3號9樓",
        "phone": "02-85219292#",
        "city": "新北市",
        "district": "新莊區"
      }
    },
    {
      "type": "Feature",
      "geometry": {
        "type": "Point",
        "coordinates": [
          121.6079409,
          25.2802951
        ]
      },
      "properties": {
        "restid": "3948",
        "name": "白日夢Tea & Cafe",
        "address": "新北市石門區阿里荖47-2號",
        "phone": "02-26380045#",
        "city": "新北市",
        "district": "石門區"
      }
    },
    {
      "type": "Feature",
      "geometry": {
        "type": "Point",
        "coordinates": [
          121.5245943,
          25.105306
        ]
      },
      "properties": {
        "restid": "3935",
        "name": "魚君 さかなくん 天母SOGO店",
        "address": "臺北市士林區中山北路六段77號8樓",
        "phone": "02-88661170#",
        "city": "臺北市",
        "district": "士林區"
      }
    },
    {
      "type": "Feature",
      "geometry": {
        "type": "Point",
        "coordinates": [
          121.5467254,
          25.0423401
        ]
      },
      "properties": {
        "restid": "3930",
        "name": "CYCLO 洛城 忠孝門市",
        "address": "臺北市大安區大安路一段75巷9號",
        "phone": "02-27782569#",
        "city": "臺北市",
        "district": "大安區"
      }
    },
    {
      "type": "Feature",
      "geometry": {
        "type": "Point",
        "coordinates": [
          121.5170835,
          25.0443093
        ]
      },
      "properties": {
        "restid": "3846",
        "name": "美樂家速食坊",
        "address": "臺北市中正區常德街1號B1",
        "phone": "02-23111298#",
        "city": "臺北市",
        "district": "中正區"
      }
    },
    {
      "type": "Feature",
      "geometry": {
        "type": "Point",
        "coordinates": [
          121.524062,
          25.0538697
        ]
      },
      "properties": {
        "restid": "3861",
        "name": "大根日本料亭",
        "address": "臺北市中山區中山北路二段39巷14-1號",
        "phone": "02-25817776#",
        "city": "臺北市",
        "district": "中山區"
      }
    },
    {
      "type": "Feature",
      "geometry": {
        "type": "Point",
        "coordinates": [
          121.466765,
          25.013651
        ]
      },
      "properties": {
        "restid": "3810",
        "name": "老乾杯板橋大遠百店",
        "address": "新北市板橋區新北市板橋區新站路28號11樓",
        "phone": "02-29526466",
        "city": "新北市",
        "district": "板橋區"
      }
    },
    {
      "type": "Feature",
      "geometry": {
        "type": "Point",
        "coordinates": [
          121.5210481,
          25.0518449
        ]
      },
      "properties": {
        "restid": "3809",
        "name": "老乾杯南西店",
        "address": "臺北市中山區台北市中山區南京西路12號號7樓",
        "phone": "02-25215255",
        "city": "臺北市",
        "district": "中山區"
      }
    },
    {
      "type": "Feature",
      "geometry": {
        "type": "Point",
        "coordinates": [
          121.5452114,
          25.0535557
        ]
      },
      "properties": {
        "restid": "3808",
        "name": "老乾杯 慶城店",
        "address": "臺北市松山區台北市松山區慶城街29號1樓",
        "phone": "02-27139000",
        "city": "臺北市",
        "district": "松山區"
      }
    },
    {
      "type": "Feature",
      "geometry": {
        "type": "Point",
        "coordinates": [
          121.5667018,
          25.0366706
        ]
      },
      "properties": {
        "restid": "3807",
        "name": "老乾杯 信義店",
        "address": "臺北市信義區台北市信義區松壽路9號8樓",
        "phone": "02-27253311",
        "city": "臺北市",
        "district": "信義區"
      }
    },
    {
      "type": "Feature",
      "geometry": {
        "type": "Point",
        "coordinates": [
          121.5338781,
          25.1173343
        ]
      },
      "properties": {
        "restid": "3806",
        "name": "KANPAI CLASSIC 天母店",
        "address": "臺北市士林區台北市士林區忠誠路二段 200 號 2 樓",
        "phone": "02-28771550",
        "city": "臺北市",
        "district": "士林區"
      }
    },
    {
      "type": "Feature",
      "geometry": {
        "type": "Point",
        "coordinates": [
          121.449286,
          25.0597532
        ]
      },
      "properties": {
        "restid": "3833",
        "name": "黑毛屋 新莊宏匯店",
        "address": "新北市新莊區新北市新莊區新北大道四段 3 號 7 樓",
        "phone": "02-85222611",
        "city": "新北市",
        "district": "新莊區"
      }
    },
    {
      "type": "Feature",
      "geometry": {
        "type": "Point",
        "coordinates": [
          121.6149583,
          25.0588333
        ]
      },
      "properties": {
        "restid": "3832",
        "name": "黑毛屋 南港中信店",
        "address": "臺北市南港區台北市南港區經貿二路 186-1 號 2 樓",
        "phone": "02-27865669",
        "city": "臺北市",
        "district": "南港區"
      }
    },
    {
      "type": "Feature",
      "geometry": {
        "type": "Point",
        "coordinates": [
          121.5660665,
          25.03531
        ]
      },
      "properties": {
        "restid": "3831",
        "name": "黑毛屋 信義 ATT 店",
        "address": "臺北市信義區台北市信義區松壽路 12 號 4 樓",
        "phone": "02-77362698",
        "city": "臺北市",
        "district": "信義區"
      }
    },
    {
      "type": "Feature",
      "geometry": {
        "type": "Point",
        "coordinates": [
          121.4673332,
          25.0140651
        ]
      },
      "properties": {
        "restid": "3838",
        "name": "黑毛屋本家 板橋大遠百店",
        "address": "新北市板橋區新北市板橋區新站路 28 號",
        "phone": "02-29524088",
        "city": "新北市",
        "district": "板橋區"
      }
    },
    {
      "type": "Feature",
      "geometry": {
        "type": "Point",
        "coordinates": [
          121.5667147,
          25.0395325
        ]
      },
      "properties": {
        "restid": "3837",
        "name": "黑毛屋本家 信義店",
        "address": "臺北市信義區台北市信義區松高路 19 號 6 樓",
        "phone": "02-27237722",
        "city": "臺北市",
        "district": "信義區"
      }
    },
    {
      "type": "Feature",
      "geometry": {
        "type": "Point",
        "coordinates": [
          121.449286,
          25.0597532
        ]
      },
      "properties": {
        "restid": "3823",
        "name": "乾杯燒肉居酒屋 新莊宏匯店",
        "address": "新北市新莊區新北市新莊區新北大道四段3號7樓",
        "phone": "02-85216277",
        "city": "新北市",
        "district": "新莊區"
      }
    },
    {
      "type": "Feature",
      "geometry": {
        "type": "Point",
        "coordinates": [
          121.364181,
          25.0707927
        ]
      },
      "properties": {
        "restid": "3822",
        "name": "乾杯燒肉居酒屋 林口店",
        "address": "新北市林口區新北市林口區文化三路一段356號2樓",
        "phone": "02-26068522",
        "city": "新北市",
        "district": "林口區"
      }
    },
    {
      "type": "Feature",
      "geometry": {
        "type": "Point",
        "coordinates": [
          121.4637592,
          25.0141259
        ]
      },
      "properties": {
        "restid": "3821",
        "name": "乾杯列車 板橋站",
        "address": "新北市板橋區新北市板橋區縣民大道2段7號2樓",
        "phone": "02-89693333",
        "city": "新北市",
        "district": "板橋區"
      }
    },
    {
      "type": "Feature",
      "geometry": {
        "type": "Point",
        "coordinates": [
          121.6149583,
          25.0588333
        ]
      },
      "properties": {
        "restid": "3820",
        "name": "乾杯燒肉居酒屋 南港中信店",
        "address": "臺北市南港區台北市南港區經貿二路186-1號2樓",
        "phone": "02-27866066",
        "city": "臺北市",
        "district": "南港區"
      }
    },
    {
      "type": "Feature",
      "geometry": {
        "type": "Point",
        "coordinates": [
          121.5660108,
          25.035488
        ]
      },
      "properties": {
        "restid": "3819",
        "name": "乾杯燒肉居酒屋 信義 ATT 店",
        "address": "臺北市信義區台北市信義區松壽路12號3樓",
        "phone": "02-87860808",
        "city": "臺北市",
        "district": "信義區"
      }
    },
    {
      "type": "Feature",
      "geometry": {
        "type": "Point",
        "coordinates": [
          121.5202225,
          25.0531403
        ]
      },
      "properties": {
        "restid": "3818",
        "name": "乾杯燒肉居酒屋 中山店",
        "address": "臺北市大同區台北市大同區南京西路25巷2-1號",
        "phone": "02-25556110",
        "city": "臺北市",
        "district": "大同區"
      }
    },
    {
      "type": "Feature",
      "geometry": {
        "type": "Point",
        "coordinates": [
          121.5469919,
          25.0406471
        ]
      },
      "properties": {
        "restid": "3817",
        "name": "乾杯燒肉居酒屋 本店",
        "address": "臺北市大安區台北市大安區敦化南路一段236巷17號",
        "phone": "02-87731150",
        "city": "臺北市",
        "district": "大安區"
      }
    },
    {
      "type": "Feature",
      "geometry": {
        "type": "Point",
        "coordinates": [
          121.5467199,
          24.9761494
        ]
      },
      "properties": {
        "restid": "4107",
        "name": "Mrs. Mapo麻婆豆腐 新店家樂福店",
        "address": "新北市新店區中興路三段1號1F",
        "phone": "02-29115569#",
        "city": "新北市",
        "district": "新店區"
      }
    },
    {
      "type": "Feature",
      "geometry": {
        "type": "Point",
        "coordinates": [
          121.5606895,
          25.0502581
        ]
      },
      "properties": {
        "restid": "4119",
        "name": "萬芳冰室-南京店",
        "address": "臺北市松山區台北市松山區南京東路五段66巷16號",
        "phone": "02-27494069",
        "city": "臺北市",
        "district": "松山區"
      }
    },
    {
      "type": "Feature",
      "geometry": {
        "type": "Point",
        "coordinates": [
          121.6882861,
          25.2038901
        ]
      },
      "properties": {
        "restid": "4091",
        "name": "意芳飯店",
        "address": "新北市萬里區港東路155號",
        "phone": "-#",
        "city": "新北市",
        "district": "萬里區"
      }
    },
    {
      "type": "Feature",
      "geometry": {
        "type": "Point",
        "coordinates": [
          121.4441505,
          25.1842185
        ]
      },
      "properties": {
        "restid": "4379",
        "name": "黑沃咖啡-淡水新市店",
        "address": "新北市淡水區新北市淡水區中山北路二段163號",
        "phone": "04-22624040#",
        "city": "新北市",
        "district": "淡水區"
      }
    },
    {
      "type": "Feature",
      "geometry": {
        "type": "Point",
        "coordinates": [
          121.6189808,
          25.0710633
        ]
      },
      "properties": {
        "restid": "4378",
        "name": "黑沃咖啡-內湖康樂店",
        "address": "臺北市內湖區台北市內湖區樂康里康樂街116號1樓",
        "phone": "04-22624040#",
        "city": "臺北市",
        "district": "內湖區"
      }
    },
    {
      "type": "Feature",
      "geometry": {
        "type": "Point",
        "coordinates": [
          121.3625153,
          25.071206
        ]
      },
      "properties": {
        "restid": "4377",
        "name": "黑沃咖啡-林口文化店",
        "address": "新北市林口區新北市林口區文化三路一段225巷6號",
        "phone": "04-22624040#",
        "city": "新北市",
        "district": "林口區"
      }
    },
    {
      "type": "Feature",
      "geometry": {
        "type": "Point",
        "coordinates": [
          121.3747071,
          24.9439922
        ]
      },
      "properties": {
        "restid": "4376",
        "name": "黑沃咖啡-三峽大學店",
        "address": "新北市三峽區新北市三峽區大學路120號",
        "phone": "04-22624040#",
        "city": "新北市",
        "district": "三峽區"
      }
    },
    {
      "type": "Feature",
      "geometry": {
        "type": "Point",
        "coordinates": [
          121.5338449,
          25.0535391
        ]
      },
      "properties": {
        "restid": "4375",
        "name": "黑沃咖啡-陽光四平店",
        "address": "臺北市中山區台北市中山區四平街70號",
        "phone": "04-22624040#",
        "city": "臺北市",
        "district": "中山區"
      }
    },
    {
      "type": "Feature",
      "geometry": {
        "type": "Point",
        "coordinates": [
          121.520265,
          25.009836
        ]
      },
      "properties": {
        "restid": "4374",
        "name": "黑沃咖啡-永和竹林店",
        "address": "新北市永和區新北市永和區竹林路178號",
        "phone": "04-22624040#",
        "city": "新北市",
        "district": "永和區"
      }
    },
    {
      "type": "Feature",
      "geometry": {
        "type": "Point",
        "coordinates": [
          121.6231943,
          25.0678719
        ]
      },
      "properties": {
        "restid": "4360",
        "name": "黑沃咖啡-汐止白天鵝店",
        "address": "新北市汐止區新北市汐止區康寧街169巷8之1號1樓",
        "phone": "04-22624040#",
        "city": "新北市",
        "district": "汐止區"
      }
    },
    {
      "type": "Feature",
      "geometry": {
        "type": "Point",
        "coordinates": [
          121.5442907,
          25.0521783
        ]
      },
      "properties": {
        "restid": "4358",
        "name": "黑沃咖啡-南京復興店",
        "address": "臺北市松山區台北市松山區南京東路三段253號",
        "phone": "04-22624040#",
        "city": "臺北市",
        "district": "松山區"
      }
    },
    {
      "type": "Feature",
      "geometry": {
        "type": "Point",
        "coordinates": [
          121.564101,
          25.0334929
        ]
      },
      "properties": {
        "restid": "4555",
        "name": "DA ANTONIO",
        "address": "臺北市信義區市府路45號5樓",
        "phone": "02-81018268#",
        "city": "臺北市",
        "district": "信義區"
      }
    },
    {
      "type": "Feature",
      "geometry": {
        "type": "Point",
        "coordinates": [
          121.5188189,
          25.04423038
        ]
      },
      "properties": {
        "restid": "3281",
        "name": "OEC蚌麵",
        "address": "臺北市中正區台北市中正區中山南路8號B1",
        "phone": "02-23117819#",
        "city": "臺北市",
        "district": "中正區"
      }
    },
    {
      "type": "Feature",
      "geometry": {
        "type": "Point",
        "coordinates": [
          121.4668636,
          25.0136294
        ]
      },
      "properties": {
        "restid": "3247",
        "name": "海底撈火鍋板橋店",
        "address": "新北市板橋區新站路28號5樓",
        "phone": "02-29641328#",
        "city": "新北市",
        "district": "板橋區"
      }
    },
    {
      "type": "Feature",
      "geometry": {
        "type": "Point",
        "coordinates": [
          121.4740823,
          25.0163835
        ]
      },
      "properties": {
        "restid": "3712",
        "name": "邑朵早午餐",
        "address": "新北市板橋區中山路二段89巷12號",
        "phone": "02-29578182#",
        "city": "新北市",
        "district": "板橋區"
      }
    },
    {
      "type": "Feature",
      "geometry": {
        "type": "Point",
        "coordinates": [
          121.4451026,
          25.0417846
        ]
      },
      "properties": {
        "restid": "3583",
        "name": "峰精緻鍋物餐酒",
        "address": "新北市新莊區新泰路322號",
        "phone": "02-29940898#",
        "city": "新北市",
        "district": "新莊區"
      }
    },
    {
      "type": "Feature",
      "geometry": {
        "type": "Point",
        "coordinates": [
          121.540607,
          25.0513254
        ]
      },
      "properties": {
        "restid": "3582",
        "name": "三友拉麵(龍江店)",
        "address": "臺北市中山區龍江路93號",
        "phone": "02-8772997#",
        "city": "臺北市",
        "district": "中山區"
      }
    },
    {
      "type": "Feature",
      "geometry": {
        "type": "Point",
        "coordinates": [
          121.4632481,
          24.9934481
        ]
      },
      "properties": {
        "restid": "3581",
        "name": "肥熊早早午餐",
        "address": "新北市板橋區廣和街33之6號",
        "phone": "02-29551057#",
        "city": "新北市",
        "district": "板橋區"
      }
    },
    {
      "type": "Feature",
      "geometry": {
        "type": "Point",
        "coordinates": [
          121.5139338,
          25.010285
        ]
      },
      "properties": {
        "restid": "3578",
        "name": "文昌小老弟糟粕醋火鍋",
        "address": "新北市永和區中山路一段13號2樓",
        "phone": "02-29276999#",
        "city": "新北市",
        "district": "永和區"
      }
    },
    {
      "type": "Feature",
      "geometry": {
        "type": "Point",
        "coordinates": [
          121.4426469,
          24.9996649
        ]
      },
      "properties": {
        "restid": "3603",
        "name": "嗑厚班早午餐",
        "address": "新北市板橋區龍興街11號",
        "phone": "02-89699525#",
        "city": "新北市",
        "district": "板橋區"
      }
    },
    {
      "type": "Feature",
      "geometry": {
        "type": "Point",
        "coordinates": [
          121.6161399,
          25.057195
        ]
      },
      "properties": {
        "restid": "3599",
        "name": "餡老滿(南港旗艦店)",
        "address": "臺北市南港區經貿二路66號2樓",
        "phone": "02-27893423#",
        "city": "臺北市",
        "district": "南港區"
      }
    },
    {
      "type": "Feature",
      "geometry": {
        "type": "Point",
        "coordinates": [
          121.5303548,
          25.0506086
        ]
      },
      "properties": {
        "restid": "3598",
        "name": "餡老滿(台北吉林店)",
        "address": "臺北市中山區松江路90巷23號",
        "phone": "02-25672028#",
        "city": "臺北市",
        "district": "中山區"
      }
    },
    {
      "type": "Feature",
      "geometry": {
        "type": "Point",
        "coordinates": [
          121.5917598,
          25.0496914
        ]
      },
      "properties": {
        "restid": "3597",
        "name": "金春發牛肉店(昆陽店)",
        "address": "臺北市南港區忠孝東路六段372號",
        "phone": "02-26538189#",
        "city": "臺北市",
        "district": "南港區"
      }
    },
    {
      "type": "Feature",
      "geometry": {
        "type": "Point",
        "coordinates": [
          121.4277742,
          25.020805
        ]
      },
      "properties": {
        "restid": "3692",
        "name": "侯黑鍋物 冠軍酸菜個人鍋物 (新莊民安店)",
        "address": "新北市新莊區民安東路6號",
        "phone": "02-22068977#",
        "city": "新北市",
        "district": "新莊區"
      }
    },
    {
      "type": "Feature",
      "geometry": {
        "type": "Point",
        "coordinates": [
          121.4263142,
          25.0126864
        ]
      },
      "properties": {
        "restid": "3691",
        "name": "早安公雞農場晨食(新莊民安店)",
        "address": "新北市新莊區民安西路277號",
        "phone": "02-22042606#",
        "city": "新北市",
        "district": "新莊區"
      }
    },
    {
      "type": "Feature",
      "geometry": {
        "type": "Point",
        "coordinates": [
          121.4452345,
          24.9842658
        ]
      },
      "properties": {
        "restid": "3690",
        "name": "早安公雞農場晨食(土城店)",
        "address": "新北市土城區明德路二段106號",
        "phone": "02-82616068#",
        "city": "新北市",
        "district": "土城區"
      }
    },
    {
      "type": "Feature",
      "geometry": {
        "type": "Point",
        "coordinates": [
          121.5752559,
          25.0604224
        ]
      },
      "properties": {
        "restid": "3689",
        "name": "88號樂章-88 La Plaza",
        "address": "臺北市內湖區民善街88號5樓",
        "phone": "02-27943800#",
        "city": "臺北市",
        "district": "內湖區"
      }
    },
    {
      "type": "Feature",
      "geometry": {
        "type": "Point",
        "coordinates": [
          121.5568037,
          25.0426527
        ]
      },
      "properties": {
        "restid": "3686",
        "name": "星辰牛排",
        "address": "臺北市大安區光復南路180巷16號",
        "phone": "02-27217512#",
        "city": "臺北市",
        "district": "大安區"
      }
    },
    {
      "type": "Feature",
      "geometry": {
        "type": "Point",
        "coordinates": [
          121.5306017,
          25.0194042
        ]
      },
      "properties": {
        "restid": "3671",
        "name": "野橙咖啡",
        "address": "臺北市大安區羅斯福路三段269巷6之1號",
        "phone": "02-27025522#",
        "city": "臺北市",
        "district": "大安區"
      }
    },
    {
      "type": "Feature",
      "geometry": {
        "type": "Point",
        "coordinates": [
          121.4938741,
          25.0812528
        ]
      },
      "properties": {
        "restid": "3666",
        "name": "悠樂間 Shalom Cafe",
        "address": "新北市三重區自強路五段39號",
        "phone": "-#",
        "city": "新北市",
        "district": "三重區"
      }
    },
    {
      "type": "Feature",
      "geometry": {
        "type": "Point",
        "coordinates": [
          121.4611216,
          25.0511478
        ]
      },
      "properties": {
        "restid": "3665",
        "name": "幸福讚精品飯店",
        "address": "新北市新莊區思源路332巷9號",
        "phone": "02-29976688#",
        "city": "新北市",
        "district": "新莊區"
      }
    },
    {
      "type": "Feature",
      "geometry": {
        "type": "Point",
        "coordinates": [
          121.5626528,
          25.0404216
        ]
      },
      "properties": {
        "restid": "3664",
        "name": "王鍋屋逸仙創始總店",
        "address": "臺北市信義區逸仙路50巷20號1樓",
        "phone": "02-27588380#",
        "city": "臺北市",
        "district": "信義區"
      }
    },
    {
      "type": "Feature",
      "geometry": {
        "type": "Point",
        "coordinates": [
          121.457424,
          25.0265625
        ]
      },
      "properties": {
        "restid": "3646",
        "name": "鴨香飽 當歸豬腳當歸鴨(板橋店)",
        "address": "新北市板橋區新海路385巷28弄12號",
        "phone": "02-82570080#",
        "city": "新北市",
        "district": "板橋區"
      }
    },
    {
      "type": "Feature",
      "geometry": {
        "type": "Point",
        "coordinates": [
          121.5142773,
          24.9960255
        ]
      },
      "properties": {
        "restid": "3645",
        "name": "覓糖Mi Tang(永和中正店)",
        "address": "新北市永和區中正路39之1號",
        "phone": "02-86681249#",
        "city": "新北市",
        "district": "永和區"
      }
    },
    {
      "type": "Feature",
      "geometry": {
        "type": "Point",
        "coordinates": [
          121.5269707,
          25.0336693
        ]
      },
      "properties": {
        "restid": "3644",
        "name": "Miso微笑韓國料理",
        "address": "臺北市大安區金山南路二段6號",
        "phone": "02-23670281#",
        "city": "臺北市",
        "district": "大安區"
      }
    },
    {
      "type": "Feature",
      "geometry": {
        "type": "Point",
        "coordinates": [
          121.5526166,
          25.0325558
        ]
      },
      "properties": {
        "restid": "3562",
        "name": "醉美餐酒水煙館 Drunk Night",
        "address": "臺北市大安區文昌街128號",
        "phone": "-#",
        "city": "臺北市",
        "district": "大安區"
      }
    },
    {
      "type": "Feature",
      "geometry": {
        "type": "Point",
        "coordinates": [
          121.5004851,
          25.1304604
        ]
      },
      "properties": {
        "restid": "3561",
        "name": "美華閣湯包麵食館",
        "address": "臺北市北投區大興街58號",
        "phone": "02-28977288#",
        "city": "臺北市",
        "district": "北投區"
      }
    },
    {
      "type": "Feature",
      "geometry": {
        "type": "Point",
        "coordinates": [
          121.5241331,
          25.0676057
        ]
      },
      "properties": {
        "restid": "3639",
        "name": "Maya Bistro 瑪亞餐酒",
        "address": "臺北市中山區雙城街46巷1號1樓",
        "phone": "02-25850305#",
        "city": "臺北市",
        "district": "中山區"
      }
    },
    {
      "type": "Feature",
      "geometry": {
        "type": "Point",
        "coordinates": [
          121.5407182,
          25.0661129
        ]
      },
      "properties": {
        "restid": "3638",
        "name": "龍江涼麵",
        "address": "臺北市中山區龍江路356巷5號(近濱江市場)",
        "phone": "02-25062623#",
        "city": "臺北市",
        "district": "中山區"
      }
    },
    {
      "type": "Feature",
      "geometry": {
        "type": "Point",
        "coordinates": [
          121.4665067,
          25.0113562
        ]
      },
      "properties": {
        "restid": "3637",
        "name": "Kali Chimaek 韓式炸雞",
        "address": "新北市板橋區中山路一段158巷21號",
        "phone": "02-29647777#",
        "city": "新北市",
        "district": "板橋區"
      }
    },
    {
      "type": "Feature",
      "geometry": {
        "type": "Point",
        "coordinates": [
          121.5166394,
          25.0118553
        ]
      },
      "properties": {
        "restid": "3635",
        "name": "全 壽司丼飯煮物(永和店)",
        "address": "新北市永和區中興街55號",
        "phone": "02-89215959#",
        "city": "新北市",
        "district": "永和區"
      }
    },
    {
      "type": "Feature",
      "geometry": {
        "type": "Point",
        "coordinates": [
          121.4293995,
          25.0266472
        ]
      },
      "properties": {
        "restid": "3627",
        "name": "米勒卡早午餐",
        "address": "新北市新莊區建安街9巷12號",
        "phone": "02-22084480#",
        "city": "新北市",
        "district": "新莊區"
      }
    },
    {
      "type": "Feature",
      "geometry": {
        "type": "Point",
        "coordinates": [
          121.5167477,
          24.9965613
        ]
      },
      "properties": {
        "restid": "3620",
        "name": "泰雅田泰式小館(永和店)",
        "address": "新北市永和區民有街21巷2號1樓",
        "phone": "02-86689228#",
        "city": "新北市",
        "district": "永和區"
      }
    },
    {
      "type": "Feature",
      "geometry": {
        "type": "Point",
        "coordinates": [
          121.5318617,
          25.1063002
        ]
      },
      "properties": {
        "restid": "3619",
        "name": "成家小館(天母店)",
        "address": "臺北市士林區忠義街84號",
        "phone": "02-28366668#",
        "city": "臺北市",
        "district": "士林區"
      }
    },
    {
      "type": "Feature",
      "geometry": {
        "type": "Point",
        "coordinates": [
          121.4903192,
          25.06907483
        ]
      },
      "properties": {
        "restid": "2213",
        "name": "Q Burger三重自強店",
        "address": "新北市三重區自強路二段7號",
        "phone": "02-29882918",
        "city": "新北市",
        "district": "三重區"
      }
    },
    {
      "type": "Feature",
      "geometry": {
        "type": "Point",
        "coordinates": [
          121.51749027,
          24.99335855
        ]
      },
      "properties": {
        "restid": "2212",
        "name": "Q Burger中和大仁店",
        "address": "新北市中和區大仁街19巷6號1樓",
        "phone": "02-86680138",
        "city": "新北市",
        "district": "中和區"
      }
    },
    {
      "type": "Feature",
      "geometry": {
        "type": "Point",
        "coordinates": [
          121.54063767,
          24.97618263
        ]
      },
      "properties": {
        "restid": "2211",
        "name": "Q Burger新店建興店",
        "address": "新北市新店區建國路72號",
        "phone": "02-29115618",
        "city": "新北市",
        "district": "新店區"
      }
    },
    {
      "type": "Feature",
      "geometry": {
        "type": "Point",
        "coordinates": [
          121.4687488,
          25.06074392
        ]
      },
      "properties": {
        "restid": "2210",
        "name": "Q Burger創英店",
        "address": "新北市三重區中興北街236號",
        "phone": "02-29999589",
        "city": "新北市",
        "district": "三重區"
      }
    },
    {
      "type": "Feature",
      "geometry": {
        "type": "Point",
        "coordinates": [
          121.45483008,
          25.04159448
        ]
      },
      "properties": {
        "restid": "2209",
        "name": "Q Burger新莊中美店",
        "address": "新北市新莊區中港路179號",
        "phone": "02-29961570",
        "city": "新北市",
        "district": "新莊區"
      }
    },
    {
      "type": "Feature",
      "geometry": {
        "type": "Point",
        "coordinates": [
          121.5014259,
          25.06732098
        ]
      },
      "properties": {
        "restid": "2208",
        "name": "Q Burger三重長安店",
        "address": "新北市三重區長安街73號1樓",
        "phone": "02-29762393",
        "city": "新北市",
        "district": "三重區"
      }
    },
    {
      "type": "Feature",
      "geometry": {
        "type": "Point",
        "coordinates": [
          121.38380764,
          24.94949801
        ]
      },
      "properties": {
        "restid": "2207",
        "name": "Q Burger樹林大有店",
        "address": "新北市樹林區大有路118號",
        "phone": "02-26800083",
        "city": "新北市",
        "district": "樹林區"
      }
    },
    {
      "type": "Feature",
      "geometry": {
        "type": "Point",
        "coordinates": [
          121.4428054,
          25.17818065
        ]
      },
      "properties": {
        "restid": "2206",
        "name": "Q Burger淡水中山北店",
        "address": "新北市淡水區中山北路一段149巷28號",
        "phone": "02-26201186",
        "city": "新北市",
        "district": "淡水區"
      }
    },
    {
      "type": "Feature",
      "geometry": {
        "type": "Point",
        "coordinates": [
          121.4519317,
          25.03827926
        ]
      },
      "properties": {
        "restid": "2205",
        "name": "Q Burger新莊中華店",
        "address": "新北市新莊區中華路一段45巷2號",
        "phone": "02-29963313",
        "city": "新北市",
        "district": "新莊區"
      }
    },
    {
      "type": "Feature",
      "geometry": {
        "type": "Point",
        "coordinates": [
          121.44571097,
          25.09267915
        ]
      },
      "properties": {
        "restid": "2204",
        "name": "Q Burger五股洲子洋店",
        "address": "新北市五股區成泰路三段201號",
        "phone": "02-22921599",
        "city": "新北市",
        "district": "五股區"
      }
    },
    {
      "type": "Feature",
      "geometry": {
        "type": "Point",
        "coordinates": [
          121.4508688,
          25.05098148
        ]
      },
      "properties": {
        "restid": "2203",
        "name": "Q Burger新莊中信店",
        "address": "新北市新莊區中信街18號",
        "phone": "02-29902295",
        "city": "新北市",
        "district": "新莊區"
      }
    },
    {
      "type": "Feature",
      "geometry": {
        "type": "Point",
        "coordinates": [
          121.49375037,
          25.05955536
        ]
      },
      "properties": {
        "restid": "2202",
        "name": "Q Burger三重中正南店",
        "address": "新北市三重區中正南路49號",
        "phone": "02-29746343",
        "city": "新北市",
        "district": "三重區"
      }
    },
    {
      "type": "Feature",
      "geometry": {
        "type": "Point",
        "coordinates": [
          121.47184831,
          25.09166246
        ]
      },
      "properties": {
        "restid": "2190",
        "name": "Q Burger蘆洲民族店",
        "address": "新北市蘆洲區民族路357號",
        "phone": "02-22888383",
        "city": "新北市",
        "district": "蘆洲區"
      }
    },
    {
      "type": "Feature",
      "geometry": {
        "type": "Point",
        "coordinates": [
          121.51809565,
          24.99125973
        ]
      },
      "properties": {
        "restid": "2189",
        "name": "Q Burger中和景德店",
        "address": "新北市中和區景德街43號1樓",
        "phone": "02-29402661",
        "city": "新北市",
        "district": "中和區"
      }
    },
    {
      "type": "Feature",
      "geometry": {
        "type": "Point",
        "coordinates": [
          121.5217073,
          24.99637765
        ]
      },
      "properties": {
        "restid": "2188",
        "name": "Q Burger中和秀福店",
        "address": "新北市中和區更生街7號1樓",
        "phone": "02-29430512",
        "city": "新北市",
        "district": "中和區"
      }
    },
    {
      "type": "Feature",
      "geometry": {
        "type": "Point",
        "coordinates": [
          121.41786867,
          25.02240311
        ]
      },
      "properties": {
        "restid": "2187",
        "name": "Q Burger新莊裕民店",
        "address": "新北市新莊區裕民街128號",
        "phone": "02-29015532",
        "city": "新北市",
        "district": "新莊區"
      }
    },
    {
      "type": "Feature",
      "geometry": {
        "type": "Point",
        "coordinates": [
          121.46706327,
          25.12088098
        ]
      },
      "properties": {
        "restid": "2136",
        "name": "Q Burger北投知行店",
        "address": "臺北市北投區知行路249號",
        "phone": "02-28585885",
        "city": "臺北市",
        "district": "北投區"
      }
    },
    {
      "type": "Feature",
      "geometry": {
        "type": "Point",
        "coordinates": [
          121.54761027,
          24.9871716
        ]
      },
      "properties": {
        "restid": "2135",
        "name": "Q Burger文山世新店",
        "address": "臺北市文山區木柵路一段101號1樓及地下室",
        "phone": "02-22369201",
        "city": "臺北市",
        "district": "文山區"
      }
    },
    {
      "type": "Feature",
      "geometry": {
        "type": "Point",
        "coordinates": [
          121.49953327,
          25.13012386
        ]
      },
      "properties": {
        "restid": "2134",
        "name": "Q Burger北投大興店",
        "address": "臺北市北投區大興街48號",
        "phone": "02-28941027",
        "city": "臺北市",
        "district": "北投區"
      }
    },
    {
      "type": "Feature",
      "geometry": {
        "type": "Point",
        "coordinates": [
          121.5506281,
          25.00307703
        ]
      },
      "properties": {
        "restid": "2133",
        "name": "Q Burger文山福興店",
        "address": "臺北市文山區福興路45號",
        "phone": "02-29308228",
        "city": "臺北市",
        "district": "文山區"
      }
    },
    {
      "type": "Feature",
      "geometry": {
        "type": "Point",
        "coordinates": [
          121.53449357,
          25.06454446
        ]
      },
      "properties": {
        "restid": "2132",
        "name": "Q Burger中山農安店",
        "address": "臺北市中山區農安街170號1樓、地下室",
        "phone": "02-25150024",
        "city": "臺北市",
        "district": "中山區"
      }
    },
    {
      "type": "Feature",
      "geometry": {
        "type": "Point",
        "coordinates": [
          121.51446407,
          25.11894025
        ]
      },
      "properties": {
        "restid": "2131",
        "name": "Q Burger北投立農店",
        "address": "臺北市北投區立農街二段259號1樓",
        "phone": "02-28236017",
        "city": "臺北市",
        "district": "北投區"
      }
    },
    {
      "type": "Feature",
      "geometry": {
        "type": "Point",
        "coordinates": [
          121.4747789,
          25.0066821
        ]
      },
      "properties": {
        "restid": "2267",
        "name": "日出茶太",
        "address": "新北市中和區中山路三段122號3F",
        "phone": "02-82213316#",
        "city": "新北市",
        "district": "中和區"
      }
    },
    {
      "type": "Feature",
      "geometry": {
        "type": "Point",
        "coordinates": [
          121.5402377,
          24.96759793
        ]
      },
      "properties": {
        "restid": "2201",
        "name": "Q Burger新店中華店",
        "address": "新北市新店區中華路39號",
        "phone": "02-29120298",
        "city": "新北市",
        "district": "新店區"
      }
    },
    {
      "type": "Feature",
      "geometry": {
        "type": "Point",
        "coordinates": [
          121.50404467,
          24.9903134
        ]
      },
      "properties": {
        "restid": "2200",
        "name": "Q Burger中和復興店",
        "address": "新北市中和區復興路54號",
        "phone": "02-29462197",
        "city": "新北市",
        "district": "中和區"
      }
    },
    {
      "type": "Feature",
      "geometry": {
        "type": "Point",
        "coordinates": [
          121.3721358,
          24.94292681
        ]
      },
      "properties": {
        "restid": "2199",
        "name": "Q Burger三峽北大店",
        "address": "新北市三峽區國際二街37號",
        "phone": "02-26737288",
        "city": "新北市",
        "district": "三峽區"
      }
    },
    {
      "type": "Feature",
      "geometry": {
        "type": "Point",
        "coordinates": [
          121.48226112,
          25.0711568
        ]
      },
      "properties": {
        "restid": "2198",
        "name": "Q Burger三重力行店",
        "address": "新北市三重區力行路一段160號一樓及地下一樓",
        "phone": "02-29879488",
        "city": "新北市",
        "district": "三重區"
      }
    },
    {
      "type": "Feature",
      "geometry": {
        "type": "Point",
        "coordinates": [
          121.456762,
          25.02498796
        ]
      },
      "properties": {
        "restid": "2197",
        "name": "Q Burger板橋龍泉店",
        "address": "新北市板橋區龍泉街83號",
        "phone": "02-22570118",
        "city": "新北市",
        "district": "板橋區"
      }
    },
    {
      "type": "Feature",
      "geometry": {
        "type": "Point",
        "coordinates": [
          121.4763816,
          25.08748606
        ]
      },
      "properties": {
        "restid": "2196",
        "name": "Q Burger蘆洲復興店",
        "address": "新北市蘆洲區復興路83號",
        "phone": "02-82859155",
        "city": "新北市",
        "district": "蘆洲區"
      }
    },
    {
      "type": "Feature",
      "geometry": {
        "type": "Point",
        "coordinates": [
          121.39885894,
          25.14704405
        ]
      },
      "properties": {
        "restid": "2195",
        "name": "Q Burger八里中山店",
        "address": "新北市八里區中山路二段363號",
        "phone": "02-26194767",
        "city": "新北市",
        "district": "八里區"
      }
    },
    {
      "type": "Feature",
      "geometry": {
        "type": "Point",
        "coordinates": [
          121.49911441,
          24.99651625
        ]
      },
      "properties": {
        "restid": "2194",
        "name": "Q Burger中和圓通店",
        "address": "新北市中和區圓通路112號1樓",
        "phone": "02-22427298",
        "city": "新北市",
        "district": "中和區"
      }
    },
    {
      "type": "Feature",
      "geometry": {
        "type": "Point",
        "coordinates": [
          121.39084217,
          25.0789166
        ]
      },
      "properties": {
        "restid": "2193",
        "name": "Q Burger林口國小店",
        "address": "新北市林口區中山路156-1號一樓",
        "phone": "02-26012712",
        "city": "新北市",
        "district": "林口區"
      }
    },
    {
      "type": "Feature",
      "geometry": {
        "type": "Point",
        "coordinates": [
          121.511542,
          24.98703973
        ]
      },
      "properties": {
        "restid": "2192",
        "name": "Q Burger中和仁愛店",
        "address": "新北市中和區仁愛街102號",
        "phone": "02-29436889",
        "city": "新北市",
        "district": "中和區"
      }
    },
    {
      "type": "Feature",
      "geometry": {
        "type": "Point",
        "coordinates": [
          121.374572,
          24.93606769
        ]
      },
      "properties": {
        "restid": "2191",
        "name": "Q Burger三峽復興店",
        "address": "新北市三峽區復興路30號1樓",
        "phone": "02-86717069",
        "city": "新北市",
        "district": "三峽區"
      }
    },
    {
      "type": "Feature",
      "geometry": {
        "type": "Point",
        "coordinates": [
          121.4998209,
          25.2576183
        ]
      },
      "properties": {
        "restid": "2601",
        "name": "麥味登三芝公正",
        "address": "新北市三芝區公正街9號",
        "phone": "02-26369969",
        "city": "新北市",
        "district": "三芝區"
      }
    },
    {
      "type": "Feature",
      "geometry": {
        "type": "Point",
        "coordinates": [
          121.4628134,
          25.1355358
        ]
      },
      "properties": {
        "restid": "2600",
        "name": "麥味登竹圍米路",
        "address": "新北市淡水區民族路43號",
        "phone": "02-28081276",
        "city": "新北市",
        "district": "淡水區"
      }
    },
    {
      "type": "Feature",
      "geometry": {
        "type": "Point",
        "coordinates": [
          121.4478844,
          25.1692035
        ]
      },
      "properties": {
        "restid": "2599",
        "name": "麥味登淡水宇峰",
        "address": "新北市淡水區學府路45號",
        "phone": "02-26235201",
        "city": "新北市",
        "district": "淡水區"
      }
    },
    {
      "type": "Feature",
      "geometry": {
        "type": "Point",
        "coordinates": [
          121.4309137,
          25.1874613
        ]
      },
      "properties": {
        "restid": "2598",
        "name": "麥味登淡水台北灣",
        "address": "新北市淡水區新市一路一段99巷17號",
        "phone": "02-26292238",
        "city": "新北市",
        "district": "淡水區"
      }
    },
    {
      "type": "Feature",
      "geometry": {
        "type": "Point",
        "coordinates": [
          121.4452175,
          25.1722012
        ]
      },
      "properties": {
        "restid": "2597",
        "name": "麥味登淡水水源",
        "address": "新北市淡水區水源街一段78號",
        "phone": "02-26234139",
        "city": "新北市",
        "district": "淡水區"
      }
    },
    {
      "type": "Feature",
      "geometry": {
        "type": "Point",
        "coordinates": [
          121.4467044,
          25.1828161
        ]
      },
      "properties": {
        "restid": "2596",
        "name": "麥味登淡水新市",
        "address": "新北市淡水區新市一路三段108號",
        "phone": "02-86315511",
        "city": "新北市",
        "district": "淡水區"
      }
    },
    {
      "type": "Feature",
      "geometry": {
        "type": "Point",
        "coordinates": [
          121.4581777,
          25.1626604
        ]
      },
      "properties": {
        "restid": "2595",
        "name": "麥味登淡水紅樹林",
        "address": "新北市淡水區坪頂路51-1號",
        "phone": "02-86263339",
        "city": "新北市",
        "district": "淡水區"
      }
    },
    {
      "type": "Feature",
      "geometry": {
        "type": "Point",
        "coordinates": [
          121.44,
          25.1824621
        ]
      },
      "properties": {
        "restid": "2594",
        "name": "麥味登淡水新春",
        "address": "新北市淡水區新春街97號",
        "phone": "02-26212553",
        "city": "新北市",
        "district": "淡水區"
      }
    },
    {
      "type": "Feature",
      "geometry": {
        "type": "Point",
        "coordinates": [
          121.4371619,
          25.1789813
        ]
      },
      "properties": {
        "restid": "2593",
        "name": "麥味登淡水真理",
        "address": "新北市淡水區新民街180巷2號",
        "phone": "02-26205135",
        "city": "新北市",
        "district": "淡水區"
      }
    },
    {
      "type": "Feature",
      "geometry": {
        "type": "Point",
        "coordinates": [
          121.4485041,
          25.1773871
        ]
      },
      "properties": {
        "restid": "2592",
        "name": "麥味登淡水淡江",
        "address": "新北市淡水區北新路182巷37號",
        "phone": "02-26250018",
        "city": "新北市",
        "district": "淡水區"
      }
    },
    {
      "type": "Feature",
      "geometry": {
        "type": "Point",
        "coordinates": [
          121.4571687,
          25.0869188
        ]
      },
      "properties": {
        "restid": "2580",
        "name": "麥味登蘆洲康佑",
        "address": "新北市蘆洲區長安街343號",
        "phone": "02-82868137",
        "city": "新北市",
        "district": "蘆洲區"
      }
    },
    {
      "type": "Feature",
      "geometry": {
        "type": "Point",
        "coordinates": [
          121.4715653,
          25.0909954
        ]
      },
      "properties": {
        "restid": "2579",
        "name": "麥味登蘆洲中心",
        "address": "新北市蘆洲區民權路188-7號",
        "phone": "02-82866513",
        "city": "新北市",
        "district": "蘆洲區"
      }
    },
    {
      "type": "Feature",
      "geometry": {
        "type": "Point",
        "coordinates": [
          121.4683841,
          25.0807694
        ]
      },
      "properties": {
        "restid": "2578",
        "name": "麥味登蘆洲正和",
        "address": "新北市蘆洲區正和街79號",
        "phone": "02-82867980",
        "city": "新北市",
        "district": "蘆洲區"
      }
    },
    {
      "type": "Feature",
      "geometry": {
        "type": "Point",
        "coordinates": [
          121.479001,
          25.0894586
        ]
      },
      "properties": {
        "restid": "2577",
        "name": "麥味登蘆洲復興",
        "address": "新北市蘆洲區復興路181號",
        "phone": "02-82827200",
        "city": "新北市",
        "district": "蘆洲區"
      }
    },
    {
      "type": "Feature",
      "geometry": {
        "type": "Point",
        "coordinates": [
          121.4637507,
          25.0840096
        ]
      },
      "properties": {
        "restid": "2576",
        "name": "麥味登蘆洲長興",
        "address": "新北市蘆洲區長興路50巷3號",
        "phone": "02-22829933",
        "city": "新北市",
        "district": "蘆洲區"
      }
    },
    {
      "type": "Feature",
      "geometry": {
        "type": "Point",
        "coordinates": [
          121.3575484,
          25.0725389
        ]
      },
      "properties": {
        "restid": "2575",
        "name": "麥味登林口源泉",
        "address": "新北市林口區源泉街36號",
        "phone": "02-26092339",
        "city": "新北市",
        "district": "林口區"
      }
    },
    {
      "type": "Feature",
      "geometry": {
        "type": "Point",
        "coordinates": [
          121.3738252,
          25.0793289
        ]
      },
      "properties": {
        "restid": "2574",
        "name": "麥味登林口文化",
        "address": "新北市林口區文化三路二段36-1號",
        "phone": "02-26018032",
        "city": "新北市",
        "district": "林口區"
      }
    },
    {
      "type": "Feature",
      "geometry": {
        "type": "Point",
        "coordinates": [
          121.3694077,
          25.0764623
        ]
      },
      "properties": {
        "restid": "2573",
        "name": "麥味登林口香悅",
        "address": "新北市林口區文化三路一段555巷50號",
        "phone": "02-26082729",
        "city": "新北市",
        "district": "林口區"
      }
    },
    {
      "type": "Feature",
      "geometry": {
        "type": "Point",
        "coordinates": [
          121.3878135,
          25.0768451
        ]
      },
      "properties": {
        "restid": "2572",
        "name": "麥味登林口仁愛",
        "address": "新北市林口區仁愛路一段384號",
        "phone": "02-26011390",
        "city": "新北市",
        "district": "林口區"
      }
    },
    {
      "type": "Feature",
      "geometry": {
        "type": "Point",
        "coordinates": [
          121.3773839,
          25.0692827
        ]
      },
      "properties": {
        "restid": "2571",
        "name": "麥味登林口歐園",
        "address": "新北市林口區麗園二街2-4號",
        "phone": "02-26009889",
        "city": "新北市",
        "district": "林口區"
      }
    },
    {
      "type": "Feature",
      "geometry": {
        "type": "Point",
        "coordinates": [
          121.3608558,
          25.0759166
        ]
      },
      "properties": {
        "restid": "2570",
        "name": "麥味登林口南勢",
        "address": "新北市林口區南勢一街17巷51號",
        "phone": "02-26000275",
        "city": "新北市",
        "district": "林口區"
      }
    },
    {
      "type": "Feature",
      "geometry": {
        "type": "Point",
        "coordinates": [
          121.3642919,
          25.0739784
        ]
      },
      "properties": {
        "restid": "2569",
        "name": "麥味登林口民族",
        "address": "新北市林口區民族路22號",
        "phone": "-#",
        "city": "新北市",
        "district": "林口區"
      }
    },
    {
      "type": "Feature",
      "geometry": {
        "type": "Point",
        "coordinates": [
          121.3729436,
          25.0770384
        ]
      },
      "properties": {
        "restid": "2568",
        "name": "麥味登林口民有",
        "address": "新北市林口區民有街68號",
        "phone": "02-26081872",
        "city": "新北市",
        "district": "林口區"
      }
    },
    {
      "type": "Feature",
      "geometry": {
        "type": "Point",
        "coordinates": [
          121.414874,
          25.02792
        ]
      },
      "properties": {
        "restid": "2556",
        "name": "麥味登新莊玥萱",
        "address": "新北市新莊區雙鳳路88號",
        "phone": "02-29015928",
        "city": "新北市",
        "district": "新莊區"
      }
    },
    {
      "type": "Feature",
      "geometry": {
        "type": "Point",
        "coordinates": [
          121.4470889,
          25.0365779
        ]
      },
      "properties": {
        "restid": "2555",
        "name": "麥味登新莊五工二",
        "address": "新北市新莊區建中街85號",
        "phone": "02-29922522",
        "city": "新北市",
        "district": "新莊區"
      }
    },
    {
      "type": "Feature",
      "geometry": {
        "type": "Point",
        "coordinates": [
          121.4598634,
          25.066473
        ]
      },
      "properties": {
        "restid": "2554",
        "name": "麥味登新莊五工",
        "address": "新北市新莊區五工二路86巷2號",
        "phone": "02-22993799",
        "city": "新北市",
        "district": "新莊區"
      }
    },
    {
      "type": "Feature",
      "geometry": {
        "type": "Point",
        "coordinates": [
          121.4175311,
          25.0278075
        ]
      },
      "properties": {
        "restid": "2553",
        "name": "麥味登新莊天祥",
        "address": "新北市新莊區天祥街26-1號",
        "phone": "02-29084674",
        "city": "新北市",
        "district": "新莊區"
      }
    },
    {
      "type": "Feature",
      "geometry": {
        "type": "Point",
        "coordinates": [
          121.461815,
          25.052023
        ]
      },
      "properties": {
        "restid": "2552",
        "name": "麥味登新莊頭前公園",
        "address": "新北市新莊區頭成街163號",
        "phone": "02-29909163",
        "city": "新北市",
        "district": "新莊區"
      }
    },
    {
      "type": "Feature",
      "geometry": {
        "type": "Point",
        "coordinates": [
          121.4280961,
          25.0183584
        ]
      },
      "properties": {
        "restid": "2551",
        "name": "麥味登新莊西盛",
        "address": "新北市新莊區西盛街196號",
        "phone": "02-22010970",
        "city": "新北市",
        "district": "新莊區"
      }
    },
    {
      "type": "Feature",
      "geometry": {
        "type": "Point",
        "coordinates": [
          121.4490073,
          25.0529057
        ]
      },
      "properties": {
        "restid": "2550",
        "name": "麥味登新莊星榮",
        "address": "新北市新莊區中榮街60號",
        "phone": "02-29960669",
        "city": "新北市",
        "district": "新莊區"
      }
    },
    {
      "type": "Feature",
      "geometry": {
        "type": "Point",
        "coordinates": [
          121.448556,
          25.043157
        ]
      },
      "properties": {
        "restid": "2549",
        "name": "麥味登新莊星品",
        "address": "新北市新莊區中和街12號",
        "phone": "02-89910985",
        "city": "新北市",
        "district": "新莊區"
      }
    },
    {
      "type": "Feature",
      "geometry": {
        "type": "Point",
        "coordinates": [
          121.445154,
          25.049173
        ]
      },
      "properties": {
        "restid": "2548",
        "name": "麥味登新莊幸福",
        "address": "新北市新莊區幸福路834號",
        "phone": "02-22771234",
        "city": "新北市",
        "district": "新莊區"
      }
    },
    {
      "type": "Feature",
      "geometry": {
        "type": "Point",
        "coordinates": [
          121.4517652,
          25.0479308
        ]
      },
      "properties": {
        "restid": "2547",
        "name": "麥味登新莊星誠",
        "address": "新北市新莊區中誠街15號",
        "phone": "02-29931989",
        "city": "新北市",
        "district": "新莊區"
      }
    },
    {
      "type": "Feature",
      "geometry": {
        "type": "Point",
        "coordinates": [
          121.444267,
          25.0503544
        ]
      },
      "properties": {
        "restid": "2546",
        "name": "麥味登新莊歐洲村",
        "address": "新北市新莊區立信三街7巷1號",
        "phone": "02-29966927",
        "city": "新北市",
        "district": "新莊區"
      }
    },
    {
      "type": "Feature",
      "geometry": {
        "type": "Point",
        "coordinates": [
          121.4647192,
          25.054685
        ]
      },
      "properties": {
        "restid": "2545",
        "name": "麥味登新莊米娜",
        "address": "新北市新莊區中原東路30號",
        "phone": "02-85229700",
        "city": "新北市",
        "district": "新莊區"
      }
    },
    {
      "type": "Feature",
      "geometry": {
        "type": "Point",
        "coordinates": [
          121.4238066,
          25.0264584
        ]
      },
      "properties": {
        "restid": "2544",
        "name": "麥味登新莊民安",
        "address": "新北市新莊區民安路45號1樓",
        "phone": "02-22025530",
        "city": "新北市",
        "district": "新莊區"
      }
    },
    {
      "type": "Feature",
      "geometry": {
        "type": "Point",
        "coordinates": [
          121.4897717,
          25.0677893
        ]
      },
      "properties": {
        "restid": "2532",
        "name": "麥味登三重美福",
        "address": "新北市三重區重陽路三段162號",
        "phone": "02-29801388",
        "city": "新北市",
        "district": "三重區"
      }
    },
    {
      "type": "Feature",
      "geometry": {
        "type": "Point",
        "coordinates": [
          121.4789388,
          25.0751748
        ]
      },
      "properties": {
        "restid": "2531",
        "name": "麥味登三重木澄找餐",
        "address": "新北市三重區永福街179號",
        "phone": "02-22870179",
        "city": "新北市",
        "district": "三重區"
      }
    },
    {
      "type": "Feature",
      "geometry": {
        "type": "Point",
        "coordinates": [
          121.4841924,
          25.0566715
        ]
      },
      "properties": {
        "restid": "2530",
        "name": "麥味登三重捷運",
        "address": "新北市三重區捷運路37巷14號",
        "phone": "02-29877007",
        "city": "新北市",
        "district": "三重區"
      }
    },
    {
      "type": "Feature",
      "geometry": {
        "type": "Point",
        "coordinates": [
          121.498182,
          25.0598319
        ]
      },
      "properties": {
        "restid": "2529",
        "name": "麥味登三重正義",
        "address": "新北市三重區正義南路79號",
        "phone": "02-89762827",
        "city": "新北市",
        "district": "三重區"
      }
    },
    {
      "type": "Feature",
      "geometry": {
        "type": "Point",
        "coordinates": [
          121.4938392,
          25.0570072
        ]
      },
      "properties": {
        "restid": "2528",
        "name": "麥味登三重忠孝橋",
        "address": "新北市三重區中正南路131號",
        "phone": "02-29749888",
        "city": "新北市",
        "district": "三重區"
      }
    },
    {
      "type": "Feature",
      "geometry": {
        "type": "Point",
        "coordinates": [
          121.4889063,
          25.050383
        ]
      },
      "properties": {
        "restid": "2527",
        "name": "麥味登三重中興橋",
        "address": "新北市三重區成功路38號",
        "phone": "02-29768838",
        "city": "新北市",
        "district": "三重區"
      }
    },
    {
      "type": "Feature",
      "geometry": {
        "type": "Point",
        "coordinates": [
          121.4813875,
          25.0673445
        ]
      },
      "properties": {
        "restid": "2526",
        "name": "麥味登三重忠孝",
        "address": "新北市三重區忠孝路三段25號",
        "phone": "02-89850138",
        "city": "新北市",
        "district": "三重區"
      }
    },
    {
      "type": "Feature",
      "geometry": {
        "type": "Point",
        "coordinates": [
          121.478184,
          25.0689366
        ]
      },
      "properties": {
        "restid": "2525",
        "name": "麥味登三重佳德",
        "address": "新北市三重區三民街305號",
        "phone": "02-89825825",
        "city": "新北市",
        "district": "三重區"
      }
    },
    {
      "type": "Feature",
      "geometry": {
        "type": "Point",
        "coordinates": [
          121.4966797,
          25.0836525
        ]
      },
      "properties": {
        "restid": "2524",
        "name": "麥味登三重進安",
        "address": "新北市三重區自強路五段100號",
        "phone": "02-82879992",
        "city": "新北市",
        "district": "三重區"
      }
    },
    {
      "type": "Feature",
      "geometry": {
        "type": "Point",
        "coordinates": [
          121.496978,
          25.071069
        ]
      },
      "properties": {
        "restid": "2523",
        "name": "麥味登三重國小",
        "address": "新北市三重區仁愛街23號",
        "phone": "02-89762738",
        "city": "新北市",
        "district": "三重區"
      }
    },
    {
      "type": "Feature",
      "geometry": {
        "type": "Point",
        "coordinates": [
          121.4925465,
          25.0643761
        ]
      },
      "properties": {
        "restid": "2522",
        "name": "麥味登三重國隆",
        "address": "新北市三重區國隆路29號",
        "phone": "02-29818809",
        "city": "新北市",
        "district": "三重區"
      }
    },
    {
      "type": "Feature",
      "geometry": {
        "type": "Point",
        "coordinates": [
          121.4844281,
          25.0589149
        ]
      },
      "properties": {
        "restid": "2521",
        "name": "麥味登三重感恩",
        "address": "新北市三重區三陽路61號",
        "phone": "02-29896559",
        "city": "新北市",
        "district": "三重區"
      }
    },
    {
      "type": "Feature",
      "geometry": {
        "type": "Point",
        "coordinates": [
          121.494585,
          25.0637566
        ]
      },
      "properties": {
        "restid": "2520",
        "name": "麥味登三重大同",
        "address": "新北市三重區大同北路97號",
        "phone": "02-89855749",
        "city": "新北市",
        "district": "三重區"
      }
    },
    {
      "type": "Feature",
      "geometry": {
        "type": "Point",
        "coordinates": [
          121.3823322,
          24.9452355
        ]
      },
      "properties": {
        "restid": "2508",
        "name": "麥味登北大大成",
        "address": "新北市樹林區大成路11號",
        "phone": "02-26689550",
        "city": "新北市",
        "district": "樹林區"
      }
    },
    {
      "type": "Feature",
      "geometry": {
        "type": "Point",
        "coordinates": [
          121.362726,
          24.937461
        ]
      },
      "properties": {
        "restid": "2507",
        "name": "麥味登三峽恩主公",
        "address": "新北市三峽區中山路234號",
        "phone": "02-86723234",
        "city": "新北市",
        "district": "三峽區"
      }
    },
    {
      "type": "Feature",
      "geometry": {
        "type": "Point",
        "coordinates": [
          121.3710409,
          24.927137
        ]
      },
      "properties": {
        "restid": "2506",
        "name": "麥味登三峽大同",
        "address": "新北市三峽區大同路196-2號",
        "phone": "02-86741909",
        "city": "新北市",
        "district": "三峽區"
      }
    },
    {
      "type": "Feature",
      "geometry": {
        "type": "Point",
        "coordinates": [
          121.3757911,
          24.9453749
        ]
      },
      "properties": {
        "restid": "2505",
        "name": "麥味登三峽北大",
        "address": "新北市三峽區大德路190號",
        "phone": "02-26724567",
        "city": "新北市",
        "district": "三峽區"
      }
    },
    {
      "type": "Feature",
      "geometry": {
        "type": "Point",
        "coordinates": [
          121.4680779,
          24.9917972
        ]
      },
      "properties": {
        "restid": "2504",
        "name": "麥味登土城延平",
        "address": "新北市土城區延平街七號",
        "phone": "02-82610041",
        "city": "新北市",
        "district": "土城區"
      }
    },
    {
      "type": "Feature",
      "geometry": {
        "type": "Point",
        "coordinates": [
          121.455792,
          24.9829734
        ]
      },
      "properties": {
        "restid": "2503",
        "name": "麥味登土城裕民",
        "address": "新北市土城區裕民路259巷24號",
        "phone": "02-82601899",
        "city": "新北市",
        "district": "土城區"
      }
    },
    {
      "type": "Feature",
      "geometry": {
        "type": "Point",
        "coordinates": [
          121.4530779,
          24.9864719
        ]
      },
      "properties": {
        "restid": "2502",
        "name": "麥味登土城學成",
        "address": "新北市土城區學成路9號",
        "phone": "02-82732522",
        "city": "新北市",
        "district": "土城區"
      }
    },
    {
      "type": "Feature",
      "geometry": {
        "type": "Point",
        "coordinates": [
          121.443861,
          24.978263
        ]
      },
      "properties": {
        "restid": "2501",
        "name": "麥味登土城日月光",
        "address": "新北市土城區中央路二段61巷42號",
        "phone": "02-22707168",
        "city": "新北市",
        "district": "土城區"
      }
    },
    {
      "type": "Feature",
      "geometry": {
        "type": "Point",
        "coordinates": [
          121.4601706,
          24.9775566
        ]
      },
      "properties": {
        "restid": "2500",
        "name": "麥味登土城明德",
        "address": "新北市土城區明德路一段240巷2號",
        "phone": "02-82620030",
        "city": "新北市",
        "district": "土城區"
      }
    },
    {
      "type": "Feature",
      "geometry": {
        "type": "Point",
        "coordinates": [
          121.4468642,
          24.9834204
        ]
      },
      "properties": {
        "restid": "2499",
        "name": "麥味登土城海山",
        "address": "新北市土城區明德路二段199號",
        "phone": "02-82621058",
        "city": "新北市",
        "district": "土城區"
      }
    },
    {
      "type": "Feature",
      "geometry": {
        "type": "Point",
        "coordinates": [
          121.442426,
          24.973318
        ]
      },
      "properties": {
        "restid": "2498",
        "name": "麥味登土城光明",
        "address": "新北市土城區光明街63號",
        "phone": "02-22706879",
        "city": "新北市",
        "district": "土城區"
      }
    },
    {
      "type": "Feature",
      "geometry": {
        "type": "Point",
        "coordinates": [
          121.4593819,
          24.9819173
        ]
      },
      "properties": {
        "restid": "2497",
        "name": "麥味登土城青雲",
        "address": "新北市土城區青雲路215號",
        "phone": "02-22660768",
        "city": "新北市",
        "district": "土城區"
      }
    },
    {
      "type": "Feature",
      "geometry": {
        "type": "Point",
        "coordinates": [
          121.4656689,
          24.9835131
        ]
      },
      "properties": {
        "restid": "2496",
        "name": "麥味登土城清高",
        "address": "新北市土城區明德路一段73號",
        "phone": "02-22602220",
        "city": "新北市",
        "district": "土城區"
      }
    },
    {
      "type": "Feature",
      "geometry": {
        "type": "Point",
        "coordinates": [
          121.508198,
          24.9992265
        ]
      },
      "properties": {
        "restid": "2484",
        "name": "麥味登中和景安",
        "address": "新北市中和區景安路13號",
        "phone": "02-89432800",
        "city": "新北市",
        "district": "中和區"
      }
    },
    {
      "type": "Feature",
      "geometry": {
        "type": "Point",
        "coordinates": [
          121.5077128,
          24.9825129
        ]
      },
      "properties": {
        "restid": "2483",
        "name": "麥味登中和華新",
        "address": "新北市中和區華新街150號",
        "phone": "02-86680570",
        "city": "新北市",
        "district": "中和區"
      }
    },
    {
      "type": "Feature",
      "geometry": {
        "type": "Point",
        "coordinates": [
          121.5088215,
          24.9904649
        ]
      },
      "properties": {
        "restid": "2482",
        "name": "麥味登中和和平",
        "address": "新北市中和區和平街15-1號",
        "phone": "02-86680428",
        "city": "新北市",
        "district": "中和區"
      }
    },
    {
      "type": "Feature",
      "geometry": {
        "type": "Point",
        "coordinates": [
          121.504235,
          24.9902882
        ]
      },
      "properties": {
        "restid": "2481",
        "name": "麥味登中和復興",
        "address": "新北市中和區復興路50號",
        "phone": "02-29488698",
        "city": "新北市",
        "district": "中和區"
      }
    },
    {
      "type": "Feature",
      "geometry": {
        "type": "Point",
        "coordinates": [
          121.5092823,
          24.9975543
        ]
      },
      "properties": {
        "restid": "2480",
        "name": "麥味登中和福澤",
        "address": "新北市中和區保健路47號",
        "phone": "02-89419688",
        "city": "新北市",
        "district": "中和區"
      }
    },
    {
      "type": "Feature",
      "geometry": {
        "type": "Point",
        "coordinates": [
          121.4712742,
          25.0046247
        ]
      },
      "properties": {
        "restid": "2479",
        "name": "麥味登中和德光",
        "address": "新北市中和區德光路14號",
        "phone": "02-29620233",
        "city": "新北市",
        "district": "中和區"
      }
    },
    {
      "type": "Feature",
      "geometry": {
        "type": "Point",
        "coordinates": [
          121.5177867,
          25.0045452
        ]
      },
      "properties": {
        "restid": "2478",
        "name": "麥味登永和選手",
        "address": "新北市永和區永貞路152號",
        "phone": "02-29229929",
        "city": "新北市",
        "district": "永和區"
      }
    },
    {
      "type": "Feature",
      "geometry": {
        "type": "Point",
        "coordinates": [
          121.506583,
          25.0132654
        ]
      },
      "properties": {
        "restid": "2477",
        "name": "麥味登永和仁愛公園",
        "address": "新北市永和區永平路320號",
        "phone": "02-89213076",
        "city": "新北市",
        "district": "永和區"
      }
    },
    {
      "type": "Feature",
      "geometry": {
        "type": "Point",
        "coordinates": [
          121.5114616,
          25.0129159
        ]
      },
      "properties": {
        "restid": "2476",
        "name": "麥味登永和仁愛",
        "address": "新北市永和區仁愛路145號",
        "phone": "02-29250236",
        "city": "新北市",
        "district": "永和區"
      }
    },
    {
      "type": "Feature",
      "geometry": {
        "type": "Point",
        "coordinates": [
          121.5016722,
          25.0103272
        ]
      },
      "properties": {
        "restid": "2475",
        "name": "麥味登永和環河",
        "address": "新北市永和區環河西路2段213號",
        "phone": "02-29233833",
        "city": "新北市",
        "district": "永和區"
      }
    },
    {
      "type": "Feature",
      "geometry": {
        "type": "Point",
        "coordinates": [
          121.5155481,
          25.0071305
        ]
      },
      "properties": {
        "restid": "2474",
        "name": "麥味登永和福和",
        "address": "新北市永和區福和路343號",
        "phone": "02-29219297",
        "city": "新北市",
        "district": "永和區"
      }
    },
    {
      "type": "Feature",
      "geometry": {
        "type": "Point",
        "coordinates": [
          121.5231151,
          24.9992732
        ]
      },
      "properties": {
        "restid": "2473",
        "name": "麥味登永和得和",
        "address": "新北市永和區得和路328號",
        "phone": "02-29439796",
        "city": "新北市",
        "district": "永和區"
      }
    },
    {
      "type": "Feature",
      "geometry": {
        "type": "Point",
        "coordinates": [
          121.508775,
          25.005189
        ]
      },
      "properties": {
        "restid": "2472",
        "name": "麥味登永和保平",
        "address": "新北市永和區保平路266號",
        "phone": "02-29225899",
        "city": "新北市",
        "district": "永和區"
      }
    },
    {
      "type": "Feature",
      "geometry": {
        "type": "Point",
        "coordinates": [
          121.659453,
          25.063891
        ]
      },
      "properties": {
        "restid": "2460",
        "name": "麥味登汐止仁愛",
        "address": "新北市汐止區仁愛路23號",
        "phone": "02-26492558",
        "city": "新北市",
        "district": "汐止區"
      }
    },
    {
      "type": "Feature",
      "geometry": {
        "type": "Point",
        "coordinates": [
          121.662422,
          25.068118
        ]
      },
      "properties": {
        "restid": "2459",
        "name": "麥味登汐止名城店",
        "address": "新北市汐止區新昌路37-1號",
        "phone": "02-86910234",
        "city": "新北市",
        "district": "汐止區"
      }
    },
    {
      "type": "Feature",
      "geometry": {
        "type": "Point",
        "coordinates": [
          121.6412293,
          25.0691825
        ]
      },
      "properties": {
        "restid": "2458",
        "name": "麥味登汐止玖達",
        "address": "新北市汐止區樟樹二路296號",
        "phone": "02-26427171",
        "city": "新北市",
        "district": "汐止區"
      }
    },
    {
      "type": "Feature",
      "geometry": {
        "type": "Point",
        "coordinates": [
          121.6611892,
          25.0724517
        ]
      },
      "properties": {
        "restid": "2457",
        "name": "麥味登汐止建成",
        "address": "新北市汐止區建成路59巷49號",
        "phone": "02-86422575",
        "city": "新北市",
        "district": "汐止區"
      }
    },
    {
      "type": "Feature",
      "geometry": {
        "type": "Point",
        "coordinates": [
          121.6645007,
          25.0650601
        ]
      },
      "properties": {
        "restid": "2456",
        "name": "麥味登汐止皇家",
        "address": "新北市汐止區仁愛路166號",
        "phone": "02-26433078",
        "city": "新北市",
        "district": "汐止區"
      }
    },
    {
      "type": "Feature",
      "geometry": {
        "type": "Point",
        "coordinates": [
          121.6386265,
          25.0693531
        ]
      },
      "properties": {
        "restid": "2455",
        "name": "麥味登汐止福德",
        "address": "新北市汐止區福德一路20號",
        "phone": "02-26922316",
        "city": "新北市",
        "district": "汐止區"
      }
    },
    {
      "type": "Feature",
      "geometry": {
        "type": "Point",
        "coordinates": [
          121.6354522,
          25.0654564
        ]
      },
      "properties": {
        "restid": "2454",
        "name": "麥味登汐止福氣",
        "address": "新北市汐止區福德一路201巷6號",
        "phone": "02-26925177",
        "city": "新北市",
        "district": "汐止區"
      }
    },
    {
      "type": "Feature",
      "geometry": {
        "type": "Point",
        "coordinates": [
          121.6566387,
          25.0718399
        ]
      },
      "properties": {
        "restid": "2453",
        "name": "麥味登汐止長江",
        "address": "新北市汐止區長江街65號",
        "phone": "02-26482088",
        "city": "新北市",
        "district": "汐止區"
      }
    },
    {
      "type": "Feature",
      "geometry": {
        "type": "Point",
        "coordinates": [
          121.665977,
          25.070649
        ]
      },
      "properties": {
        "restid": "2452",
        "name": "麥味登汐止茄苳",
        "address": "新北市汐止區茄苳路42-1號",
        "phone": "02-86477766",
        "city": "新北市",
        "district": "汐止區"
      }
    },
    {
      "type": "Feature",
      "geometry": {
        "type": "Point",
        "coordinates": [
          121.4297676,
          24.9941843
        ]
      },
      "properties": {
        "restid": "2451",
        "name": "麥味登樹林秀泰",
        "address": "新北市板橋區大觀路三段160巷46號",
        "phone": "02-26860822",
        "city": "新北市",
        "district": "板橋區"
      }
    },
    {
      "type": "Feature",
      "geometry": {
        "type": "Point",
        "coordinates": [
          121.4610281,
          25.0228456
        ]
      },
      "properties": {
        "restid": "2450",
        "name": "麥味登新北新海",
        "address": "新北市板橋區新海路117號",
        "phone": "02-22568688",
        "city": "新北市",
        "district": "板橋區"
      }
    },
    {
      "type": "Feature",
      "geometry": {
        "type": "Point",
        "coordinates": [
          121.472637,
          25.026135
        ]
      },
      "properties": {
        "restid": "2449",
        "name": "麥味登板橋藝文",
        "address": "新北市板橋區莊敬路99號",
        "phone": "02-82570520",
        "city": "新北市",
        "district": "板橋區"
      }
    },
    {
      "type": "Feature",
      "geometry": {
        "type": "Point",
        "coordinates": [
          121.475779,
          25.0205948
        ]
      },
      "properties": {
        "restid": "2448",
        "name": "麥味登板橋永豐",
        "address": "新北市板橋區永豐街171號",
        "phone": "02-29512885",
        "city": "新北市",
        "district": "板橋區"
      }
    },
    {
      "type": "Feature",
      "geometry": {
        "type": "Point",
        "coordinates": [
          121.428018,
          24.985246
        ]
      },
      "properties": {
        "restid": "2436",
        "name": "麥味登板橋金鑽",
        "address": "新北市板橋區金門街324巷7號",
        "phone": "02-26860901",
        "city": "新北市",
        "district": "板橋區"
      }
    },
    {
      "type": "Feature",
      "geometry": {
        "type": "Point",
        "coordinates": [
          121.457572,
          25.0191
        ]
      },
      "properties": {
        "restid": "2435",
        "name": "麥味登板橋中正",
        "address": "新北市板橋區中正路216巷57號",
        "phone": "02-22720613",
        "city": "新北市",
        "district": "板橋區"
      }
    },
    {
      "type": "Feature",
      "geometry": {
        "type": "Point",
        "coordinates": [
          121.4713256,
          25.0225405
        ]
      },
      "properties": {
        "restid": "2434",
        "name": "麥味登板橋莊敬",
        "address": "新北市板橋區莊敬路162號",
        "phone": "02-22581447",
        "city": "新北市",
        "district": "板橋區"
      }
    },
    {
      "type": "Feature",
      "geometry": {
        "type": "Point",
        "coordinates": [
          121.4740143,
          25.0225634
        ]
      },
      "properties": {
        "restid": "2433",
        "name": "麥味登板橋莒光",
        "address": "新北市板橋區莒光路188號",
        "phone": "02-22566826",
        "city": "新北市",
        "district": "板橋區"
      }
    },
    {
      "type": "Feature",
      "geometry": {
        "type": "Point",
        "coordinates": [
          121.4801569,
          25.0304125
        ]
      },
      "properties": {
        "restid": "2432",
        "name": "麥味登板橋懷德",
        "address": "新北市板橋區懷德街181巷23號",
        "phone": "02-22500350",
        "city": "新北市",
        "district": "板橋區"
      }
    },
    {
      "type": "Feature",
      "geometry": {
        "type": "Point",
        "coordinates": [
          121.4479224,
          24.9986231
        ]
      },
      "properties": {
        "restid": "2431",
        "name": "麥味登板橋合安",
        "address": "新北市板橋區合宜路115號",
        "phone": "02-29691688",
        "city": "新北市",
        "district": "板橋區"
      }
    },
    {
      "type": "Feature",
      "geometry": {
        "type": "Point",
        "coordinates": [
          121.4674016,
          25.0257595
        ]
      },
      "properties": {
        "restid": "2430",
        "name": "麥味登板橋光武",
        "address": "新北市板橋區光武街63號",
        "phone": "02-22541266",
        "city": "新北市",
        "district": "板橋區"
      }
    },
    {
      "type": "Feature",
      "geometry": {
        "type": "Point",
        "coordinates": [
          121.455884,
          25.002512
        ]
      },
      "properties": {
        "restid": "2429",
        "name": "麥味登板橋貴興",
        "address": "新北市板橋區貴興路109號",
        "phone": "02-29649695",
        "city": "新北市",
        "district": "板橋區"
      }
    },
    {
      "type": "Feature",
      "geometry": {
        "type": "Point",
        "coordinates": [
          121.4814776,
          25.014772
        ]
      },
      "properties": {
        "restid": "2428",
        "name": "麥味登板橋光環",
        "address": "新北市板橋區光環路二段76號",
        "phone": "02-29627677",
        "city": "新北市",
        "district": "板橋區"
      }
    },
    {
      "type": "Feature",
      "geometry": {
        "type": "Point",
        "coordinates": [
          121.4622434,
          24.9942116
        ]
      },
      "properties": {
        "restid": "2427",
        "name": "麥味登板橋廣和",
        "address": "新北市板橋區廣和街52號",
        "phone": "02-29555560",
        "city": "新北市",
        "district": "板橋區"
      }
    },
    {
      "type": "Feature",
      "geometry": {
        "type": "Point",
        "coordinates": [
          121.46106,
          25.0186496
        ]
      },
      "properties": {
        "restid": "2426",
        "name": "麥味登板橋國光",
        "address": "新北市板橋區國光路187號",
        "phone": "02-29682628",
        "city": "新北市",
        "district": "板橋區"
      }
    },
    {
      "type": "Feature",
      "geometry": {
        "type": "Point",
        "coordinates": [
          121.4721187,
          25.0126561
        ]
      },
      "properties": {
        "restid": "2425",
        "name": "麥味登板橋大崙",
        "address": "新北市板橋區長安街331巷89號",
        "phone": "02-29581685",
        "city": "新北市",
        "district": "板橋區"
      }
    },
    {
      "type": "Feature",
      "geometry": {
        "type": "Point",
        "coordinates": [
          121.4609439,
          25.0301741
        ]
      },
      "properties": {
        "restid": "2424",
        "name": "麥味登板橋長江",
        "address": "新北市板橋區長江路一段150號",
        "phone": "02-22597039",
        "city": "新北市",
        "district": "板橋區"
      }
    },
    {
      "type": "Feature",
      "geometry": {
        "type": "Point",
        "coordinates": [
          121.54209181,
          24.9893689
        ]
      },
      "properties": {
        "restid": "2402",
        "name": "麥味登文山世新",
        "address": "臺北市文山區景興路288號",
        "phone": "02-29350818",
        "city": "臺北市",
        "district": "文山區"
      }
    },
    {
      "type": "Feature",
      "geometry": {
        "type": "Point",
        "coordinates": [
          121.5375967,
          25.00207527
        ]
      },
      "properties": {
        "restid": "2401",
        "name": "麥味登文山饗食大亨",
        "address": "臺北市文山區羅斯福路五段218巷25號",
        "phone": "02-29301098",
        "city": "臺北市",
        "district": "文山區"
      }
    },
    {
      "type": "Feature",
      "geometry": {
        "type": "Point",
        "coordinates": [
          121.5678929,
          25.08428198
        ]
      },
      "properties": {
        "restid": "2388",
        "name": "麥味登內湖園區",
        "address": "臺北市內湖區內湖路一段323巷30號",
        "phone": "02-26275822",
        "city": "臺北市",
        "district": "內湖區"
      }
    },
    {
      "type": "Feature",
      "geometry": {
        "type": "Point",
        "coordinates": [
          121.5622466,
          25.08681076
        ]
      },
      "properties": {
        "restid": "2387",
        "name": "麥味登內湖文湖",
        "address": "臺北市內湖區文湖街49號",
        "phone": "02-87516996",
        "city": "臺北市",
        "district": "內湖區"
      }
    },
    {
      "type": "Feature",
      "geometry": {
        "type": "Point",
        "coordinates": [
          121.58496787,
          25.0573165
        ]
      },
      "properties": {
        "restid": "2385",
        "name": "麥味登內湖新明",
        "address": "臺北市內湖區新明路198號",
        "phone": "02-27960603",
        "city": "臺北市",
        "district": "內湖區"
      }
    },
    {
      "type": "Feature",
      "geometry": {
        "type": "Point",
        "coordinates": [
          121.57744897,
          25.06407794
        ]
      },
      "properties": {
        "restid": "2384",
        "name": "麥味登內湖新湖",
        "address": "臺北市內湖區新湖三路118號",
        "phone": "02-27956995",
        "city": "臺北市",
        "district": "內湖區"
      }
    },
    {
      "type": "Feature",
      "geometry": {
        "type": "Point",
        "coordinates": [
          121.60763201,
          25.07093316
        ]
      },
      "properties": {
        "restid": "2383",
        "name": "麥味登內湖葫洲",
        "address": "臺北市內湖區民權東路六段296巷67號",
        "phone": "02-26333323",
        "city": "臺北市",
        "district": "內湖區"
      }
    },
    {
      "type": "Feature",
      "geometry": {
        "type": "Point",
        "coordinates": [
          121.57117732,
          25.07779954
        ]
      },
      "properties": {
        "restid": "2382",
        "name": "麥味登內湖光寶",
        "address": "臺北市內湖區瑞光路392號",
        "phone": "-#",
        "city": "臺北市",
        "district": "內湖區"
      }
    },
    {
      "type": "Feature",
      "geometry": {
        "type": "Point",
        "coordinates": [
          121.5832438,
          25.07730718
        ]
      },
      "properties": {
        "restid": "2381",
        "name": "麥味登內湖旗艦",
        "address": "臺北市內湖區文德路90巷43號",
        "phone": "02-26272227",
        "city": "臺北市",
        "district": "內湖區"
      }
    },
    {
      "type": "Feature",
      "geometry": {
        "type": "Point",
        "coordinates": [
          121.5713842,
          25.08217871
        ]
      },
      "properties": {
        "restid": "2380",
        "name": "麥味登內湖波士店",
        "address": "臺北市內湖區內湖路一段411巷9弄4號",
        "phone": "02-26277311",
        "city": "臺北市",
        "district": "內湖區"
      }
    },
    {
      "type": "Feature",
      "geometry": {
        "type": "Point",
        "coordinates": [
          121.591069,
          25.08564854
        ]
      },
      "properties": {
        "restid": "2379",
        "name": "麥味登內湖碧湖",
        "address": "臺北市內湖區金龍路107號",
        "phone": "02-87916778",
        "city": "臺北市",
        "district": "內湖區"
      }
    },
    {
      "type": "Feature",
      "geometry": {
        "type": "Point",
        "coordinates": [
          121.5151923,
          25.11889675
        ]
      },
      "properties": {
        "restid": "2378",
        "name": "麥味登北投陽明",
        "address": "臺北市北投區立農街二段275號",
        "phone": "02-28220198",
        "city": "臺北市",
        "district": "北投區"
      }
    },
    {
      "type": "Feature",
      "geometry": {
        "type": "Point",
        "coordinates": [
          121.50984865,
          25.11519898
        ]
      },
      "properties": {
        "restid": "2377",
        "name": "麥味登北投實踐",
        "address": "臺北市北投區實踐街62號",
        "phone": "02-28201888",
        "city": "臺北市",
        "district": "北投區"
      }
    },
    {
      "type": "Feature",
      "geometry": {
        "type": "Point",
        "coordinates": [
          121.501781,
          25.12632698
        ]
      },
      "properties": {
        "restid": "2376",
        "name": "麥味登北投奇岩",
        "address": "臺北市北投區三合街二段463號",
        "phone": "02-28985212",
        "city": "臺北市",
        "district": "北投區"
      }
    },
    {
      "type": "Feature",
      "geometry": {
        "type": "Point",
        "coordinates": [
          121.55318122,
          25.03118758
        ]
      },
      "properties": {
        "restid": "2361",
        "name": "麥味登北市通化",
        "address": "臺北市大安區通安街54號",
        "phone": "02-27065066",
        "city": "臺北市",
        "district": "大安區"
      }
    },
    {
      "type": "Feature",
      "geometry": {
        "type": "Point",
        "coordinates": [
          121.54040152,
          25.02886826
        ]
      },
      "properties": {
        "restid": "2360",
        "name": "麥味登北市瑞安",
        "address": "臺北市大安區瑞安街208巷26號",
        "phone": "02-27077551",
        "city": "臺北市",
        "district": "大安區"
      }
    },
    {
      "type": "Feature",
      "geometry": {
        "type": "Point",
        "coordinates": [
          121.5356852,
          25.03678262
        ]
      },
      "properties": {
        "restid": "2359",
        "name": "麥味登北市仁愛",
        "address": "臺北市大安區仁愛路三段24巷1-6號",
        "phone": "02-27037182",
        "city": "臺北市",
        "district": "大安區"
      }
    },
    {
      "type": "Feature",
      "geometry": {
        "type": "Point",
        "coordinates": [
          121.5458685,
          25.02980474
        ]
      },
      "properties": {
        "restid": "2358",
        "name": "麥味登北市大安",
        "address": "臺北市大安區大安路二段134號",
        "phone": "02-27017080",
        "city": "臺北市",
        "district": "大安區"
      }
    },
    {
      "type": "Feature",
      "geometry": {
        "type": "Point",
        "coordinates": [
          121.56754044,
          25.05478164
        ]
      },
      "properties": {
        "restid": "2357",
        "name": "麥味登北市西松",
        "address": "臺北市松山區健康路325巷6弄2號",
        "phone": "02-85095201",
        "city": "臺北市",
        "district": "松山區"
      }
    },
    {
      "type": "Feature",
      "geometry": {
        "type": "Point",
        "coordinates": [
          121.55663097,
          25.04964094
        ]
      },
      "properties": {
        "restid": "2356",
        "name": "麥味登北市參食",
        "address": "臺北市松山區光復北路60巷19-4號",
        "phone": "02-25782800",
        "city": "臺北市",
        "district": "松山區"
      }
    },
    {
      "type": "Feature",
      "geometry": {
        "type": "Point",
        "coordinates": [
          121.56438728,
          25.05008038
        ]
      },
      "properties": {
        "restid": "2355",
        "name": "麥味登北市新東興",
        "address": "臺北市松山區八德路四段245巷36號",
        "phone": "02-27476080",
        "city": "臺北市",
        "district": "松山區"
      }
    },
    {
      "type": "Feature",
      "geometry": {
        "type": "Point",
        "coordinates": [
          121.562469,
          25.05932782
        ]
      },
      "properties": {
        "restid": "2354",
        "name": "麥味登北市民生",
        "address": "臺北市松山區民生東路五段153-5號",
        "phone": "02-27607148",
        "city": "臺北市",
        "district": "松山區"
      }
    },
    {
      "type": "Feature",
      "geometry": {
        "type": "Point",
        "coordinates": [
          121.54825231,
          25.05928032
        ]
      },
      "properties": {
        "restid": "2353",
        "name": "麥味登北市敦北",
        "address": "臺北市松山區敦化北路222巷11號",
        "phone": "02-27120158",
        "city": "臺北市",
        "district": "松山區"
      }
    },
    {
      "type": "Feature",
      "geometry": {
        "type": "Point",
        "coordinates": [
          121.54748587,
          25.08224179
        ]
      },
      "properties": {
        "restid": "2352",
        "name": "麥味登大直北安羅伯",
        "address": "臺北市中山區北安路595巷19號",
        "phone": "02-85092968",
        "city": "臺北市",
        "district": "中山區"
      }
    },
    {
      "type": "Feature",
      "geometry": {
        "type": "Point",
        "coordinates": [
          121.53551078,
          25.013259
        ]
      },
      "properties": {
        "restid": "2340",
        "name": "麥味登北市台大",
        "address": "臺北市中正區羅斯福路四段118號",
        "phone": "02-23657279",
        "city": "臺北市",
        "district": "中正區"
      }
    },
    {
      "type": "Feature",
      "geometry": {
        "type": "Point",
        "coordinates": [
          121.5175223,
          25.02479862
        ]
      },
      "properties": {
        "restid": "2339",
        "name": "麥味登北市和平",
        "address": "臺北市中正區廈門街75號",
        "phone": "02-23652299",
        "city": "臺北市",
        "district": "中正區"
      }
    },
    {
      "type": "Feature",
      "geometry": {
        "type": "Point",
        "coordinates": [
          121.51390447,
          24.99990523
        ]
      },
      "properties": {
        "restid": "2336",
        "name": "豆韻",
        "address": "新北市中和區安平路218號",
        "phone": "-#",
        "city": "新北市",
        "district": "中和區"
      }
    },
    {
      "type": "Feature",
      "geometry": {
        "type": "Point",
        "coordinates": [
          121.4233538,
          25.1811015
        ]
      },
      "properties": {
        "restid": "2591",
        "name": "麥味登淡水淡海",
        "address": "新北市淡水區淡海路72巷1號",
        "phone": "02-28050511",
        "city": "新北市",
        "district": "淡水區"
      }
    },
    {
      "type": "Feature",
      "geometry": {
        "type": "Point",
        "coordinates": [
          121.4508399,
          25.1739389
        ]
      },
      "properties": {
        "restid": "2590",
        "name": "麥味登淡水淡大",
        "address": "新北市淡水區水源街二段56號",
        "phone": "02-26295836",
        "city": "新北市",
        "district": "淡水區"
      }
    },
    {
      "type": "Feature",
      "geometry": {
        "type": "Point",
        "coordinates": [
          121.450073,
          25.1793258
        ]
      },
      "properties": {
        "restid": "2589",
        "name": "麥味登淡水北新",
        "address": "新北市淡水區北新路153號",
        "phone": "02-26235211",
        "city": "新北市",
        "district": "淡水區"
      }
    },
    {
      "type": "Feature",
      "geometry": {
        "type": "Point",
        "coordinates": [
          121.3973798,
          25.1464983
        ]
      },
      "properties": {
        "restid": "2588",
        "name": "麥味登八里小麥",
        "address": "新北市八里區中山路二段542號",
        "phone": "02-26195768",
        "city": "新北市",
        "district": "八里區"
      }
    },
    {
      "type": "Feature",
      "geometry": {
        "type": "Point",
        "coordinates": [
          121.4518804,
          25.1263368
        ]
      },
      "properties": {
        "restid": "2587",
        "name": "麥味登八里禾渼",
        "address": "新北市八里區頂寮五街7號",
        "phone": "02-26188007",
        "city": "新北市",
        "district": "八里區"
      }
    },
    {
      "type": "Feature",
      "geometry": {
        "type": "Point",
        "coordinates": [
          121.4329725,
          25.0732509
        ]
      },
      "properties": {
        "restid": "2586",
        "name": "麥味登五股自強",
        "address": "新北市五股區自強路72號",
        "phone": "02-22935789",
        "city": "新北市",
        "district": "五股區"
      }
    },
    {
      "type": "Feature",
      "geometry": {
        "type": "Point",
        "coordinates": [
          121.4679209,
          25.0744378
        ]
      },
      "properties": {
        "restid": "2585",
        "name": "麥味登五股四維",
        "address": "新北市五股區四維路116-1號",
        "phone": "02-29889279",
        "city": "新北市",
        "district": "五股區"
      }
    },
    {
      "type": "Feature",
      "geometry": {
        "type": "Point",
        "coordinates": [
          121.4451046,
          25.0919451
        ]
      },
      "properties": {
        "restid": "2584",
        "name": "麥味登五股洲子洋",
        "address": "新北市五股區成泰路三段165號",
        "phone": "02-22930223",
        "city": "新北市",
        "district": "五股區"
      }
    },
    {
      "type": "Feature",
      "geometry": {
        "type": "Point",
        "coordinates": [
          121.4382647,
          25.0831873
        ]
      },
      "properties": {
        "restid": "2583",
        "name": "麥味登五股中興",
        "address": "新北市五股區中興路四段48巷1號",
        "phone": "02-22951720",
        "city": "新北市",
        "district": "五股區"
      }
    },
    {
      "type": "Feature",
      "geometry": {
        "type": "Point",
        "coordinates": [
          121.4322642,
          25.0904618
        ]
      },
      "properties": {
        "restid": "2582",
        "name": "麥味登五股福臨",
        "address": "新北市五股區五福路93號",
        "phone": "02-22916863",
        "city": "新北市",
        "district": "五股區"
      }
    },
    {
      "type": "Feature",
      "geometry": {
        "type": "Point",
        "coordinates": [
          121.4767636,
          25.0839673
        ]
      },
      "properties": {
        "restid": "2581",
        "name": "麥味登蘆洲鷺江99",
        "address": "新北市蘆洲區鷺江街99號",
        "phone": "02-22859299",
        "city": "新北市",
        "district": "蘆洲區"
      }
    },
    {
      "type": "Feature",
      "geometry": {
        "type": "Point",
        "coordinates": [
          121.3796713,
          25.0799484
        ]
      },
      "properties": {
        "restid": "2567",
        "name": "麥味登林口民視",
        "address": "新北市林口區信義路154號",
        "phone": "02-26019062",
        "city": "新北市",
        "district": "林口區"
      }
    },
    {
      "type": "Feature",
      "geometry": {
        "type": "Point",
        "coordinates": [
          121.378655,
          25.0836254
        ]
      },
      "properties": {
        "restid": "2566",
        "name": "麥味登林口中山",
        "address": "新北市林口區中山路526號-1",
        "phone": "02-26020858",
        "city": "新北市",
        "district": "林口區"
      }
    },
    {
      "type": "Feature",
      "geometry": {
        "type": "Point",
        "coordinates": [
          121.3677024,
          25.0691869
        ]
      },
      "properties": {
        "restid": "2565",
        "name": "麥味登林口公園",
        "address": "新北市林口區公園路69號",
        "phone": "02-26080267",
        "city": "新北市",
        "district": "林口區"
      }
    },
    {
      "type": "Feature",
      "geometry": {
        "type": "Point",
        "coordinates": [
          121.3655515,
          25.0675626
        ]
      },
      "properties": {
        "restid": "2564",
        "name": "麥味登林口感恩",
        "address": "新北市林口區文化二路一段20巷23號",
        "phone": "02-26006228",
        "city": "新北市",
        "district": "林口區"
      }
    },
    {
      "type": "Feature",
      "geometry": {
        "type": "Point",
        "coordinates": [
          121.3837049,
          25.0748483
        ]
      },
      "properties": {
        "restid": "2563",
        "name": "麥味登林口名巧園",
        "address": "新北市林口區仁愛路二段121號",
        "phone": "02-26015862",
        "city": "新北市",
        "district": "林口區"
      }
    },
    {
      "type": "Feature",
      "geometry": {
        "type": "Point",
        "coordinates": [
          121.3620082,
          25.0712661
        ]
      },
      "properties": {
        "restid": "2562",
        "name": "麥味登林口貳貳五",
        "address": "新北市林口區文化三路一段225巷13號",
        "phone": "02-26099585",
        "city": "新北市",
        "district": "林口區"
      }
    },
    {
      "type": "Feature",
      "geometry": {
        "type": "Point",
        "coordinates": [
          121.4242518,
          25.063799
        ]
      },
      "properties": {
        "restid": "2561",
        "name": "麥味登泰山泰林",
        "address": "新北市泰山區泰林路二段513號",
        "phone": "02-29000565",
        "city": "新北市",
        "district": "泰山區"
      }
    },
    {
      "type": "Feature",
      "geometry": {
        "type": "Point",
        "coordinates": [
          121.4403474,
          25.0460557
        ]
      },
      "properties": {
        "restid": "2560",
        "name": "麥味登泰山信華",
        "address": "新北市泰山區信華三街171號",
        "phone": "02-29009091",
        "city": "新北市",
        "district": "泰山區"
      }
    },
    {
      "type": "Feature",
      "geometry": {
        "type": "Point",
        "coordinates": [
          121.432658,
          25.0547008
        ]
      },
      "properties": {
        "restid": "2559",
        "name": "麥味登泰山仁義",
        "address": "新北市泰山區仁義路143號",
        "phone": "02-22962828",
        "city": "新北市",
        "district": "泰山區"
      }
    },
    {
      "type": "Feature",
      "geometry": {
        "type": "Point",
        "coordinates": [
          121.4332053,
          25.057896
        ]
      },
      "properties": {
        "restid": "2558",
        "name": "麥味登泰山全興",
        "address": "新北市泰山區福興二街30號",
        "phone": "02-29000283",
        "city": "新北市",
        "district": "泰山區"
      }
    },
    {
      "type": "Feature",
      "geometry": {
        "type": "Point",
        "coordinates": [
          121.455663,
          25.0455706
        ]
      },
      "properties": {
        "restid": "2557",
        "name": "麥味登新莊自立",
        "address": "新北市新莊區自立街115號",
        "phone": "02-29980115",
        "city": "新北市",
        "district": "新莊區"
      }
    },
    {
      "type": "Feature",
      "geometry": {
        "type": "Point",
        "coordinates": [
          121.4147271,
          25.0214456
        ]
      },
      "properties": {
        "restid": "2543",
        "name": "麥味登新莊龍安",
        "address": "新北市新莊區中正路新建巷55號",
        "phone": "02-29017665",
        "city": "新北市",
        "district": "新莊區"
      }
    },
    {
      "type": "Feature",
      "geometry": {
        "type": "Point",
        "coordinates": [
          121.4552645,
          25.0546244
        ]
      },
      "properties": {
        "restid": "2542",
        "name": "麥味登新莊中原",
        "address": "新北市新莊區中原路138號",
        "phone": "02-85212006",
        "city": "新北市",
        "district": "新莊區"
      }
    },
    {
      "type": "Feature",
      "geometry": {
        "type": "Point",
        "coordinates": [
          121.4516349,
          25.0509198
        ]
      },
      "properties": {
        "restid": "2541",
        "name": "麥味登新莊中信",
        "address": "新北市新莊區中信街2號",
        "phone": "02-89927177",
        "city": "新北市",
        "district": "新莊區"
      }
    },
    {
      "type": "Feature",
      "geometry": {
        "type": "Point",
        "coordinates": [
          121.444635,
          25.046748
        ]
      },
      "properties": {
        "restid": "2540",
        "name": "麥味登新莊中平",
        "address": "新北市新莊區中平路121號",
        "phone": "02-22771508",
        "city": "新北市",
        "district": "新莊區"
      }
    },
    {
      "type": "Feature",
      "geometry": {
        "type": "Point",
        "coordinates": [
          121.4533016,
          25.051736
        ]
      },
      "properties": {
        "restid": "2539",
        "name": "麥味登新莊中華",
        "address": "新北市新莊區中華路二段172號",
        "phone": "02-29900759",
        "city": "新北市",
        "district": "新莊區"
      }
    },
    {
      "type": "Feature",
      "geometry": {
        "type": "Point",
        "coordinates": [
          121.427547,
          25.024919
        ]
      },
      "properties": {
        "restid": "2538",
        "name": "麥味登新莊建安",
        "address": "新北市新莊區建安街46號",
        "phone": "02-22044018",
        "city": "新北市",
        "district": "新莊區"
      }
    },
    {
      "type": "Feature",
      "geometry": {
        "type": "Point",
        "coordinates": [
          121.4575239,
          25.0407004
        ]
      },
      "properties": {
        "restid": "2537",
        "name": "麥味登新莊福興",
        "address": "新北市新莊區公園路238號",
        "phone": "02-22761918",
        "city": "新北市",
        "district": "新莊區"
      }
    },
    {
      "type": "Feature",
      "geometry": {
        "type": "Point",
        "coordinates": [
          121.4569958,
          25.0524164
        ]
      },
      "properties": {
        "restid": "2536",
        "name": "麥味登新莊昌明",
        "address": "新北市新莊區昌明街22號",
        "phone": "02-29905398",
        "city": "新北市",
        "district": "新莊區"
      }
    },
    {
      "type": "Feature",
      "geometry": {
        "type": "Point",
        "coordinates": [
          121.4880248,
          25.0887771
        ]
      },
      "properties": {
        "restid": "2535",
        "name": "麥味登三重三賢101",
        "address": "新北市三重區三賢街101號",
        "phone": "02-28579101",
        "city": "新北市",
        "district": "三重區"
      }
    },
    {
      "type": "Feature",
      "geometry": {
        "type": "Point",
        "coordinates": [
          121.4819935,
          25.0714218
        ]
      },
      "properties": {
        "restid": "2534",
        "name": "麥味登三重善解",
        "address": "新北市三重區力行路一段176號",
        "phone": "02-29850176",
        "city": "新北市",
        "district": "三重區"
      }
    },
    {
      "type": "Feature",
      "geometry": {
        "type": "Point",
        "coordinates": [
          121.4876549,
          25.0790783
        ]
      },
      "properties": {
        "restid": "2533",
        "name": "麥味登三重三和",
        "address": "新北市三重區三和路四段145巷153號",
        "phone": "02-22800682",
        "city": "新北市",
        "district": "三重區"
      }
    },
    {
      "type": "Feature",
      "geometry": {
        "type": "Point",
        "coordinates": [
          121.4845887,
          25.0741467
        ]
      },
      "properties": {
        "restid": "2519",
        "name": "麥味登三重車路頭",
        "address": "新北市三重區車路頭街87號",
        "phone": "02-22860136",
        "city": "新北市",
        "district": "三重區"
      }
    },
    {
      "type": "Feature",
      "geometry": {
        "type": "Point",
        "coordinates": [
          121.4822822,
          25.0803486
        ]
      },
      "properties": {
        "restid": "2518",
        "name": "麥味登仁愛旗艦",
        "address": "新北市三重區仁愛街660號",
        "phone": "02-22862203",
        "city": "新北市",
        "district": "三重區"
      }
    },
    {
      "type": "Feature",
      "geometry": {
        "type": "Point",
        "coordinates": [
          121.3469382,
          24.9488741
        ]
      },
      "properties": {
        "restid": "2517",
        "name": "麥味登鶯歌天囍",
        "address": "新北市鶯歌區尖山路136號",
        "phone": "02-86776850",
        "city": "新北市",
        "district": "鶯歌區"
      }
    },
    {
      "type": "Feature",
      "geometry": {
        "type": "Point",
        "coordinates": [
          121.4200263,
          24.9875511
        ]
      },
      "properties": {
        "restid": "2516",
        "name": "麥味登樹林日新",
        "address": "新北市樹林區日新街185號",
        "phone": "02-26862525",
        "city": "新北市",
        "district": "樹林區"
      }
    },
    {
      "type": "Feature",
      "geometry": {
        "type": "Point",
        "coordinates": [
          121.423834,
          24.9834202
        ]
      },
      "properties": {
        "restid": "2515",
        "name": "麥味登樹林中華",
        "address": "新北市樹林區中華路39號",
        "phone": "02-86868651",
        "city": "新北市",
        "district": "樹林區"
      }
    },
    {
      "type": "Feature",
      "geometry": {
        "type": "Point",
        "coordinates": [
          121.4222944,
          24.9797144
        ]
      },
      "properties": {
        "restid": "2514",
        "name": "麥味登樹林會贏",
        "address": "新北市樹林區國凱街102號",
        "phone": "02-86868732",
        "city": "新北市",
        "district": "樹林區"
      }
    },
    {
      "type": "Feature",
      "geometry": {
        "type": "Point",
        "coordinates": [
          121.4121584,
          25.0034764
        ]
      },
      "properties": {
        "restid": "2513",
        "name": "麥味登樹林光榮",
        "address": "新北市樹林區光榮街53號1樓",
        "phone": "02-26888936",
        "city": "新北市",
        "district": "樹林區"
      }
    },
    {
      "type": "Feature",
      "geometry": {
        "type": "Point",
        "coordinates": [
          121.4193157,
          24.9784881
        ]
      },
      "properties": {
        "restid": "2512",
        "name": "麥味登樹林國凱",
        "address": "新北市樹林區國凱街19號之1",
        "phone": "02-86853291",
        "city": "新北市",
        "district": "樹林區"
      }
    },
    {
      "type": "Feature",
      "geometry": {
        "type": "Point",
        "coordinates": [
          121.4220754,
          24.9936368
        ]
      },
      "properties": {
        "restid": "2511",
        "name": "麥味登樹林復興",
        "address": "新北市樹林區復興路37號",
        "phone": "02-26851566",
        "city": "新北市",
        "district": "樹林區"
      }
    },
    {
      "type": "Feature",
      "geometry": {
        "type": "Point",
        "coordinates": [
          121.415217,
          24.9820393
        ]
      },
      "properties": {
        "restid": "2510",
        "name": "麥味登樹林東榮",
        "address": "新北市樹林區東榮街121號",
        "phone": "02-86860063",
        "city": "新北市",
        "district": "樹林區"
      }
    },
    {
      "type": "Feature",
      "geometry": {
        "type": "Point",
        "coordinates": [
          121.378873,
          24.9493365
        ]
      },
      "properties": {
        "restid": "2509",
        "name": "麥味登北大學林",
        "address": "新北市樹林區學林路85號",
        "phone": "02-26684881",
        "city": "新北市",
        "district": "樹林區"
      }
    },
    {
      "type": "Feature",
      "geometry": {
        "type": "Point",
        "coordinates": [
          121.52551028,
          25.04189338
        ]
      },
      "properties": {
        "restid": "3160",
        "name": "幸福時光廚房",
        "address": "臺北市中正區台北市中正區濟南路一段321號",
        "phone": "02-23930255#",
        "city": "臺北市",
        "district": "中正區"
      }
    },
    {
      "type": "Feature",
      "geometry": {
        "type": "Point",
        "coordinates": [
          121.52458357,
          25.10533512
        ]
      },
      "properties": {
        "restid": "3141",
        "name": "Sarabeth's 天母店",
        "address": "臺北市士林區中山北路六段77號2樓",
        "phone": "02-28335669#",
        "city": "臺北市",
        "district": "士林區"
      }
    },
    {
      "type": "Feature",
      "geometry": {
        "type": "Point",
        "coordinates": [
          121.5058635,
          25.0378901
        ]
      },
      "properties": {
        "restid": "3124",
        "name": "mister donut",
        "address": "臺北市萬華區台北市萬華區桂林路1號",
        "phone": "02-23816949",
        "city": "臺北市",
        "district": "萬華區"
      }
    },
    {
      "type": "Feature",
      "geometry": {
        "type": "Point",
        "coordinates": [
          121.5337443,
          25.0237499
        ]
      },
      "properties": {
        "restid": "3359",
        "name": "恬園餐廳",
        "address": "臺北市大安區新生南路三段30號",
        "phone": "02-77122323#2110",
        "city": "臺北市",
        "district": "大安區"
      }
    },
    {
      "type": "Feature",
      "geometry": {
        "type": "Point",
        "coordinates": [
          121.45202,
          25.0503308
        ]
      },
      "properties": {
        "restid": "3357",
        "name": "雙醬咖哩(新莊中港店)",
        "address": "新北市新莊區中港路503號1樓",
        "phone": "02-2770051#",
        "city": "新北市",
        "district": "新莊區"
      }
    },
    {
      "type": "Feature",
      "geometry": {
        "type": "Point",
        "coordinates": [
          121.3793371,
          24.9473531
        ]
      },
      "properties": {
        "restid": "3356",
        "name": "私嚐の吃飯-北大店",
        "address": "新北市樹林區學勤路322號1樓",
        "phone": "02-26689700#",
        "city": "新北市",
        "district": "樹林區"
      }
    },
    {
      "type": "Feature",
      "geometry": {
        "type": "Point",
        "coordinates": [
          121.44511617,
          25.05468078
        ]
      },
      "properties": {
        "restid": "1984",
        "name": "勤誠興業-員工餐廳",
        "address": "新北市新莊區中原路558號18樓",
        "phone": "02-82265500#",
        "city": "新北市",
        "district": "新莊區"
      }
    },
    {
      "type": "Feature",
      "geometry": {
        "type": "Point",
        "coordinates": [
          121.48722017,
          25.00798842
        ]
      },
      "properties": {
        "restid": "1983",
        "name": "微星員工餐廳",
        "address": "新北市中和區立德街69號",
        "phone": "02-32345599#1088",
        "city": "新北市",
        "district": "中和區"
      }
    },
    {
      "type": "Feature",
      "geometry": {
        "type": "Point",
        "coordinates": [
          121.5507169,
          25.0985716
        ]
      },
      "properties": {
        "restid": "3351",
        "name": "青青食尚花園會館",
        "address": "臺北市士林區至善路二段266巷32號",
        "phone": "02-28411996#309",
        "city": "臺北市",
        "district": "士林區"
      }
    },
    {
      "type": "Feature",
      "geometry": {
        "type": "Point",
        "coordinates": [
          121.5048008,
          25.0423513
        ]
      },
      "properties": {
        "restid": "3470",
        "name": "叁陸伍貳懷舊港式冰室",
        "address": "臺北市萬華區昆明街99號",
        "phone": "-#",
        "city": "臺北市",
        "district": "萬華區"
      }
    },
    {
      "type": "Feature",
      "geometry": {
        "type": "Point",
        "coordinates": [
          121.5100259,
          25.1153486
        ]
      },
      "properties": {
        "restid": "3467",
        "name": "味の屋",
        "address": "臺北市北投區實踐街67號",
        "phone": "02-28283230#",
        "city": "臺北市",
        "district": "北投區"
      }
    },
    {
      "type": "Feature",
      "geometry": {
        "type": "Point",
        "coordinates": [
          121.5754615,
          25.0424048
        ]
      },
      "properties": {
        "restid": "3441",
        "name": "PINK SALT｜披薩｜義麵",
        "address": "臺北市信義區忠孝東路五段423巷28號",
        "phone": "02-27564233#",
        "city": "臺北市",
        "district": "信義區"
      }
    },
    {
      "type": "Feature",
      "geometry": {
        "type": "Point",
        "coordinates": [
          121.4598398,
          25.0921337
        ]
      },
      "properties": {
        "restid": "3439",
        "name": "鉦富咖哩屋",
        "address": "新北市蘆洲區永平街32巷22弄4號",
        "phone": "02-82853047#",
        "city": "新北市",
        "district": "蘆洲區"
      }
    },
    {
      "type": "Feature",
      "geometry": {
        "type": "Point",
        "coordinates": [
          121.5338937,
          25.0517795
        ]
      },
      "properties": {
        "restid": "3438",
        "name": "丼賞和食焼き物vs刺身丼丼專門店",
        "address": "臺北市中山區南京東路二段140號B1",
        "phone": "02-25175526#",
        "city": "臺北市",
        "district": "中山區"
      }
    },
    {
      "type": "Feature",
      "geometry": {
        "type": "Point",
        "coordinates": [
          121.5531003,
          25.0303244
        ]
      },
      "properties": {
        "restid": "3426",
        "name": "翟記牛肉麵食館",
        "address": "臺北市大安區通安街80號",
        "phone": "02-87717195#",
        "city": "臺北市",
        "district": "大安區"
      }
    },
    {
      "type": "Feature",
      "geometry": {
        "type": "Point",
        "coordinates": [
          121.4663723,
          25.0271619
        ]
      },
      "properties": {
        "restid": "3425",
        "name": "BinB書䏱 Bar in Book",
        "address": "新北市板橋區民生路三段140號",
        "phone": "02-82510325#",
        "city": "新北市",
        "district": "板橋區"
      }
    },
    {
      "type": "Feature",
      "geometry": {
        "type": "Point",
        "coordinates": [
          121.5641154,
          25.0422637
        ]
      },
      "properties": {
        "restid": "3422",
        "name": "帽哥海味",
        "address": "臺北市信義區忠孝東路四段559巷16弄8號1樓",
        "phone": "-#",
        "city": "臺北市",
        "district": "信義區"
      }
    },
    {
      "type": "Feature",
      "geometry": {
        "type": "Point",
        "coordinates": [
          121.540876,
          25.0671
        ]
      },
      "properties": {
        "restid": "3420",
        "name": "初點良食 Dim sum shop",
        "address": "臺北市中山區龍江路394巷2號",
        "phone": "-#",
        "city": "臺北市",
        "district": "中山區"
      }
    },
    {
      "type": "Feature",
      "geometry": {
        "type": "Point",
        "coordinates": [
          121.4716915,
          25.0814222
        ]
      },
      "properties": {
        "restid": "3418",
        "name": "小食聊聊 Brunch",
        "address": "新北市蘆洲區中山二路147號",
        "phone": "02-82851231#",
        "city": "新北市",
        "district": "蘆洲區"
      }
    },
    {
      "type": "Feature",
      "geometry": {
        "type": "Point",
        "coordinates": [
          121.5173316,
          25.0054454
        ]
      },
      "properties": {
        "restid": "3417",
        "name": "好味道 排骨大王(永和店)",
        "address": "新北市永和區中正路548之2號",
        "phone": "02-29226166#",
        "city": "新北市",
        "district": "永和區"
      }
    },
    {
      "type": "Feature",
      "geometry": {
        "type": "Point",
        "coordinates": [
          121.5445063,
          25.0585947
        ]
      },
      "properties": {
        "restid": "3618",
        "name": "老舅的家鄉味",
        "address": "臺北市松山區復興北路307號",
        "phone": "02-27181122#",
        "city": "臺北市",
        "district": "松山區"
      }
    },
    {
      "type": "Feature",
      "geometry": {
        "type": "Point",
        "coordinates": [
          121.4734633,
          25.0188134
        ]
      },
      "properties": {
        "restid": "3617",
        "name": "鬼匠拉麵2（板橋永豐店）",
        "address": "新北市板橋區永豐街77號",
        "phone": "02-29551196#",
        "city": "新北市",
        "district": "板橋區"
      }
    },
    {
      "type": "Feature",
      "geometry": {
        "type": "Point",
        "coordinates": [
          121.574356,
          24.991606
        ]
      },
      "properties": {
        "restid": "3616",
        "name": "芽米早午餐(木柵店)",
        "address": "臺北市文山區秀明路二段16號",
        "phone": "02-29393166#",
        "city": "臺北市",
        "district": "文山區"
      }
    },
    {
      "type": "Feature",
      "geometry": {
        "type": "Point",
        "coordinates": [
          121.527678,
          25.0305646
        ]
      },
      "properties": {
        "restid": "3615",
        "name": "隨意吧(公企店)",
        "address": "臺北市大安區金華街187號1樓",
        "phone": "02-23416777#",
        "city": "臺北市",
        "district": "大安區"
      }
    },
    {
      "type": "Feature",
      "geometry": {
        "type": "Point",
        "coordinates": [
          121.5104834,
          25.0101719
        ]
      },
      "properties": {
        "restid": "3614",
        "name": "上環茶餐廳",
        "address": "新北市永和區中山路一段126號",
        "phone": "02-29202088#",
        "city": "新北市",
        "district": "永和區"
      }
    },
    {
      "type": "Feature",
      "geometry": {
        "type": "Point",
        "coordinates": [
          121.5438603,
          25.0556364
        ]
      },
      "properties": {
        "restid": "3612",
        "name": "金春發牛肉店(復北店)",
        "address": "臺北市中山區復興北路202號",
        "phone": "02-25026806#",
        "city": "臺北市",
        "district": "中山區"
      }
    },
    {
      "type": "Feature",
      "geometry": {
        "type": "Point",
        "coordinates": [
          121.375863,
          25.0825845
        ]
      },
      "properties": {
        "restid": "3611",
        "name": "中環茶餐廳",
        "address": "新北市林口區文化三路二段185號",
        "phone": "02-26095308#",
        "city": "新北市",
        "district": "林口區"
      }
    },
    {
      "type": "Feature",
      "geometry": {
        "type": "Point",
        "coordinates": [
          121.5534098,
          25.0397665
        ]
      },
      "properties": {
        "restid": "3595",
        "name": "烤肉工廠",
        "address": "臺北市大安區忠孝東路四段216巷27弄2號",
        "phone": "02-87717345#",
        "city": "臺北市",
        "district": "大安區"
      }
    },
    {
      "type": "Feature",
      "geometry": {
        "type": "Point",
        "coordinates": [
          121.4697033,
          24.9990065
        ]
      },
      "properties": {
        "restid": "3591",
        "name": "黃到即食鍋燒麵(中和店)",
        "address": "新北市中和區國光街107巷4弄30號",
        "phone": "-#",
        "city": "新北市",
        "district": "中和區"
      }
    },
    {
      "type": "Feature",
      "geometry": {
        "type": "Point",
        "coordinates": [
          121.5250049,
          25.0949519
        ]
      },
      "properties": {
        "restid": "3573",
        "name": "咖啡弄(士林店)",
        "address": "臺北市士林區台北市士林區中正路253號2樓",
        "phone": "02-28883322#",
        "city": "臺北市",
        "district": "士林區"
      }
    },
    {
      "type": "Feature",
      "geometry": {
        "type": "Point",
        "coordinates": [
          121.5514325,
          25.0424491
        ]
      },
      "properties": {
        "restid": "3571",
        "name": "咖啡弄(敦化店)",
        "address": "臺北市大安區台北市大安區敦化南路一段187巷42號2樓",
        "phone": "02-27111910#",
        "city": "臺北市",
        "district": "大安區"
      }
    },
    {
      "type": "Feature",
      "geometry": {
        "type": "Point",
        "coordinates": [
          121.5407643,
          25.0484864
        ]
      },
      "properties": {
        "restid": "3563",
        "name": "鬥牛士(長安店)",
        "address": "臺北市中山區長安東路二段169之12號2樓",
        "phone": "02-27406660#",
        "city": "臺北市",
        "district": "中山區"
      }
    },
    {
      "type": "Feature",
      "geometry": {
        "type": "Point",
        "coordinates": [
          121.5612754,
          24.9819877
        ]
      },
      "properties": {
        "restid": "3512",
        "name": "成家小館",
        "address": "臺北市文山區木新路三段154號",
        "phone": "02-29374611#",
        "city": "臺北市",
        "district": "文山區"
      }
    },
    {
      "type": "Feature",
      "geometry": {
        "type": "Point",
        "coordinates": [
          121.5425382,
          25.1366721
        ]
      },
      "properties": {
        "restid": "3511",
        "name": "大衛小小羊",
        "address": "臺北市士林區國泰街9號",
        "phone": "02-28619668#",
        "city": "臺北市",
        "district": "士林區"
      }
    },
    {
      "type": "Feature",
      "geometry": {
        "type": "Point",
        "coordinates": [
          121.4510521,
          25.0483598
        ]
      },
      "properties": {
        "restid": "3483",
        "name": "肆六巷",
        "address": "新北市新莊區中誠街46巷5號",
        "phone": "-#",
        "city": "新北市",
        "district": "新莊區"
      }
    },
    {
      "type": "Feature",
      "geometry": {
        "type": "Point",
        "coordinates": [
          121.5333229,
          25.0407583
        ]
      },
      "properties": {
        "restid": "3480",
        "name": "蓋子普拉斯小餐館",
        "address": "臺北市大安區忠孝東路三段10巷22號",
        "phone": "02-27118571#",
        "city": "臺北市",
        "district": "大安區"
      }
    },
    {
      "type": "Feature",
      "geometry": {
        "type": "Point",
        "coordinates": [
          121.5660743,
          25.0427073
        ]
      },
      "properties": {
        "restid": "3479",
        "name": "優喜-鍋物專門店",
        "address": "臺北市信義區基隆路一段147巷5弄5號",
        "phone": "02-27493636#",
        "city": "臺北市",
        "district": "信義區"
      }
    },
    {
      "type": "Feature",
      "geometry": {
        "type": "Point",
        "coordinates": [
          121.4741977,
          25.0821901
        ]
      },
      "properties": {
        "restid": "3477",
        "name": "鑫丼",
        "address": "新北市蘆洲區中山二路42號",
        "phone": "-#",
        "city": "新北市",
        "district": "蘆洲區"
      }
    },
    {
      "type": "Feature",
      "geometry": {
        "type": "Point",
        "coordinates": [
          121.452112,
          25.0125067
        ]
      },
      "properties": {
        "restid": "3506",
        "name": "蒔朵日式舒芙蕾厚鬆餅",
        "address": "新北市板橋區南雅西路二段124號",
        "phone": "02-89697605#",
        "city": "新北市",
        "district": "板橋區"
      }
    },
    {
      "type": "Feature",
      "geometry": {
        "type": "Point",
        "coordinates": [
          121.5111913,
          25.0051668
        ]
      },
      "properties": {
        "restid": "3505",
        "name": "留香園",
        "address": "新北市永和區永貞路283號",
        "phone": "02-29228998#",
        "city": "新北市",
        "district": "永和區"
      }
    },
    {
      "type": "Feature",
      "geometry": {
        "type": "Point",
        "coordinates": [
          121.5021537,
          24.9985263
        ]
      },
      "properties": {
        "restid": "3504",
        "name": "粥太郎 粥品·麵食",
        "address": "新北市中和區南山路49號",
        "phone": "02-22426628#",
        "city": "新北市",
        "district": "中和區"
      }
    },
    {
      "type": "Feature",
      "geometry": {
        "type": "Point",
        "coordinates": [
          121.4625539,
          25.0205688
        ]
      },
      "properties": {
        "restid": "3503",
        "name": "楚門咖啡．餐館",
        "address": "新北市板橋區新海路5號",
        "phone": "-#",
        "city": "新北市",
        "district": "板橋區"
      }
    },
    {
      "type": "Feature",
      "geometry": {
        "type": "Point",
        "coordinates": [
          121.4251823,
          25.0254523
        ]
      },
      "properties": {
        "restid": "3501",
        "name": "美香早餐店",
        "address": "新北市新莊區後港一路28巷4弄8號",
        "phone": "02-22019802#",
        "city": "新北市",
        "district": "新莊區"
      }
    },
    {
      "type": "Feature",
      "geometry": {
        "type": "Point",
        "coordinates": [
          121.541694,
          25.0465223
        ]
      },
      "properties": {
        "restid": "3498",
        "name": "天下食堂",
        "address": "臺北市中山區安東街4之5號",
        "phone": "02-27771163#",
        "city": "臺北市",
        "district": "中山區"
      }
    },
    {
      "type": "Feature",
      "geometry": {
        "type": "Point",
        "coordinates": [
          121.5103069,
          25.0013751
        ]
      },
      "properties": {
        "restid": "3496",
        "name": "樂犇牛排(中和店)",
        "address": "新北市中和區中和路350巷1號",
        "phone": "02-29220089#",
        "city": "新北市",
        "district": "中和區"
      }
    },
    {
      "type": "Feature",
      "geometry": {
        "type": "Point",
        "coordinates": [
          121.5444543,
          25.0446428
        ]
      },
      "properties": {
        "restid": "3663",
        "name": "谷炭燒肉(市民店)",
        "address": "臺北市大安區市民大道四段12之2號",
        "phone": "02-27119500#",
        "city": "臺北市",
        "district": "大安區"
      }
    },
    {
      "type": "Feature",
      "geometry": {
        "type": "Point",
        "coordinates": [
          121.3755596,
          24.9437575
        ]
      },
      "properties": {
        "restid": "3658",
        "name": "号鳥食趣義大利洋食 X 烤泡芙專賣",
        "address": "新北市三峽區大觀路7號",
        "phone": "02-86710208#",
        "city": "新北市",
        "district": "三峽區"
      }
    },
    {
      "type": "Feature",
      "geometry": {
        "type": "Point",
        "coordinates": [
          121.5068203,
          25.0363705
        ]
      },
      "properties": {
        "restid": "3652",
        "name": "台北花園大酒店-花園thai thai",
        "address": "臺北市中正區中華路二段1號",
        "phone": "02-23121000#",
        "city": "臺北市",
        "district": "中正區"
      }
    },
    {
      "type": "Feature",
      "geometry": {
        "type": "Point",
        "coordinates": [
          121.5206992,
          25.007961
        ]
      },
      "properties": {
        "restid": "3697",
        "name": "Party創作美食茶房",
        "address": "新北市永和區竹林路222號2樓",
        "phone": "02-89211103#",
        "city": "新北市",
        "district": "永和區"
      }
    },
    {
      "type": "Feature",
      "geometry": {
        "type": "Point",
        "coordinates": [
          121.5323787,
          25.0485926
        ]
      },
      "properties": {
        "restid": "3696",
        "name": "韓宮韓式料理",
        "address": "臺北市中山區長安東路二段49之1號",
        "phone": "02-25235380#",
        "city": "臺北市",
        "district": "中山區"
      }
    },
    {
      "type": "Feature",
      "geometry": {
        "type": "Point",
        "coordinates": [
          121.57502817,
          25.08155843
        ]
      },
      "properties": {
        "restid": "2130",
        "name": "Q Burger內湖麗山店",
        "address": "臺北市內湖區內湖路一段629巷41號1樓",
        "phone": "02-26276424",
        "city": "臺北市",
        "district": "內湖區"
      }
    },
    {
      "type": "Feature",
      "geometry": {
        "type": "Point",
        "coordinates": [
          121.56615417,
          25.04982542
        ]
      },
      "properties": {
        "restid": "2129",
        "name": "Q Burger松山南京五店",
        "address": "臺北市松山區南京東路五段250巷18弄2-1號",
        "phone": "02-27565258",
        "city": "臺北市",
        "district": "松山區"
      }
    },
    {
      "type": "Feature",
      "geometry": {
        "type": "Point",
        "coordinates": [
          121.46374847,
          25.01409671
        ]
      },
      "properties": {
        "restid": "2121",
        "name": "YAYOI彌生軒-環球板橋車站店",
        "address": "新北市板橋區縣民大道二段7號2樓",
        "phone": "02-89693056#",
        "city": "新北市",
        "district": "板橋區"
      }
    },
    {
      "type": "Feature",
      "geometry": {
        "type": "Point",
        "coordinates": [
          121.54063564,
          25.05915736
        ]
      },
      "properties": {
        "restid": "2101",
        "name": "麥味登北市龍江1店",
        "address": "臺北市中山區龍江路244號",
        "phone": "02-77292550",
        "city": "臺北市",
        "district": "中山區"
      }
    },
    {
      "type": "Feature",
      "geometry": {
        "type": "Point",
        "coordinates": [
          121.5525518,
          25.05460752
        ]
      },
      "properties": {
        "restid": "2100",
        "name": "麥味登北市健康店",
        "address": "臺北市松山區健康路15巷13號",
        "phone": "02-25148117",
        "city": "臺北市",
        "district": "松山區"
      }
    },
    {
      "type": "Feature",
      "geometry": {
        "type": "Point",
        "coordinates": [
          121.57951334,
          25.04090134
        ]
      },
      "properties": {
        "restid": "2099",
        "name": "麥味登北市忠孝店",
        "address": "臺北市信義區忠孝東路5段524巷6號",
        "phone": "02-23463923",
        "city": "臺北市",
        "district": "信義區"
      }
    },
    {
      "type": "Feature",
      "geometry": {
        "type": "Point",
        "coordinates": [
          121.566183,
          25.04226754
        ]
      },
      "properties": {
        "restid": "2098",
        "name": "麥味登北市府捷運店",
        "address": "臺北市信義區基隆路1段147巷12號",
        "phone": "02-27491801",
        "city": "臺北市",
        "district": "信義區"
      }
    },
    {
      "type": "Feature",
      "geometry": {
        "type": "Point",
        "coordinates": [
          121.56153197,
          25.03062646
        ]
      },
      "properties": {
        "restid": "2097",
        "name": "麥味登北市世貿莊敬店",
        "address": "臺北市信義區莊敬路203號",
        "phone": "02-87861811",
        "city": "臺北市",
        "district": "信義區"
      }
    },
    {
      "type": "Feature",
      "geometry": {
        "type": "Point",
        "coordinates": [
          121.54945427,
          25.05298554
        ]
      },
      "properties": {
        "restid": "2045",
        "name": "中國人壽總部員工餐廳(自有)",
        "address": "臺北市松山區敦化北路135號B2",
        "phone": "02-27196678#1991",
        "city": "臺北市",
        "district": "松山區"
      }
    },
    {
      "type": "Feature",
      "geometry": {
        "type": "Point",
        "coordinates": [
          121.50732507,
          25.13473958
        ]
      },
      "properties": {
        "restid": "2292",
        "name": "大地酒店-月兒彎彎",
        "address": "臺北市北投區奇岩路1號",
        "phone": "02-55518888#",
        "city": "臺北市",
        "district": "北投區"
      }
    },
    {
      "type": "Feature",
      "geometry": {
        "type": "Point",
        "coordinates": [
          121.50732507,
          25.13473958
        ]
      },
      "properties": {
        "restid": "2291",
        "name": "大地酒店-奇岩一號",
        "address": "臺北市北投區奇岩路1號",
        "phone": "02-55518888#",
        "city": "臺北市",
        "district": "北投區"
      }
    },
    {
      "type": "Feature",
      "geometry": {
        "type": "Point",
        "coordinates": [
          121.46361497,
          25.0141646
        ]
      },
      "properties": {
        "restid": "2287",
        "name": "DRIP CAFE好滴咖啡-環球板橋車站店",
        "address": "新北市板橋區縣民大道二段七號2F",
        "phone": "02-29609288#",
        "city": "新北市",
        "district": "板橋區"
      }
    },
    {
      "type": "Feature",
      "geometry": {
        "type": "Point",
        "coordinates": [
          121.46360424,
          25.01414516
        ]
      },
      "properties": {
        "restid": "2286",
        "name": "一幻拉麵/胡同居酒屋-環球板橋車站店",
        "address": "新北市板橋區縣民大道二段7號2F",
        "phone": "02-89693132#",
        "city": "新北市",
        "district": "板橋區"
      }
    },
    {
      "type": "Feature",
      "geometry": {
        "type": "Point",
        "coordinates": [
          121.46360424,
          25.01414516
        ]
      },
      "properties": {
        "restid": "2285",
        "name": "京都勝牛-環球板橋車站店",
        "address": "新北市板橋區縣民大道二段7號2樓",
        "phone": "02-29665589#",
        "city": "新北市",
        "district": "板橋區"
      }
    },
    {
      "type": "Feature",
      "geometry": {
        "type": "Point",
        "coordinates": [
          121.52456211,
          25.10528655
        ]
      },
      "properties": {
        "restid": "2114",
        "name": "UCC Café Mercado (天母SOGO店)",
        "address": "臺北市士林區中山北路六段77號B1樓",
        "phone": "02-28350652#",
        "city": "臺北市",
        "district": "士林區"
      }
    },
    {
      "type": "Feature",
      "geometry": {
        "type": "Point",
        "coordinates": [
          121.5103695,
          25.05111214
        ]
      },
      "properties": {
        "restid": "2112",
        "name": "臺灣企銀總行大樓員工餐廳",
        "address": "臺北市大同區塔城街30號18樓",
        "phone": "02-25597171#2860",
        "city": "臺北市",
        "district": "大同區"
      }
    },
    {
      "type": "Feature",
      "geometry": {
        "type": "Point",
        "coordinates": [
          121.56640184,
          24.98865518
        ]
      },
      "properties": {
        "restid": "2095",
        "name": "麥味登北市文山木柵店",
        "address": "臺北市文山區木柵路三段55號",
        "phone": "02-86617903",
        "city": "臺北市",
        "district": "文山區"
      }
    },
    {
      "type": "Feature",
      "geometry": {
        "type": "Point",
        "coordinates": [
          121.55082497,
          25.04746146
        ]
      },
      "properties": {
        "restid": "2094",
        "name": "麥味登北市台視店",
        "address": "臺北市松山區八德路三段12巷5弄6號",
        "phone": "02-25795877",
        "city": "臺北市",
        "district": "松山區"
      }
    },
    {
      "type": "Feature",
      "geometry": {
        "type": "Point",
        "coordinates": [
          121.54944162,
          25.03109158
        ]
      },
      "properties": {
        "restid": "2091",
        "name": "麥味登北市敦南遠企店",
        "address": "臺北市大安區敦化南路二段63巷5號",
        "phone": "02-27035003",
        "city": "臺北市",
        "district": "大安區"
      }
    },
    {
      "type": "Feature",
      "geometry": {
        "type": "Point",
        "coordinates": [
          121.5568131,
          25.02808468
        ]
      },
      "properties": {
        "restid": "2090",
        "name": "麥味登北市信義基隆店",
        "address": "臺北市信義區基隆路二段131-2號",
        "phone": "02-27327880",
        "city": "臺北市",
        "district": "信義區"
      }
    },
    {
      "type": "Feature",
      "geometry": {
        "type": "Point",
        "coordinates": [
          121.5533861,
          25.02486483
        ]
      },
      "properties": {
        "restid": "2089",
        "name": "麥味登北市六張犁店",
        "address": "臺北市信義區基隆路二段183號1樓",
        "phone": "02-27323011",
        "city": "臺北市",
        "district": "信義區"
      }
    },
    {
      "type": "Feature",
      "geometry": {
        "type": "Point",
        "coordinates": [
          121.5070208,
          25.13500707
        ]
      },
      "properties": {
        "restid": "1822",
        "name": "大地酒店-喜歡廳",
        "address": "臺北市北投區奇岩路一號",
        "phone": "02-55518888#",
        "city": "臺北市",
        "district": "北投區"
      }
    },
    {
      "type": "Feature",
      "geometry": {
        "type": "Point",
        "coordinates": [
          121.52228103,
          25.04489784
        ]
      },
      "properties": {
        "restid": "1820",
        "name": "新盛員工餐廳",
        "address": "臺北市中正區忠孝東路一段12號B3",
        "phone": "09-75236333#",
        "city": "臺北市",
        "district": "中正區"
      }
    },
    {
      "type": "Feature",
      "geometry": {
        "type": "Point",
        "coordinates": [
          121.47877014,
          25.0685693
        ]
      },
      "properties": {
        "restid": "1597",
        "name": "八方雲集三重三民店",
        "address": "新北市三重區三民街285號1樓",
        "phone": "02-29887158#",
        "city": "新北市",
        "district": "三重區"
      }
    },
    {
      "type": "Feature",
      "geometry": {
        "type": "Point",
        "coordinates": [
          121.52340554,
          25.0250857
        ]
      },
      "properties": {
        "restid": "1591",
        "name": "Oohchacha自然食(古亭店)",
        "address": "臺北市中正區南昌路二段207號",
        "phone": "02-23677133#",
        "city": "臺北市",
        "district": "中正區"
      }
    },
    {
      "type": "Feature",
      "geometry": {
        "type": "Point",
        "coordinates": [
          121.568657,
          25.00194771
        ]
      },
      "properties": {
        "restid": "1589",
        "name": "愛加倍餐廳",
        "address": "臺北市文山區萬美街一段19巷5之1",
        "phone": "02-22303518#",
        "city": "臺北市",
        "district": "文山區"
      }
    },
    {
      "type": "Feature",
      "geometry": {
        "type": "Point",
        "coordinates": [
          121.56050274,
          25.05719842
        ]
      },
      "properties": {
        "restid": "1587",
        "name": "綠帶純植物烘焙",
        "address": "臺北市松山區民生東路五段36巷8弄64號1樓",
        "phone": "02-27477668#",
        "city": "臺北市",
        "district": "松山區"
      }
    },
    {
      "type": "Feature",
      "geometry": {
        "type": "Point",
        "coordinates": [
          121.54332348,
          25.051399
        ]
      },
      "properties": {
        "restid": "1569",
        "name": "Machikaka 智允餐飲",
        "address": "臺北市中山區南京東路三段216巷4號一樓",
        "phone": "02-27772777#",
        "city": "臺北市",
        "district": "中山區"
      }
    },
    {
      "type": "Feature",
      "geometry": {
        "type": "Point",
        "coordinates": [
          121.4587574,
          25.06389994
        ]
      },
      "properties": {
        "restid": "1326",
        "name": "金色三麥 新莊晶冠店",
        "address": "新北市新莊區新北市新莊區五工路66號1樓",
        "phone": "02-85228989",
        "city": "新北市",
        "district": "新莊區"
      }
    },
    {
      "type": "Feature",
      "geometry": {
        "type": "Point",
        "coordinates": [
          121.6050942,
          25.05276486
        ]
      },
      "properties": {
        "restid": "1324",
        "name": "金色三麥南港CITYLINK店",
        "address": "臺北市南港區台北市南港區忠孝東路七段299號C棟1樓",
        "phone": "02-27827000",
        "city": "臺北市",
        "district": "南港區"
      }
    },
    {
      "type": "Feature",
      "geometry": {
        "type": "Point",
        "coordinates": [
          121.5657056,
          25.03983973
        ]
      },
      "properties": {
        "restid": "1323",
        "name": "金色三麥 信義誠品店",
        "address": "臺北市信義區台北市信義區松高路11號B1",
        "phone": "02-87895911",
        "city": "臺北市",
        "district": "信義區"
      }
    },
    {
      "type": "Feature",
      "geometry": {
        "type": "Point",
        "coordinates": [
          121.5177667,
          25.04946534
        ]
      },
      "properties": {
        "restid": "1322",
        "name": "金色三麥 台北京站店",
        "address": "臺北市大同區台北市大同區承德路1段1號4樓",
        "phone": "02-77370909",
        "city": "臺北市",
        "district": "大同區"
      }
    },
    {
      "type": "Feature",
      "geometry": {
        "type": "Point",
        "coordinates": [
          121.5574008,
          25.08347237
        ]
      },
      "properties": {
        "restid": "1321",
        "name": "金色三麥 台北美麗華店",
        "address": "臺北市中山區台北市中山區敬業3路20號5樓",
        "phone": "02-21753739",
        "city": "臺北市",
        "district": "中山區"
      }
    },
    {
      "type": "Feature",
      "geometry": {
        "type": "Point",
        "coordinates": [
          121.5595072,
          25.0423915
        ]
      },
      "properties": {
        "restid": "5658",
        "name": "北村豆腐家(大巨蛋)",
        "address": "臺北市信義區忠孝東路四段515號B2",
        "phone": "02-27610688#",
        "city": "臺北市",
        "district": "信義區"
      }
    },
    {
      "type": "Feature",
      "geometry": {
        "type": "Point",
        "coordinates": [
          121.5595072,
          25.0423915
        ]
      },
      "properties": {
        "restid": "5657",
        "name": "bhc CHICKEN",
        "address": "臺北市信義區忠孝東路四段515號B2",
        "phone": "02-27560809#",
        "city": "臺北市",
        "district": "信義區"
      }
    },
    {
      "type": "Feature",
      "geometry": {
        "type": "Point",
        "coordinates": [
          121.5375504,
          25.057504
        ]
      },
      "properties": {
        "restid": "5654",
        "name": "MJ Kitchen",
        "address": "臺北市中正區民生東路三段6號",
        "phone": "02-77503337#",
        "city": "臺北市",
        "district": "中正區"
      }
    },
    {
      "type": "Feature",
      "geometry": {
        "type": "Point",
        "coordinates": [
          121.4466081,
          25.0393371
        ]
      },
      "properties": {
        "restid": "5651",
        "name": "樂檸漢堡（新北新莊棒球場門市）",
        "address": "新北市新莊區新泰路232號",
        "phone": "02-29946215#",
        "city": "新北市",
        "district": "新莊區"
      }
    },
    {
      "type": "Feature",
      "geometry": {
        "type": "Point",
        "coordinates": [
          121.5247878,
          25.0516039
        ]
      },
      "properties": {
        "restid": "5671",
        "name": "Aye Taipei",
        "address": "臺北市中山區林森北路138巷15號一樓",
        "phone": "02-25672485#",
        "city": "臺北市",
        "district": "中山區"
      }
    },
    {
      "type": "Feature",
      "geometry": {
        "type": "Point",
        "coordinates": [
          121.5024702,
          25.0702315
        ]
      },
      "properties": {
        "restid": "5670",
        "name": "娜咔泰式燒烤",
        "address": "新北市三重區河邊北街100巷35號",
        "phone": "02-29766633#",
        "city": "新北市",
        "district": "三重區"
      }
    },
    {
      "type": "Feature",
      "geometry": {
        "type": "Point",
        "coordinates": [
          121.5681278,
          25.0368001
        ]
      },
      "properties": {
        "restid": "5667",
        "name": "筷炒台式餐館 Kuaichao Taiwanese Food & Beer",
        "address": "臺北市信義區信義區松仁路58號14樓",
        "phone": "02-27580520#",
        "city": "臺北市",
        "district": "信義區"
      }
    },
    {
      "type": "Feature",
      "geometry": {
        "type": "Point",
        "coordinates": [
          121.5595072,
          25.0423915
        ]
      },
      "properties": {
        "restid": "5663",
        "name": "勝勢日式豬排(大巨蛋)",
        "address": "臺北市信義區忠孝東路四段515號B2",
        "phone": "02-27615168#",
        "city": "臺北市",
        "district": "信義區"
      }
    },
    {
      "type": "Feature",
      "geometry": {
        "type": "Point",
        "coordinates": [
          121.5595072,
          25.0423915
        ]
      },
      "properties": {
        "restid": "5662",
        "name": "樂天小香港(大巨蛋)",
        "address": "臺北市信義區忠孝東路四段515號B2",
        "phone": "02-27615068#",
        "city": "臺北市",
        "district": "信義區"
      }
    },
    {
      "type": "Feature",
      "geometry": {
        "type": "Point",
        "coordinates": [
          121.5245943,
          25.105306
        ]
      },
      "properties": {
        "restid": "5643",
        "name": "菊川四代目-SOGO天母店",
        "address": "臺北市士林區中山北路六段77號8樓",
        "phone": "02-28330069#",
        "city": "臺北市",
        "district": "士林區"
      }
    },
    {
      "type": "Feature",
      "geometry": {
        "type": "Point",
        "coordinates": [
          121.5681278,
          25.0368001
        ]
      },
      "properties": {
        "restid": "5642",
        "name": "八八燒肉",
        "address": "臺北市信義區松仁路58號14樓",
        "phone": "02-27298588#",
        "city": "臺北市",
        "district": "信義區"
      }
    },
    {
      "type": "Feature",
      "geometry": {
        "type": "Point",
        "coordinates": [
          121.5644443,
          25.0338211
        ]
      },
      "properties": {
        "restid": "5618",
        "name": "雪嶽山韓式料理台北101店",
        "address": "臺北市信義區市府路45號B1",
        "phone": "02-81018503#",
        "city": "臺北市",
        "district": "信義區"
      }
    },
    {
      "type": "Feature",
      "geometry": {
        "type": "Point",
        "coordinates": [
          121.5245943,
          25.105306
        ]
      },
      "properties": {
        "restid": "5608",
        "name": "鼎泰豐天母店",
        "address": "臺北市士林區中山北路六段77號B1",
        "phone": "02-28338900#",
        "city": "臺北市",
        "district": "士林區"
      }
    },
    {
      "type": "Feature",
      "geometry": {
        "type": "Point",
        "coordinates": [
          121.4671025,
          25.01365785
        ]
      },
      "properties": {
        "restid": "1500",
        "name": "跳舞香水板橋大遠百",
        "address": "新北市板橋區新站路28號",
        "phone": "02-29612323#",
        "city": "新北市",
        "district": "板橋區"
      }
    },
    {
      "type": "Feature",
      "geometry": {
        "type": "Point",
        "coordinates": [
          121.4671025,
          25.01365785
        ]
      },
      "properties": {
        "restid": "1495",
        "name": "肉劇場大食代板橋店",
        "address": "新北市板橋區新站路28號",
        "phone": "02-29626262#",
        "city": "新北市",
        "district": "板橋區"
      }
    },
    {
      "type": "Feature",
      "geometry": {
        "type": "Point",
        "coordinates": [
          121.4671025,
          25.01365785
        ]
      },
      "properties": {
        "restid": "1493",
        "name": "惠比壽烏龍麵",
        "address": "新北市板橋區新站路28號",
        "phone": "02-77054168#",
        "city": "新北市",
        "district": "板橋區"
      }
    },
    {
      "type": "Feature",
      "geometry": {
        "type": "Point",
        "coordinates": [
          121.4671025,
          25.01365785
        ]
      },
      "properties": {
        "restid": "1488",
        "name": "韓本家",
        "address": "新北市板橋區新站路28號",
        "phone": "02-27512588#",
        "city": "新北市",
        "district": "板橋區"
      }
    },
    {
      "type": "Feature",
      "geometry": {
        "type": "Point",
        "coordinates": [
          121.55108,
          25.05923869
        ]
      },
      "properties": {
        "restid": "1439",
        "name": "玉山銀行(第二總部大樓)員工餐廳",
        "address": "臺北市松山區敦化北路315號",
        "phone": "02-21751313#8181",
        "city": "臺北市",
        "district": "松山區"
      }
    },
    {
      "type": "Feature",
      "geometry": {
        "type": "Point",
        "coordinates": [
          121.5944279,
          25.06153734
        ]
      },
      "properties": {
        "restid": "1437",
        "name": "中國信託內湖行政大樓員工餐廳",
        "address": "臺北市內湖區安康路22巷33號4樓",
        "phone": "02-81787777#",
        "city": "臺北市",
        "district": "內湖區"
      }
    },
    {
      "type": "Feature",
      "geometry": {
        "type": "Point",
        "coordinates": [
          121.6164454,
          25.05901721
        ]
      },
      "properties": {
        "restid": "1435",
        "name": "中國信託金融園區員工餐廳",
        "address": "臺北市南港區經貿二路168號4樓",
        "phone": "02-33277777#8922",
        "city": "臺北市",
        "district": "南港區"
      }
    },
    {
      "type": "Feature",
      "geometry": {
        "type": "Point",
        "coordinates": [
          121.4451055,
          25.16929925
        ]
      },
      "properties": {
        "restid": "1426",
        "name": "魔法咖哩",
        "address": "新北市淡水區中山路8號8樓",
        "phone": "02-26206123#",
        "city": "新北市",
        "district": "淡水區"
      }
    },
    {
      "type": "Feature",
      "geometry": {
        "type": "Point",
        "coordinates": [
          121.503271,
          24.7805666
        ]
      },
      "properties": {
        "restid": "1423",
        "name": "Psyaq  Cikay Ma食坊",
        "address": "新北市烏來區福山里卡拉模基26號",
        "phone": "-#",
        "city": "新北市",
        "district": "烏來區"
      }
    },
    {
      "type": "Feature",
      "geometry": {
        "type": "Point",
        "coordinates": [
          121.5492662,
          25.0005101
        ]
      },
      "properties": {
        "restid": "5867",
        "name": "樸樹咖啡興岩店",
        "address": "臺北市文山區興隆路二段88號、88-1號",
        "phone": "02-29335626#",
        "city": "臺北市",
        "district": "文山區"
      }
    },
    {
      "type": "Feature",
      "geometry": {
        "type": "Point",
        "coordinates": [
          121.5518476,
          25.0636811
        ]
      },
      "properties": {
        "restid": "5866",
        "name": "占元府 玉小蘭",
        "address": "臺北市松山區敦化北路340-10號2樓",
        "phone": "02-25461258#",
        "city": "臺北市",
        "district": "松山區"
      }
    },
    {
      "type": "Feature",
      "geometry": {
        "type": "Point",
        "coordinates": [
          121.5518476,
          25.0636811
        ]
      },
      "properties": {
        "restid": "5837",
        "name": "洋洋肉骨茶(松機T2)",
        "address": "臺北市松山區敦化北路340-10號2樓",
        "phone": "-#",
        "city": "臺北市",
        "district": "松山區"
      }
    },
    {
      "type": "Feature",
      "geometry": {
        "type": "Point",
        "coordinates": [
          121.46621,
          25.0077991
        ]
      },
      "properties": {
        "restid": "5832",
        "name": "中華電信學院員工餐廳",
        "address": "新北市板橋區民族路168號",
        "phone": "02-29639318#",
        "city": "新北市",
        "district": "板橋區"
      }
    },
    {
      "type": "Feature",
      "geometry": {
        "type": "Point",
        "coordinates": [
          121.543385,
          25.044269
        ]
      },
      "properties": {
        "restid": "5854",
        "name": "草泥Cafe",
        "address": "臺北市大安區安東街35巷31號1樓",
        "phone": "02-27362567#",
        "city": "臺北市",
        "district": "大安區"
      }
    },
    {
      "type": "Feature",
      "geometry": {
        "type": "Point",
        "coordinates": [
          121.5476201,
          25.0436955
        ]
      },
      "properties": {
        "restid": "5853",
        "name": "燒肉殿",
        "address": "臺北市大安區敦化南路一段160巷19號",
        "phone": "02-27315415#",
        "city": "臺北市",
        "district": "大安區"
      }
    },
    {
      "type": "Feature",
      "geometry": {
        "type": "Point",
        "coordinates": [
          121.5471748,
          25.0439134
        ]
      },
      "properties": {
        "restid": "5852",
        "name": "棠棠 DonDonStudio",
        "address": "臺北市大安區大安路一段31巷20號",
        "phone": "02-27769178#",
        "city": "臺北市",
        "district": "大安區"
      }
    },
    {
      "type": "Feature",
      "geometry": {
        "type": "Point",
        "coordinates": [
          121.5419351,
          25.0438005
        ]
      },
      "properties": {
        "restid": "5851",
        "name": "調味品串酒坊",
        "address": "臺北市大安區忠孝東路三段251巷13弄6號1樓",
        "phone": "-#",
        "city": "臺北市",
        "district": "大安區"
      }
    },
    {
      "type": "Feature",
      "geometry": {
        "type": "Point",
        "coordinates": [
          121.4644519,
          25.0109757
        ]
      },
      "properties": {
        "restid": "5824",
        "name": "新馬辣經典麻辣鍋板橋遠百店",
        "address": "新北市板橋區中山路一段152號、遠東百貨11F櫃號-1103號",
        "phone": "02-29512456#",
        "city": "新北市",
        "district": "板橋區"
      }
    },
    {
      "type": "Feature",
      "geometry": {
        "type": "Point",
        "coordinates": [
          121.6012303,
          25.0044192
        ]
      },
      "properties": {
        "restid": "1293",
        "name": "福園中餐廳",
        "address": "新北市深坑區北深路三段236號",
        "phone": "02-26620088#122",
        "city": "新北市",
        "district": "深坑區"
      }
    },
    {
      "type": "Feature",
      "geometry": {
        "type": "Point",
        "coordinates": [
          121.5692094,
          25.03445716
        ]
      },
      "properties": {
        "restid": "1292",
        "name": "華南銀行員工餐廳",
        "address": "臺北市信義區松仁路123號3樓",
        "phone": "02-23713111#3233",
        "city": "臺北市",
        "district": "信義區"
      }
    },
    {
      "type": "Feature",
      "geometry": {
        "type": "Point",
        "coordinates": [
          121.5469416,
          25.05830802
        ]
      },
      "properties": {
        "restid": "1291",
        "name": "玉山銀行員工餐廳",
        "address": "臺北市松山區民生東路三段117號",
        "phone": "02-21751313#8139",
        "city": "臺北市",
        "district": "松山區"
      }
    },
    {
      "type": "Feature",
      "geometry": {
        "type": "Point",
        "coordinates": [
          121.4052317,
          24.97360355
        ]
      },
      "properties": {
        "restid": "1283",
        "name": "南亞光電員工餐廳",
        "address": "新北市樹林區味王街55號",
        "phone": "02-26806311#5582",
        "city": "新北市",
        "district": "樹林區"
      }
    },
    {
      "type": "Feature",
      "geometry": {
        "type": "Point",
        "coordinates": [
          121.5396257,
          24.9869019
        ]
      },
      "properties": {
        "restid": "2471",
        "name": "麥味登新店順聯",
        "address": "新北市新店區復興路16號",
        "phone": "02-29141418",
        "city": "新北市",
        "district": "新店區"
      }
    },
    {
      "type": "Feature",
      "geometry": {
        "type": "Point",
        "coordinates": [
          121.4747809,
          24.9558947
        ]
      },
      "properties": {
        "restid": "2470",
        "name": "麥味登新店綠野香坡",
        "address": "新北市新店區安祥路139號",
        "phone": "02-22001700",
        "city": "新北市",
        "district": "新店區"
      }
    },
    {
      "type": "Feature",
      "geometry": {
        "type": "Point",
        "coordinates": [
          121.516382,
          24.98603
        ]
      },
      "properties": {
        "restid": "2469",
        "name": "麥味登新店佳燁",
        "address": "新北市新店區安和路3段134號",
        "phone": "02-86683580",
        "city": "新北市",
        "district": "新店區"
      }
    },
    {
      "type": "Feature",
      "geometry": {
        "type": "Point",
        "coordinates": [
          121.5378263,
          24.9818028
        ]
      },
      "properties": {
        "restid": "2468",
        "name": "麥味登新店建國",
        "address": "新北市新店區建國路236號",
        "phone": "02-29118958",
        "city": "新北市",
        "district": "新店區"
      }
    },
    {
      "type": "Feature",
      "geometry": {
        "type": "Point",
        "coordinates": [
          121.517778,
          24.969076
        ]
      },
      "properties": {
        "restid": "2467",
        "name": "麥味登新店光華",
        "address": "新北市新店區光華街10號",
        "phone": "02-22119009",
        "city": "新北市",
        "district": "新店區"
      }
    },
    {
      "type": "Feature",
      "geometry": {
        "type": "Point",
        "coordinates": [
          121.5420747,
          24.9804975
        ]
      },
      "properties": {
        "restid": "2466",
        "name": "麥味登新店大坪林",
        "address": "新北市新店區北新路三段70號",
        "phone": "02-29129555",
        "city": "新北市",
        "district": "新店區"
      }
    },
    {
      "type": "Feature",
      "geometry": {
        "type": "Point",
        "coordinates": [
          121.5494433,
          24.9733453
        ]
      },
      "properties": {
        "restid": "2465",
        "name": "麥味登新店寶興",
        "address": "新北市新店區寶興路47-1號",
        "phone": "02-89193100",
        "city": "新北市",
        "district": "新店區"
      }
    },
    {
      "type": "Feature",
      "geometry": {
        "type": "Point",
        "coordinates": [
          121.493323,
          24.9531606
        ]
      },
      "properties": {
        "restid": "2464",
        "name": "麥味登新店安康",
        "address": "新北市新店區安康路三段25號",
        "phone": "02-22156557",
        "city": "新北市",
        "district": "新店區"
      }
    },
    {
      "type": "Feature",
      "geometry": {
        "type": "Point",
        "coordinates": [
          121.511564,
          24.9628293
        ]
      },
      "properties": {
        "restid": "2463",
        "name": "麥味登新店安德",
        "address": "新北市新店區安德街34號",
        "phone": "02-22124693",
        "city": "新北市",
        "district": "新店區"
      }
    },
    {
      "type": "Feature",
      "geometry": {
        "type": "Point",
        "coordinates": [
          121.944793,
          25.0168207
        ]
      },
      "properties": {
        "restid": "2462",
        "name": "麥味登貢寮福隆",
        "address": "新北市貢寮區興隆街20號",
        "phone": "02-24991035",
        "city": "新北市",
        "district": "貢寮區"
      }
    },
    {
      "type": "Feature",
      "geometry": {
        "type": "Point",
        "coordinates": [
          121.8051859,
          25.1083113
        ]
      },
      "properties": {
        "restid": "2461",
        "name": "麥味登瑞芳明燈",
        "address": "新北市瑞芳區明燈路三段81號",
        "phone": "02-24976263",
        "city": "新北市",
        "district": "瑞芳區"
      }
    },
    {
      "type": "Feature",
      "geometry": {
        "type": "Point",
        "coordinates": [
          121.4792161,
          25.026734
        ]
      },
      "properties": {
        "restid": "2447",
        "name": "麥味登板橋文聖",
        "address": "新北市板橋區文聖街182號",
        "phone": "02-22542777",
        "city": "新北市",
        "district": "板橋區"
      }
    },
    {
      "type": "Feature",
      "geometry": {
        "type": "Point",
        "coordinates": [
          121.452207,
          25.0116191
        ]
      },
      "properties": {
        "restid": "2446",
        "name": "麥味登板橋體育館2",
        "address": "新北市板橋區南雅西路二段143號",
        "phone": "02-22727977",
        "city": "新北市",
        "district": "板橋區"
      }
    },
    {
      "type": "Feature",
      "geometry": {
        "type": "Point",
        "coordinates": [
          121.456071,
          25.0124084
        ]
      },
      "properties": {
        "restid": "2445",
        "name": "麥味登板橋體育館",
        "address": "新北市板橋區中正路17號",
        "phone": "02-22727177",
        "city": "新北市",
        "district": "板橋區"
      }
    },
    {
      "type": "Feature",
      "geometry": {
        "type": "Point",
        "coordinates": [
          121.4788757,
          25.0138591
        ]
      },
      "properties": {
        "restid": "2444",
        "name": "麥味登板橋三民",
        "address": "新北市板橋區三民路二段202-13號",
        "phone": "02-29630916",
        "city": "新北市",
        "district": "板橋區"
      }
    },
    {
      "type": "Feature",
      "geometry": {
        "type": "Point",
        "coordinates": [
          121.4686857,
          25.0281414
        ]
      },
      "properties": {
        "restid": "2443",
        "name": "麥味登板橋松江",
        "address": "新北市板橋區松江街86號",
        "phone": "02-22507050",
        "city": "新北市",
        "district": "板橋區"
      }
    },
    {
      "type": "Feature",
      "geometry": {
        "type": "Point",
        "coordinates": [
          121.4634138,
          25.0073404
        ]
      },
      "properties": {
        "restid": "2442",
        "name": "麥味登板橋實踐",
        "address": "新北市板橋區實踐路38號",
        "phone": "02-29597877",
        "city": "新北市",
        "district": "板橋區"
      }
    },
    {
      "type": "Feature",
      "geometry": {
        "type": "Point",
        "coordinates": [
          121.4620592,
          25.0032558
        ]
      },
      "properties": {
        "restid": "2441",
        "name": "麥味登板橋校前",
        "address": "新北市板橋區校前街76號",
        "phone": "02-29615889",
        "city": "新北市",
        "district": "板橋區"
      }
    },
    {
      "type": "Feature",
      "geometry": {
        "type": "Point",
        "coordinates": [
          121.4569564,
          25.0242767
        ]
      },
      "properties": {
        "restid": "2440",
        "name": "麥味登板橋龍泉",
        "address": "新北市板橋區龍泉街120號",
        "phone": "02-22542268",
        "city": "新北市",
        "district": "板橋區"
      }
    },
    {
      "type": "Feature",
      "geometry": {
        "type": "Point",
        "coordinates": [
          121.4641454,
          25.0315288
        ]
      },
      "properties": {
        "restid": "2439",
        "name": "麥味登板橋金世紀錄",
        "address": "新北市板橋區長江路二段47號",
        "phone": "02-22541831",
        "city": "新北市",
        "district": "板橋區"
      }
    },
    {
      "type": "Feature",
      "geometry": {
        "type": "Point",
        "coordinates": [
          121.4328506,
          24.9907555
        ]
      },
      "properties": {
        "restid": "2438",
        "name": "麥味登板橋金門",
        "address": "新北市板橋區金門街147號",
        "phone": "02-86871568",
        "city": "新北市",
        "district": "板橋區"
      }
    },
    {
      "type": "Feature",
      "geometry": {
        "type": "Point",
        "coordinates": [
          121.4657649,
          25.0205923
        ]
      },
      "properties": {
        "restid": "2437",
        "name": "麥味登板橋致理",
        "address": "新北市板橋區文化路一段311-2號",
        "phone": "02-22566222",
        "city": "新北市",
        "district": "板橋區"
      }
    },
    {
      "type": "Feature",
      "geometry": {
        "type": "Point",
        "coordinates": [
          121.4636854,
          24.9977394
        ]
      },
      "properties": {
        "restid": "2423",
        "name": "麥味登板橋重慶",
        "address": "新北市板橋區重慶路308巷14號",
        "phone": "02-29558858",
        "city": "新北市",
        "district": "板橋區"
      }
    },
    {
      "type": "Feature",
      "geometry": {
        "type": "Point",
        "coordinates": [
          121.4749108,
          25.0124701
        ]
      },
      "properties": {
        "restid": "2422",
        "name": "麥味登板橋長安",
        "address": "新北市板橋區長安街349號",
        "phone": "02-29519353",
        "city": "新北市",
        "district": "板橋區"
      }
    },
    {
      "type": "Feature",
      "geometry": {
        "type": "Point",
        "coordinates": [
          121.5659902,
          24.98287063
        ]
      },
      "properties": {
        "restid": "2398",
        "name": "麥味登文山木新",
        "address": "臺北市文山區木新路二段277號",
        "phone": "02-29398080",
        "city": "臺北市",
        "district": "文山區"
      }
    },
    {
      "type": "Feature",
      "geometry": {
        "type": "Point",
        "coordinates": [
          121.5760303,
          24.98854625
        ]
      },
      "properties": {
        "restid": "2397",
        "name": "麥味登文山政大",
        "address": "臺北市文山區萬壽路25巷3號",
        "phone": "02-29381314",
        "city": "臺北市",
        "district": "文山區"
      }
    },
    {
      "type": "Feature",
      "geometry": {
        "type": "Point",
        "coordinates": [
          121.54048874,
          24.9901326
        ]
      },
      "properties": {
        "restid": "2396",
        "name": "麥味登文山滬江",
        "address": "臺北市文山區羅斯福路六段455巷21號1樓",
        "phone": "02-29351157",
        "city": "臺北市",
        "district": "文山區"
      }
    },
    {
      "type": "Feature",
      "geometry": {
        "type": "Point",
        "coordinates": [
          121.54449381,
          24.99709853
        ]
      },
      "properties": {
        "restid": "2395",
        "name": "麥味登景興饗食大亨",
        "address": "臺北市文山區景興路40號",
        "phone": "02-29325657",
        "city": "臺北市",
        "district": "文山區"
      }
    },
    {
      "type": "Feature",
      "geometry": {
        "type": "Point",
        "coordinates": [
          121.55678552,
          24.9805472
        ]
      },
      "properties": {
        "restid": "2393",
        "name": "麥味登文山木星好運",
        "address": "臺北市文山區木新路三段315號",
        "phone": "02-29360988",
        "city": "臺北市",
        "district": "文山區"
      }
    },
    {
      "type": "Feature",
      "geometry": {
        "type": "Point",
        "coordinates": [
          121.6111361,
          25.05560864
        ]
      },
      "properties": {
        "restid": "2391",
        "name": "麥味登南軟園區",
        "address": "臺北市南港區新民街81號",
        "phone": "02-27833313",
        "city": "臺北市",
        "district": "南港區"
      }
    },
    {
      "type": "Feature",
      "geometry": {
        "type": "Point",
        "coordinates": [
          121.58481617,
          25.04539466
        ]
      },
      "properties": {
        "restid": "2390",
        "name": "麥味登北市同德",
        "address": "臺北市南港區同德路54號",
        "phone": "02-27855330",
        "city": "臺北市",
        "district": "南港區"
      }
    },
    {
      "type": "Feature",
      "geometry": {
        "type": "Point",
        "coordinates": [
          121.59344654,
          25.0517162
        ]
      },
      "properties": {
        "restid": "2389",
        "name": "麥味登北市昆陽",
        "address": "臺北市南港區昆陽街94號",
        "phone": "02-27883965",
        "city": "臺北市",
        "district": "南港區"
      }
    },
    {
      "type": "Feature",
      "geometry": {
        "type": "Point",
        "coordinates": [
          121.58521177,
          25.0387554
        ]
      },
      "properties": {
        "restid": "2373",
        "name": "麥味登信義福德",
        "address": "臺北市信義區福德街246號",
        "phone": "02-27271825",
        "city": "臺北市",
        "district": "信義區"
      }
    },
    {
      "type": "Feature",
      "geometry": {
        "type": "Point",
        "coordinates": [
          121.57659451,
          25.03982146
        ]
      },
      "properties": {
        "restid": "2372",
        "name": "麥味登北市永春",
        "address": "臺北市信義區忠孝東路五段372巷27弄77-1號",
        "phone": "02-27220602",
        "city": "臺北市",
        "district": "信義區"
      }
    },
    {
      "type": "Feature",
      "geometry": {
        "type": "Point",
        "coordinates": [
          121.56904027,
          25.02524204
        ]
      },
      "properties": {
        "restid": "2369",
        "name": "麥味登北市松仁",
        "address": "臺北市信義區松仁路232號",
        "phone": "02-27585197",
        "city": "臺北市",
        "district": "信義區"
      }
    },
    {
      "type": "Feature",
      "geometry": {
        "type": "Point",
        "coordinates": [
          121.57479472,
          25.03555198
        ]
      },
      "properties": {
        "restid": "2368",
        "name": "麥味登北市松德",
        "address": "臺北市信義區松德路193號",
        "phone": "02-27260169",
        "city": "臺北市",
        "district": "信義區"
      }
    },
    {
      "type": "Feature",
      "geometry": {
        "type": "Point",
        "coordinates": [
          121.582126,
          25.04131982
        ]
      },
      "properties": {
        "restid": "2367",
        "name": "麥味登北市大道",
        "address": "臺北市信義區大道路50號",
        "phone": "02-27598668",
        "city": "臺北市",
        "district": "信義區"
      }
    },
    {
      "type": "Feature",
      "geometry": {
        "type": "Point",
        "coordinates": [
          121.56438954,
          25.02643132
        ]
      },
      "properties": {
        "restid": "2366",
        "name": "麥味登北市百勝",
        "address": "臺北市信義區吳興街281巷14號",
        "phone": "02-27584827",
        "city": "臺北市",
        "district": "信義區"
      }
    },
    {
      "type": "Feature",
      "geometry": {
        "type": "Point",
        "coordinates": [
          121.49187307,
          25.03160606
        ]
      },
      "properties": {
        "restid": "2365",
        "name": "麥味登萬華雙園",
        "address": "臺北市萬華區雙園街148號",
        "phone": "02-22123484",
        "city": "臺北市",
        "district": "萬華區"
      }
    },
    {
      "type": "Feature",
      "geometry": {
        "type": "Point",
        "coordinates": [
          121.52808374,
          25.0665107
        ]
      },
      "properties": {
        "restid": "2351",
        "name": "麥味登北市神通",
        "address": "臺北市中山區新生北路三段69-1號",
        "phone": "02-25866260",
        "city": "臺北市",
        "district": "中山區"
      }
    },
    {
      "type": "Feature",
      "geometry": {
        "type": "Point",
        "coordinates": [
          121.54068991,
          25.06445481
        ]
      },
      "properties": {
        "restid": "2349",
        "name": "麥味登北市榮星花園",
        "address": "臺北市中山區五常街85號",
        "phone": "02-25082251",
        "city": "臺北市",
        "district": "中山區"
      }
    },
    {
      "type": "Feature",
      "geometry": {
        "type": "Point",
        "coordinates": [
          121.52344764,
          25.05810014
        ]
      },
      "properties": {
        "restid": "2348",
        "name": "麥味登北市國王",
        "address": "臺北市中山區民生東路一段5號",
        "phone": "02-25115091",
        "city": "臺北市",
        "district": "中山區"
      }
    },
    {
      "type": "Feature",
      "geometry": {
        "type": "Point",
        "coordinates": [
          121.53232854,
          25.05499198
        ]
      },
      "properties": {
        "restid": "2347",
        "name": "麥味登北市國王二",
        "address": "臺北市中山區長春路147-2號",
        "phone": "02-25312636",
        "city": "臺北市",
        "district": "中山區"
      }
    },
    {
      "type": "Feature",
      "geometry": {
        "type": "Point",
        "coordinates": [
          121.53365587,
          25.04830374
        ]
      },
      "properties": {
        "restid": "2345",
        "name": "麥味登北市長安東",
        "address": "臺北市中山區長安東路二段72號",
        "phone": "02-25065763",
        "city": "臺北市",
        "district": "中山區"
      }
    },
    {
      "type": "Feature",
      "geometry": {
        "type": "Point",
        "coordinates": [
          121.5102674,
          25.05239182
        ]
      },
      "properties": {
        "restid": "2344",
        "name": "麥味登北門塔城",
        "address": "臺北市大同區塔城街48號",
        "phone": "02-25522215",
        "city": "臺北市",
        "district": "大同區"
      }
    },
    {
      "type": "Feature",
      "geometry": {
        "type": "Point",
        "coordinates": [
          121.5129743,
          25.06277196
        ]
      },
      "properties": {
        "restid": "2343",
        "name": "麥味登北市民權",
        "address": "臺北市大同區民權西路234號",
        "phone": "02-25506676",
        "city": "臺北市",
        "district": "大同區"
      }
    },
    {
      "type": "Feature",
      "geometry": {
        "type": "Point",
        "coordinates": [
          121.51703947,
          25.06595618
        ]
      },
      "properties": {
        "restid": "2342",
        "name": "麥味登北市昌吉",
        "address": "臺北市大同區昌吉街27號",
        "phone": "02-25996761",
        "city": "臺北市",
        "district": "大同區"
      }
    },
    {
      "type": "Feature",
      "geometry": {
        "type": "Point",
        "coordinates": [
          121.51410927,
          25.05139464
        ]
      },
      "properties": {
        "restid": "2341",
        "name": "麥味登北市重慶",
        "address": "臺北市大同區重慶北路一段61號1F",
        "phone": "02-25593866",
        "city": "臺北市",
        "district": "大同區"
      }
    },
    {
      "type": "Feature",
      "geometry": {
        "type": "Point",
        "coordinates": [
          121.5450243,
          25.04210739
        ]
      },
      "properties": {
        "restid": "1230",
        "name": "Lady nara台北忠孝SOGO店",
        "address": "臺北市大安區忠孝東路四段45號12樓",
        "phone": "02-27712585#",
        "city": "臺北市",
        "district": "大安區"
      }
    },
    {
      "type": "Feature",
      "geometry": {
        "type": "Point",
        "coordinates": [
          121.4187721,
          25.1818096
        ]
      },
      "properties": {
        "restid": "1229",
        "name": "海角阿鄉海產店",
        "address": "新北市淡水區觀海路26號",
        "phone": "02-28053411#",
        "city": "新北市",
        "district": "淡水區"
      }
    },
    {
      "type": "Feature",
      "geometry": {
        "type": "Point",
        "coordinates": [
          121.4440473,
          25.05685897
        ]
      },
      "properties": {
        "restid": "1225",
        "name": "樂玩精品咖啡新北新莊店",
        "address": "新北市新莊區中平路439號",
        "phone": "02-85214396#",
        "city": "新北市",
        "district": "新莊區"
      }
    },
    {
      "type": "Feature",
      "geometry": {
        "type": "Point",
        "coordinates": [
          121.5515247,
          24.8491161
        ]
      },
      "properties": {
        "restid": "1159",
        "name": "雲仙樂園中餐廳",
        "address": "新北市烏來區瀑布路1-1",
        "phone": "02-26616510#",
        "city": "新北市",
        "district": "烏來區"
      }
    },
    {
      "type": "Feature",
      "geometry": {
        "type": "Point",
        "coordinates": [
          121.5679566,
          25.0367849
        ]
      },
      "properties": {
        "restid": "5728",
        "name": "咖哩樹-台北京站店",
        "address": "臺北市大同區承德路一段1號B3",
        "phone": "02-77290799#",
        "city": "臺北市",
        "district": "大同區"
      }
    },
    {
      "type": "Feature",
      "geometry": {
        "type": "Point",
        "coordinates": [
          121.4625315,
          25.0205687
        ]
      },
      "properties": {
        "restid": "5727",
        "name": "粵亮廣式料理",
        "address": "臺北市南港區忠孝東路七段359號8樓",
        "phone": "02-66156528#",
        "city": "臺北市",
        "district": "南港區"
      }
    },
    {
      "type": "Feature",
      "geometry": {
        "type": "Point",
        "coordinates": [
          121.4625315,
          25.0205687
        ]
      },
      "properties": {
        "restid": "5726",
        "name": "咖哩樹-板橋環球店",
        "address": "新北市板橋區縣民大道二段七號B1",
        "phone": "02-29602727#",
        "city": "新北市",
        "district": "板橋區"
      }
    },
    {
      "type": "Feature",
      "geometry": {
        "type": "Point",
        "coordinates": [
          121.4791994,
          24.9443041
        ]
      },
      "properties": {
        "restid": "5590",
        "name": "吉得堡-錦秀店",
        "address": "新北市新店區錦秀路22號1樓",
        "phone": "02-22154682#",
        "city": "新北市",
        "district": "新店區"
      }
    },
    {
      "type": "Feature",
      "geometry": {
        "type": "Point",
        "coordinates": [
          121.425865,
          24.9986804
        ]
      },
      "properties": {
        "restid": "5589",
        "name": "文林早餐店",
        "address": "新北市樹林區千歲街61巷40弄2號",
        "phone": "02-26873339#",
        "city": "新北市",
        "district": "樹林區"
      }
    },
    {
      "type": "Feature",
      "geometry": {
        "type": "Point",
        "coordinates": [
          121.466503,
          25.0809969
        ]
      },
      "properties": {
        "restid": "5588",
        "name": "31早午餐",
        "address": "新北市蘆洲區和平路171號",
        "phone": "02-82861790#",
        "city": "新北市",
        "district": "蘆洲區"
      }
    },
    {
      "type": "Feature",
      "geometry": {
        "type": "Point",
        "coordinates": [
          121.5453255,
          25.04229243
        ]
      },
      "properties": {
        "restid": "1273",
        "name": "遠東SOGO忠孝店員工餐廳",
        "address": "臺北市大安區忠孝東路四段45號",
        "phone": "02-27765555#1506",
        "city": "臺北市",
        "district": "大安區"
      }
    },
    {
      "type": "Feature",
      "geometry": {
        "type": "Point",
        "coordinates": [
          121.4869496,
          24.99670497
        ]
      },
      "properties": {
        "restid": "1269",
        "name": "威剛科技(股)公司員工餐廳",
        "address": "新北市中和區258號2樓",
        "phone": "02-82280886#12952",
        "city": "新北市",
        "district": "中和區"
      }
    },
    {
      "type": "Feature",
      "geometry": {
        "type": "Point",
        "coordinates": [
          121.6036781,
          25.00296163
        ]
      },
      "properties": {
        "restid": "1237",
        "name": "金寶電子深坑廠員工餐廳",
        "address": "新北市深坑區北深路3段147號",
        "phone": "02-26622660#",
        "city": "新北市",
        "district": "深坑區"
      }
    },
    {
      "type": "Feature",
      "geometry": {
        "type": "Point",
        "coordinates": [
          121.4582778,
          25.18239155
        ]
      },
      "properties": {
        "restid": "1236",
        "name": "富群休閒農園",
        "address": "新北市淡水區北新路一段129-1號",
        "phone": "02-26282899#",
        "city": "新北市",
        "district": "淡水區"
      }
    },
    {
      "type": "Feature",
      "geometry": {
        "type": "Point",
        "coordinates": [
          121.607193,
          25.052592
        ]
      },
      "properties": {
        "restid": "1143",
        "name": "敘日全日餐廳",
        "address": "臺北市南港區忠孝東路七段359號7樓",
        "phone": "02-66156526#",
        "city": "臺北市",
        "district": "南港區"
      }
    },
    {
      "type": "Feature",
      "geometry": {
        "type": "Point",
        "coordinates": [
          121.4090879,
          25.01630251
        ]
      },
      "properties": {
        "restid": "1139",
        "name": "雙翼食品",
        "address": "新北市樹林區忠愛街三號4樓",
        "phone": "02-26895506#",
        "city": "新北市",
        "district": "樹林區"
      }
    },
    {
      "type": "Feature",
      "geometry": {
        "type": "Point",
        "coordinates": [
          121.4674029,
          25.01362869
        ]
      },
      "properties": {
        "restid": "1212",
        "name": "金色三麥",
        "address": "新北市板橋區新站路28號",
        "phone": "02-77054168#",
        "city": "新北市",
        "district": "板橋區"
      }
    },
    {
      "type": "Feature",
      "geometry": {
        "type": "Point",
        "coordinates": [
          121.5333208,
          25.28792148
        ]
      },
      "properties": {
        "restid": "1123",
        "name": "主悅海鮮料理",
        "address": "新北市石門區崁子腳41之2號",
        "phone": "02-26381749#",
        "city": "新北市",
        "district": "石門區"
      }
    },
    {
      "type": "Feature",
      "geometry": {
        "type": "Point",
        "coordinates": [
          121.5129897,
          25.2864619
        ]
      },
      "properties": {
        "restid": "1122",
        "name": "伊莎貝拉海灘咖啡館",
        "address": "新北市石門區15號",
        "phone": "02-86352262#",
        "city": "新北市",
        "district": "石門區"
      }
    },
    {
      "type": "Feature",
      "geometry": {
        "type": "Point",
        "coordinates": [
          121.543232,
          25.041063
        ]
      },
      "properties": {
        "restid": "1121",
        "name": "黑毛屋本家(復興SOGO店)",
        "address": "臺北市大安區忠孝東路三段300號11樓",
        "phone": "02-27315199#",
        "city": "臺北市",
        "district": "大安區"
      }
    },
    {
      "type": "Feature",
      "geometry": {
        "type": "Point",
        "coordinates": [
          121.528641,
          25.027393
        ]
      },
      "properties": {
        "restid": "1119",
        "name": "Camo咖啡",
        "address": "臺北市大安區和平東路一段129號",
        "phone": "02-33433931#",
        "city": "臺北市",
        "district": "大安區"
      }
    },
    {
      "type": "Feature",
      "geometry": {
        "type": "Point",
        "coordinates": [
          121.543221,
          25.041131
        ]
      },
      "properties": {
        "restid": "1118",
        "name": "老乾杯(復興SOGO店)",
        "address": "臺北市大安區忠孝東路三段300號11樓",
        "phone": "02-27316555#",
        "city": "臺北市",
        "district": "大安區"
      }
    },
    {
      "type": "Feature",
      "geometry": {
        "type": "Point",
        "coordinates": [
          121.5031719,
          24.77907441
        ]
      },
      "properties": {
        "restid": "1116",
        "name": "馬岸泰雅美食",
        "address": "新北市烏來區福山村大羅蘭25號",
        "phone": "02-26616105#",
        "city": "新北市",
        "district": "烏來區"
      }
    },
    {
      "type": "Feature",
      "geometry": {
        "type": "Point",
        "coordinates": [
          121.524637,
          25.105524
        ]
      },
      "properties": {
        "restid": "1113",
        "name": "成真咖啡（天母SOGO店）",
        "address": "臺北市士林區士林區中山北路六段77號1樓",
        "phone": "02-28368881#",
        "city": "臺北市",
        "district": "士林區"
      }
    },
    {
      "type": "Feature",
      "geometry": {
        "type": "Point",
        "coordinates": [
          121.544883,
          25.041902
        ]
      },
      "properties": {
        "restid": "676",
        "name": "Nara Thai Cuisine 台北忠孝SOGO 店",
        "address": "臺北市大安區忠孝東路四段45號11樓",
        "phone": "02-27718939#",
        "city": "臺北市",
        "district": "大安區"
      }
    },
    {
      "type": "Feature",
      "geometry": {
        "type": "Point",
        "coordinates": [
          121.524278,
          25.105007
        ]
      },
      "properties": {
        "restid": "674",
        "name": "黑毛屋天母SOGO店",
        "address": "臺北市士林區中山北路6段77號8樓",
        "phone": "02-28366018#",
        "city": "臺北市",
        "district": "士林區"
      }
    },
    {
      "type": "Feature",
      "geometry": {
        "type": "Point",
        "coordinates": [
          121.543057,
          25.041212
        ]
      },
      "properties": {
        "restid": "669",
        "name": "點水樓(復興SOGO店)",
        "address": "臺北市大安區忠孝東路三段300號11樓",
        "phone": "02-87725089#",
        "city": "臺北市",
        "district": "大安區"
      }
    },
    {
      "type": "Feature",
      "geometry": {
        "type": "Point",
        "coordinates": [
          121.543057,
          25.041212
        ]
      },
      "properties": {
        "restid": "667",
        "name": "EN和食(復興SOGO店)",
        "address": "臺北市大安區忠孝東路三段300號11樓",
        "phone": "02-77450796#",
        "city": "臺北市",
        "district": "大安區"
      }
    },
    {
      "type": "Feature",
      "geometry": {
        "type": "Point",
        "coordinates": [
          121.543057,
          25.041212
        ]
      },
      "properties": {
        "restid": "666",
        "name": "新葡苑(復興SOGO店)",
        "address": "臺北市大安區忠孝東路三段300號10樓",
        "phone": "02-87720177#",
        "city": "臺北市",
        "district": "大安區"
      }
    },
    {
      "type": "Feature",
      "geometry": {
        "type": "Point",
        "coordinates": [
          121.5175827,
          24.99288579
        ]
      },
      "properties": {
        "restid": "1206",
        "name": "港都熱炒",
        "address": "新北市中和區大勇街10號",
        "phone": "02-29406751#",
        "city": "新北市",
        "district": "中和區"
      }
    },
    {
      "type": "Feature",
      "geometry": {
        "type": "Point",
        "coordinates": [
          121.4674029,
          25.01362869
        ]
      },
      "properties": {
        "restid": "1203",
        "name": "河內老街河粉",
        "address": "新北市板橋區新站路28號",
        "phone": "02-77054168#",
        "city": "新北市",
        "district": "板橋區"
      }
    },
    {
      "type": "Feature",
      "geometry": {
        "type": "Point",
        "coordinates": [
          121.4674673,
          25.01370647
        ]
      },
      "properties": {
        "restid": "1201",
        "name": "本田食堂",
        "address": "新北市板橋區新站路28號",
        "phone": "02-77054168#",
        "city": "新北市",
        "district": "板橋區"
      }
    },
    {
      "type": "Feature",
      "geometry": {
        "type": "Point",
        "coordinates": [
          121.454361,
          25.065225
        ]
      },
      "properties": {
        "restid": "1187",
        "name": "明緯員工餐廳",
        "address": "新北市五股區五權三路28號",
        "phone": "02-22996100#118",
        "city": "新北市",
        "district": "五股區"
      }
    },
    {
      "type": "Feature",
      "geometry": {
        "type": "Point",
        "coordinates": [
          121.53277114,
          25.05280532
        ]
      },
      "properties": {
        "restid": "1178",
        "name": "養心茶樓",
        "address": "臺北市中山區松江路128號2樓",
        "phone": "02-25428828#",
        "city": "臺北市",
        "district": "中山區"
      }
    },
    {
      "type": "Feature",
      "geometry": {
        "type": "Point",
        "coordinates": [
          121.5532095,
          25.0247386
        ]
      },
      "properties": {
        "restid": "5627",
        "name": "桃源二村",
        "address": "臺北市信義區基隆路二段193號",
        "phone": "-#",
        "city": "臺北市",
        "district": "信義區"
      }
    },
    {
      "type": "Feature",
      "geometry": {
        "type": "Point",
        "coordinates": [
          121.5681356,
          25.0368823
        ]
      },
      "properties": {
        "restid": "5625",
        "name": "新馬辣-信義遠百店",
        "address": "臺北市信義區松仁路58號14樓、遠東百貨櫃號-1402號",
        "phone": "02-27202118#",
        "city": "臺北市",
        "district": "信義區"
      }
    },
    {
      "type": "Feature",
      "geometry": {
        "type": "Point",
        "coordinates": [
          121.5681278,
          25.0368001
        ]
      },
      "properties": {
        "restid": "5624",
        "name": "Hooters",
        "address": "臺北市信義區松仁路58號14樓",
        "phone": "02-27290168#",
        "city": "臺北市",
        "district": "信義區"
      }
    },
    {
      "type": "Feature",
      "geometry": {
        "type": "Point",
        "coordinates": [
          121.5679505,
          25.0367556
        ]
      },
      "properties": {
        "restid": "5623",
        "name": "旭集 和食集錦SUNRISE 信義店",
        "address": "臺北市信義區松仁路58號9F",
        "phone": "02-87803366#",
        "city": "臺北市",
        "district": "信義區"
      }
    },
    {
      "type": "Feature",
      "geometry": {
        "type": "Point",
        "coordinates": [
          121.5679566,
          25.0367849
        ]
      },
      "properties": {
        "restid": "5621",
        "name": "朱記餡餅粥(信義A13店)",
        "address": "臺北市信義區松仁路58號4F",
        "phone": "02-87864101#",
        "city": "臺北市",
        "district": "信義區"
      }
    },
    {
      "type": "Feature",
      "geometry": {
        "type": "Point",
        "coordinates": [
          121.5679566,
          25.0367849
        ]
      },
      "properties": {
        "restid": "5606",
        "name": "春水堂人文茶館",
        "address": "臺北市信義區松仁路58號4樓",
        "phone": "02-87863356#",
        "city": "臺北市",
        "district": "信義區"
      }
    },
    {
      "type": "Feature",
      "geometry": {
        "type": "Point",
        "coordinates": [
          121.5679566,
          25.0367849
        ]
      },
      "properties": {
        "restid": "5605",
        "name": "忠青商行/遠百信義",
        "address": "臺北市信義區松仁路58號4樓",
        "phone": "02-27223700#",
        "city": "臺北市",
        "district": "信義區"
      }
    },
    {
      "type": "Feature",
      "geometry": {
        "type": "Point",
        "coordinates": [
          121.52426727,
          25.10498755
        ]
      },
      "properties": {
        "restid": "5597",
        "name": "燒肉LIKE",
        "address": "臺北市士林區中山北路六段77號6樓",
        "phone": "02-28353788#",
        "city": "臺北市",
        "district": "士林區"
      }
    },
    {
      "type": "Feature",
      "geometry": {
        "type": "Point",
        "coordinates": [
          121.4670443,
          25.0138151
        ]
      },
      "properties": {
        "restid": "5585",
        "name": "添好運板橋遠百店",
        "address": "新北市板橋區新站路28號Ｂ1",
        "phone": "02-29557978#",
        "city": "新北市",
        "district": "板橋區"
      }
    },
    {
      "type": "Feature",
      "geometry": {
        "type": "Point",
        "coordinates": [
          121.4670443,
          25.0138151
        ]
      },
      "properties": {
        "restid": "5578",
        "name": "鼎泰豐板橋店",
        "address": "新北市板橋區新站路28號B1",
        "phone": "02-22267890#5105",
        "city": "新北市",
        "district": "板橋區"
      }
    },
    {
      "type": "Feature",
      "geometry": {
        "type": "Point",
        "coordinates": [
          121.499643,
          25.000084
        ]
      },
      "properties": {
        "restid": "5576",
        "name": "璐璐早餐店",
        "address": "新北市中和區泰和街23號",
        "phone": "02-22460928#",
        "city": "新北市",
        "district": "中和區"
      }
    },
    {
      "type": "Feature",
      "geometry": {
        "type": "Point",
        "coordinates": [
          121.5142493,
          25.071877
        ]
      },
      "properties": {
        "restid": "5575",
        "name": "尚品香精緻早午餐-台北酒泉店",
        "address": "臺北市大同區酒泉街106號",
        "phone": "02-25867600#",
        "city": "臺北市",
        "district": "大同區"
      }
    },
    {
      "type": "Feature",
      "geometry": {
        "type": "Point",
        "coordinates": [
          121.565242,
          25.039515
        ]
      },
      "properties": {
        "restid": "461",
        "name": "默爾Pasta Pizza(信義誠品店)",
        "address": "臺北市信義區松高路11號5樓",
        "phone": "02-27224660#",
        "city": "臺北市",
        "district": "信義區"
      }
    },
    {
      "type": "Feature",
      "geometry": {
        "type": "Point",
        "coordinates": [
          121.4945844,
          24.992224
        ]
      },
      "properties": {
        "restid": "2495",
        "name": "麥味登雙和圓通",
        "address": "新北市中和區圓通路242號",
        "phone": "02-22421165",
        "city": "新北市",
        "district": "中和區"
      }
    },
    {
      "type": "Feature",
      "geometry": {
        "type": "Point",
        "coordinates": [
          121.5065617,
          24.9848762
        ]
      },
      "properties": {
        "restid": "2494",
        "name": "麥味登中和英雄",
        "address": "新北市中和區興南路二段79號",
        "phone": "02-89434686",
        "city": "新北市",
        "district": "中和區"
      }
    },
    {
      "type": "Feature",
      "geometry": {
        "type": "Point",
        "coordinates": [
          121.5019721,
          25.0069094
        ]
      },
      "properties": {
        "restid": "2493",
        "name": "麥味登中和陽光",
        "address": "新北市中和區中山路二段2巷45弄12號",
        "phone": "02-82453053",
        "city": "新北市",
        "district": "中和區"
      }
    },
    {
      "type": "Feature",
      "geometry": {
        "type": "Point",
        "coordinates": [
          121.4874531,
          24.9966654
        ]
      },
      "properties": {
        "restid": "2492",
        "name": "麥味登中和遠東世紀",
        "address": "新北市中和區建一路188號1樓",
        "phone": "02-82271800",
        "city": "新北市",
        "district": "中和區"
      }
    },
    {
      "type": "Feature",
      "geometry": {
        "type": "Point",
        "coordinates": [
          121.4833073,
          25.0011213
        ]
      },
      "properties": {
        "restid": "2491",
        "name": "麥味登中和新生",
        "address": "新北市中和區民樂路54號",
        "phone": "02-22229635",
        "city": "新北市",
        "district": "中和區"
      }
    },
    {
      "type": "Feature",
      "geometry": {
        "type": "Point",
        "coordinates": [
          121.5245649,
          24.9929073
        ]
      },
      "properties": {
        "restid": "2490",
        "name": "麥味登中和秀朗",
        "address": "新北市中和區秀朗路３段128巷2號",
        "phone": "02-29435788",
        "city": "新北市",
        "district": "中和區"
      }
    },
    {
      "type": "Feature",
      "geometry": {
        "type": "Point",
        "coordinates": [
          121.4658654,
          24.9953283
        ]
      },
      "properties": {
        "restid": "2489",
        "name": "麥味登中和壽德",
        "address": "新北市中和區壽德街21號",
        "phone": "02-29526863",
        "city": "新北市",
        "district": "中和區"
      }
    },
    {
      "type": "Feature",
      "geometry": {
        "type": "Point",
        "coordinates": [
          121.4973121,
          24.9993813
        ]
      },
      "properties": {
        "restid": "2488",
        "name": "麥味登中和泉日青",
        "address": "新北市中和區連城路89巷7-2號",
        "phone": "02-82458368",
        "city": "新北市",
        "district": "中和區"
      }
    },
    {
      "type": "Feature",
      "geometry": {
        "type": "Point",
        "coordinates": [
          121.4687492,
          24.9999074
        ]
      },
      "properties": {
        "restid": "2487",
        "name": "麥味登中和民德",
        "address": "新北市中和區民德路155號",
        "phone": "02-29628388",
        "city": "新北市",
        "district": "中和區"
      }
    },
    {
      "type": "Feature",
      "geometry": {
        "type": "Point",
        "coordinates": [
          121.503992,
          24.999171
        ]
      },
      "properties": {
        "restid": "2486",
        "name": "麥味登中和景新",
        "address": "新北市中和區景新街35號",
        "phone": "02-22450559",
        "city": "新北市",
        "district": "中和區"
      }
    },
    {
      "type": "Feature",
      "geometry": {
        "type": "Point",
        "coordinates": [
          121.5176526,
          24.9931383
        ]
      },
      "properties": {
        "restid": "2485",
        "name": "麥味登中和吉仁",
        "address": "新北市中和區大仁街19巷1號",
        "phone": "02-86680256",
        "city": "新北市",
        "district": "中和區"
      }
    },
    {
      "type": "Feature",
      "geometry": {
        "type": "Point",
        "coordinates": [
          121.9512839,
          25.02019692
        ]
      },
      "properties": {
        "restid": "1131",
        "name": "富士海鮮餐廳",
        "address": "新北市貢寮區東興街8號",
        "phone": "02-24991001#",
        "city": "新北市",
        "district": "貢寮區"
      }
    },
    {
      "type": "Feature",
      "geometry": {
        "type": "Point",
        "coordinates": [
          121.9497149,
          25.01839494
        ]
      },
      "properties": {
        "restid": "1127",
        "name": "魚佳餚餐廳",
        "address": "新北市貢寮區東興街36號",
        "phone": "02-24992265#",
        "city": "新北市",
        "district": "貢寮區"
      }
    },
    {
      "type": "Feature",
      "geometry": {
        "type": "Point",
        "coordinates": [
          121.8668928,
          25.03745522
        ]
      },
      "properties": {
        "restid": "1126",
        "name": "蘇義興餐廳",
        "address": "新北市雙溪區中華路77號",
        "phone": "02-24931027#",
        "city": "新北市",
        "district": "雙溪區"
      }
    },
    {
      "type": "Feature",
      "geometry": {
        "type": "Point",
        "coordinates": [
          121.8590462,
          25.11093511
        ]
      },
      "properties": {
        "restid": "1125",
        "name": "老礦工食堂",
        "address": "新北市瑞芳區金瓜石祈堂路72-1號",
        "phone": "02-29314996#",
        "city": "新北市",
        "district": "瑞芳區"
      }
    },
    {
      "type": "Feature",
      "geometry": {
        "type": "Point",
        "coordinates": [
          121.524278,
          25.105007
        ]
      },
      "properties": {
        "restid": "654",
        "name": "非常泰（天母sogo 店）",
        "address": "臺北市士林區中山北路六段77號8樓",
        "phone": "02-28310188#",
        "city": "臺北市",
        "district": "士林區"
      }
    },
    {
      "type": "Feature",
      "geometry": {
        "type": "Point",
        "coordinates": [
          121.524278,
          25.105007
        ]
      },
      "properties": {
        "restid": "647",
        "name": "新葡苑（天母SOGO店）",
        "address": "臺北市士林區中山北路6段77號8樓",
        "phone": "02-28366628#",
        "city": "臺北市",
        "district": "士林區"
      }
    },
    {
      "type": "Feature",
      "geometry": {
        "type": "Point",
        "coordinates": [
          121.548441,
          25.040146
        ]
      },
      "properties": {
        "restid": "645",
        "name": "紅豆食府(天母SOGO店)",
        "address": "臺北市士林區中山北路六段77號8F",
        "phone": "02-28332208#",
        "city": "臺北市",
        "district": "士林區"
      }
    },
    {
      "type": "Feature",
      "geometry": {
        "type": "Point",
        "coordinates": [
          121.524278,
          25.105007
        ]
      },
      "properties": {
        "restid": "644",
        "name": "朱記餡餅粥(天母SOGO店)",
        "address": "臺北市士林區中山北路6段77號8樓",
        "phone": "02-28353619#",
        "city": "臺北市",
        "district": "士林區"
      }
    },
    {
      "type": "Feature",
      "geometry": {
        "type": "Point",
        "coordinates": [
          121.55628,
          25.041155
        ]
      },
      "properties": {
        "restid": "582",
        "name": "晶湯匙泰式主題餐廳",
        "address": "臺北市大安區忠孝東路三段300號10樓",
        "phone": "02-87725006#",
        "city": "臺北市",
        "district": "大安區"
      }
    },
    {
      "type": "Feature",
      "geometry": {
        "type": "Point",
        "coordinates": [
          121.54990647,
          25.03560914
        ]
      },
      "properties": {
        "restid": "2318",
        "name": "洗心壽司割烹",
        "address": "臺北市大安區敦化南路一段295巷9號",
        "phone": "-#",
        "city": "臺北市",
        "district": "大安區"
      }
    },
    {
      "type": "Feature",
      "geometry": {
        "type": "Point",
        "coordinates": [
          121.5677823,
          25.03684216
        ]
      },
      "properties": {
        "restid": "2018",
        "name": "樂檸漢堡（信義遠百門市）",
        "address": "臺北市信義區松仁路58號B3（A13 信義遠百 B3）",
        "phone": "02-27255260#",
        "city": "臺北市",
        "district": "信義區"
      }
    },
    {
      "type": "Feature",
      "geometry": {
        "type": "Point",
        "coordinates": [
          121.5527883,
          25.042859
        ]
      },
      "properties": {
        "restid": "2017",
        "name": "樂檸漢堡（忠孝敦化門市）",
        "address": "臺北市大安區忠孝東路四段223巷47號",
        "phone": "02-87720607#",
        "city": "臺北市",
        "district": "大安區"
      }
    },
    {
      "type": "Feature",
      "geometry": {
        "type": "Point",
        "coordinates": [
          121.5624299,
          25.05046132
        ]
      },
      "properties": {
        "restid": "2016",
        "name": "樂檸漢堡（南京三民門市）",
        "address": "臺北市松山區光復北路11巷99-1號",
        "phone": "02-27620398#",
        "city": "臺北市",
        "district": "松山區"
      }
    },
    {
      "type": "Feature",
      "geometry": {
        "type": "Point",
        "coordinates": [
          121.54834234,
          25.05552462
        ]
      },
      "properties": {
        "restid": "2009",
        "name": "聚寶員工餐廳",
        "address": "臺北市松山區敦化北路158號",
        "phone": "02-27156888#1560",
        "city": "臺北市",
        "district": "松山區"
      }
    },
    {
      "type": "Feature",
      "geometry": {
        "type": "Point",
        "coordinates": [
          121.675031,
          25.01333653
        ]
      },
      "properties": {
        "restid": "2008",
        "name": "三才靈芝生態農場民宿",
        "address": "新北市石碇區中民村十八重溪52-1號",
        "phone": "02-26633995#",
        "city": "新北市",
        "district": "石碇區"
      }
    },
    {
      "type": "Feature",
      "geometry": {
        "type": "Point",
        "coordinates": [
          121.407965,
          25.124798
        ]
      },
      "properties": {
        "restid": "1111",
        "name": "桃樂絲森林餐廳",
        "address": "新北市八里區荖阡村荖阡坑路34之5號",
        "phone": "02-86303356#",
        "city": "新北市",
        "district": "八里區"
      }
    },
    {
      "type": "Feature",
      "geometry": {
        "type": "Point",
        "coordinates": [
          121.503253,
          24.78059
        ]
      },
      "properties": {
        "restid": "1085",
        "name": "食在森林",
        "address": "新北市烏來區福山里3鄰卡拉模基21號",
        "phone": "-#",
        "city": "新北市",
        "district": "烏來區"
      }
    },
    {
      "type": "Feature",
      "geometry": {
        "type": "Point",
        "coordinates": [
          121.5068203,
          25.03634132
        ]
      },
      "properties": {
        "restid": "1972",
        "name": "PRIME ONE 牛排館",
        "address": "臺北市中正區中華路二段1號",
        "phone": "02-23143300#3368",
        "city": "臺北市",
        "district": "中正區"
      }
    },
    {
      "type": "Feature",
      "geometry": {
        "type": "Point",
        "coordinates": [
          121.503,
          24.996019
        ]
      },
      "properties": {
        "restid": "296",
        "name": "布拉德施維根廚房 Brother Su Vegan Kitchen",
        "address": "新北市中和區南華路29號",
        "phone": "-",
        "city": "新北市",
        "district": "中和區"
      }
    },
    {
      "type": "Feature",
      "geometry": {
        "type": "Point",
        "coordinates": [
          121.462638,
          25.011662
        ]
      },
      "properties": {
        "restid": "290",
        "name": "板橋凱撒大飯店(家宴中餐廳)",
        "address": "新北市板橋區縣民大道二段8號",
        "phone": "02-89539777#",
        "city": "新北市",
        "district": "板橋區"
      }
    },
    {
      "type": "Feature",
      "geometry": {
        "type": "Point",
        "coordinates": [
          121.462638,
          25.011662
        ]
      },
      "properties": {
        "restid": "288",
        "name": "板橋凱撒大飯店(卡拉拉餐廳)",
        "address": "新北市板橋區縣民大道二段8號",
        "phone": "02-89539777#",
        "city": "新北市",
        "district": "板橋區"
      }
    },
    {
      "type": "Feature",
      "geometry": {
        "type": "Point",
        "coordinates": [
          121.467123,
          25.04307
        ]
      },
      "properties": {
        "restid": "328",
        "name": "古拉爵 義式屋-家樂福重新店",
        "address": "新北市三重區重新路5段654號B1",
        "phone": "02-85124712#",
        "city": "新北市",
        "district": "三重區"
      }
    },
    {
      "type": "Feature",
      "geometry": {
        "type": "Point",
        "coordinates": [
          121.546235,
          24.975878
        ]
      },
      "properties": {
        "restid": "324",
        "name": "古拉爵 義式屋-新店家樂福店",
        "address": "新北市新店區中興路3段1號7樓",
        "phone": "02-29144822#",
        "city": "新北市",
        "district": "新店區"
      }
    },
    {
      "type": "Feature",
      "geometry": {
        "type": "Point",
        "coordinates": [
          121.52556,
          25.054131
        ]
      },
      "properties": {
        "restid": "323",
        "name": "古拉爵 義式屋-欣欣百貨店",
        "address": "臺北市中山區台北市中山區林森北路247號2樓",
        "phone": "02-25427680#",
        "city": "臺北市",
        "district": "中山區"
      }
    },
    {
      "type": "Feature",
      "geometry": {
        "type": "Point",
        "coordinates": [
          121.567967,
          25.036732
        ]
      },
      "properties": {
        "restid": "369",
        "name": "涮乃葉-南港中信店",
        "address": "臺北市南港區台北市南港區經貿二路188-1號2樓(中信總部C棟)",
        "phone": "02-26530155#",
        "city": "臺北市",
        "district": "南港區"
      }
    },
    {
      "type": "Feature",
      "geometry": {
        "type": "Point",
        "coordinates": [
          121.567967,
          25.036732
        ]
      },
      "properties": {
        "restid": "368",
        "name": "涮乃葉-信義遠百店",
        "address": "臺北市信義區台北市信義區松仁路58號7樓",
        "phone": "02-27230698#",
        "city": "臺北市",
        "district": "信義區"
      }
    },
    {
      "type": "Feature",
      "geometry": {
        "type": "Point",
        "coordinates": [
          121.565417,
          25.040865
        ]
      },
      "properties": {
        "restid": "360",
        "name": "涮乃葉-統一時代市府店",
        "address": "臺北市信義區台北市信義區忠孝東路5段8號3樓",
        "phone": "02-27230646#",
        "city": "臺北市",
        "district": "信義區"
      }
    },
    {
      "type": "Feature",
      "geometry": {
        "type": "Point",
        "coordinates": [
          121.648248,
          25.06162
        ]
      },
      "properties": {
        "restid": "355",
        "name": "涮乃葉-汐止遠雄店",
        "address": "新北市汐止區新台五路一段99號B1",
        "phone": "-",
        "city": "新北市",
        "district": "汐止區"
      }
    },
    {
      "type": "Feature",
      "geometry": {
        "type": "Point",
        "coordinates": [
          121.352018,
          24.950641
        ]
      },
      "properties": {
        "restid": "382",
        "name": "TINA廚房－鶯歌店",
        "address": "新北市鶯歌區尖山路5號",
        "phone": "02-26772859#",
        "city": "新北市",
        "district": "鶯歌區"
      }
    },
    {
      "type": "Feature",
      "geometry": {
        "type": "Point",
        "coordinates": [
          121.546235,
          24.975878
        ]
      },
      "properties": {
        "restid": "376",
        "name": "SKYLARK加州風洋食館-新店家樂福店",
        "address": "新北市新店區中興路3段1號7樓",
        "phone": "-",
        "city": "新北市",
        "district": "新店區"
      }
    },
    {
      "type": "Feature",
      "geometry": {
        "type": "Point",
        "coordinates": [
          121.513983,
          25.042784
        ]
      },
      "properties": {
        "restid": "374",
        "name": "SKYLARK加州風洋食館-和平公園店",
        "address": "臺北市中正區台北市中正區懷寧街90號",
        "phone": "02-23756364#",
        "city": "臺北市",
        "district": "中正區"
      }
    },
    {
      "type": "Feature",
      "geometry": {
        "type": "Point",
        "coordinates": [
          121.611273,
          25.070209
        ]
      },
      "properties": {
        "restid": "373",
        "name": "SKYLARK加州風洋食館-東湖康寧店",
        "address": "臺北市內湖區台北市內湖區康寧路3段72號",
        "phone": "02-26332850#",
        "city": "臺北市",
        "district": "內湖區"
      }
    },
    {
      "type": "Feature",
      "geometry": {
        "type": "Point",
        "coordinates": [
          121.527781,
          25.095191
        ]
      },
      "properties": {
        "restid": "372",
        "name": "SKYLARK加州風洋食館-士林中山北店",
        "address": "臺北市士林區台北市士林區中山北路5段565號",
        "phone": "02-28837742#",
        "city": "臺北市",
        "district": "士林區"
      }
    },
    {
      "type": "Feature",
      "geometry": {
        "type": "Point",
        "coordinates": [
          121.52556,
          25.054131
        ]
      },
      "properties": {
        "restid": "352",
        "name": "涮乃葉-欣欣百貨店",
        "address": "臺北市中山區台北市中山區林森北路247號2樓",
        "phone": "02-25416320#",
        "city": "臺北市",
        "district": "中山區"
      }
    },
    {
      "type": "Feature",
      "geometry": {
        "type": "Point",
        "coordinates": [
          121.464344,
          25.011113
        ]
      },
      "properties": {
        "restid": "351",
        "name": "涮乃葉-板橋遠百中山店",
        "address": "新北市板橋區中山路1段152號10樓",
        "phone": "-",
        "city": "新北市",
        "district": "板橋區"
      }
    },
    {
      "type": "Feature",
      "geometry": {
        "type": "Point",
        "coordinates": [
          121.456215,
          25.002668
        ]
      },
      "properties": {
        "restid": "344",
        "name": "古拉爵 義式屋-板橋愛買店",
        "address": "新北市板橋區貴興路101號3樓",
        "phone": "02-29644886#",
        "city": "新北市",
        "district": "板橋區"
      }
    },
    {
      "type": "Feature",
      "geometry": {
        "type": "Point",
        "coordinates": [
          121.363547,
          25.071241
        ]
      },
      "properties": {
        "restid": "343",
        "name": "古拉爵 義式屋-林口三井店",
        "address": "新北市林口區文化三路1段356號2樓",
        "phone": "02-26069130#",
        "city": "新北市",
        "district": "林口區"
      }
    },
    {
      "type": "Feature",
      "geometry": {
        "type": "Point",
        "coordinates": [
          121.616125,
          25.058395
        ]
      },
      "properties": {
        "restid": "341",
        "name": "古拉爵 義式屋-南港中信店",
        "address": "臺北市南港區台北市南港區經貿二路166號2樓(中信總部A棟)",
        "phone": "02-27892688#",
        "city": "臺北市",
        "district": "南港區"
      }
    },
    {
      "type": "Feature",
      "geometry": {
        "type": "Point",
        "coordinates": [
          121.46077,
          25.00719
        ]
      },
      "properties": {
        "restid": "308",
        "name": "燒肉哦爺-日韓燒肉吃到飽(板橋府中店)",
        "address": "新北市板橋區館前東路48號2.3樓",
        "phone": "02-89538153#",
        "city": "新北市",
        "district": "板橋區"
      }
    },
    {
      "type": "Feature",
      "geometry": {
        "type": "Point",
        "coordinates": [
          121.466684,
          25.012256
        ]
      },
      "properties": {
        "restid": "306",
        "name": "鹿兒島燒肉專賣店-新莊中華店",
        "address": "新北市新莊區中華路二段65號1樓",
        "phone": "02-29909950#",
        "city": "新北市",
        "district": "新莊區"
      }
    },
    {
      "type": "Feature",
      "geometry": {
        "type": "Point",
        "coordinates": [
          121.466684,
          25.012256
        ]
      },
      "properties": {
        "restid": "305",
        "name": "鹿兒島燒肉專賣店-板橋新板店",
        "address": "新北市板橋區中山路一段164-1號",
        "phone": "02-29625099#",
        "city": "新北市",
        "district": "板橋區"
      }
    },
    {
      "type": "Feature",
      "geometry": {
        "type": "Point",
        "coordinates": [
          121.547995,
          25.051963
        ]
      },
      "properties": {
        "restid": "304",
        "name": "橫濱牛排-微風南京店",
        "address": "臺北市松山區南京東路3段337號3樓",
        "phone": "02-87125575#",
        "city": "臺北市",
        "district": "松山區"
      }
    },
    {
      "type": "Feature",
      "geometry": {
        "type": "Point",
        "coordinates": [
          121.463475,
          25.010767
        ]
      },
      "properties": {
        "restid": "279",
        "name": "鍋賣局(板橋新板店)",
        "address": "新北市板橋區中山路一段130號",
        "phone": "-",
        "city": "新北市",
        "district": "板橋區"
      }
    },
    {
      "type": "Feature",
      "geometry": {
        "type": "Point",
        "coordinates": [
          121.465624,
          25.01208
        ]
      },
      "properties": {
        "restid": "278",
        "name": "彭園婚宴會館(新板店)",
        "address": "新北市板橋區中山路一段161號",
        "phone": "02-29527666#",
        "city": "新北市",
        "district": "板橋區"
      }
    },
    {
      "type": "Feature",
      "geometry": {
        "type": "Point",
        "coordinates": [
          121.514173,
          25.00023915
        ]
      },
      "properties": {
        "restid": "1634",
        "name": "蘿蔔蹲 Farmers Tasty",
        "address": "新北市永和區安樂路136號",
        "phone": "02-29427711#",
        "city": "新北市",
        "district": "永和區"
      }
    },
    {
      "type": "Feature",
      "geometry": {
        "type": "Point",
        "coordinates": [
          121.4464753,
          25.19216449
        ]
      },
      "properties": {
        "restid": "1604",
        "name": "義利不窯-碳烤牛排-窯烤披薩-義式料理",
        "address": "新北市淡水區淡金路二段608之2號",
        "phone": "02-26206699#",
        "city": "新北市",
        "district": "淡水區"
      }
    },
    {
      "type": "Feature",
      "geometry": {
        "type": "Point",
        "coordinates": [
          121.5309857,
          25.12293749
        ]
      },
      "properties": {
        "restid": "1602",
        "name": "藝食知選",
        "address": "臺北市士林區臺北市士林區天玉街81巷2號",
        "phone": "02-28762882#",
        "city": "臺北市",
        "district": "士林區"
      }
    },
    {
      "type": "Feature",
      "geometry": {
        "type": "Point",
        "coordinates": [
          121.53097674,
          25.11536129
        ]
      },
      "properties": {
        "restid": "1601",
        "name": "紅瓦厝懷舊風味餐坊",
        "address": "臺北市士林區天母東路8巷67號",
        "phone": "02-28767407#",
        "city": "臺北市",
        "district": "士林區"
      }
    },
    {
      "type": "Feature",
      "geometry": {
        "type": "Point",
        "coordinates": [
          121.48814854,
          25.0772517
        ]
      },
      "properties": {
        "restid": "1598",
        "name": "法華素食餐廳",
        "address": "新北市三重區仁美街24號",
        "phone": "02-22860768#",
        "city": "新北市",
        "district": "三重區"
      }
    },
    {
      "type": "Feature",
      "geometry": {
        "type": "Point",
        "coordinates": [
          121.4680017,
          25.01970552
        ]
      },
      "properties": {
        "restid": "1617",
        "name": "零居Zero Living",
        "address": "新北市板橋區文化路一段188巷7弄27號",
        "phone": "02-22565109#",
        "city": "新北市",
        "district": "板橋區"
      }
    },
    {
      "type": "Feature",
      "geometry": {
        "type": "Point",
        "coordinates": [
          121.5040002,
          25.04650392
        ]
      },
      "properties": {
        "restid": "1616",
        "name": "小小蔬房",
        "address": "臺北市萬華區漢口街二段125號",
        "phone": "02-23111168#",
        "city": "臺北市",
        "district": "萬華區"
      }
    },
    {
      "type": "Feature",
      "geometry": {
        "type": "Point",
        "coordinates": [
          121.551278,
          24.84891
        ]
      },
      "properties": {
        "restid": "420",
        "name": "雲仙大飯店",
        "address": "新北市烏來區烏來里瀑布路1-1號",
        "phone": "02-26616383#",
        "city": "新北市",
        "district": "烏來區"
      }
    },
    {
      "type": "Feature",
      "geometry": {
        "type": "Point",
        "coordinates": [
          121.429453,
          25.177109
        ]
      },
      "properties": {
        "restid": "419",
        "name": "將捷金鬱金香酒店",
        "address": "新北市淡水區中正路一段2-1號",
        "phone": "02-26210333#",
        "city": "新北市",
        "district": "淡水區"
      }
    },
    {
      "type": "Feature",
      "geometry": {
        "type": "Point",
        "coordinates": [
          121.5515736,
          25.08494323
        ]
      },
      "properties": {
        "restid": "1550",
        "name": "凱基證券總公司員工餐廳(自有)",
        "address": "臺北市中山區成功里明水路700號4樓",
        "phone": "02-21818888#",
        "city": "臺北市",
        "district": "中山區"
      }
    },
    {
      "type": "Feature",
      "geometry": {
        "type": "Point",
        "coordinates": [
          121.460267,
          25.048065
        ]
      },
      "properties": {
        "restid": "1415",
        "name": "藏壽司 新莊思源路店",
        "address": "新北市新莊區思源路168號",
        "phone": "02-29901755#",
        "city": "新北市",
        "district": "新莊區"
      }
    },
    {
      "type": "Feature",
      "geometry": {
        "type": "Point",
        "coordinates": [
          121.607208,
          25.052669
        ]
      },
      "properties": {
        "restid": "1414",
        "name": "藏壽司 南港CITYLINK店",
        "address": "臺北市南港區忠孝東路七段369號3樓",
        "phone": "02-26510266#",
        "city": "臺北市",
        "district": "南港區"
      }
    },
    {
      "type": "Feature",
      "geometry": {
        "type": "Point",
        "coordinates": [
          121.499584,
          25.00067
        ]
      },
      "properties": {
        "restid": "1001",
        "name": "Q Burger中和泰和店",
        "address": "新北市中和區泰和街22號",
        "phone": "02-22466060",
        "city": "新北市",
        "district": "中和區"
      }
    },
    {
      "type": "Feature",
      "geometry": {
        "type": "Point",
        "coordinates": [
          121.500435,
          25.067153
        ]
      },
      "properties": {
        "restid": "1000",
        "name": "Q Burger蘆洲長安店",
        "address": "新北市蘆洲區長安街53號",
        "phone": "02-22882985",
        "city": "新北市",
        "district": "蘆洲區"
      }
    },
    {
      "type": "Feature",
      "geometry": {
        "type": "Point",
        "coordinates": [
          121.4345,
          25.03236
        ]
      },
      "properties": {
        "restid": "999",
        "name": "Q Burger新莊輔大店",
        "address": "新北市新莊區福營路93號",
        "phone": "02-29015291",
        "city": "新北市",
        "district": "新莊區"
      }
    },
    {
      "type": "Feature",
      "geometry": {
        "type": "Point",
        "coordinates": [
          121.465514,
          24.988858
        ]
      },
      "properties": {
        "restid": "996",
        "name": "Q Burger土城立德店",
        "address": "新北市土城區延和路54號",
        "phone": "02-22632929",
        "city": "新北市",
        "district": "土城區"
      }
    },
    {
      "type": "Feature",
      "geometry": {
        "type": "Point",
        "coordinates": [
          121.492759,
          25.067778
        ]
      },
      "properties": {
        "restid": "995",
        "name": "Q Burger三重大智店",
        "address": "新北市三重區大智街55號",
        "phone": "02-29883200",
        "city": "新北市",
        "district": "三重區"
      }
    },
    {
      "type": "Feature",
      "geometry": {
        "type": "Point",
        "coordinates": [
          121.517427,
          25.006084
        ]
      },
      "properties": {
        "restid": "993",
        "name": "Q Burger永和永利店",
        "address": "新北市永和區永利路3號1樓",
        "phone": "02-22320310",
        "city": "新北市",
        "district": "永和區"
      }
    },
    {
      "type": "Feature",
      "geometry": {
        "type": "Point",
        "coordinates": [
          121.458972,
          24.980546
        ]
      },
      "properties": {
        "restid": "992",
        "name": "Q Burger土城青雲店",
        "address": "新北市土城區青雲路238號1樓",
        "phone": "02-22730363",
        "city": "新北市",
        "district": "土城區"
      }
    },
    {
      "type": "Feature",
      "geometry": {
        "type": "Point",
        "coordinates": [
          121.346571,
          24.954121
        ]
      },
      "properties": {
        "restid": "991",
        "name": "Q Burger鶯歌南雅店",
        "address": "新北市鶯歌區南雅路447號1樓",
        "phone": "02-86776886",
        "city": "新北市",
        "district": "鶯歌區"
      }
    },
    {
      "type": "Feature",
      "geometry": {
        "type": "Point",
        "coordinates": [
          121.52096,
          25.061153
        ]
      },
      "properties": {
        "restid": "990",
        "name": "Q Burger中山天祥店",
        "address": "臺北市中山區天祥路22號1樓",
        "phone": "02-25311238",
        "city": "臺北市",
        "district": "中山區"
      }
    },
    {
      "type": "Feature",
      "geometry": {
        "type": "Point",
        "coordinates": [
          121.437873,
          25.083213
        ]
      },
      "properties": {
        "restid": "804",
        "name": "Q Burger五股國小店",
        "address": "新北市五股區成泰路二段108號",
        "phone": "02-82922183",
        "city": "新北市",
        "district": "五股區"
      }
    },
    {
      "type": "Feature",
      "geometry": {
        "type": "Point",
        "coordinates": [
          121.483656,
          24.995229
        ]
      },
      "properties": {
        "restid": "803",
        "name": "Q Burger中和連城店",
        "address": "新北市中和區連城路469巷17號",
        "phone": "02-22219606",
        "city": "新北市",
        "district": "中和區"
      }
    },
    {
      "type": "Feature",
      "geometry": {
        "type": "Point",
        "coordinates": [
          121.470937,
          25.023523
        ]
      },
      "properties": {
        "restid": "802",
        "name": "Q Burger板橋莊敬店",
        "address": "新北市板橋區莊敬路134號",
        "phone": "02-22555663",
        "city": "新北市",
        "district": "板橋區"
      }
    },
    {
      "type": "Feature",
      "geometry": {
        "type": "Point",
        "coordinates": [
          121.4592,
          25.066718
        ]
      },
      "properties": {
        "restid": "801",
        "name": "Q Burger新北五工店",
        "address": "新北市新莊區五工二路95號",
        "phone": "02-22981080",
        "city": "新北市",
        "district": "新莊區"
      }
    },
    {
      "type": "Feature",
      "geometry": {
        "type": "Point",
        "coordinates": [
          121.425139,
          24.995757
        ]
      },
      "properties": {
        "restid": "800",
        "name": "Q Burger樹林千歲店",
        "address": "新北市樹林區千歲街12號",
        "phone": "02-26851910",
        "city": "新北市",
        "district": "樹林區"
      }
    },
    {
      "type": "Feature",
      "geometry": {
        "type": "Point",
        "coordinates": [
          121.466409,
          25.084284
        ]
      },
      "properties": {
        "restid": "799",
        "name": "Q Burger蘆洲光華店",
        "address": "新北市蘆洲區中正路185巷31弄1號",
        "phone": "02-22853131",
        "city": "新北市",
        "district": "蘆洲區"
      }
    },
    {
      "type": "Feature",
      "geometry": {
        "type": "Point",
        "coordinates": [
          121.462558,
          25.029782
        ]
      },
      "properties": {
        "restid": "798",
        "name": "Q Burger板橋四維店",
        "address": "新北市板橋區四維路308號",
        "phone": "02-22551055",
        "city": "新北市",
        "district": "板橋區"
      }
    },
    {
      "type": "Feature",
      "geometry": {
        "type": "Point",
        "coordinates": [
          121.592371,
          25.084945
        ]
      },
      "properties": {
        "restid": "797",
        "name": "Q Burger內湖金龍店",
        "address": "臺北市內湖區金龍路74號",
        "phone": "02-27928292",
        "city": "臺北市",
        "district": "內湖區"
      }
    },
    {
      "type": "Feature",
      "geometry": {
        "type": "Point",
        "coordinates": [
          121.428102,
          25.019691
        ]
      },
      "properties": {
        "restid": "796",
        "name": "Q Burger新莊民本店",
        "address": "新北市新莊區民本街22號",
        "phone": "02-22081229",
        "city": "新北市",
        "district": "新莊區"
      }
    },
    {
      "type": "Feature",
      "geometry": {
        "type": "Point",
        "coordinates": [
          121.48183,
          25.090017
        ]
      },
      "properties": {
        "restid": "795",
        "name": "Q Burger蘆洲中興店",
        "address": "新北市蘆洲區中興街181號",
        "phone": "02-82857757",
        "city": "新北市",
        "district": "蘆洲區"
      }
    },
    {
      "type": "Feature",
      "geometry": {
        "type": "Point",
        "coordinates": [
          121.471063,
          25.049164
        ]
      },
      "properties": {
        "restid": "882",
        "name": "Q Burger三重光復店",
        "address": "新北市三重區光復路一段68巷22號",
        "phone": "02-29990935",
        "city": "新北市",
        "district": "三重區"
      }
    },
    {
      "type": "Feature",
      "geometry": {
        "type": "Point",
        "coordinates": [
          121.587649,
          25.039387
        ]
      },
      "properties": {
        "restid": "881",
        "name": "Q Burger南港福德店",
        "address": "臺北市南港區福德街312號1樓",
        "phone": "02-26519876",
        "city": "臺北市",
        "district": "南港區"
      }
    },
    {
      "type": "Feature",
      "geometry": {
        "type": "Point",
        "coordinates": [
          121.465085,
          24.996559
        ]
      },
      "properties": {
        "restid": "880",
        "name": "Q Burger中和華順店",
        "address": "新北市中和區華順街120號1樓",
        "phone": "02-29620685",
        "city": "新北市",
        "district": "中和區"
      }
    },
    {
      "type": "Feature",
      "geometry": {
        "type": "Point",
        "coordinates": [
          121.485193,
          25.070457
        ]
      },
      "properties": {
        "restid": "876",
        "name": "Q Burger三重忠孝店",
        "address": "新北市三重區忠孝路二段46號",
        "phone": "02-29846788",
        "city": "新北市",
        "district": "三重區"
      }
    },
    {
      "type": "Feature",
      "geometry": {
        "type": "Point",
        "coordinates": [
          121.415484,
          25.001532
        ]
      },
      "properties": {
        "restid": "875",
        "name": "Q Burger樹林保安店",
        "address": "新北市樹林區保安街二段115號1樓",
        "phone": "02-26889990",
        "city": "新北市",
        "district": "樹林區"
      }
    },
    {
      "type": "Feature",
      "geometry": {
        "type": "Point",
        "coordinates": [
          121.492152,
          25.079754
        ]
      },
      "properties": {
        "restid": "874",
        "name": "Q Burger三重仁政店",
        "address": "新北市三重區溪美里仁愛街349號",
        "phone": "02-29886667",
        "city": "新北市",
        "district": "三重區"
      }
    },
    {
      "type": "Feature",
      "geometry": {
        "type": "Point",
        "coordinates": [
          121.487959,
          25.058091
        ]
      },
      "properties": {
        "restid": "873",
        "name": "Q Burger三重重陽店",
        "address": "新北市三重區重陽路43巷31號1樓",
        "phone": "02-89881667",
        "city": "新北市",
        "district": "三重區"
      }
    },
    {
      "type": "Feature",
      "geometry": {
        "type": "Point",
        "coordinates": [
          121.543057,
          25.041212
        ]
      },
      "properties": {
        "restid": "643",
        "name": "伊勢路勝勢日式豬排(復興 SOGO店)",
        "address": "臺北市大安區忠孝東路三段300號10樓",
        "phone": "02-87729822#",
        "city": "臺北市",
        "district": "大安區"
      }
    },
    {
      "type": "Feature",
      "geometry": {
        "type": "Point",
        "coordinates": [
          121.524278,
          25.105007
        ]
      },
      "properties": {
        "restid": "642",
        "name": "靜岡勝政日式豬排",
        "address": "臺北市士林區中山北路六段77號8F",
        "phone": "02-28363899#",
        "city": "臺北市",
        "district": "士林區"
      }
    },
    {
      "type": "Feature",
      "geometry": {
        "type": "Point",
        "coordinates": [
          121.524278,
          25.105007
        ]
      },
      "properties": {
        "restid": "640",
        "name": "omo cafe （天母SOGO店）",
        "address": "臺北市士林區中山北路六段77號5樓",
        "phone": "02-28341668#",
        "city": "臺北市",
        "district": "士林區"
      }
    },
    {
      "type": "Feature",
      "geometry": {
        "type": "Point",
        "coordinates": [
          121.524278,
          25.105007
        ]
      },
      "properties": {
        "restid": "639",
        "name": "漢來海港-天母店",
        "address": "臺北市士林區中山北路六段77號7F",
        "phone": "07-4128068#2",
        "city": "臺北市",
        "district": "士林區"
      }
    },
    {
      "type": "Feature",
      "geometry": {
        "type": "Point",
        "coordinates": [
          121.543057,
          25.041212
        ]
      },
      "properties": {
        "restid": "625",
        "name": "鰻將劍持屋",
        "address": "臺北市大安區忠孝東路三段300號B2",
        "phone": "02-87728551#",
        "city": "臺北市",
        "district": "大安區"
      }
    },
    {
      "type": "Feature",
      "geometry": {
        "type": "Point",
        "coordinates": [
          121.486425,
          25.056729
        ]
      },
      "properties": {
        "restid": "1398",
        "name": "藏壽司 三重捷運路店",
        "address": "新北市三重區重明里18鄰捷運路1號",
        "phone": "02-29886680#",
        "city": "新北市",
        "district": "三重區"
      }
    },
    {
      "type": "Feature",
      "geometry": {
        "type": "Point",
        "coordinates": [
          121.567277,
          25.038729
        ]
      },
      "properties": {
        "restid": "1397",
        "name": "藏壽司 微風松高店",
        "address": "臺北市信義區松高路16號B1",
        "phone": "02-27206900#",
        "city": "臺北市",
        "district": "信義區"
      }
    },
    {
      "type": "Feature",
      "geometry": {
        "type": "Point",
        "coordinates": [
          121.378305,
          24.944205
        ]
      },
      "properties": {
        "restid": "1395",
        "name": "藏壽司 三峽學成店",
        "address": "新北市三峽區學成路398號4樓",
        "phone": "02-26717262#",
        "city": "新北市",
        "district": "三峽區"
      }
    },
    {
      "type": "Feature",
      "geometry": {
        "type": "Point",
        "coordinates": [
          121.507645,
          25.007836
        ]
      },
      "properties": {
        "restid": "1394",
        "name": "藏壽司 永和比漾店",
        "address": "新北市永和區中山路一段238號4樓",
        "phone": "02-22311881#",
        "city": "新北市",
        "district": "永和區"
      }
    },
    {
      "type": "Feature",
      "geometry": {
        "type": "Point",
        "coordinates": [
          121.45334,
          24.980435
        ]
      },
      "properties": {
        "restid": "1392",
        "name": "藏壽司 土城金城路店",
        "address": "新北市土城區金城路二段80號",
        "phone": "02-22607775#",
        "city": "新北市",
        "district": "土城區"
      }
    },
    {
      "type": "Feature",
      "geometry": {
        "type": "Point",
        "coordinates": [
          121.488175,
          25.005189
        ]
      },
      "properties": {
        "restid": "1410",
        "name": "藏壽司 中和橋和店",
        "address": "新北市中和區橋和路5號",
        "phone": "02-82266313#",
        "city": "新北市",
        "district": "中和區"
      }
    },
    {
      "type": "Feature",
      "geometry": {
        "type": "Point",
        "coordinates": [
          121.464344,
          25.011113
        ]
      },
      "properties": {
        "restid": "1409",
        "name": "藏壽司 板橋中山遠百店",
        "address": "新北市板橋區中山路一段152號5樓",
        "phone": "02-29582868#",
        "city": "新北市",
        "district": "板橋區"
      }
    },
    {
      "type": "Feature",
      "geometry": {
        "type": "Point",
        "coordinates": [
          121.519354,
          25.053083
        ]
      },
      "properties": {
        "restid": "1408",
        "name": "藏壽司 中山南西店",
        "address": "臺北市大同區南京西路57號2樓",
        "phone": "02-25565289#",
        "city": "臺北市",
        "district": "大同區"
      }
    },
    {
      "type": "Feature",
      "geometry": {
        "type": "Point",
        "coordinates": [
          121.566021,
          25.035668
        ]
      },
      "properties": {
        "restid": "1403",
        "name": "藏壽司 信義ATT店",
        "address": "臺北市信義區松壽路12號4樓",
        "phone": "02-77340800#",
        "city": "臺北市",
        "district": "信義區"
      }
    },
    {
      "type": "Feature",
      "geometry": {
        "type": "Point",
        "coordinates": [
          121.449451,
          25.059944
        ]
      },
      "properties": {
        "restid": "1402",
        "name": "藏壽司 新莊宏匯店",
        "address": "新北市新莊區新北大道四段3號7樓",
        "phone": "02-85213102#",
        "city": "新北市",
        "district": "新莊區"
      }
    },
    {
      "type": "Feature",
      "geometry": {
        "type": "Point",
        "coordinates": [
          121.445145,
          25.1691
        ]
      },
      "properties": {
        "restid": "1390",
        "name": "藏壽司 淡水站前店",
        "address": "新北市淡水區中山路8號5樓",
        "phone": "02-26263577#",
        "city": "新北市",
        "district": "淡水區"
      }
    },
    {
      "type": "Feature",
      "geometry": {
        "type": "Point",
        "coordinates": [
          121.490758,
          25.089071
        ]
      },
      "properties": {
        "restid": "1387",
        "name": "藏壽司 三重集賢路店",
        "address": "新北市三重區集賢路99號",
        "phone": "02-82877177#",
        "city": "新北市",
        "district": "三重區"
      }
    },
    {
      "type": "Feature",
      "geometry": {
        "type": "Point",
        "coordinates": [
          121.514897,
          25.045615
        ]
      },
      "properties": {
        "restid": "1383",
        "name": "藏壽司 台北館前店",
        "address": "臺北市中正區館前路12號5樓",
        "phone": "02-23316029#",
        "city": "臺北市",
        "district": "中正區"
      }
    },
    {
      "type": "Feature",
      "geometry": {
        "type": "Point",
        "coordinates": [
          121.5662096,
          25.03445836
        ]
      },
      "properties": {
        "restid": "1338",
        "name": "金色三麥 UMAMI微風南山店",
        "address": "臺北市信義區台北市信義區松智路17號7樓",
        "phone": "02-27291229",
        "city": "臺北市",
        "district": "信義區"
      }
    },
    {
      "type": "Feature",
      "geometry": {
        "type": "Point",
        "coordinates": [
          121.5304806,
          24.97259783
        ]
      },
      "properties": {
        "restid": "1336",
        "name": "petit doux 微兜  小碧潭店",
        "address": "新北市新店區新北市新店區中央路157號5樓",
        "phone": "02-29115998",
        "city": "新北市",
        "district": "新店區"
      }
    },
    {
      "type": "Feature",
      "geometry": {
        "type": "Point",
        "coordinates": [
          121.5171935,
          25.04942462
        ]
      },
      "properties": {
        "restid": "1335",
        "name": "petit doux 微兜  京站店",
        "address": "臺北市大同區台北市大同區承德路一段1號1樓",
        "phone": "02-77290009",
        "city": "臺北市",
        "district": "大同區"
      }
    },
    {
      "type": "Feature",
      "geometry": {
        "type": "Point",
        "coordinates": [
          121.5306691,
          25.03282304
        ]
      },
      "properties": {
        "restid": "1334",
        "name": "petit doux 微兜  永康店",
        "address": "臺北市大安區台北市大安區信義路二段 198 巷 7-3 號1樓",
        "phone": "02-23951336",
        "city": "臺北市",
        "district": "大安區"
      }
    },
    {
      "type": "Feature",
      "geometry": {
        "type": "Point",
        "coordinates": [
          121.544594,
          25.04222659
        ]
      },
      "properties": {
        "restid": "1333",
        "name": "pd by petit doux 忠孝SOGO店",
        "address": "臺北市大安區台北市大安區忠孝東路四段45號 11樓(忠孝SOGO百貨)",
        "phone": "02-27213008",
        "city": "臺北市",
        "district": "大安區"
      }
    },
    {
      "type": "Feature",
      "geometry": {
        "type": "Point",
        "coordinates": [
          121.553494,
          24.84974
        ]
      },
      "properties": {
        "restid": "1044",
        "name": "加納富魚食坊",
        "address": "新北市烏來區信賢里信福路12號之3",
        "phone": "02-26616560#",
        "city": "新北市",
        "district": "烏來區"
      }
    },
    {
      "type": "Feature",
      "geometry": {
        "type": "Point",
        "coordinates": [
          121.479648,
          25.033014
        ]
      },
      "properties": {
        "restid": "1022",
        "name": "Q Burger板橋民治店",
        "address": "新北市板橋區民治街63號1樓",
        "phone": "02-22502901",
        "city": "新北市",
        "district": "板橋區"
      }
    },
    {
      "type": "Feature",
      "geometry": {
        "type": "Point",
        "coordinates": [
          121.47889,
          25.03066
        ]
      },
      "properties": {
        "restid": "1020",
        "name": "Q Burger板橋懷德店",
        "address": "新北市板橋區懷德街160號",
        "phone": "02-22563030",
        "city": "新北市",
        "district": "板橋區"
      }
    },
    {
      "type": "Feature",
      "geometry": {
        "type": "Point",
        "coordinates": [
          121.495161,
          25.024438
        ]
      },
      "properties": {
        "restid": "1019",
        "name": "Q Burger萬華寶興店",
        "address": "臺北市萬華區寶興街149號1樓",
        "phone": "02-23010052",
        "city": "臺北市",
        "district": "萬華區"
      }
    },
    {
      "type": "Feature",
      "geometry": {
        "type": "Point",
        "coordinates": [
          121.461892,
          24.996223
        ]
      },
      "properties": {
        "restid": "1017",
        "name": "Q Burger板橋國慶店",
        "address": "新北市板橋區國慶路161之5號",
        "phone": "02-29511321",
        "city": "新北市",
        "district": "板橋區"
      }
    },
    {
      "type": "Feature",
      "geometry": {
        "type": "Point",
        "coordinates": [
          121.449141,
          25.052856
        ]
      },
      "properties": {
        "restid": "1015",
        "name": "Q Burger新莊中榮店",
        "address": "新北市新莊區中榮街58號1樓",
        "phone": "02-29918006",
        "city": "新北市",
        "district": "新莊區"
      }
    },
    {
      "type": "Feature",
      "geometry": {
        "type": "Point",
        "coordinates": [
          121.418002,
          24.979223
        ]
      },
      "properties": {
        "restid": "1013",
        "name": "Q Burger樹林太順店",
        "address": "新北市樹林區太順街47號",
        "phone": "02-86860151",
        "city": "新北市",
        "district": "樹林區"
      }
    },
    {
      "type": "Feature",
      "geometry": {
        "type": "Point",
        "coordinates": [
          121.468065,
          25.089117
        ]
      },
      "properties": {
        "restid": "1012",
        "name": "Q Burger蘆洲三民店",
        "address": "新北市蘆洲區民族路429號",
        "phone": "02-28480213",
        "city": "新北市",
        "district": "蘆洲區"
      }
    },
    {
      "type": "Feature",
      "geometry": {
        "type": "Point",
        "coordinates": [
          121.473945,
          25.004702
        ]
      },
      "properties": {
        "restid": "979",
        "name": "Q Burger中和環球店",
        "address": "新北市中和區民享街6號",
        "phone": "02-82215555",
        "city": "新北市",
        "district": "中和區"
      }
    },
    {
      "type": "Feature",
      "geometry": {
        "type": "Point",
        "coordinates": [
          121.508551,
          25.011265
        ]
      },
      "properties": {
        "restid": "978",
        "name": "Q Burger永和永平店",
        "address": "新北市永和區永平路250號",
        "phone": "02-29295009",
        "city": "新北市",
        "district": "永和區"
      }
    },
    {
      "type": "Feature",
      "geometry": {
        "type": "Point",
        "coordinates": [
          121.537998,
          24.979685
        ]
      },
      "properties": {
        "restid": "977",
        "name": "Q Burger新店建國店",
        "address": "新北市新店區建國路189號1樓",
        "phone": "02-22188372",
        "city": "新北市",
        "district": "新店區"
      }
    },
    {
      "type": "Feature",
      "geometry": {
        "type": "Point",
        "coordinates": [
          121.550182,
          25.001138
        ]
      },
      "properties": {
        "restid": "975",
        "name": "Q Burger文山興德店",
        "address": "臺北市文山區興隆路二段215之2號1樓",
        "phone": "02-29343805",
        "city": "臺北市",
        "district": "文山區"
      }
    },
    {
      "type": "Feature",
      "geometry": {
        "type": "Point",
        "coordinates": [
          121.477416,
          25.066399
        ]
      },
      "properties": {
        "restid": "974",
        "name": "Q Burger三重頂崁店",
        "address": "新北市三重區頂崁街188號",
        "phone": "02-29843557",
        "city": "新北市",
        "district": "三重區"
      }
    },
    {
      "type": "Feature",
      "geometry": {
        "type": "Point",
        "coordinates": [
          121.494542,
          24.997451
        ]
      },
      "properties": {
        "restid": "973",
        "name": "Q Burger中和板南店",
        "address": "新北市中和區連城路219巷1號",
        "phone": "02-22466351",
        "city": "新北市",
        "district": "中和區"
      }
    },
    {
      "type": "Feature",
      "geometry": {
        "type": "Point",
        "coordinates": [
          121.396536,
          25.078023
        ]
      },
      "properties": {
        "restid": "972",
        "name": "Q Burger林口中山店",
        "address": "新北市林口區中山路3號1樓",
        "phone": "02-26026033",
        "city": "新北市",
        "district": "林口區"
      }
    },
    {
      "type": "Feature",
      "geometry": {
        "type": "Point",
        "coordinates": [
          121.46092,
          25.018519
        ]
      },
      "properties": {
        "restid": "971",
        "name": "Q Burger板橋國光店",
        "address": "新北市板橋區國光路183號",
        "phone": "02-29684685",
        "city": "新北市",
        "district": "板橋區"
      }
    },
    {
      "type": "Feature",
      "geometry": {
        "type": "Point",
        "coordinates": [
          121.526366,
          24.995584
        ]
      },
      "properties": {
        "restid": "970",
        "name": "Q Burger中和秀朗店",
        "address": "新北市中和區秀朗路三段48號1樓",
        "phone": "02-29222380",
        "city": "新北市",
        "district": "中和區"
      }
    },
    {
      "type": "Feature",
      "geometry": {
        "type": "Point",
        "coordinates": [
          121.562082,
          24.983037
        ]
      },
      "properties": {
        "restid": "955",
        "name": "Q Burger文山興隆店",
        "address": "臺北市文山區興隆路四段112號",
        "phone": "02-29371568",
        "city": "臺北市",
        "district": "文山區"
      }
    },
    {
      "type": "Feature",
      "geometry": {
        "type": "Point",
        "coordinates": [
          121.442999,
          24.977884
        ]
      },
      "properties": {
        "restid": "954",
        "name": "Q Burger土城員林店",
        "address": "新北市土城區員林街10之2號一樓",
        "phone": "02-82610003",
        "city": "新北市",
        "district": "土城區"
      }
    },
    {
      "type": "Feature",
      "geometry": {
        "type": "Point",
        "coordinates": [
          121.588763,
          25.081544
        ]
      },
      "properties": {
        "restid": "953",
        "name": "Q Burger內湖達人店",
        "address": "臺北市內湖區內湖路二段326號",
        "phone": "02-27909865",
        "city": "臺北市",
        "district": "內湖區"
      }
    },
    {
      "type": "Feature",
      "geometry": {
        "type": "Point",
        "coordinates": [
          121.46588,
          25.05574
        ]
      },
      "properties": {
        "restid": "952",
        "name": "Q Burger新莊頭前店",
        "address": "新北市新莊區頭前里化成路319號",
        "phone": "02-85213381",
        "city": "新北市",
        "district": "新莊區"
      }
    },
    {
      "type": "Feature",
      "geometry": {
        "type": "Point",
        "coordinates": [
          121.544821,
          24.995334
        ]
      },
      "properties": {
        "restid": "950",
        "name": "Q Burger文山景興店",
        "address": "臺北市文山區景興路99號",
        "phone": "02-29320217",
        "city": "臺北市",
        "district": "文山區"
      }
    },
    {
      "type": "Feature",
      "geometry": {
        "type": "Point",
        "coordinates": [
          121.508985,
          25.007586
        ]
      },
      "properties": {
        "restid": "948",
        "name": "Q Burger永和永貞店",
        "address": "新北市永和區永貞路355巷2號",
        "phone": "02-29262971",
        "city": "新北市",
        "district": "永和區"
      }
    },
    {
      "type": "Feature",
      "geometry": {
        "type": "Point",
        "coordinates": [
          121.43087,
          25.056481
        ]
      },
      "properties": {
        "restid": "937",
        "name": "Q Burger泰山泰高店",
        "address": "新北市泰山區明志路一段433號一樓",
        "phone": "02-22960737",
        "city": "新北市",
        "district": "泰山區"
      }
    },
    {
      "type": "Feature",
      "geometry": {
        "type": "Point",
        "coordinates": [
          121.452222,
          24.98748
        ]
      },
      "properties": {
        "restid": "936",
        "name": "Q Burger土城學成店",
        "address": "新北市土城區學成路47號",
        "phone": "02-82731862",
        "city": "新北市",
        "district": "土城區"
      }
    },
    {
      "type": "Feature",
      "geometry": {
        "type": "Point",
        "coordinates": [
          121.462661,
          24.992666
        ]
      },
      "properties": {
        "restid": "934",
        "name": "Q Burger板橋廣和店",
        "address": "新北市板橋區廣和街73號1樓",
        "phone": "02-29646679",
        "city": "新北市",
        "district": "板橋區"
      }
    },
    {
      "type": "Feature",
      "geometry": {
        "type": "Point",
        "coordinates": [
          121.552522,
          25.058167
        ]
      },
      "properties": {
        "restid": "933",
        "name": "Q Burger松山民生店",
        "address": "臺北市松山區民生東路四段103號1樓",
        "phone": "02-25471072",
        "city": "臺北市",
        "district": "松山區"
      }
    },
    {
      "type": "Feature",
      "geometry": {
        "type": "Point",
        "coordinates": [
          121.542694,
          25.065888
        ]
      },
      "properties": {
        "restid": "931",
        "name": "Q Burger中山復興店",
        "address": "臺北市中山區復興北路514巷34號一樓",
        "phone": "02-25090565",
        "city": "臺北市",
        "district": "中山區"
      }
    },
    {
      "type": "Feature",
      "geometry": {
        "type": "Point",
        "coordinates": [
          121.447089,
          25.011759
        ]
      },
      "properties": {
        "restid": "930",
        "name": "Q Burger板橋僑中店",
        "address": "新北市板橋區僑中一街90號1樓",
        "phone": "02-82752908",
        "city": "新北市",
        "district": "板橋區"
      }
    },
    {
      "type": "Feature",
      "geometry": {
        "type": "Point",
        "coordinates": [
          121.540926,
          24.980433
        ]
      },
      "properties": {
        "restid": "928",
        "name": "Q Burger新店大豐店",
        "address": "新北市新店區大豐路16巷2號",
        "phone": "02-89146488",
        "city": "新北市",
        "district": "新店區"
      }
    },
    {
      "type": "Feature",
      "geometry": {
        "type": "Point",
        "coordinates": [
          121.568693,
          25.026309
        ]
      },
      "properties": {
        "restid": "927",
        "name": "Q Burger信義松仁店",
        "address": "臺北市信義區松仁路227號1樓",
        "phone": "02-27208119",
        "city": "臺北市",
        "district": "信義區"
      }
    },
    {
      "type": "Feature",
      "geometry": {
        "type": "Point",
        "coordinates": [
          121.463911,
          24.984055
        ]
      },
      "properties": {
        "restid": "916",
        "name": "Q Burger土城延吉店",
        "address": "新北市土城區延吉街312號",
        "phone": "02-82610582",
        "city": "新北市",
        "district": "土城區"
      }
    },
    {
      "type": "Feature",
      "geometry": {
        "type": "Point",
        "coordinates": [
          121.45553,
          25.016953
        ]
      },
      "properties": {
        "restid": "915",
        "name": "Q Burger板橋大仁店",
        "address": "新北市板橋區大仁街26號1樓",
        "phone": "02-29666587",
        "city": "新北市",
        "district": "板橋區"
      }
    },
    {
      "type": "Feature",
      "geometry": {
        "type": "Point",
        "coordinates": [
          121.500044,
          24.990794
        ]
      },
      "properties": {
        "restid": "914",
        "name": "Q Burger中和中興店",
        "address": "新北市中和區中興街163號1樓+地下室",
        "phone": "02-22429011",
        "city": "新北市",
        "district": "中和區"
      }
    },
    {
      "type": "Feature",
      "geometry": {
        "type": "Point",
        "coordinates": [
          121.450931,
          25.103012
        ]
      },
      "properties": {
        "restid": "913",
        "name": "Q Burger五股成洲店",
        "address": "新北市五股區成泰路三段577巷43號1樓",
        "phone": "02-22918228",
        "city": "新北市",
        "district": "五股區"
      }
    },
    {
      "type": "Feature",
      "geometry": {
        "type": "Point",
        "coordinates": [
          121.659974,
          25.062892
        ]
      },
      "properties": {
        "restid": "911",
        "name": "Q Burger汐止秀峰店",
        "address": "新北市汐止區仁愛路26號1樓",
        "phone": "02-26430098",
        "city": "新北市",
        "district": "汐止區"
      }
    },
    {
      "type": "Feature",
      "geometry": {
        "type": "Point",
        "coordinates": [
          121.467594,
          25.020258
        ]
      },
      "properties": {
        "restid": "909",
        "name": "Q Burger板橋介壽店",
        "address": "新北市板橋區介壽街17號1樓",
        "phone": "02-22553597",
        "city": "新北市",
        "district": "板橋區"
      }
    },
    {
      "type": "Feature",
      "geometry": {
        "type": "Point",
        "coordinates": [
          121.381934,
          25.074358
        ]
      },
      "properties": {
        "restid": "907",
        "name": "Q Burger林口仁愛店",
        "address": "新北市林口區西林里仁愛路二段150號",
        "phone": "02-26016558",
        "city": "新北市",
        "district": "林口區"
      }
    },
    {
      "type": "Feature",
      "geometry": {
        "type": "Point",
        "coordinates": [
          121.416634,
          25.026983
        ]
      },
      "properties": {
        "restid": "894",
        "name": "Q Burger新莊雙鳳店",
        "address": "新北市新莊區雙鳳路23號1樓",
        "phone": "02-29081680",
        "city": "新北市",
        "district": "新莊區"
      }
    },
    {
      "type": "Feature",
      "geometry": {
        "type": "Point",
        "coordinates": [
          121.433637,
          25.087052
        ]
      },
      "properties": {
        "restid": "893",
        "name": "Q Burger五股工商店",
        "address": "新北市五股區工商路193號1樓",
        "phone": "02-22941002",
        "city": "新北市",
        "district": "五股區"
      }
    },
    {
      "type": "Feature",
      "geometry": {
        "type": "Point",
        "coordinates": [
          121.366108,
          24.935783
        ]
      },
      "properties": {
        "restid": "892",
        "name": "Q Burger三峽文化店",
        "address": "新北市三峽區文化路266之13號1樓",
        "phone": "02-26738182",
        "city": "新北市",
        "district": "三峽區"
      }
    },
    {
      "type": "Feature",
      "geometry": {
        "type": "Point",
        "coordinates": [
          121.539496,
          24.999628
        ]
      },
      "properties": {
        "restid": "891",
        "name": "Q Burger文山萬隆店",
        "address": "臺北市文山區萬隆里景福街4號1樓",
        "phone": "02-29331380",
        "city": "臺北市",
        "district": "文山區"
      }
    },
    {
      "type": "Feature",
      "geometry": {
        "type": "Point",
        "coordinates": [
          121.502456,
          25.021825
        ]
      },
      "properties": {
        "restid": "890",
        "name": "Q Burger萬華青年店",
        "address": "臺北市萬華區青年路140號1樓",
        "phone": "02-23070701",
        "city": "臺北市",
        "district": "萬華區"
      }
    },
    {
      "type": "Feature",
      "geometry": {
        "type": "Point",
        "coordinates": [
          121.555938,
          25.024214
        ]
      },
      "properties": {
        "restid": "888",
        "name": "Q Burger信義信安店",
        "address": "臺北市信義區信安街127號",
        "phone": "02-87321008",
        "city": "臺北市",
        "district": "信義區"
      }
    },
    {
      "type": "Feature",
      "geometry": {
        "type": "Point",
        "coordinates": [
          121.479027,
          25.084298
        ]
      },
      "properties": {
        "restid": "886",
        "name": "Q Burger蘆洲信義店",
        "address": "新北市蘆洲區信義路245號",
        "phone": "02-28487578",
        "city": "新北市",
        "district": "蘆洲區"
      }
    },
    {
      "type": "Feature",
      "geometry": {
        "type": "Point",
        "coordinates": [
          121.470293,
          25.011917
        ]
      },
      "properties": {
        "restid": "884",
        "name": "Q Burger板橋海山店",
        "address": "新北市板橋區漢生東路193巷7號1樓",
        "phone": "02-29546666",
        "city": "新北市",
        "district": "板橋區"
      }
    },
    {
      "type": "Feature",
      "geometry": {
        "type": "Point",
        "coordinates": [
          121.505611,
          25.02721
        ]
      },
      "properties": {
        "restid": "883",
        "name": "Q Burger萬華國興店",
        "address": "臺北市萬華區國興路98號",
        "phone": "02-23056683",
        "city": "臺北市",
        "district": "萬華區"
      }
    },
    {
      "type": "Feature",
      "geometry": {
        "type": "Point",
        "coordinates": [
          121.455327,
          24.991516
        ]
      },
      "properties": {
        "restid": "872",
        "name": "Q Burger土城廣興店",
        "address": "新北市土城區廣興街33號1樓",
        "phone": "02-89661116",
        "city": "新北市",
        "district": "土城區"
      }
    },
    {
      "type": "Feature",
      "geometry": {
        "type": "Point",
        "coordinates": [
          121.519721,
          24.999991
        ]
      },
      "properties": {
        "restid": "871",
        "name": "Q Burger永和得和店",
        "address": "新北市永和區得和路172號1樓",
        "phone": "02-86681921",
        "city": "新北市",
        "district": "永和區"
      }
    },
    {
      "type": "Feature",
      "geometry": {
        "type": "Point",
        "coordinates": [
          121.405839,
          25.016078
        ]
      },
      "properties": {
        "restid": "870",
        "name": "Q Burger樹林三福店",
        "address": "新北市樹林區三福街144號",
        "phone": "02-26880015",
        "city": "新北市",
        "district": "樹林區"
      }
    },
    {
      "type": "Feature",
      "geometry": {
        "type": "Point",
        "coordinates": [
          121.478472,
          25.027913
        ]
      },
      "properties": {
        "restid": "869",
        "name": "Q Burger板橋文聖店",
        "address": "新北市板橋區文聖街142號",
        "phone": "02-22500123",
        "city": "新北市",
        "district": "板橋區"
      }
    },
    {
      "type": "Feature",
      "geometry": {
        "type": "Point",
        "coordinates": [
          121.49675,
          25.004674
        ]
      },
      "properties": {
        "restid": "868",
        "name": "Q Burger中和福美店",
        "address": "新北市中和區福善里福美路313號",
        "phone": "02-22490131",
        "city": "新北市",
        "district": "中和區"
      }
    },
    {
      "type": "Feature",
      "geometry": {
        "type": "Point",
        "coordinates": [
          121.378178,
          24.929621
        ]
      },
      "properties": {
        "restid": "866",
        "name": "Q Burger三峽大同店",
        "address": "新北市三峽區介壽里大同路1-4號1樓",
        "phone": "02-26740031",
        "city": "新北市",
        "district": "三峽區"
      }
    },
    {
      "type": "Feature",
      "geometry": {
        "type": "Point",
        "coordinates": [
          121.449134,
          25.097723
        ]
      },
      "properties": {
        "restid": "865",
        "name": "Q Burger五股西雲店",
        "address": "新北市五股區西雲路241號1樓",
        "phone": "02-22935777",
        "city": "新北市",
        "district": "五股區"
      }
    },
    {
      "type": "Feature",
      "geometry": {
        "type": "Point",
        "coordinates": [
          121.506791,
          24.99555
        ]
      },
      "properties": {
        "restid": "864",
        "name": "Q Burger中和景安店",
        "address": "新北市中和區景新街175號1樓",
        "phone": "02-86682175",
        "city": "新北市",
        "district": "中和區"
      }
    },
    {
      "type": "Feature",
      "geometry": {
        "type": "Point",
        "coordinates": [
          121.428731,
          25.025538
        ]
      },
      "properties": {
        "restid": "863",
        "name": "Q Burger新莊建安店",
        "address": "新北市新莊區建安街45號1樓",
        "phone": "02-22012300",
        "city": "新北市",
        "district": "新莊區"
      }
    },
    {
      "type": "Feature",
      "geometry": {
        "type": "Point",
        "coordinates": [
          121.467247,
          24.983343
        ]
      },
      "properties": {
        "restid": "862",
        "name": "Q Burger土城永豐店",
        "address": "新北市土城區永豐路135巷10號1樓",
        "phone": "02-22707050",
        "city": "新北市",
        "district": "土城區"
      }
    },
    {
      "type": "Feature",
      "geometry": {
        "type": "Point",
        "coordinates": [
          121.432574,
          24.990117
        ]
      },
      "properties": {
        "restid": "848",
        "name": "Q Burger板橋金園店",
        "address": "新北市板橋區金門街171號",
        "phone": "02-26818787",
        "city": "新北市",
        "district": "板橋區"
      }
    },
    {
      "type": "Feature",
      "geometry": {
        "type": "Point",
        "coordinates": [
          121.476828,
          25.083825
        ]
      },
      "properties": {
        "restid": "847",
        "name": "Q Burger蘆洲鷺江店",
        "address": "新北市蘆洲區鷺江街95號",
        "phone": "02-22880500",
        "city": "新北市",
        "district": "蘆洲區"
      }
    },
    {
      "type": "Feature",
      "geometry": {
        "type": "Point",
        "coordinates": [
          121.51003,
          25.083092
        ]
      },
      "properties": {
        "restid": "845",
        "name": "Q Burger士林延平店",
        "address": "臺北市士林區延平北路五段179號",
        "phone": "02-28110658",
        "city": "臺北市",
        "district": "士林區"
      }
    },
    {
      "type": "Feature",
      "geometry": {
        "type": "Point",
        "coordinates": [
          121.448081,
          25.03417
        ]
      },
      "properties": {
        "restid": "844",
        "name": "Q Burger新莊新豐店",
        "address": "新北市新莊區新豐街25號1樓",
        "phone": "02-22010220",
        "city": "新北市",
        "district": "新莊區"
      }
    },
    {
      "type": "Feature",
      "geometry": {
        "type": "Point",
        "coordinates": [
          121.474348,
          25.000854
        ]
      },
      "properties": {
        "restid": "843",
        "name": "Q Burger中和民享店",
        "address": "新北市中和區民享街86巷3號1樓",
        "phone": "02-82282005",
        "city": "新北市",
        "district": "中和區"
      }
    },
    {
      "type": "Feature",
      "geometry": {
        "type": "Point",
        "coordinates": [
          121.533676,
          24.9865
        ]
      },
      "properties": {
        "restid": "841",
        "name": "Q Burger新店中正店",
        "address": "新北市新店區中正路546號1樓",
        "phone": "02-86673625",
        "city": "新北市",
        "district": "新店區"
      }
    },
    {
      "type": "Feature",
      "geometry": {
        "type": "Point",
        "coordinates": [
          121.504919,
          24.991284
        ]
      },
      "properties": {
        "restid": "839",
        "name": "Q Burger中和南勢角店",
        "address": "新北市中和區南山路174-2號",
        "phone": "02-29470520",
        "city": "新北市",
        "district": "中和區"
      }
    },
    {
      "type": "Feature",
      "geometry": {
        "type": "Point",
        "coordinates": [
          121.488978,
          25.052773
        ]
      },
      "properties": {
        "restid": "828",
        "name": "Q Burger三重集成店",
        "address": "新北市三重區集成路42號",
        "phone": "02-29776785",
        "city": "新北市",
        "district": "三重區"
      }
    },
    {
      "type": "Feature",
      "geometry": {
        "type": "Point",
        "coordinates": [
          121.506857,
          24.985071
        ]
      },
      "properties": {
        "restid": "826",
        "name": "Q Burger中和興南店",
        "address": "新北市中和區興南路二段69號",
        "phone": "02-86683877",
        "city": "新北市",
        "district": "中和區"
      }
    },
    {
      "type": "Feature",
      "geometry": {
        "type": "Point",
        "coordinates": [
          121.41918,
          24.989501
        ]
      },
      "properties": {
        "restid": "825",
        "name": "Q Burger樹林育英店",
        "address": "新北市樹林區育英街146號",
        "phone": "02-26851719",
        "city": "新北市",
        "district": "樹林區"
      }
    },
    {
      "type": "Feature",
      "geometry": {
        "type": "Point",
        "coordinates": [
          121.5234,
          25.004807
        ]
      },
      "properties": {
        "restid": "824",
        "name": "Q Burger永和永亨店",
        "address": "新北市永和區永亨路107號",
        "phone": "02-29202227",
        "city": "新北市",
        "district": "永和區"
      }
    },
    {
      "type": "Feature",
      "geometry": {
        "type": "Point",
        "coordinates": [
          121.475419,
          25.015885
        ]
      },
      "properties": {
        "restid": "821",
        "name": "Q Burger板橋中山店",
        "address": "新北市板橋區東丘里中山路２段９０巷１２號",
        "phone": "02-29552958",
        "city": "新北市",
        "district": "板橋區"
      }
    },
    {
      "type": "Feature",
      "geometry": {
        "type": "Point",
        "coordinates": [
          121.515206,
          25.109373
        ]
      },
      "properties": {
        "restid": "820",
        "name": "Q Burger北投致遠店",
        "address": "臺北市北投區致遠一路一段95號",
        "phone": "02-28250606",
        "city": "臺北市",
        "district": "北投區"
      }
    },
    {
      "type": "Feature",
      "geometry": {
        "type": "Point",
        "coordinates": [
          121.539379,
          24.993632
        ]
      },
      "properties": {
        "restid": "818",
        "name": "Q Burger文山景福店",
        "address": "臺北市文山區景福街234號",
        "phone": "02-89351881",
        "city": "臺北市",
        "district": "文山區"
      }
    },
    {
      "type": "Feature",
      "geometry": {
        "type": "Point",
        "coordinates": [
          121.477968,
          25.068933
        ]
      },
      "properties": {
        "restid": "817",
        "name": "Q Burger三重三民店",
        "address": "新北市三重區三民街298號",
        "phone": "02-29869285",
        "city": "新北市",
        "district": "三重區"
      }
    },
    {
      "type": "Feature",
      "geometry": {
        "type": "Point",
        "coordinates": [
          121.465074,
          25.043993
        ]
      },
      "properties": {
        "restid": "784",
        "name": "Q Burger新莊化成店",
        "address": "新北市新莊區化成路31號",
        "phone": "02-29906004",
        "city": "新北市",
        "district": "新莊區"
      }
    },
    {
      "type": "Feature",
      "geometry": {
        "type": "Point",
        "coordinates": [
          121.425445,
          25.044391
        ]
      },
      "properties": {
        "restid": "783",
        "name": "Q Burger泰山明志店",
        "address": "新北市泰山區明志路2段353號",
        "phone": "02-29081667",
        "city": "新北市",
        "district": "泰山區"
      }
    },
    {
      "type": "Feature",
      "geometry": {
        "type": "Point",
        "coordinates": [
          121.469076,
          25.004567
        ]
      },
      "properties": {
        "restid": "782",
        "name": "Q Burger中和民生店",
        "address": "新北市中和區民生街85巷1弄2號",
        "phone": "02-29550810",
        "city": "新北市",
        "district": "中和區"
      }
    },
    {
      "type": "Feature",
      "geometry": {
        "type": "Point",
        "coordinates": [
          121.495962,
          25.072444
        ]
      },
      "properties": {
        "restid": "781",
        "name": "Q Burger三重龍門店",
        "address": "新北市三重區龍門路40號",
        "phone": "02-29772611",
        "city": "新北市",
        "district": "三重區"
      }
    },
    {
      "type": "Feature",
      "geometry": {
        "type": "Point",
        "coordinates": [
          121.423613,
          25.026793
        ]
      },
      "properties": {
        "restid": "780",
        "name": "Q Burger新莊民安店",
        "address": "新北市新莊區民安路35號",
        "phone": "02-22020252",
        "city": "新北市",
        "district": "新莊區"
      }
    },
    {
      "type": "Feature",
      "geometry": {
        "type": "Point",
        "coordinates": [
          121.485859,
          25.079187
        ]
      },
      "properties": {
        "restid": "779",
        "name": "Q Burger三重慈愛店",
        "address": "新北市三重區慈愛街46號",
        "phone": "02-22808853",
        "city": "新北市",
        "district": "三重區"
      }
    },
    {
      "type": "Feature",
      "geometry": {
        "type": "Point",
        "coordinates": [
          121.487657,
          25.082346
        ]
      },
      "properties": {
        "restid": "778",
        "name": "Q Burger三重仁愛店",
        "address": "新北市三重區溪尾街269號",
        "phone": "02-29860322",
        "city": "新北市",
        "district": "三重區"
      }
    },
    {
      "type": "Feature",
      "geometry": {
        "type": "Point",
        "coordinates": [
          121.480903,
          25.074468
        ]
      },
      "properties": {
        "restid": "777",
        "name": "Q Burger三重永福店",
        "address": "新北市三重區永福街172號",
        "phone": "02-82878666",
        "city": "新北市",
        "district": "三重區"
      }
    },
    {
      "type": "Feature",
      "geometry": {
        "type": "Point",
        "coordinates": [
          121.49248,
          25.064229
        ]
      },
      "properties": {
        "restid": "776",
        "name": "Q Burger國隆總店店",
        "address": "新北市三重區國隆路26號",
        "phone": "02-89837007",
        "city": "新北市",
        "district": "三重區"
      }
    },
    {
      "type": "Feature",
      "geometry": {
        "type": "Point",
        "coordinates": [
          121.467613,
          25.051435
        ]
      },
      "properties": {
        "restid": "775",
        "name": "Q Burger（總店）",
        "address": "新北市新莊區頭前路24號",
        "phone": "02-89913667",
        "city": "新北市",
        "district": "新莊區"
      }
    },
    {
      "type": "Feature",
      "geometry": {
        "type": "Point",
        "coordinates": [
          121.654075,
          25.062799
        ]
      },
      "properties": {
        "restid": "1031",
        "name": "Q Burger汐止連興店",
        "address": "新北市汐止區連興街73號1樓",
        "phone": "02-26919516",
        "city": "新北市",
        "district": "汐止區"
      }
    },
    {
      "type": "Feature",
      "geometry": {
        "type": "Point",
        "coordinates": [
          121.467982,
          24.990404
        ]
      },
      "properties": {
        "restid": "1030",
        "name": "Q Burger土城延和店",
        "address": "新北市土城區延和路115號1樓",
        "phone": "02-22631515",
        "city": "新北市",
        "district": "土城區"
      }
    },
    {
      "type": "Feature",
      "geometry": {
        "type": "Point",
        "coordinates": [
          121.642194,
          25.064547
        ]
      },
      "properties": {
        "restid": "1029",
        "name": "Q Burger汐止樟樹店",
        "address": "新北市汐止區樟樹一路130號",
        "phone": "02-86916631",
        "city": "新北市",
        "district": "汐止區"
      }
    },
    {
      "type": "Feature",
      "geometry": {
        "type": "Point",
        "coordinates": [
          121.498161,
          25.143566
        ]
      },
      "properties": {
        "restid": "1028",
        "name": "Q Burger北投中和店",
        "address": "臺北市北投區中和街402號",
        "phone": "02-28915262",
        "city": "臺北市",
        "district": "北投區"
      }
    },
    {
      "type": "Feature",
      "geometry": {
        "type": "Point",
        "coordinates": [
          121.512274,
          25.013874
        ]
      },
      "properties": {
        "restid": "1027",
        "name": "Q Burger永和信義店",
        "address": "新北市永和區信義路93號1樓",
        "phone": "02-29214352",
        "city": "新北市",
        "district": "永和區"
      }
    },
    {
      "type": "Feature",
      "geometry": {
        "type": "Point",
        "coordinates": [
          121.524045,
          24.99125
        ]
      },
      "properties": {
        "restid": "1026",
        "name": "Q Burger中和自立店",
        "address": "新北市中和區自立路76號一樓",
        "phone": "02-29488588",
        "city": "新北市",
        "district": "中和區"
      }
    },
    {
      "type": "Feature",
      "geometry": {
        "type": "Point",
        "coordinates": [
          121.458966,
          25.091411
        ]
      },
      "properties": {
        "restid": "1025",
        "name": "Q Burger蘆洲永平店",
        "address": "新北市蘆洲區永平街32巷15號一樓",
        "phone": "02-82828616",
        "city": "新北市",
        "district": "蘆洲區"
      }
    },
    {
      "type": "Feature",
      "geometry": {
        "type": "Point",
        "coordinates": [
          121.567274,
          24.983356
        ]
      },
      "properties": {
        "restid": "1023",
        "name": "Q Burger文山木新店",
        "address": "臺北市文山區木新路二段229號",
        "phone": "02-29396817",
        "city": "臺北市",
        "district": "文山區"
      }
    },
    {
      "type": "Feature",
      "geometry": {
        "type": "Point",
        "coordinates": [
          121.48595,
          25.062768
        ]
      },
      "properties": {
        "restid": "1008",
        "name": "Q Burger三重田安店",
        "address": "新北市三重區三民街71號1樓",
        "phone": "02-29840181",
        "city": "新北市",
        "district": "三重區"
      }
    },
    {
      "type": "Feature",
      "geometry": {
        "type": "Point",
        "coordinates": [
          121.498454,
          25.059256
        ]
      },
      "properties": {
        "restid": "1005",
        "name": "Q Burger三重光興店",
        "address": "新北市三重區正義南路103號",
        "phone": "02-29740006",
        "city": "新北市",
        "district": "三重區"
      }
    },
    {
      "type": "Feature",
      "geometry": {
        "type": "Point",
        "coordinates": [
          121.534754,
          24.972241
        ]
      },
      "properties": {
        "restid": "1004",
        "name": "Q Burger新店三民店",
        "address": "新北市新店區三民路121號1樓",
        "phone": "02-89110352",
        "city": "新北市",
        "district": "新店區"
      }
    },
    {
      "type": "Feature",
      "geometry": {
        "type": "Point",
        "coordinates": [
          121.425952,
          25.013456
        ]
      },
      "properties": {
        "restid": "1002",
        "name": "Q Burger新莊光明店",
        "address": "新北市新莊區民安西路256號1樓",
        "phone": "02-22035686",
        "city": "新北市",
        "district": "新莊區"
      }
    },
    {
      "type": "Feature",
      "geometry": {
        "type": "Point",
        "coordinates": [
          121.55367,
          25.019635
        ]
      },
      "properties": {
        "restid": "986",
        "name": "Q Burger大安樂業店",
        "address": "臺北市大安區樂業街153號",
        "phone": "02-27360209",
        "city": "臺北市",
        "district": "大安區"
      }
    },
    {
      "type": "Feature",
      "geometry": {
        "type": "Point",
        "coordinates": [
          121.491574,
          25.060117
        ]
      },
      "properties": {
        "restid": "985",
        "name": "Q Burger三重菜寮店",
        "address": "新北市三重區重新路三段93號1樓",
        "phone": "02-29880901",
        "city": "新北市",
        "district": "三重區"
      }
    },
    {
      "type": "Feature",
      "geometry": {
        "type": "Point",
        "coordinates": [
          121.519605,
          25.111066
        ]
      },
      "properties": {
        "restid": "984",
        "name": "Q Burger北投懷德店",
        "address": "臺北市北投區建民路161-5號1樓",
        "phone": "02-28202320",
        "city": "臺北市",
        "district": "北投區"
      }
    },
    {
      "type": "Feature",
      "geometry": {
        "type": "Point",
        "coordinates": [
          121.514514,
          25.029555
        ]
      },
      "properties": {
        "restid": "982",
        "name": "Q Burger中正寧波店",
        "address": "臺北市中正區寧波西街100號1樓",
        "phone": "02-23325085",
        "city": "臺北市",
        "district": "中正區"
      }
    },
    {
      "type": "Feature",
      "geometry": {
        "type": "Point",
        "coordinates": [
          121.565777,
          25.026564
        ]
      },
      "properties": {
        "restid": "981",
        "name": "Q Burger信義吳興店",
        "address": "臺北市信義區吳興街281巷59號",
        "phone": "02-27200965",
        "city": "臺北市",
        "district": "信義區"
      }
    },
    {
      "type": "Feature",
      "geometry": {
        "type": "Point",
        "coordinates": [
          121.517709,
          24.973704
        ]
      },
      "properties": {
        "restid": "980",
        "name": "Q Burger新店安民店",
        "address": "新北市新店區安民街300號一樓",
        "phone": "02-22120652",
        "city": "新北市",
        "district": "新店區"
      }
    },
    {
      "type": "Feature",
      "geometry": {
        "type": "Point",
        "coordinates": [
          121.495014,
          25.029171
        ]
      },
      "properties": {
        "restid": "967",
        "name": "Q Burger萬華雙園店",
        "address": "臺北市萬華區雙園街15號",
        "phone": "02-23087655",
        "city": "臺北市",
        "district": "萬華區"
      }
    },
    {
      "type": "Feature",
      "geometry": {
        "type": "Point",
        "coordinates": [
          121.578491,
          25.039515
        ]
      },
      "properties": {
        "restid": "966",
        "name": "Q Burger信義松山店",
        "address": "臺北市信義區松山路465巷2號",
        "phone": "02-27279620",
        "city": "臺北市",
        "district": "信義區"
      }
    },
    {
      "type": "Feature",
      "geometry": {
        "type": "Point",
        "coordinates": [
          121.570415,
          25.045445
        ]
      },
      "properties": {
        "restid": "965",
        "name": "Q Burger信義永吉店",
        "address": "臺北市信義區永吉路120巷1號1樓",
        "phone": "02-27653337",
        "city": "臺北市",
        "district": "信義區"
      }
    },
    {
      "type": "Feature",
      "geometry": {
        "type": "Point",
        "coordinates": [
          121.474633,
          25.011994
        ]
      },
      "properties": {
        "restid": "964",
        "name": "Q Burger板橋長安店",
        "address": "新北市板橋區長安街210之1號",
        "phone": "02-29590700",
        "city": "新北市",
        "district": "板橋區"
      }
    },
    {
      "type": "Feature",
      "geometry": {
        "type": "Point",
        "coordinates": [
          121.63056,
          25.070912
        ]
      },
      "properties": {
        "restid": "963",
        "name": "Q Burger汐止明峰店",
        "address": "新北市汐止區明峰街125-3號1樓",
        "phone": "02-26932023",
        "city": "新北市",
        "district": "汐止區"
      }
    },
    {
      "type": "Feature",
      "geometry": {
        "type": "Point",
        "coordinates": [
          121.539991,
          25.064385
        ]
      },
      "properties": {
        "restid": "961",
        "name": "Q Burger中山榮星店",
        "address": "臺北市中山區行仁里五常街63號",
        "phone": "02-25016190",
        "city": "臺北市",
        "district": "中山區"
      }
    },
    {
      "type": "Feature",
      "geometry": {
        "type": "Point",
        "coordinates": [
          121.507414,
          24.998704
        ]
      },
      "properties": {
        "restid": "946",
        "name": "Q Burger中和保健店",
        "address": "新北市中和區景安路22號1樓",
        "phone": "02-22460690",
        "city": "新北市",
        "district": "中和區"
      }
    },
    {
      "type": "Feature",
      "geometry": {
        "type": "Point",
        "coordinates": [
          121.530364,
          25.060113
        ]
      },
      "properties": {
        "restid": "945",
        "name": "Q Burger中山錦州店",
        "address": "臺北市中山區吉林路205號",
        "phone": "02-25222997",
        "city": "臺北市",
        "district": "中山區"
      }
    },
    {
      "type": "Feature",
      "geometry": {
        "type": "Point",
        "coordinates": [
          121.488259,
          24.999276
        ]
      },
      "properties": {
        "restid": "944",
        "name": "Q Burger中和建一店",
        "address": "新北市中和區建一路157號1樓",
        "phone": "02-82282132",
        "city": "新北市",
        "district": "中和區"
      }
    },
    {
      "type": "Feature",
      "geometry": {
        "type": "Point",
        "coordinates": [
          121.590517,
          25.077784
        ]
      },
      "properties": {
        "restid": "942",
        "name": "Q Burger內湖星雲店",
        "address": "臺北市內湖區星雲街14號",
        "phone": "02-27922009",
        "city": "臺北市",
        "district": "內湖區"
      }
    },
    {
      "type": "Feature",
      "geometry": {
        "type": "Point",
        "coordinates": [
          121.474303,
          25.019642
        ]
      },
      "properties": {
        "restid": "940",
        "name": "Q Burger板橋永豐店",
        "address": "新北市板橋區永豐街115號",
        "phone": "02-29580337",
        "city": "新北市",
        "district": "板橋區"
      }
    },
    {
      "type": "Feature",
      "geometry": {
        "type": "Point",
        "coordinates": [
          121.481103,
          25.002981
        ]
      },
      "properties": {
        "restid": "939",
        "name": "Q Burger中和員山店",
        "address": "新北市中和區員山路395號",
        "phone": "02-82286062",
        "city": "新北市",
        "district": "中和區"
      }
    },
    {
      "type": "Feature",
      "geometry": {
        "type": "Point",
        "coordinates": [
          121.493039,
          24.953208
        ]
      },
      "properties": {
        "restid": "938",
        "name": "Q Burger新店玫瑰店",
        "address": "新北市新店區安康路三段30號一樓",
        "phone": "02-22126673",
        "city": "新北市",
        "district": "新店區"
      }
    },
    {
      "type": "Feature",
      "geometry": {
        "type": "Point",
        "coordinates": [
          121.532664,
          25.107074
        ]
      },
      "properties": {
        "restid": "926",
        "name": "Q Burger士林忠義店",
        "address": "臺北市士林區忠義街113-1號一樓",
        "phone": "02-28343148",
        "city": "臺北市",
        "district": "士林區"
      }
    },
    {
      "type": "Feature",
      "geometry": {
        "type": "Point",
        "coordinates": [
          121.53152,
          25.065967
        ]
      },
      "properties": {
        "restid": "925",
        "name": "Q Burger中山吉林店",
        "address": "臺北市中山區吉林路397號",
        "phone": "02-25910182",
        "city": "臺北市",
        "district": "中山區"
      }
    },
    {
      "type": "Feature",
      "geometry": {
        "type": "Point",
        "coordinates": [
          121.471045,
          25.080931
        ]
      },
      "properties": {
        "restid": "923",
        "name": "Q Burger蘆洲中山店",
        "address": "新北市蘆洲區中山二路179號1樓",
        "phone": "02-22885811",
        "city": "新北市",
        "district": "蘆洲區"
      }
    },
    {
      "type": "Feature",
      "geometry": {
        "type": "Point",
        "coordinates": [
          121.577796,
          25.035875
        ]
      },
      "properties": {
        "restid": "922",
        "name": "Q Burger信義虎林店",
        "address": "臺北市信義區信義路六段106號1樓",
        "phone": "02-27279868",
        "city": "臺北市",
        "district": "信義區"
      }
    },
    {
      "type": "Feature",
      "geometry": {
        "type": "Point",
        "coordinates": [
          121.512828,
          24.995901
        ]
      },
      "properties": {
        "restid": "921",
        "name": "Q Burger中和宜安店",
        "address": "新北市中和區宜安路25號",
        "phone": "02-29470125",
        "city": "新北市",
        "district": "中和區"
      }
    },
    {
      "type": "Feature",
      "geometry": {
        "type": "Point",
        "coordinates": [
          121.664168,
          25.064955
        ]
      },
      "properties": {
        "restid": "918",
        "name": "Q Burger汐止綠多店",
        "address": "新北市汐止區仁愛路162號1樓",
        "phone": "02-26430058",
        "city": "新北市",
        "district": "汐止區"
      }
    },
    {
      "type": "Feature",
      "geometry": {
        "type": "Point",
        "coordinates": [
          121.52894,
          25.056967
        ]
      },
      "properties": {
        "restid": "917",
        "name": "Q Burger中山中原店",
        "address": "臺北市中山區中原街41號1樓",
        "phone": "02-25232521",
        "city": "臺北市",
        "district": "中山區"
      }
    },
    {
      "type": "Feature",
      "geometry": {
        "type": "Point",
        "coordinates": [
          121.565931,
          25.062742
        ]
      },
      "properties": {
        "restid": "904",
        "name": "Q Burger松山撫遠店",
        "address": "臺北市松山區撫遠街352號",
        "phone": "02-27533262",
        "city": "臺北市",
        "district": "松山區"
      }
    },
    {
      "type": "Feature",
      "geometry": {
        "type": "Point",
        "coordinates": [
          121.45743,
          25.086818
        ]
      },
      "properties": {
        "restid": "901",
        "name": "Q Burger蘆洲成功店",
        "address": "新北市蘆洲區長安街268號",
        "phone": "02-22880695",
        "city": "新北市",
        "district": "蘆洲區"
      }
    },
    {
      "type": "Feature",
      "geometry": {
        "type": "Point",
        "coordinates": [
          121.371979,
          24.93046
        ]
      },
      "properties": {
        "restid": "900",
        "name": "Q Burger三峽中華店",
        "address": "新北市三峽區安溪里中華路46-2號",
        "phone": "02-86719007",
        "city": "新北市",
        "district": "三峽區"
      }
    },
    {
      "type": "Feature",
      "geometry": {
        "type": "Point",
        "coordinates": [
          121.455434,
          25.03843
        ]
      },
      "properties": {
        "restid": "899",
        "name": "Q Burger新莊國小店",
        "address": "新北市新莊區中港路50號",
        "phone": "02-22771516",
        "city": "新北市",
        "district": "新莊區"
      }
    },
    {
      "type": "Feature",
      "geometry": {
        "type": "Point",
        "coordinates": [
          121.42516,
          25.063874
        ]
      },
      "properties": {
        "restid": "898",
        "name": "Q Burger泰山泰林店",
        "address": "新北市泰山區泰林路二段475號1樓",
        "phone": "02-29090097",
        "city": "新北市",
        "district": "泰山區"
      }
    },
    {
      "type": "Feature",
      "geometry": {
        "type": "Point",
        "coordinates": [
          121.51275,
          24.962167
        ]
      },
      "properties": {
        "restid": "896",
        "name": "Q Burger新店安康店",
        "address": "新北市新店區安康路二段107巷1號",
        "phone": "02-86663040",
        "city": "新北市",
        "district": "新店區"
      }
    },
    {
      "type": "Feature",
      "geometry": {
        "type": "Point",
        "coordinates": [
          121.516423,
          25.067933
        ]
      },
      "properties": {
        "restid": "860",
        "name": "Q Burger大同大龍店",
        "address": "臺北市信義區大龍街150號",
        "phone": "02-25996128",
        "city": "臺北市",
        "district": "信義區"
      }
    },
    {
      "type": "Feature",
      "geometry": {
        "type": "Point",
        "coordinates": [
          121.444413,
          25.050886
        ]
      },
      "properties": {
        "restid": "858",
        "name": "Q Burger新莊立信店",
        "address": "新北市新莊區立信三街12巷12號 1樓",
        "phone": "02-22777909",
        "city": "新北市",
        "district": "新莊區"
      }
    },
    {
      "type": "Feature",
      "geometry": {
        "type": "Point",
        "coordinates": [
          121.422163,
          24.991036
        ]
      },
      "properties": {
        "restid": "856",
        "name": "Q Burger樹林日新店",
        "address": "新北市樹林區日新街67號",
        "phone": "02-26852697",
        "city": "新北市",
        "district": "樹林區"
      }
    },
    {
      "type": "Feature",
      "geometry": {
        "type": "Point",
        "coordinates": [
          121.513987,
          25.062866
        ]
      },
      "properties": {
        "restid": "853",
        "name": "Q Burger大橋頭店",
        "address": "臺北市信義區民權西路226號",
        "phone": "02-25500147",
        "city": "臺北市",
        "district": "信義區"
      }
    },
    {
      "type": "Feature",
      "geometry": {
        "type": "Point",
        "coordinates": [
          121.458476,
          25.004763
        ]
      },
      "properties": {
        "restid": "852",
        "name": "Q Burger板橋華興店",
        "address": "新北市板橋區華興街40號",
        "phone": "02-29522710",
        "city": "新北市",
        "district": "板橋區"
      }
    },
    {
      "type": "Feature",
      "geometry": {
        "type": "Point",
        "coordinates": [
          121.433775,
          25.056958
        ]
      },
      "properties": {
        "restid": "851",
        "name": "Q Burger泰山全興店",
        "address": "新北市泰山區全興路105號",
        "phone": "02-22970930",
        "city": "新北市",
        "district": "泰山區"
      }
    },
    {
      "type": "Feature",
      "geometry": {
        "type": "Point",
        "coordinates": [
          121.460258,
          25.088034
        ]
      },
      "properties": {
        "restid": "838",
        "name": "Q Burger蘆洲長興店",
        "address": "新北市蘆洲區長興路265號",
        "phone": "02-22882835",
        "city": "新北市",
        "district": "蘆洲區"
      }
    },
    {
      "type": "Feature",
      "geometry": {
        "type": "Point",
        "coordinates": [
          121.480071,
          25.006186
        ]
      },
      "properties": {
        "restid": "837",
        "name": "Q Burger中和中山店",
        "address": "新北市中和區員山路454號",
        "phone": "02-82211126",
        "city": "新北市",
        "district": "中和區"
      }
    },
    {
      "type": "Feature",
      "geometry": {
        "type": "Point",
        "coordinates": [
          121.460201,
          25.082886
        ]
      },
      "properties": {
        "restid": "836",
        "name": "Q Burger蘆洲中原店",
        "address": "新北市蘆洲區中原路24號",
        "phone": "02-22831717",
        "city": "新北市",
        "district": "蘆洲區"
      }
    },
    {
      "type": "Feature",
      "geometry": {
        "type": "Point",
        "coordinates": [
          121.438419,
          25.176348
        ]
      },
      "properties": {
        "restid": "835",
        "name": "Q Burger淡水新民店",
        "address": "新北市淡水區新民街65號",
        "phone": "02-26262060",
        "city": "新北市",
        "district": "淡水區"
      }
    },
    {
      "type": "Feature",
      "geometry": {
        "type": "Point",
        "coordinates": [
          121.514947,
          24.989908
        ]
      },
      "properties": {
        "restid": "834",
        "name": "Q Burger中和景新店",
        "address": "新北市中和區景平路111巷61弄21號",
        "phone": "02-86689008",
        "city": "新北市",
        "district": "中和區"
      }
    },
    {
      "type": "Feature",
      "geometry": {
        "type": "Point",
        "coordinates": [
          121.502847,
          25.001566
        ]
      },
      "properties": {
        "restid": "833",
        "name": "Q Burger中和廣福店",
        "address": "新北市中和區廣福路82號",
        "phone": "02-82458286",
        "city": "新北市",
        "district": "中和區"
      }
    },
    {
      "type": "Feature",
      "geometry": {
        "type": "Point",
        "coordinates": [
          121.467433,
          25.030823
        ]
      },
      "properties": {
        "restid": "832",
        "name": "Q Burger板橋吳鳳店",
        "address": "新北市板橋區吳鳳路68號",
        "phone": "02-22572358",
        "city": "新北市",
        "district": "板橋區"
      }
    },
    {
      "type": "Feature",
      "geometry": {
        "type": "Point",
        "coordinates": [
          121.462013,
          25.005483
        ]
      },
      "properties": {
        "restid": "830",
        "name": "Q Burger板橋重慶店",
        "address": "新北市板橋區重慶路108號",
        "phone": "02-89523866",
        "city": "新北市",
        "district": "板橋區"
      }
    },
    {
      "type": "Feature",
      "geometry": {
        "type": "Point",
        "coordinates": [
          121.483204,
          25.066839
        ]
      },
      "properties": {
        "restid": "829",
        "name": "Q Burger三重中正店",
        "address": "新北市三重區中正北路180號",
        "phone": "02-29856668",
        "city": "新北市",
        "district": "三重區"
      }
    },
    {
      "type": "Feature",
      "geometry": {
        "type": "Point",
        "coordinates": [
          121.422681,
          25.019451
        ]
      },
      "properties": {
        "restid": "816",
        "name": "Q Burger新莊成德店",
        "address": "新北市新莊區成德街8號",
        "phone": "02-22080936",
        "city": "新北市",
        "district": "新莊區"
      }
    },
    {
      "type": "Feature",
      "geometry": {
        "type": "Point",
        "coordinates": [
          121.452215,
          25.04756
        ]
      },
      "properties": {
        "restid": "815",
        "name": "Q Burger新莊中港店",
        "address": "新北市新莊區中港路419號",
        "phone": "02-22791117",
        "city": "新北市",
        "district": "新莊區"
      }
    },
    {
      "type": "Feature",
      "geometry": {
        "type": "Point",
        "coordinates": [
          121.522893,
          25.002853
        ]
      },
      "properties": {
        "restid": "814",
        "name": "Q Burger永和永元店",
        "address": "新北市永和區永元路124號",
        "phone": "02-29265857",
        "city": "新北市",
        "district": "永和區"
      }
    },
    {
      "type": "Feature",
      "geometry": {
        "type": "Point",
        "coordinates": [
          121.630733,
          25.065238
        ]
      },
      "properties": {
        "restid": "813",
        "name": "Q Burger汐止福德店",
        "address": "新北市汐止區福德二路140號",
        "phone": "02-26957300",
        "city": "新北市",
        "district": "汐止區"
      }
    },
    {
      "type": "Feature",
      "geometry": {
        "type": "Point",
        "coordinates": [
          121.502992,
          25.062595
        ]
      },
      "properties": {
        "restid": "812",
        "name": "Q Burger三重福德南店",
        "address": "新北市三重區福德南路40號",
        "phone": "02-29755550",
        "city": "新北市",
        "district": "三重區"
      }
    },
    {
      "type": "Feature",
      "geometry": {
        "type": "Point",
        "coordinates": [
          121.448553,
          25.170221
        ]
      },
      "properties": {
        "restid": "809",
        "name": "Q Burger淡水學府店",
        "address": "新北市淡水區學府路85號",
        "phone": "02-86315056",
        "city": "新北市",
        "district": "淡水區"
      }
    },
    {
      "type": "Feature",
      "geometry": {
        "type": "Point",
        "coordinates": [
          121.502754,
          24.995435
        ]
      },
      "properties": {
        "restid": "808",
        "name": "Q Burger中和南山店",
        "address": "新北市中和區南山路161號1樓",
        "phone": "02-22439007",
        "city": "新北市",
        "district": "中和區"
      }
    },
    {
      "type": "Feature",
      "geometry": {
        "type": "Point",
        "coordinates": [
          121.428359,
          25.051845
        ]
      },
      "properties": {
        "restid": "807",
        "name": "Q Burger泰山義學店",
        "address": "新北市泰山區明志路2段101號",
        "phone": "02-29002131",
        "city": "新北市",
        "district": "泰山區"
      }
    },
    {
      "type": "Feature",
      "geometry": {
        "type": "Point",
        "coordinates": [
          121.445344,
          25.044785
        ]
      },
      "properties": {
        "restid": "793",
        "name": "Q Burger新莊中平店",
        "address": "新北市新莊區中平路82巷10號",
        "phone": "02-29979188",
        "city": "新北市",
        "district": "新莊區"
      }
    },
    {
      "type": "Feature",
      "geometry": {
        "type": "Point",
        "coordinates": [
          121.521261,
          25.080739
        ]
      },
      "properties": {
        "restid": "792",
        "name": "Q Burger士林通河店",
        "address": "臺北市士林區通河街125號",
        "phone": "02-28853848",
        "city": "臺北市",
        "district": "士林區"
      }
    },
    {
      "type": "Feature",
      "geometry": {
        "type": "Point",
        "coordinates": [
          121.456872,
          25.052391
        ]
      },
      "properties": {
        "restid": "791",
        "name": "Q Burger新莊昌明店",
        "address": "新北市新莊區昌明街28號",
        "phone": "02-89921802",
        "city": "新北市",
        "district": "新莊區"
      }
    },
    {
      "type": "Feature",
      "geometry": {
        "type": "Point",
        "coordinates": [
          121.509812,
          25.115293
        ]
      },
      "properties": {
        "restid": "790",
        "name": "Q Burger北投實踐店",
        "address": "臺北市北投區實踐街61號",
        "phone": "02-28250909",
        "city": "臺北市",
        "district": "北投區"
      }
    },
    {
      "type": "Feature",
      "geometry": {
        "type": "Point",
        "coordinates": [
          121.434134,
          25.067298
        ]
      },
      "properties": {
        "restid": "789",
        "name": "Q Burger五股成泰店",
        "address": "新北市五股區成泰路一段47號",
        "phone": "02-29096663",
        "city": "新北市",
        "district": "五股區"
      }
    },
    {
      "type": "Feature",
      "geometry": {
        "type": "Point",
        "coordinates": [
          121.460494,
          25.024557
        ]
      },
      "properties": {
        "restid": "788",
        "name": "Q Burger板橋英士店",
        "address": "新北市板橋區英士路70號",
        "phone": "02-22580533",
        "city": "新北市",
        "district": "板橋區"
      }
    },
    {
      "type": "Feature",
      "geometry": {
        "type": "Point",
        "coordinates": [
          121.447069,
          25.036814
        ]
      },
      "properties": {
        "restid": "787",
        "name": "Q Burger新莊建中店",
        "address": "新北市新莊區建中街86號",
        "phone": "02-29922626",
        "city": "新北市",
        "district": "新莊區"
      }
    },
    {
      "type": "Feature",
      "geometry": {
        "type": "Point",
        "coordinates": [
          121.456374,
          25.04537
        ]
      },
      "properties": {
        "restid": "786",
        "name": "Q Burger新莊自立店",
        "address": "新北市新莊區自立街190號",
        "phone": "02-29927886",
        "city": "新北市",
        "district": "新莊區"
      }
    },
    {
      "type": "Feature",
      "geometry": {
        "type": "Point",
        "coordinates": [
          121.547276,
          25.048052
        ]
      },
      "properties": {
        "restid": "516",
        "name": "基督復臨安息日會醫療財團法人臺安醫院 嗎哪天然之味餐廳",
        "address": "臺北市松山區八德路二段424號B1",
        "phone": "02-27718151#3120",
        "city": "臺北市",
        "district": "松山區"
      }
    },
    {
      "type": "Feature",
      "geometry": {
        "type": "Point",
        "coordinates": [
          121.544883,
          25.041902
        ]
      },
      "properties": {
        "restid": "681",
        "name": "神樂家（忠孝SOGO店）",
        "address": "臺北市大安區忠孝東路四段45號11樓",
        "phone": "02-89785666#",
        "city": "臺北市",
        "district": "大安區"
      }
    },
    {
      "type": "Feature",
      "geometry": {
        "type": "Point",
        "coordinates": [
          121.543057,
          25.041212
        ]
      },
      "properties": {
        "restid": "664",
        "name": "Aunt Stella 詩特莉",
        "address": "臺北市大安區忠孝東路三段300號B3",
        "phone": "02-87721638#",
        "city": "臺北市",
        "district": "大安區"
      }
    },
    {
      "type": "Feature",
      "geometry": {
        "type": "Point",
        "coordinates": [
          121.543057,
          25.041212
        ]
      },
      "properties": {
        "restid": "660",
        "name": "成真咖啡台北sogo復興店",
        "address": "臺北市大安區忠孝東路三段300號9樓",
        "phone": "02-87723722#",
        "city": "臺北市",
        "district": "大安區"
      }
    },
    {
      "type": "Feature",
      "geometry": {
        "type": "Point",
        "coordinates": [
          121.545865,
          25.055993
        ]
      },
      "properties": {
        "restid": "595",
        "name": "十八廚",
        "address": "臺北市松山區興安街212號1樓",
        "phone": "02-27547890#",
        "city": "臺北市",
        "district": "松山區"
      }
    },
    {
      "type": "Feature",
      "geometry": {
        "type": "Point",
        "coordinates": [
          121.513108,
          25.045572
        ]
      },
      "properties": {
        "restid": "593",
        "name": "第一銀行總行大樓員工餐廳",
        "address": "臺北市中正區重慶南路一段30號21樓",
        "phone": "02-23481520#",
        "city": "臺北市",
        "district": "中正區"
      }
    },
    {
      "type": "Feature",
      "geometry": {
        "type": "Point",
        "coordinates": [
          121.543057,
          25.041212
        ]
      },
      "properties": {
        "restid": "590",
        "name": "泰迪農園咖哩",
        "address": "臺北市大安區忠孝東路三段300號7樓",
        "phone": "02-87726099#",
        "city": "臺北市",
        "district": "大安區"
      }
    },
    {
      "type": "Feature",
      "geometry": {
        "type": "Point",
        "coordinates": [
          121.544883,
          25.041902
        ]
      },
      "properties": {
        "restid": "536",
        "name": "詩特莉 Aunt Stella (忠孝SOGO店)",
        "address": "臺北市大安區忠孝東路四段45號B1",
        "phone": "02-27403072#",
        "city": "臺北市",
        "district": "大安區"
      }
    },
    {
      "type": "Feature",
      "geometry": {
        "type": "Point",
        "coordinates": [
          121.544634,
          25.042096
        ]
      },
      "properties": {
        "restid": "535",
        "name": "荷李活茶街 (忠孝SOGO店)",
        "address": "臺北市大安區忠孝東路四段45號2F",
        "phone": "02-27780369#",
        "city": "臺北市",
        "district": "大安區"
      }
    },
    {
      "type": "Feature",
      "geometry": {
        "type": "Point",
        "coordinates": [
          121.544883,
          25.041902
        ]
      },
      "properties": {
        "restid": "533",
        "name": "漢來蔬食 (忠孝SOGO店)",
        "address": "臺北市大安區忠孝東路四段45號11F",
        "phone": "02-27311128#",
        "city": "臺北市",
        "district": "大安區"
      }
    },
    {
      "type": "Feature",
      "geometry": {
        "type": "Point",
        "coordinates": [
          121.544883,
          25.041902
        ]
      },
      "properties": {
        "restid": "532",
        "name": "聚 北海道鍋物 (忠孝SOGO店)",
        "address": "臺北市大安區忠孝東路四段45號11F",
        "phone": "02-27218787#",
        "city": "臺北市",
        "district": "大安區"
      }
    },
    {
      "type": "Feature",
      "geometry": {
        "type": "Point",
        "coordinates": [
          121.544883,
          25.041902
        ]
      },
      "properties": {
        "restid": "529",
        "name": "金澤美味壽司 (忠孝SOGO店)",
        "address": "臺北市大安區忠孝東路四段45號11F",
        "phone": "02-87717770#",
        "city": "臺北市",
        "district": "大安區"
      }
    },
    {
      "type": "Feature",
      "geometry": {
        "type": "Point",
        "coordinates": [
          121.544883,
          25.041902
        ]
      },
      "properties": {
        "restid": "527",
        "name": "吉 天婦羅 (忠孝SOGO店)",
        "address": "臺北市大安區忠孝東路四段45號11F",
        "phone": "02-27312518#",
        "city": "臺北市",
        "district": "大安區"
      }
    },
    {
      "type": "Feature",
      "geometry": {
        "type": "Point",
        "coordinates": [
          121.544883,
          25.041902
        ]
      },
      "properties": {
        "restid": "526",
        "name": "三合院 (忠孝SOGO店)",
        "address": "臺北市大安區忠孝東路四段45號11F",
        "phone": "02-27816667#",
        "city": "臺北市",
        "district": "大安區"
      }
    },
    {
      "type": "Feature",
      "geometry": {
        "type": "Point",
        "coordinates": [
          121.544883,
          25.041902
        ]
      },
      "properties": {
        "restid": "525",
        "name": "莆田 (忠孝SOGO店)",
        "address": "臺北市大安區忠孝東路四段45號12F",
        "phone": "02-87710767#",
        "city": "臺北市",
        "district": "大安區"
      }
    },
    {
      "type": "Feature",
      "geometry": {
        "type": "Point",
        "coordinates": [
          121.574811,
          25.14111
        ]
      },
      "properties": {
        "restid": "524",
        "name": "梅居休閒農場",
        "address": "臺北市士林區平菁街43巷99號",
        "phone": "-#",
        "city": "臺北市",
        "district": "士林區"
      }
    },
    {
      "type": "Feature",
      "geometry": {
        "type": "Point",
        "coordinates": [
          121.56017,
          25.14448
        ]
      },
      "properties": {
        "restid": "62",
        "name": "陽明山春天書食創作料理士林店",
        "address": "臺北市士林區寈山路119-1號",
        "phone": "02-28620178#",
        "city": "臺北市",
        "district": "士林區"
      }
    },
    {
      "type": "Feature",
      "geometry": {
        "type": "Point",
        "coordinates": [
          121.544189,
          25.03675
        ]
      },
      "properties": {
        "restid": "58",
        "name": "Plants",
        "address": "臺北市大安區復興南路1段253巷10號1樓",
        "phone": "02-27845677#",
        "city": "臺北市",
        "district": "大安區"
      }
    },
    {
      "type": "Feature",
      "geometry": {
        "type": "Point",
        "coordinates": [
          121.462638,
          25.011662
        ]
      },
      "properties": {
        "restid": "175",
        "name": "板橋凱撒大飯店(大廳酒吧)",
        "address": "新北市板橋區縣民大道二段8號",
        "phone": "02-89539777#",
        "city": "新北市",
        "district": "板橋區"
      }
    },
    {
      "type": "Feature",
      "geometry": {
        "type": "Point",
        "coordinates": [
          121.541535,
          24.984587
        ]
      },
      "properties": {
        "restid": "174",
        "name": "哩賀涼麵",
        "address": "新北市永和區秀朗路一段169號",
        "phone": "-#",
        "city": "新北市",
        "district": "永和區"
      }
    },
    {
      "type": "Feature",
      "geometry": {
        "type": "Point",
        "coordinates": [
          121.513109,
          25.005939
        ]
      },
      "properties": {
        "restid": "191",
        "name": "猛港海鮮餐廳",
        "address": "新北市永和區永和路一段62號",
        "phone": "02-29286383#",
        "city": "新北市",
        "district": "永和區"
      }
    },
    {
      "type": "Feature",
      "geometry": {
        "type": "Point",
        "coordinates": [
          121.853995,
          25.114868
        ]
      },
      "properties": {
        "restid": "187",
        "name": "雲山水小築民宿",
        "address": "新北市瑞芳區金瓜石石山里山尖路72-1號",
        "phone": "02-24962201#",
        "city": "新北市",
        "district": "瑞芳區"
      }
    },
    {
      "type": "Feature",
      "geometry": {
        "type": "Point",
        "coordinates": [
          121.425567,
          25.161778
        ]
      },
      "properties": {
        "restid": "186",
        "name": "芭達桑原住民主題餐廳",
        "address": "新北市八里區觀海大道111號",
        "phone": "02-26105300#",
        "city": "新北市",
        "district": "八里區"
      }
    },
    {
      "type": "Feature",
      "geometry": {
        "type": "Point",
        "coordinates": [
          121.544883,
          25.041902
        ]
      },
      "properties": {
        "restid": "538",
        "name": "皇家哥本哈根咖啡輕食複合店 (忠孝SOGO店)",
        "address": "臺北市大安區忠孝東路四段45號4F",
        "phone": "02-27113362#",
        "city": "臺北市",
        "district": "大安區"
      }
    },
    {
      "type": "Feature",
      "geometry": {
        "type": "Point",
        "coordinates": [
          121.544883,
          25.041902
        ]
      },
      "properties": {
        "restid": "537",
        "name": "UCC Café Mercado (忠孝SOGO店)",
        "address": "臺北市大安區忠孝東路四段45號B2",
        "phone": "02-27416800#",
        "city": "臺北市",
        "district": "大安區"
      }
    },
    {
      "type": "Feature",
      "geometry": {
        "type": "Point",
        "coordinates": [
          121.519166,
          25.119181
        ]
      },
      "properties": {
        "restid": "494",
        "name": "義美見學餐廳(北榮美食街)",
        "address": "臺北市北投區石牌路二段201號生活廣場",
        "phone": "02-28749302#",
        "city": "臺北市",
        "district": "北投區"
      }
    },
    {
      "type": "Feature",
      "geometry": {
        "type": "Point",
        "coordinates": [
          121.519166,
          25.119181
        ]
      },
      "properties": {
        "restid": "493",
        "name": "紅豆食府(北榮美食街)",
        "address": "臺北市北投區石牌路二段201號生活廣場",
        "phone": "02-28713068#",
        "city": "臺北市",
        "district": "北投區"
      }
    },
    {
      "type": "Feature",
      "geometry": {
        "type": "Point",
        "coordinates": [
          121.519166,
          25.119181
        ]
      },
      "properties": {
        "restid": "492",
        "name": "皇家傳承(北榮美食街)",
        "address": "臺北市北投區石牌路二段201號生活廣場",
        "phone": "02-28747328#",
        "city": "臺北市",
        "district": "北投區"
      }
    },
    {
      "type": "Feature",
      "geometry": {
        "type": "Point",
        "coordinates": [
          121.519166,
          25.119181
        ]
      },
      "properties": {
        "restid": "491",
        "name": "洪祖師擔仔麵(北榮美食街)",
        "address": "臺北市北投區石牌路二段201號生活廣場",
        "phone": "-#",
        "city": "臺北市",
        "district": "北投區"
      }
    },
    {
      "type": "Feature",
      "geometry": {
        "type": "Point",
        "coordinates": [
          121.519166,
          25.119181
        ]
      },
      "properties": {
        "restid": "487",
        "name": "西雅圖極品咖啡(北榮美食街)",
        "address": "臺北市北投區石牌路二段201號生活廣場",
        "phone": "02-28760276#",
        "city": "臺北市",
        "district": "北投區"
      }
    },
    {
      "type": "Feature",
      "geometry": {
        "type": "Point",
        "coordinates": [
          121.519166,
          25.119181
        ]
      },
      "properties": {
        "restid": "484",
        "name": "甲大鴻港式燒臘(北榮美食街)",
        "address": "臺北市北投區石牌路二段201號生活廣場",
        "phone": "-#",
        "city": "臺北市",
        "district": "北投區"
      }
    },
    {
      "type": "Feature",
      "geometry": {
        "type": "Point",
        "coordinates": [
          121.519166,
          25.119181
        ]
      },
      "properties": {
        "restid": "483",
        "name": "小南門/小南門點心世界(北榮美食街)",
        "address": "臺北市北投區石牌路二段201號生活廣場",
        "phone": "02-28751220#",
        "city": "臺北市",
        "district": "北投區"
      }
    },
    {
      "type": "Feature",
      "geometry": {
        "type": "Point",
        "coordinates": [
          121.519166,
          25.119181
        ]
      },
      "properties": {
        "restid": "482",
        "name": "十勝石燒(北榮美食街)",
        "address": "臺北市北投區石牌路二段201號生活廣場",
        "phone": "-#",
        "city": "臺北市",
        "district": "北投區"
      }
    },
    {
      "type": "Feature",
      "geometry": {
        "type": "Point",
        "coordinates": [
          121.519166,
          25.119181
        ]
      },
      "properties": {
        "restid": "481",
        "name": "Mos摩斯漢堡(北榮美食街)",
        "address": "臺北市北投區石牌路二段201號生活廣場",
        "phone": "02-28710185#",
        "city": "臺北市",
        "district": "北投區"
      }
    },
    {
      "type": "Feature",
      "geometry": {
        "type": "Point",
        "coordinates": [
          121.8535,
          25.037272
        ]
      },
      "properties": {
        "restid": "405",
        "name": "雙溪平林休閒農場",
        "address": "新北市雙溪區平林里外平林35號",
        "phone": "02-4934016#",
        "city": "新北市",
        "district": "雙溪區"
      }
    },
    {
      "type": "Feature",
      "geometry": {
        "type": "Point",
        "coordinates": [
          121.475129,
          25.084123
        ]
      },
      "properties": {
        "restid": "404",
        "name": "魚缸珈琲館",
        "address": "新北市蘆洲區三民路78號",
        "phone": "02-82828350#",
        "city": "新北市",
        "district": "蘆洲區"
      }
    }
  ]
}