{"type":"FeatureCollection","name":"recycling_station_approximate_points","metadata":{"coordinate_note":"行政區級近似座標：由行政區中心點加固定偏移產生，非實際門牌座標。"},"features":[{"type":"Feature","geometry":{"type":"Point","coordinates":[121.571182,25.027328]},"properties":{"city":"臺北市","district":"信義區","address":"臺北市信義區松德路89號","coordinate_accuracy":"行政區級近似座標"}},{"type":"Feature","geometry":{"type":"Point","coordinates":[121.498896,25.030721]},"properties":{"city":"臺北市","district":"萬華區","address":"臺北市萬華區西藏路127號","coordinate_accuracy":"行政區級近似座標"}},{"type":"Feature","geometry":{"type":"Point","coordinates":[121.524706,25.133139]},"properties":{"city":"臺北市","district":"士林區","address":"臺北市士林區中正路458號","coordinate_accuracy":"行政區級近似座標"}},{"type":"Feature","geometry":{"type":"Point","coordinates":[121.592673,25.082577]},"properties":{"city":"臺北市","district":"內湖區","address":"臺北市內湖區內湖路一段91巷102弄16號","coordinate_accuracy":"行政區級近似座標"}},{"type":"Feature","geometry":{"type":"Point","coordinates":[121.588881,25.086548]},"properties":{"city":"臺北市","district":"內湖區","address":"臺北市內湖區內湖路一段91巷102弄16號","coordinate_accuracy":"行政區級近似座標"}},{"type":"Feature","geometry":{"type":"Point","coordinates":[121.559536,25.059153]},"properties":{"city":"臺北市","district":"松山區","address":"臺北市松山區健康路329號","coordinate_accuracy":"行政區級近似座標"}},{"type":"Feature","geometry":{"type":"Point","coordinates":[121.56009,25.057957]},"properties":{"city":"臺北市","district":"松山區","address":"臺北市松山區健康路329號","coordinate_accuracy":"行政區級近似座標"}},{"type":"Feature","geometry":{"type":"Point","coordinates":[121.557981,25.062413]},"properties":{"city":"臺北市","district":"松山區","address":"臺北市松山區健康路329號","coordinate_accuracy":"行政區級近似座標"}},{"type":"Feature","geometry":{"type":"Point","coordinates":[121.556607,25.062392]},"properties":{"city":"臺北市","district":"松山區","address":"臺北市松山區三民路43巷11號","coordinate_accuracy":"行政區級近似座標"}},{"type":"Feature","geometry":{"type":"Point","coordinates":[121.559349,25.057491]},"properties":{"city":"臺北市","district":"松山區","address":"臺北市松山區三民路43巷13號","coordinate_accuracy":"行政區級近似座標"}},{"type":"Feature","geometry":{"type":"Point","coordinates":[121.56241,25.061295]},"properties":{"city":"臺北市","district":"松山區","address":"臺北市松山區三民路35巷1號","coordinate_accuracy":"行政區級近似座標"}},{"type":"Feature","geometry":{"type":"Point","coordinates":[121.55488,25.060983]},"properties":{"city":"臺北市","district":"松山區","address":"臺北市松山區三民路29巷1號","coordinate_accuracy":"行政區級近似座標"}},{"type":"Feature","geometry":{"type":"Point","coordinates":[121.554429,25.060616]},"properties":{"city":"臺北市","district":"松山區","address":"臺北市松山區三民路29巷13號","coordinate_accuracy":"行政區級近似座標"}},{"type":"Feature","geometry":{"type":"Point","coordinates":[121.557973,25.056573]},"properties":{"city":"臺北市","district":"松山區","address":"臺北市松山區延壽街330巷17弄2號","coordinate_accuracy":"行政區級近似座標"}},{"type":"Feature","geometry":{"type":"Point","coordinates":[121.556555,25.063649]},"properties":{"city":"臺北市","district":"松山區","address":"臺北市松山區延壽街330巷17弄2號","coordinate_accuracy":"行政區級近似座標"}},{"type":"Feature","geometry":{"type":"Point","coordinates":[121.554672,25.063051]},"properties":{"city":"臺北市","district":"松山區","address":"臺北市松山區健康路185巷12號","coordinate_accuracy":"行政區級近似座標"}},{"type":"Feature","geometry":{"type":"Point","coordinates":[121.560476,25.064917]},"properties":{"city":"臺北市","district":"松山區","address":"臺北市松山區健康路185巷20號","coordinate_accuracy":"行政區級近似座標"}},{"type":"Feature","geometry":{"type":"Point","coordinates":[121.563805,25.060493]},"properties":{"city":"臺北市","district":"松山區","address":"臺北市松山區健康路185巷16號","coordinate_accuracy":"行政區級近似座標"}},{"type":"Feature","geometry":{"type":"Point","coordinates":[121.553484,25.059942]},"properties":{"city":"臺北市","district":"松山區","address":"臺北市松山區健康路185巷22號","coordinate_accuracy":"行政區級近似座標"}},{"type":"Feature","geometry":{"type":"Point","coordinates":[121.570732,25.030154]},"properties":{"city":"臺北市","district":"信義區","address":"臺北市信義區忠孝東路5段365號","coordinate_accuracy":"行政區級近似座標"}},{"type":"Feature","geometry":{"type":"Point","coordinates":[121.56979,25.029863]},"properties":{"city":"臺北市","district":"信義區","address":"臺北市信義區忠孝東路5段365號","coordinate_accuracy":"行政區級近似座標"}},{"type":"Feature","geometry":{"type":"Point","coordinates":[121.5197,25.027848]},"properties":{"city":"臺北市","district":"中正區","address":"臺北市中正區水源路39號","coordinate_accuracy":"行政區級近似座標"}},{"type":"Feature","geometry":{"type":"Point","coordinates":[121.519581,25.031797]},"properties":{"city":"臺北市","district":"中正區","address":"臺北市中正區水源路45號","coordinate_accuracy":"行政區級近似座標"}},{"type":"Feature","geometry":{"type":"Point","coordinates":[121.571132,25.031852]},"properties":{"city":"臺北市","district":"信義區","address":"臺北市信義區松仁路242~266號","coordinate_accuracy":"行政區級近似座標"}},{"type":"Feature","geometry":{"type":"Point","coordinates":[121.573063,25.032904]},"properties":{"city":"臺北市","district":"信義區","address":"臺北市信義區松仁路242~266號","coordinate_accuracy":"行政區級近似座標"}},{"type":"Feature","geometry":{"type":"Point","coordinates":[121.572027,25.023779]},"properties":{"city":"臺北市","district":"信義區","address":"臺北市信義區永吉路302號","coordinate_accuracy":"行政區級近似座標"}},{"type":"Feature","geometry":{"type":"Point","coordinates":[121.593231,25.07998]},"properties":{"city":"臺北市","district":"內湖區","address":"臺北市內湖區民權東路6段123巷34弄9號","coordinate_accuracy":"行政區級近似座標"}},{"type":"Feature","geometry":{"type":"Point","coordinates":[121.500636,25.029275]},"properties":{"city":"臺北市","district":"萬華區","address":"臺北市萬華區西藏路127號","coordinate_accuracy":"行政區級近似座標"}},{"type":"Feature","geometry":{"type":"Point","coordinates":[121.498382,25.032281]},"properties":{"city":"臺北市","district":"萬華區","address":"臺北市萬華區西藏路127號","coordinate_accuracy":"行政區級近似座標"}},{"type":"Feature","geometry":{"type":"Point","coordinates":[121.496822,25.032958]},"properties":{"city":"臺北市","district":"萬華區","address":"臺北市萬華區西藏路127號","coordinate_accuracy":"行政區級近似座標"}},{"type":"Feature","geometry":{"type":"Point","coordinates":[121.49415,25.028324]},"properties":{"city":"臺北市","district":"萬華區","address":"臺北市萬華區西藏路127號","coordinate_accuracy":"行政區級近似座標"}},{"type":"Feature","geometry":{"type":"Point","coordinates":[121.54708,25.070354]},"properties":{"city":"臺北市","district":"中山區","address":"臺北市中山區長安西路16號","coordinate_accuracy":"行政區級近似座標"}},{"type":"Feature","geometry":{"type":"Point","coordinates":[121.544719,25.025384]},"properties":{"city":"臺北市","district":"大安區","address":"臺北市大安區和平東路1段115號","coordinate_accuracy":"行政區級近似座標"}},{"type":"Feature","geometry":{"type":"Point","coordinates":[121.59062,25.079515]},"properties":{"city":"臺北市","district":"內湖區","address":"臺北市內湖區康寧路一段290號","coordinate_accuracy":"行政區級近似座標"}},{"type":"Feature","geometry":{"type":"Point","coordinates":[121.593163,25.079773]},"properties":{"city":"臺北市","district":"內湖區","address":"臺北市內湖區康寧路一段290號","coordinate_accuracy":"行政區級近似座標"}},{"type":"Feature","geometry":{"type":"Point","coordinates":[121.574781,24.985985]},"properties":{"city":"臺北市","district":"文山區","address":"臺北市文山區木柵路二段109巷100弄10號","coordinate_accuracy":"行政區級近似座標"}},{"type":"Feature","geometry":{"type":"Point","coordinates":[121.573569,24.985705]},"properties":{"city":"臺北市","district":"文山區","address":"臺北市文山區木柵路二段109巷100弄10號","coordinate_accuracy":"行政區級近似座標"}},{"type":"Feature","geometry":{"type":"Point","coordinates":[121.564387,25.062216]},"properties":{"city":"臺北市","district":"松山區","address":"臺北市松山區敦化北路199巷8-4號1樓","coordinate_accuracy":"行政區級近似座標"}},{"type":"Feature","geometry":{"type":"Point","coordinates":[121.544042,25.066384]},"properties":{"city":"臺北市","district":"中山區","address":"臺北市中山區中山北路二段59巷45號","coordinate_accuracy":"行政區級近似座標"}},{"type":"Feature","geometry":{"type":"Point","coordinates":[121.54548,25.066177]},"properties":{"city":"臺北市","district":"中山區","address":"臺北市中山區中山北路二段59巷45號","coordinate_accuracy":"行政區級近似座標"}},{"type":"Feature","geometry":{"type":"Point","coordinates":[121.575401,25.02536]},"properties":{"city":"臺北市","district":"信義區","address":"臺北市信義區松德路65號","coordinate_accuracy":"行政區級近似座標"}},{"type":"Feature","geometry":{"type":"Point","coordinates":[121.6174,25.037416]},"properties":{"city":"臺北市","district":"南港區","address":"臺北市南港區中坡南路49巷1-7號","coordinate_accuracy":"行政區級近似座標"}},{"type":"Feature","geometry":{"type":"Point","coordinates":[121.517735,25.028132]},"properties":{"city":"臺北市","district":"中正區","address":"臺北市中正區羅斯福路四段68號","coordinate_accuracy":"行政區級近似座標"}},{"type":"Feature","geometry":{"type":"Point","coordinates":[121.569287,25.024769]},"properties":{"city":"臺北市","district":"信義區","address":"臺北市信義區忠孝東路五段800號","coordinate_accuracy":"行政區級近似座標"}},{"type":"Feature","geometry":{"type":"Point","coordinates":[121.51631,25.03128]},"properties":{"city":"臺北市","district":"中正區","address":"臺北市中正區忠孝東路一段45號","coordinate_accuracy":"行政區級近似座標"}},{"type":"Feature","geometry":{"type":"Point","coordinates":[121.544079,25.028718]},"properties":{"city":"臺北市","district":"大安區","address":"臺北市大安區信義路三段7號","coordinate_accuracy":"行政區級近似座標"}},{"type":"Feature","geometry":{"type":"Point","coordinates":[121.541806,25.024052]},"properties":{"city":"臺北市","district":"大安區","address":"臺北市大安區麗水街34號","coordinate_accuracy":"行政區級近似座標"}},{"type":"Feature","geometry":{"type":"Point","coordinates":[121.573162,25.022692]},"properties":{"city":"臺北市","district":"信義區","address":"臺北市信義區松勤街140巷6號","coordinate_accuracy":"行政區級近似座標"}},{"type":"Feature","geometry":{"type":"Point","coordinates":[121.548593,25.066955]},"properties":{"city":"臺北市","district":"中山區","address":"臺北市中山區民權東路二段69號","coordinate_accuracy":"行政區級近似座標"}},{"type":"Feature","geometry":{"type":"Point","coordinates":[121.546775,25.02887]},"properties":{"city":"臺北市","district":"大安區","address":"臺北市大安區師大路105巷18號","coordinate_accuracy":"行政區級近似座標"}},{"type":"Feature","geometry":{"type":"Point","coordinates":[121.542176,25.022793]},"properties":{"city":"臺北市","district":"大安區","address":"臺北市大安區師大路105巷18號","coordinate_accuracy":"行政區級近似座標"}},{"type":"Feature","geometry":{"type":"Point","coordinates":[121.576588,25.02588]},"properties":{"city":"臺北市","district":"信義區","address":"臺北市信義區基隆路1段176號","coordinate_accuracy":"行政區級近似座標"}},{"type":"Feature","geometry":{"type":"Point","coordinates":[121.519873,25.023661]},"properties":{"city":"臺北市","district":"中正區","address":"臺北市中正區忠孝東路2段24號","coordinate_accuracy":"行政區級近似座標"}},{"type":"Feature","geometry":{"type":"Point","coordinates":[121.543487,25.022277]},"properties":{"city":"臺北市","district":"大安區","address":"臺北市大安區仁愛路4段232號","coordinate_accuracy":"行政區級近似座標"}},{"type":"Feature","geometry":{"type":"Point","coordinates":[121.513045,25.065346]},"properties":{"city":"臺北市","district":"大同區","address":"臺北市大同區太原路155號","coordinate_accuracy":"行政區級近似座標"}},{"type":"Feature","geometry":{"type":"Point","coordinates":[121.541621,25.068928]},"properties":{"city":"臺北市","district":"中山區","address":"臺北市中山區建國北路3段55號","coordinate_accuracy":"行政區級近似座標"}},{"type":"Feature","geometry":{"type":"Point","coordinates":[121.548614,25.072374]},"properties":{"city":"臺北市","district":"中山區","address":"臺北市中山區建國北路3段55號","coordinate_accuracy":"行政區級近似座標"}},{"type":"Feature","geometry":{"type":"Point","coordinates":[121.521669,25.0253]},"properties":{"city":"臺北市","district":"中正區","address":"臺北市中正區青島東路4號","coordinate_accuracy":"行政區級近似座標"}},{"type":"Feature","geometry":{"type":"Point","coordinates":[121.522536,25.033248]},"properties":{"city":"臺北市","district":"中正區","address":"臺北市中正區青島東路5號3樓","coordinate_accuracy":"行政區級近似座標"}},{"type":"Feature","geometry":{"type":"Point","coordinates":[121.523048,25.035739]},"properties":{"city":"臺北市","district":"中正區","address":"臺北市中正區青島東路5號3樓","coordinate_accuracy":"行政區級近似座標"}},{"type":"Feature","geometry":{"type":"Point","coordinates":[121.575011,24.984269]},"properties":{"city":"臺北市","district":"文山區","address":"臺北市文山區忠順街一段9巷22弄2號","coordinate_accuracy":"行政區級近似座標"}},{"type":"Feature","geometry":{"type":"Point","coordinates":[121.540036,25.026969]},"properties":{"city":"臺北市","district":"大安區","address":"臺北市大安區信義路二段132號到142號","coordinate_accuracy":"行政區級近似座標"}},{"type":"Feature","geometry":{"type":"Point","coordinates":[121.542193,25.022436]},"properties":{"city":"臺北市","district":"大安區","address":"臺北市大安區信義路二段132號到142號","coordinate_accuracy":"行政區級近似座標"}},{"type":"Feature","geometry":{"type":"Point","coordinates":[121.572675,25.023257]},"properties":{"city":"臺北市","district":"信義區","address":"臺北市信義區信義路五段150巷459號","coordinate_accuracy":"行政區級近似座標"}},{"type":"Feature","geometry":{"type":"Point","coordinates":[121.570873,25.023748]},"properties":{"city":"臺北市","district":"信義區","address":"臺北市信義區光復南路547號","coordinate_accuracy":"行政區級近似座標"}},{"type":"Feature","geometry":{"type":"Point","coordinates":[121.565362,25.03112]},"properties":{"city":"臺北市","district":"信義區","address":"臺北市信義區松平路126號","coordinate_accuracy":"行政區級近似座標"}},{"type":"Feature","geometry":{"type":"Point","coordinates":[121.584838,25.082226]},"properties":{"city":"臺北市","district":"內湖區","address":"臺北市內湖區五分街72巷1號","coordinate_accuracy":"行政區級近似座標"}},{"type":"Feature","geometry":{"type":"Point","coordinates":[121.596843,25.087652]},"properties":{"city":"臺北市","district":"內湖區","address":"臺北市內湖區五分街72巷1號","coordinate_accuracy":"行政區級近似座標"}},{"type":"Feature","geometry":{"type":"Point","coordinates":[121.548119,25.073579]},"properties":{"city":"臺北市","district":"中山區","address":"臺北市中山區中山北路一段83巷32號","coordinate_accuracy":"行政區級近似座標"}},{"type":"Feature","geometry":{"type":"Point","coordinates":[121.54409,25.074062]},"properties":{"city":"臺北市","district":"中山區","address":"臺北市中山區中山北路一段83巷32號","coordinate_accuracy":"行政區級近似座標"}},{"type":"Feature","geometry":{"type":"Point","coordinates":[121.597943,25.083949]},"properties":{"city":"臺北市","district":"內湖區","address":"臺北市內湖區安康路28號","coordinate_accuracy":"行政區級近似座標"}},{"type":"Feature","geometry":{"type":"Point","coordinates":[121.561445,25.055528]},"properties":{"city":"臺北市","district":"松山區","address":"臺北市松山區敦化北路170號","coordinate_accuracy":"行政區級近似座標"}},{"type":"Feature","geometry":{"type":"Point","coordinates":[121.499546,25.026158]},"properties":{"city":"臺北市","district":"萬華區","address":"臺北市萬華區峨眉街98~102號B1","coordinate_accuracy":"行政區級近似座標"}},{"type":"Feature","geometry":{"type":"Point","coordinates":[121.539392,25.026333]},"properties":{"city":"臺北市","district":"大安區","address":"臺北市大安區瑞安街135巷20號B1","coordinate_accuracy":"行政區級近似座標"}},{"type":"Feature","geometry":{"type":"Point","coordinates":[121.549281,25.029287]},"properties":{"city":"臺北市","district":"大安區","address":"臺北市大安區敦化南路一段225號B5","coordinate_accuracy":"行政區級近似座標"}},{"type":"Feature","geometry":{"type":"Point","coordinates":[121.593305,25.077118]},"properties":{"city":"臺北市","district":"內湖區","address":"臺北市內湖區潭美街潭美街151號","coordinate_accuracy":"行政區級近似座標"}},{"type":"Feature","geometry":{"type":"Point","coordinates":[121.513384,25.065975]},"properties":{"city":"臺北市","district":"大同區","address":"臺北市大同區重慶北路2段197號","coordinate_accuracy":"行政區級近似座標"}},{"type":"Feature","geometry":{"type":"Point","coordinates":[121.540804,25.067889]},"properties":{"city":"臺北市","district":"中山區","address":"臺北市中山區通北街111號B2(通北街133巷內)","coordinate_accuracy":"行政區級近似座標"}},{"type":"Feature","geometry":{"type":"Point","coordinates":[121.546883,25.02287]},"properties":{"city":"臺北市","district":"大安區","address":"臺北市大安區光復南路204巷2號","coordinate_accuracy":"行政區級近似座標"}},{"type":"Feature","geometry":{"type":"Point","coordinates":[121.543288,25.074401]},"properties":{"city":"臺北市","district":"中山區","address":"臺北市中山區明水路397巷19弄28號","coordinate_accuracy":"行政區級近似座標"}},{"type":"Feature","geometry":{"type":"Point","coordinates":[121.54015,25.064473]},"properties":{"city":"臺北市","district":"中山區","address":"臺北市中山區明水路397巷19弄28號","coordinate_accuracy":"行政區級近似座標"}},{"type":"Feature","geometry":{"type":"Point","coordinates":[121.497808,25.034198]},"properties":{"city":"臺北市","district":"萬華區","address":"臺北市萬華區中華路一段170號","coordinate_accuracy":"行政區級近似座標"}},{"type":"Feature","geometry":{"type":"Point","coordinates":[121.575505,24.992719]},"properties":{"city":"臺北市","district":"文山區","address":"臺北市文山區木柵路一段357號","coordinate_accuracy":"行政區級近似座標"}},{"type":"Feature","geometry":{"type":"Point","coordinates":[121.582179,25.085029]},"properties":{"city":"臺北市","district":"內湖區","address":"臺北市內湖區內湖路一段91巷102弄12號","coordinate_accuracy":"行政區級近似座標"}},{"type":"Feature","geometry":{"type":"Point","coordinates":[121.55111,25.066242]},"properties":{"city":"臺北市","district":"中山區","address":"臺北市中山區明水路397巷19弄17號","coordinate_accuracy":"行政區級近似座標"}},{"type":"Feature","geometry":{"type":"Point","coordinates":[121.541791,25.06226]},"properties":{"city":"臺北市","district":"中山區","address":"臺北市中山區明水路397巷19弄17號","coordinate_accuracy":"行政區級近似座標"}},{"type":"Feature","geometry":{"type":"Point","coordinates":[121.54717,25.074508]},"properties":{"city":"臺北市","district":"中山區","address":"臺北市中山區明水路397巷19弄17號","coordinate_accuracy":"行政區級近似座標"}},{"type":"Feature","geometry":{"type":"Point","coordinates":[121.538307,25.067479]},"properties":{"city":"臺北市","district":"中山區","address":"臺北市中山區明水路397巷19弄17號","coordinate_accuracy":"行政區級近似座標"}},{"type":"Feature","geometry":{"type":"Point","coordinates":[121.538947,25.023109]},"properties":{"city":"臺北市","district":"大安區","address":"臺北市大安區敦化南路二段104號","coordinate_accuracy":"行政區級近似座標"}},{"type":"Feature","geometry":{"type":"Point","coordinates":[121.544848,25.032619]},"properties":{"city":"臺北市","district":"大安區","address":"臺北市大安區敦化南路二段104號","coordinate_accuracy":"行政區級近似座標"}},{"type":"Feature","geometry":{"type":"Point","coordinates":[121.546098,25.060338]},"properties":{"city":"臺北市","district":"中山區","address":"臺北市中山區北安路630巷25弄18號","coordinate_accuracy":"行政區級近似座標"}},{"type":"Feature","geometry":{"type":"Point","coordinates":[121.547647,25.061256]},"properties":{"city":"臺北市","district":"中山區","address":"臺北市中山區北安路630巷25弄18號","coordinate_accuracy":"行政區級近似座標"}},{"type":"Feature","geometry":{"type":"Point","coordinates":[121.551388,25.07579]},"properties":{"city":"臺北市","district":"中山區","address":"臺北市中山區北安路630巷25弄18號","coordinate_accuracy":"行政區級近似座標"}},{"type":"Feature","geometry":{"type":"Point","coordinates":[121.536531,25.024229]},"properties":{"city":"臺北市","district":"大安區","address":"臺北市大安區羅斯福路三段86號","coordinate_accuracy":"行政區級近似座標"}},{"type":"Feature","geometry":{"type":"Point","coordinates":[121.543544,25.075503]},"properties":{"city":"臺北市","district":"中山區","address":"臺北市中山區明水路649~659號","coordinate_accuracy":"行政區級近似座標"}},{"type":"Feature","geometry":{"type":"Point","coordinates":[121.552952,25.070328]},"properties":{"city":"臺北市","district":"中山區","address":"臺北市中山區明水路649~659號","coordinate_accuracy":"行政區級近似座標"}},{"type":"Feature","geometry":{"type":"Point","coordinates":[121.534581,25.124789]},"properties":{"city":"臺北市","district":"士林區","address":"臺北市士林區陽明山莊頂路168號","coordinate_accuracy":"行政區級近似座標"}},{"type":"Feature","geometry":{"type":"Point","coordinates":[121.527146,25.146961]},"properties":{"city":"臺北市","district":"士林區","address":"臺北市士林區陽明山莊頂路168號","coordinate_accuracy":"行政區級近似座標"}},{"type":"Feature","geometry":{"type":"Point","coordinates":[121.510521,25.151965]},"properties":{"city":"臺北市","district":"北投區","address":"臺北市北投區泉源路35巷36之10-29號","coordinate_accuracy":"行政區級近似座標"}},{"type":"Feature","geometry":{"type":"Point","coordinates":[121.505444,25.159345]},"properties":{"city":"臺北市","district":"北投區","address":"臺北市北投區泉源路35巷36之10-29號","coordinate_accuracy":"行政區級近似座標"}},{"type":"Feature","geometry":{"type":"Point","coordinates":[121.580408,24.988858]},"properties":{"city":"臺北市","district":"文山區","address":"臺北市文山區久康街52號","coordinate_accuracy":"行政區級近似座標"}},{"type":"Feature","geometry":{"type":"Point","coordinates":[121.578515,25.02836]},"properties":{"city":"臺北市","district":"信義區","address":"臺北市信義區永吉路65號","coordinate_accuracy":"行政區級近似座標"}},{"type":"Feature","geometry":{"type":"Point","coordinates":[121.524545,25.163466]},"properties":{"city":"臺北市","district":"北投區","address":"臺北市北投區東華街二段90號","coordinate_accuracy":"行政區級近似座標"}},{"type":"Feature","geometry":{"type":"Point","coordinates":[121.57299,24.991855]},"properties":{"city":"臺北市","district":"文山區","address":"臺北市文山區萬和街6號","coordinate_accuracy":"行政區級近似座標"}},{"type":"Feature","geometry":{"type":"Point","coordinates":[121.576075,24.992843]},"properties":{"city":"臺北市","district":"文山區","address":"臺北市文山區萬和街6號","coordinate_accuracy":"行政區級近似座標"}},{"type":"Feature","geometry":{"type":"Point","coordinates":[121.581889,24.991095]},"properties":{"city":"臺北市","district":"文山區","address":"臺北市文山區辛亥路四段101巷140號","coordinate_accuracy":"行政區級近似座標"}},{"type":"Feature","geometry":{"type":"Point","coordinates":[121.572204,24.995219]},"properties":{"city":"臺北市","district":"文山區","address":"臺北市文山區福興路62號","coordinate_accuracy":"行政區級近似座標"}},{"type":"Feature","geometry":{"type":"Point","coordinates":[121.578138,24.99362]},"properties":{"city":"臺北市","district":"文山區","address":"臺北市文山區福興路62號","coordinate_accuracy":"行政區級近似座標"}},{"type":"Feature","geometry":{"type":"Point","coordinates":[121.524888,25.165564]},"properties":{"city":"臺北市","district":"北投區","address":"臺北市北投區石牌路二段362號","coordinate_accuracy":"行政區級近似座標"}},{"type":"Feature","geometry":{"type":"Point","coordinates":[121.533497,25.165525]},"properties":{"city":"臺北市","district":"北投區","address":"臺北市北投區石牌路二段362號","coordinate_accuracy":"行政區級近似座標"}},{"type":"Feature","geometry":{"type":"Point","coordinates":[121.550381,25.075185]},"properties":{"city":"臺北市","district":"中山區","address":"臺北市中山區北安路608巷5弄16號","coordinate_accuracy":"行政區級近似座標"}},{"type":"Feature","geometry":{"type":"Point","coordinates":[121.552944,25.066886]},"properties":{"city":"臺北市","district":"中山區","address":"臺北市中山區明水路557巷10-16號","coordinate_accuracy":"行政區級近似座標"}},{"type":"Feature","geometry":{"type":"Point","coordinates":[121.553342,25.062965]},"properties":{"city":"臺北市","district":"中山區","address":"臺北市中山區明水路557巷10-16號","coordinate_accuracy":"行政區級近似座標"}},{"type":"Feature","geometry":{"type":"Point","coordinates":[121.620519,25.030874]},"properties":{"city":"臺北市","district":"南港區","address":"臺北市南港區興華路64巷1-11號","coordinate_accuracy":"行政區級近似座標"}},{"type":"Feature","geometry":{"type":"Point","coordinates":[121.625013,25.02941]},"properties":{"city":"臺北市","district":"南港區","address":"臺北市南港區興華路64巷1-11號","coordinate_accuracy":"行政區級近似座標"}},{"type":"Feature","geometry":{"type":"Point","coordinates":[121.553554,25.074777]},"properties":{"city":"臺北市","district":"中山區","address":"臺北市中山區明水路593~601號","coordinate_accuracy":"行政區級近似座標"}},{"type":"Feature","geometry":{"type":"Point","coordinates":[121.550654,25.062019]},"properties":{"city":"臺北市","district":"中山區","address":"臺北市中山區明水路457~471號","coordinate_accuracy":"行政區級近似座標"}},{"type":"Feature","geometry":{"type":"Point","coordinates":[121.538294,25.061013]},"properties":{"city":"臺北市","district":"中山區","address":"臺北市中山區北安路761號","coordinate_accuracy":"行政區級近似座標"}},{"type":"Feature","geometry":{"type":"Point","coordinates":[121.547648,25.061549]},"properties":{"city":"臺北市","district":"中山區","address":"臺北市中山區北安路761號","coordinate_accuracy":"行政區級近似座標"}},{"type":"Feature","geometry":{"type":"Point","coordinates":[121.571911,24.981248]},"properties":{"city":"臺北市","district":"文山區","address":"臺北市文山區久康街24巷7號","coordinate_accuracy":"行政區級近似座標"}},{"type":"Feature","geometry":{"type":"Point","coordinates":[121.551526,25.076166]},"properties":{"city":"臺北市","district":"中山區","address":"臺北市中山區天祥路80號","coordinate_accuracy":"行政區級近似座標"}},{"type":"Feature","geometry":{"type":"Point","coordinates":[121.528369,25.135242]},"properties":{"city":"臺北市","district":"北投區","address":"臺北市北投區溫泉路37巷26號等","coordinate_accuracy":"行政區級近似座標"}},{"type":"Feature","geometry":{"type":"Point","coordinates":[121.56532,25.032026]},"properties":{"city":"臺北市","district":"信義區","address":"臺北市信義區忠孝東路五段453號","coordinate_accuracy":"行政區級近似座標"}},{"type":"Feature","geometry":{"type":"Point","coordinates":[121.542152,25.079185]},"properties":{"city":"臺北市","district":"中山區","address":"臺北市中山區敬業三路161巷3號","coordinate_accuracy":"行政區級近似座標"}},{"type":"Feature","geometry":{"type":"Point","coordinates":[121.540286,25.076456]},"properties":{"city":"臺北市","district":"中山區","address":"臺北市中山區基湖路112巷56號","coordinate_accuracy":"行政區級近似座標"}},{"type":"Feature","geometry":{"type":"Point","coordinates":[121.551578,25.079258]},"properties":{"city":"臺北市","district":"中山區","address":"臺北市中山區中山北路二段168號","coordinate_accuracy":"行政區級近似座標"}},{"type":"Feature","geometry":{"type":"Point","coordinates":[121.541881,25.021135]},"properties":{"city":"臺北市","district":"大安區","address":"臺北市大安區市民大道四段136號1樓","coordinate_accuracy":"行政區級近似座標"}},{"type":"Feature","geometry":{"type":"Point","coordinates":[121.551733,25.078514]},"properties":{"city":"臺北市","district":"中山區","address":"臺北市中山區堤頂大道二段354號1樓","coordinate_accuracy":"行政區級近似座標"}},{"type":"Feature","geometry":{"type":"Point","coordinates":[121.552437,25.060039]},"properties":{"city":"臺北市","district":"中山區","address":"臺北市中山區敬業二路69巷2、6、8號","coordinate_accuracy":"行政區級近似座標"}},{"type":"Feature","geometry":{"type":"Point","coordinates":[121.576307,24.980097]},"properties":{"city":"臺北市","district":"文山區","address":"臺北市文山區新光路一段65巷20號~38號","coordinate_accuracy":"行政區級近似座標"}},{"type":"Feature","geometry":{"type":"Point","coordinates":[121.584557,25.08659]},"properties":{"city":"臺北市","district":"內湖區","address":"臺北市內湖區民權東路六段296巷26號","coordinate_accuracy":"行政區級近似座標"}},{"type":"Feature","geometry":{"type":"Point","coordinates":[121.553732,25.075733]},"properties":{"city":"臺北市","district":"中山區","address":"臺北市中山區基湖路157巷13號~15號","coordinate_accuracy":"行政區級近似座標"}},{"type":"Feature","geometry":{"type":"Point","coordinates":[121.542668,25.078283]},"properties":{"city":"臺北市","district":"中山區","address":"臺北市中山區復興北路448號","coordinate_accuracy":"行政區級近似座標"}},{"type":"Feature","geometry":{"type":"Point","coordinates":[121.597506,25.088729]},"properties":{"city":"臺北市","district":"內湖區","address":"臺北市內湖區星雲街168巷1號","coordinate_accuracy":"行政區級近似座標"}},{"type":"Feature","geometry":{"type":"Point","coordinates":[121.523344,25.035572]},"properties":{"city":"臺北市","district":"中正區","address":"臺北市中正區水源路65號","coordinate_accuracy":"行政區級近似座標"}},{"type":"Feature","geometry":{"type":"Point","coordinates":[121.55036,25.02225]},"properties":{"city":"臺北市","district":"大安區","address":"臺北市大安區青田街6巷12號","coordinate_accuracy":"行政區級近似座標"}},{"type":"Feature","geometry":{"type":"Point","coordinates":[121.514949,25.027403]},"properties":{"city":"臺北市","district":"中正區","address":"臺北市中正區羅斯福路2段150號","coordinate_accuracy":"行政區級近似座標"}},{"type":"Feature","geometry":{"type":"Point","coordinates":[121.523726,25.034463]},"properties":{"city":"臺北市","district":"中正區","address":"臺北市中正區羅斯福路1段83巷2號","coordinate_accuracy":"行政區級近似座標"}},{"type":"Feature","geometry":{"type":"Point","coordinates":[121.499512,25.03397]},"properties":{"city":"臺北市","district":"萬華區","address":"臺北市萬華區洛陽街47號","coordinate_accuracy":"行政區級近似座標"}},{"type":"Feature","geometry":{"type":"Point","coordinates":[121.575174,25.033894]},"properties":{"city":"臺北市","district":"信義區","address":"臺北市信義區信義路4段151號","coordinate_accuracy":"行政區級近似座標"}},{"type":"Feature","geometry":{"type":"Point","coordinates":[121.566476,25.034571]},"properties":{"city":"臺北市","district":"信義區","address":"臺北市信義區信義路4段151號","coordinate_accuracy":"行政區級近似座標"}},{"type":"Feature","geometry":{"type":"Point","coordinates":[121.595676,25.078238]},"properties":{"city":"臺北市","district":"內湖區","address":"臺北市內湖區港墘路26巷3號","coordinate_accuracy":"行政區級近似座標"}},{"type":"Feature","geometry":{"type":"Point","coordinates":[121.537177,25.024233]},"properties":{"city":"臺北市","district":"大安區","address":"臺北市大安區光復南路240巷48號","coordinate_accuracy":"行政區級近似座標"}},{"type":"Feature","geometry":{"type":"Point","coordinates":[121.627587,25.046998]},"properties":{"city":"臺北市","district":"南港區","address":"臺北市南港區南深路33號","coordinate_accuracy":"行政區級近似座標"}},{"type":"Feature","geometry":{"type":"Point","coordinates":[121.569901,25.034898]},"properties":{"city":"臺北市","district":"信義區","address":"臺北市信義區基隆路一段145號","coordinate_accuracy":"行政區級近似座標"}},{"type":"Feature","geometry":{"type":"Point","coordinates":[121.590636,25.075752]},"properties":{"city":"臺北市","district":"內湖區","address":"臺北市內湖區港墘路11~13號","coordinate_accuracy":"行政區級近似座標"}},{"type":"Feature","geometry":{"type":"Point","coordinates":[121.55125,25.025382]},"properties":{"city":"臺北市","district":"大安區","address":"臺北市大安區青田街12巷12號","coordinate_accuracy":"行政區級近似座標"}},{"type":"Feature","geometry":{"type":"Point","coordinates":[121.57925,25.029225]},"properties":{"city":"臺北市","district":"信義區","address":"臺北市信義區信義路6段29~31號","coordinate_accuracy":"行政區級近似座標"}},{"type":"Feature","geometry":{"type":"Point","coordinates":[121.583794,25.076685]},"properties":{"city":"臺北市","district":"內湖區","address":"臺北市內湖區民權東路6段123巷20弄21號","coordinate_accuracy":"行政區級近似座標"}},{"type":"Feature","geometry":{"type":"Point","coordinates":[121.58438,25.089896]},"properties":{"city":"臺北市","district":"內湖區","address":"臺北市內湖區成功路2段365號","coordinate_accuracy":"行政區級近似座標"}},{"type":"Feature","geometry":{"type":"Point","coordinates":[121.598761,25.081438]},"properties":{"city":"臺北市","district":"內湖區","address":"臺北市內湖區成功路2段369號","coordinate_accuracy":"行政區級近似座標"}},{"type":"Feature","geometry":{"type":"Point","coordinates":[121.597943,25.074974]},"properties":{"city":"臺北市","district":"內湖區","address":"臺北市內湖區成功路2段373號","coordinate_accuracy":"行政區級近似座標"}},{"type":"Feature","geometry":{"type":"Point","coordinates":[121.578196,25.085031]},"properties":{"city":"臺北市","district":"內湖區","address":"臺北市內湖區大湖山莊街148號","coordinate_accuracy":"行政區級近似座標"}},{"type":"Feature","geometry":{"type":"Point","coordinates":[121.581174,25.076244]},"properties":{"city":"臺北市","district":"內湖區","address":"臺北市內湖區大湖山莊街150號","coordinate_accuracy":"行政區級近似座標"}},{"type":"Feature","geometry":{"type":"Point","coordinates":[121.586497,25.091438]},"properties":{"city":"臺北市","district":"內湖區","address":"臺北市內湖區大湖階131巷2弄2~12號","coordinate_accuracy":"行政區級近似座標"}},{"type":"Feature","geometry":{"type":"Point","coordinates":[121.596926,25.07439]},"properties":{"city":"臺北市","district":"內湖區","address":"臺北市內湖區成功路4段68號","coordinate_accuracy":"行政區級近似座標"}},{"type":"Feature","geometry":{"type":"Point","coordinates":[121.501743,25.028805]},"properties":{"city":"臺北市","district":"萬華區","address":"臺北市萬華區環河南路2段250巷25弄6號","coordinate_accuracy":"行政區級近似座標"}},{"type":"Feature","geometry":{"type":"Point","coordinates":[121.602235,25.080252]},"properties":{"city":"臺北市","district":"內湖區","address":"臺北市內湖區民權東路6段128巷26號","coordinate_accuracy":"行政區級近似座標"}},{"type":"Feature","geometry":{"type":"Point","coordinates":[121.586784,25.094235]},"properties":{"city":"臺北市","district":"內湖區","address":"臺北市內湖區文湖路21巷112弄11~23號","coordinate_accuracy":"行政區級近似座標"}},{"type":"Feature","geometry":{"type":"Point","coordinates":[121.577721,25.088567]},"properties":{"city":"臺北市","district":"內湖區","address":"臺北市內湖區文德路22巷9弄34號","coordinate_accuracy":"行政區級近似座標"}},{"type":"Feature","geometry":{"type":"Point","coordinates":[121.524988,25.02253]},"properties":{"city":"臺北市","district":"中正區","address":"臺北市中正區杭州南路1段103號","coordinate_accuracy":"行政區級近似座標"}},{"type":"Feature","geometry":{"type":"Point","coordinates":[121.526448,25.027749]},"properties":{"city":"臺北市","district":"中正區","address":"臺北市中正區金華街34號","coordinate_accuracy":"行政區級近似座標"}},{"type":"Feature","geometry":{"type":"Point","coordinates":[121.592397,25.072843]},"properties":{"city":"臺北市","district":"內湖區","address":"臺北市內湖區內湖路3段60巷12弄73號","coordinate_accuracy":"行政區級近似座標"}},{"type":"Feature","geometry":{"type":"Point","coordinates":[121.603187,25.085657]},"properties":{"city":"臺北市","district":"內湖區","address":"臺北市內湖區內湖路3段60巷12弄71號","coordinate_accuracy":"行政區級近似座標"}},{"type":"Feature","geometry":{"type":"Point","coordinates":[121.603339,25.089902]},"properties":{"city":"臺北市","district":"內湖區","address":"臺北市內湖區內湖路3段72巷75號","coordinate_accuracy":"行政區級近似座標"}},{"type":"Feature","geometry":{"type":"Point","coordinates":[121.583865,25.072229]},"properties":{"city":"臺北市","district":"內湖區","address":"臺北市內湖區內湖路3段72巷77號","coordinate_accuracy":"行政區級近似座標"}},{"type":"Feature","geometry":{"type":"Point","coordinates":[121.57596,25.078896]},"properties":{"city":"臺北市","district":"內湖區","address":"臺北市內湖區內湖路3段60巷12弄70~76號","coordinate_accuracy":"行政區級近似座標"}},{"type":"Feature","geometry":{"type":"Point","coordinates":[121.600241,25.071416]},"properties":{"city":"臺北市","district":"內湖區","address":"臺北市內湖區內湖路3段72巷61號","coordinate_accuracy":"行政區級近似座標"}},{"type":"Feature","geometry":{"type":"Point","coordinates":[121.577643,25.082287]},"properties":{"city":"臺北市","district":"內湖區","address":"臺北市內湖區內湖路3段72巷63號","coordinate_accuracy":"行政區級近似座標"}},{"type":"Feature","geometry":{"type":"Point","coordinates":[121.606472,25.086573]},"properties":{"city":"臺北市","district":"內湖區","address":"臺北市內湖區內湖路3段72巷59號號","coordinate_accuracy":"行政區級近似座標"}},{"type":"Feature","geometry":{"type":"Point","coordinates":[121.514011,25.034909]},"properties":{"city":"臺北市","district":"中正區","address":"臺北市中正區羅斯福路1段119巷12號","coordinate_accuracy":"行政區級近似座標"}},{"type":"Feature","geometry":{"type":"Point","coordinates":[121.520194,25.148109]},"properties":{"city":"臺北市","district":"士林區","address":"臺北市士林區士商路137號","coordinate_accuracy":"行政區級近似座標"}},{"type":"Feature","geometry":{"type":"Point","coordinates":[121.495398,25.033429]},"properties":{"city":"臺北市","district":"萬華區","address":"臺北市萬華區貴陽階2段152號","coordinate_accuracy":"行政區級近似座標"}},{"type":"Feature","geometry":{"type":"Point","coordinates":[121.548373,25.03064]},"properties":{"city":"臺北市","district":"大安區","address":"臺北市大安區麗水街33巷3~5號","coordinate_accuracy":"行政區級近似座標"}},{"type":"Feature","geometry":{"type":"Point","coordinates":[121.599693,25.074083]},"properties":{"city":"臺北市","district":"內湖區","address":"臺北市內湖區陽光街68巷59號","coordinate_accuracy":"行政區級近似座標"}},{"type":"Feature","geometry":{"type":"Point","coordinates":[121.544872,25.059062]},"properties":{"city":"臺北市","district":"中山區","address":"臺北市中山區基湖路157巷1號","coordinate_accuracy":"行政區級近似座標"}},{"type":"Feature","geometry":{"type":"Point","coordinates":[121.515409,25.024889]},"properties":{"city":"臺北市","district":"中正區","address":"臺北市中正區寧波西街18號","coordinate_accuracy":"行政區級近似座標"}},{"type":"Feature","geometry":{"type":"Point","coordinates":[121.580814,24.979656]},"properties":{"city":"臺北市","district":"文山區","address":"臺北市文山區木新路三段95巷7弄5號","coordinate_accuracy":"行政區級近似座標"}},{"type":"Feature","geometry":{"type":"Point","coordinates":[121.578474,24.996679]},"properties":{"city":"臺北市","district":"文山區","address":"臺北市文山區木新路三段95巷42號","coordinate_accuracy":"行政區級近似座標"}},{"type":"Feature","geometry":{"type":"Point","coordinates":[121.552605,25.060556]},"properties":{"city":"臺北市","district":"中山區","address":"臺北市中山區林森北路363號","coordinate_accuracy":"行政區級近似座標"}},{"type":"Feature","geometry":{"type":"Point","coordinates":[121.575723,25.075481]},"properties":{"city":"臺北市","district":"內湖區","address":"臺北市內湖區星雲街163~165號","coordinate_accuracy":"行政區級近似座標"}},{"type":"Feature","geometry":{"type":"Point","coordinates":[121.582227,25.029402]},"properties":{"city":"臺北市","district":"信義區","address":"臺北市信義區信義路五段111號","coordinate_accuracy":"行政區級近似座標"}},{"type":"Feature","geometry":{"type":"Point","coordinates":[121.545948,25.125498]},"properties":{"city":"臺北市","district":"士林區","address":"臺北市士林區士商路125號","coordinate_accuracy":"行政區級近似座標"}},{"type":"Feature","geometry":{"type":"Point","coordinates":[121.564943,25.063796]},"properties":{"city":"臺北市","district":"松山區","address":"臺北市松山區南京東路4段52巷8之3號","coordinate_accuracy":"行政區級近似座標"}},{"type":"Feature","geometry":{"type":"Point","coordinates":[121.550259,25.021055]},"properties":{"city":"臺北市","district":"大安區","address":"臺北市大安區新生南路21號","coordinate_accuracy":"行政區級近似座標"}},{"type":"Feature","geometry":{"type":"Point","coordinates":[121.55061,25.029452]},"properties":{"city":"臺北市","district":"大安區","address":"臺北市大安區復興南路一段259號","coordinate_accuracy":"行政區級近似座標"}},{"type":"Feature","geometry":{"type":"Point","coordinates":[121.535586,25.023451]},"properties":{"city":"臺北市","district":"大安區","address":"臺北市大安區復興南路一段259號","coordinate_accuracy":"行政區級近似座標"}},{"type":"Feature","geometry":{"type":"Point","coordinates":[121.570845,25.021685]},"properties":{"city":"臺北市","district":"信義區","address":"臺北市信義區忠孝東路五段236巷45弄1~7號","coordinate_accuracy":"行政區級近似座標"}},{"type":"Feature","geometry":{"type":"Point","coordinates":[121.565919,25.031432]},"properties":{"city":"臺北市","district":"信義區","address":"臺北市信義區基隆路二段149之49號","coordinate_accuracy":"行政區級近似座標"}},{"type":"Feature","geometry":{"type":"Point","coordinates":[121.571037,25.036324]},"properties":{"city":"臺北市","district":"信義區","address":"臺北市信義區和平東路三段315號","coordinate_accuracy":"行政區級近似座標"}},{"type":"Feature","geometry":{"type":"Point","coordinates":[121.539798,25.149627]},"properties":{"city":"臺北市","district":"士林區","address":"臺北市士林區天母西路50巷43-45號","coordinate_accuracy":"行政區級近似座標"}},{"type":"Feature","geometry":{"type":"Point","coordinates":[121.502597,25.030108]},"properties":{"city":"臺北市","district":"萬華區","address":"臺北市萬華區東園街173-177號","coordinate_accuracy":"行政區級近似座標"}},{"type":"Feature","geometry":{"type":"Point","coordinates":[121.548833,25.148059]},"properties":{"city":"臺北市","district":"士林區","address":"臺北市士林區中山北路六段441巷51號","coordinate_accuracy":"行政區級近似座標"}},{"type":"Feature","geometry":{"type":"Point","coordinates":[121.537052,25.06282]},"properties":{"city":"臺北市","district":"中山區","address":"臺北市中山區農安街19號","coordinate_accuracy":"行政區級近似座標"}},{"type":"Feature","geometry":{"type":"Point","coordinates":[121.494172,25.034405]},"properties":{"city":"臺北市","district":"萬華區","address":"臺北市萬華區西園路二段127~139號","coordinate_accuracy":"行政區級近似座標"}},{"type":"Feature","geometry":{"type":"Point","coordinates":[121.504301,25.031911]},"properties":{"city":"臺北市","district":"萬華區","address":"臺北市萬華區西園路二段127~139號","coordinate_accuracy":"行政區級近似座標"}},{"type":"Feature","geometry":{"type":"Point","coordinates":[121.556383,25.068956]},"properties":{"city":"臺北市","district":"中山區","address":"臺北市中山區復興北路436號","coordinate_accuracy":"行政區級近似座標"}},{"type":"Feature","geometry":{"type":"Point","coordinates":[121.530904,25.117317]},"properties":{"city":"臺北市","district":"士林區","address":"臺北市士林區士商路149號","coordinate_accuracy":"行政區級近似座標"}},{"type":"Feature","geometry":{"type":"Point","coordinates":[121.550516,25.135662]},"properties":{"city":"臺北市","district":"士林區","address":"臺北市士林區劍潭路71號","coordinate_accuracy":"行政區級近似座標"}},{"type":"Feature","geometry":{"type":"Point","coordinates":[121.614305,25.044587]},"properties":{"city":"臺北市","district":"南港區","address":"臺北市南港區永吉路553巷9號","coordinate_accuracy":"行政區級近似座標"}},{"type":"Feature","geometry":{"type":"Point","coordinates":[121.555515,25.117683]},"properties":{"city":"臺北市","district":"士林區","address":"臺北市士林區天母東路75-79號","coordinate_accuracy":"行政區級近似座標"}},{"type":"Feature","geometry":{"type":"Point","coordinates":[121.554959,25.072498]},"properties":{"city":"臺北市","district":"中山區","address":"臺北市中山區長安東路一段30巷8弄7號","coordinate_accuracy":"行政區級近似座標"}},{"type":"Feature","geometry":{"type":"Point","coordinates":[121.580943,24.982148]},"properties":{"city":"臺北市","district":"文山區","address":"臺北市文山區興隆路二段217巷8號等","coordinate_accuracy":"行政區級近似座標"}},{"type":"Feature","geometry":{"type":"Point","coordinates":[121.580888,25.030184]},"properties":{"city":"臺北市","district":"信義區","address":"臺北市信義區光復南路429~437號","coordinate_accuracy":"行政區級近似座標"}},{"type":"Feature","geometry":{"type":"Point","coordinates":[121.597839,25.098849]},"properties":{"city":"臺北市","district":"內湖區","address":"臺北市內湖區內湖路一段699~713號","coordinate_accuracy":"行政區級近似座標"}},{"type":"Feature","geometry":{"type":"Point","coordinates":[121.549553,25.034219]},"properties":{"city":"臺北市","district":"大安區","address":"臺北市大安區敦化南路一段270巷6~12號","coordinate_accuracy":"行政區級近似座標"}},{"type":"Feature","geometry":{"type":"Point","coordinates":[121.566709,24.980902]},"properties":{"city":"臺北市","district":"文山區","address":"臺北市文山區指南路三段77巷1~3號","coordinate_accuracy":"行政區級近似座標"}},{"type":"Feature","geometry":{"type":"Point","coordinates":[121.572196,24.979882]},"properties":{"city":"臺北市","district":"文山區","address":"臺北市文山區指南路三段77巷1~4號","coordinate_accuracy":"行政區級近似座標"}},{"type":"Feature","geometry":{"type":"Point","coordinates":[121.566281,24.992139]},"properties":{"city":"臺北市","district":"文山區","address":"臺北市文山區三福街9巷2~12號","coordinate_accuracy":"行政區級近似座標"}},{"type":"Feature","geometry":{"type":"Point","coordinates":[121.585937,24.989487]},"properties":{"city":"臺北市","district":"文山區","address":"臺北市文山區三福街9巷2~12號","coordinate_accuracy":"行政區級近似座標"}},{"type":"Feature","geometry":{"type":"Point","coordinates":[121.566427,24.986095]},"properties":{"city":"臺北市","district":"文山區","address":"臺北市文山區三福街9巷2~12號","coordinate_accuracy":"行政區級近似座標"}},{"type":"Feature","geometry":{"type":"Point","coordinates":[121.510819,25.13254]},"properties":{"city":"臺北市","district":"士林區","address":"臺北市士林區士商路167號","coordinate_accuracy":"行政區級近似座標"}},{"type":"Feature","geometry":{"type":"Point","coordinates":[121.49972,25.034236]},"properties":{"city":"臺北市","district":"萬華區","address":"臺北市萬華區萬青街186號","coordinate_accuracy":"行政區級近似座標"}},{"type":"Feature","geometry":{"type":"Point","coordinates":[121.496939,25.023743]},"properties":{"city":"臺北市","district":"萬華區","address":"臺北市萬華區萬青街186號","coordinate_accuracy":"行政區級近似座標"}},{"type":"Feature","geometry":{"type":"Point","coordinates":[121.50446,25.030728]},"properties":{"city":"臺北市","district":"萬華區","address":"臺北市萬華區萬青街186號","coordinate_accuracy":"行政區級近似座標"}},{"type":"Feature","geometry":{"type":"Point","coordinates":[121.493617,25.023163]},"properties":{"city":"臺北市","district":"萬華區","address":"臺北市萬華區萬青街186號","coordinate_accuracy":"行政區級近似座標"}},{"type":"Feature","geometry":{"type":"Point","coordinates":[121.54246,25.03457]},"properties":{"city":"臺北市","district":"大安區","address":"臺北市大安區忠孝東路四段559巷16弄24~36號","coordinate_accuracy":"行政區級近似座標"}},{"type":"Feature","geometry":{"type":"Point","coordinates":[121.498318,25.145948]},"properties":{"city":"臺北市","district":"北投區","address":"臺北市北投區北投泉源路39之37號","coordinate_accuracy":"行政區級近似座標"}},{"type":"Feature","geometry":{"type":"Point","coordinates":[121.577959,25.086779]},"properties":{"city":"臺北市","district":"內湖區","address":"臺北市內湖區康寧路3段56巷138號","coordinate_accuracy":"行政區級近似座標"}},{"type":"Feature","geometry":{"type":"Point","coordinates":[121.59738,25.094892]},"properties":{"city":"臺北市","district":"內湖區","address":"臺北市內湖區康寧路3段56巷156號","coordinate_accuracy":"行政區級近似座標"}},{"type":"Feature","geometry":{"type":"Point","coordinates":[121.538195,25.021492]},"properties":{"city":"臺北市","district":"大安區","address":"臺北市大安區光復南路266號","coordinate_accuracy":"行政區級近似座標"}},{"type":"Feature","geometry":{"type":"Point","coordinates":[121.538972,25.035009]},"properties":{"city":"臺北市","district":"大安區","address":"臺北市大安區光復南路288號","coordinate_accuracy":"行政區級近似座標"}},{"type":"Feature","geometry":{"type":"Point","coordinates":[121.552259,25.020481]},"properties":{"city":"臺北市","district":"大安區","address":"臺北市大安區光復南路348號","coordinate_accuracy":"行政區級近似座標"}},{"type":"Feature","geometry":{"type":"Point","coordinates":[121.549625,25.031693]},"properties":{"city":"臺北市","district":"大安區","address":"臺北市大安區光復南路552號","coordinate_accuracy":"行政區級近似座標"}},{"type":"Feature","geometry":{"type":"Point","coordinates":[121.504045,25.136919]},"properties":{"city":"臺北市","district":"士林區","address":"臺北市士林區士商路167號","coordinate_accuracy":"行政區級近似座標"}},{"type":"Feature","geometry":{"type":"Point","coordinates":[121.577595,25.082305]},"properties":{"city":"臺北市","district":"內湖區","address":"臺北市內湖區康寧路3段56巷168號","coordinate_accuracy":"行政區級近似座標"}},{"type":"Feature","geometry":{"type":"Point","coordinates":[121.540619,25.033905]},"properties":{"city":"臺北市","district":"大安區","address":"臺北市大安區和平東路三段464巷2號","coordinate_accuracy":"行政區級近似座標"}},{"type":"Feature","geometry":{"type":"Point","coordinates":[121.540334,25.033667]},"properties":{"city":"臺北市","district":"大安區","address":"臺北市大安區仁愛路4段454號","coordinate_accuracy":"行政區級近似座標"}},{"type":"Feature","geometry":{"type":"Point","coordinates":[121.547515,25.082672]},"properties":{"city":"臺北市","district":"中山區","address":"臺北市中山區長安東路2段16號","coordinate_accuracy":"行政區級近似座標"}},{"type":"Feature","geometry":{"type":"Point","coordinates":[121.532839,25.063101]},"properties":{"city":"臺北市","district":"中山區","address":"臺北市中山區松江路184巷26弄15號","coordinate_accuracy":"行政區級近似座標"}},{"type":"Feature","geometry":{"type":"Point","coordinates":[121.54804,25.081751]},"properties":{"city":"臺北市","district":"中山區","address":"臺北市中山區吉林路2號","coordinate_accuracy":"行政區級近似座標"}},{"type":"Feature","geometry":{"type":"Point","coordinates":[121.553503,25.060045]},"properties":{"city":"臺北市","district":"中山區","address":"臺北市中山區吉林路136、138號","coordinate_accuracy":"行政區級近似座標"}},{"type":"Feature","geometry":{"type":"Point","coordinates":[121.53844,25.061378]},"properties":{"city":"臺北市","district":"中山區","address":"臺北市中山區林森北路107巷","coordinate_accuracy":"行政區級近似座標"}},{"type":"Feature","geometry":{"type":"Point","coordinates":[121.572738,25.088644]},"properties":{"city":"臺北市","district":"內湖區","address":"臺北市內湖區民權東路6段123巷14號","coordinate_accuracy":"行政區級近似座標"}},{"type":"Feature","geometry":{"type":"Point","coordinates":[121.589782,25.09642]},"properties":{"city":"臺北市","district":"內湖區","address":"臺北市內湖區民權東路6段123巷18號","coordinate_accuracy":"行政區級近似座標"}},{"type":"Feature","geometry":{"type":"Point","coordinates":[121.55532,25.075291]},"properties":{"city":"臺北市","district":"中山區","address":"臺北市中山區長安東路一段52巷5號","coordinate_accuracy":"行政區級近似座標"}},{"type":"Feature","geometry":{"type":"Point","coordinates":[121.549513,25.0574]},"properties":{"city":"臺北市","district":"中山區","address":"臺北市中山區林森北路145巷52號","coordinate_accuracy":"行政區級近似座標"}},{"type":"Feature","geometry":{"type":"Point","coordinates":[121.542565,25.05557]},"properties":{"city":"臺北市","district":"中山區","address":"臺北市中山區吉林路1、3、5號","coordinate_accuracy":"行政區級近似座標"}},{"type":"Feature","geometry":{"type":"Point","coordinates":[121.572561,25.08507]},"properties":{"city":"臺北市","district":"內湖區","address":"臺北市內湖區金湖路328號","coordinate_accuracy":"行政區級近似座標"}},{"type":"Feature","geometry":{"type":"Point","coordinates":[121.588804,25.069273]},"properties":{"city":"臺北市","district":"內湖區","address":"臺北市內湖區金湖路329號等","coordinate_accuracy":"行政區級近似座標"}},{"type":"Feature","geometry":{"type":"Point","coordinates":[121.609281,25.082457]},"properties":{"city":"臺北市","district":"內湖區","address":"臺北市內湖區成功路五段452號","coordinate_accuracy":"行政區級近似座標"}},{"type":"Feature","geometry":{"type":"Point","coordinates":[121.577662,25.08492]},"properties":{"city":"臺北市","district":"內湖區","address":"臺北市內湖區成功路五段453號","coordinate_accuracy":"行政區級近似座標"}},{"type":"Feature","geometry":{"type":"Point","coordinates":[121.606614,25.086718]},"properties":{"city":"臺北市","district":"內湖區","address":"臺北市內湖區成功路五段454號","coordinate_accuracy":"行政區級近似座標"}},{"type":"Feature","geometry":{"type":"Point","coordinates":[121.580588,24.979042]},"properties":{"city":"臺北市","district":"文山區","address":"臺北市文山區木柵路四段137號","coordinate_accuracy":"行政區級近似座標"}},{"type":"Feature","geometry":{"type":"Point","coordinates":[121.58603,24.987102]},"properties":{"city":"臺北市","district":"文山區","address":"臺北市文山區萬美街一段36號","coordinate_accuracy":"行政區級近似座標"}},{"type":"Feature","geometry":{"type":"Point","coordinates":[121.580665,24.977455]},"properties":{"city":"臺北市","district":"文山區","address":"臺北市文山區政大二街66號","coordinate_accuracy":"行政區級近似座標"}},{"type":"Feature","geometry":{"type":"Point","coordinates":[121.565784,24.986317]},"properties":{"city":"臺北市","district":"文山區","address":"臺北市文山區汀州路4段178號","coordinate_accuracy":"行政區級近似座標"}},{"type":"Feature","geometry":{"type":"Point","coordinates":[121.569608,25.03687]},"properties":{"city":"臺北市","district":"信義區","address":"臺北市信義區忠孝東路五段236巷15-17號","coordinate_accuracy":"行政區級近似座標"}},{"type":"Feature","geometry":{"type":"Point","coordinates":[121.492934,25.027208]},"properties":{"city":"臺北市","district":"萬華區","address":"臺北市萬華區德昌街10巷10號1樓","coordinate_accuracy":"行政區級近似座標"}},{"type":"Feature","geometry":{"type":"Point","coordinates":[121.536754,25.030104]},"properties":{"city":"臺北市","district":"大安區","address":"臺北市大安區金山南路2段10巷25號","coordinate_accuracy":"行政區級近似座標"}},{"type":"Feature","geometry":{"type":"Point","coordinates":[121.573689,25.021056]},"properties":{"city":"臺北市","district":"信義區","address":"臺北市信義區吳興街284巷59弄6號","coordinate_accuracy":"行政區級近似座標"}},{"type":"Feature","geometry":{"type":"Point","coordinates":[121.51764,25.036515]},"properties":{"city":"臺北市","district":"中正區","address":"臺北市中正區杭州南路1段15-1號","coordinate_accuracy":"行政區級近似座標"}},{"type":"Feature","geometry":{"type":"Point","coordinates":[121.511559,25.064413]},"properties":{"city":"臺北市","district":"大同區","address":"臺北市大同區重慶北路2段15號","coordinate_accuracy":"行政區級近似座標"}},{"type":"Feature","geometry":{"type":"Point","coordinates":[121.515899,25.064508]},"properties":{"city":"臺北市","district":"大同區","address":"臺北市大同區重慶北路2段63號","coordinate_accuracy":"行政區級近似座標"}},{"type":"Feature","geometry":{"type":"Point","coordinates":[121.516073,25.064952]},"properties":{"city":"臺北市","district":"大同區","address":"臺北市大同區重慶北路2段63號","coordinate_accuracy":"行政區級近似座標"}},{"type":"Feature","geometry":{"type":"Point","coordinates":[121.55728,25.066585]},"properties":{"city":"臺北市","district":"松山區","address":"臺北市松山區三民路43巷19號","coordinate_accuracy":"行政區級近似座標"}},{"type":"Feature","geometry":{"type":"Point","coordinates":[121.58052,24.99648]},"properties":{"city":"臺北市","district":"文山區","address":"臺北市文山區萬壽路17巷1號","coordinate_accuracy":"行政區級近似座標"}},{"type":"Feature","geometry":{"type":"Point","coordinates":[121.563237,25.124672]},"properties":{"city":"臺北市","district":"士林區","address":"臺北市士林區中山北路6段195巷6號","coordinate_accuracy":"行政區級近似座標"}},{"type":"Feature","geometry":{"type":"Point","coordinates":[121.500411,25.14533]},"properties":{"city":"臺北市","district":"北投區","address":"臺北市北投區知行路222號","coordinate_accuracy":"行政區級近似座標"}},{"type":"Feature","geometry":{"type":"Point","coordinates":[121.492746,25.15624]},"properties":{"city":"臺北市","district":"北投區","address":"臺北市北投區大同街230號","coordinate_accuracy":"行政區級近似座標"}},{"type":"Feature","geometry":{"type":"Point","coordinates":[121.563274,24.983283]},"properties":{"city":"臺北市","district":"文山區","address":"臺北市文山區軍功路3號","coordinate_accuracy":"行政區級近似座標"}},{"type":"Feature","geometry":{"type":"Point","coordinates":[121.581732,24.975743]},"properties":{"city":"臺北市","district":"文山區","address":"臺北市文山區辛亥路6段21巷2號","coordinate_accuracy":"行政區級近似座標"}},{"type":"Feature","geometry":{"type":"Point","coordinates":[121.490317,25.029776]},"properties":{"city":"臺北市","district":"萬華區","address":"臺北市萬華區西藏路127號","coordinate_accuracy":"行政區級近似座標"}},{"type":"Feature","geometry":{"type":"Point","coordinates":[121.56469,25.054734]},"properties":{"city":"臺北市","district":"松山區","address":"臺北市松山區三民路136巷28號","coordinate_accuracy":"行政區級近似座標"}},{"type":"Feature","geometry":{"type":"Point","coordinates":[121.511482,25.067426]},"properties":{"city":"臺北市","district":"大同區","address":"臺北市大同區環河北路一段107號","coordinate_accuracy":"行政區級近似座標"}},{"type":"Feature","geometry":{"type":"Point","coordinates":[121.543017,25.057075]},"properties":{"city":"臺北市","district":"中山區","address":"臺北市中山區龍江路120巷9號","coordinate_accuracy":"行政區級近似座標"}},{"type":"Feature","geometry":{"type":"Point","coordinates":[121.542317,25.056475]},"properties":{"city":"臺北市","district":"中山區","address":"臺北市中山區龍江路120巷9號","coordinate_accuracy":"行政區級近似座標"}},{"type":"Feature","geometry":{"type":"Point","coordinates":[121.516069,25.065147]},"properties":{"city":"臺北市","district":"大同區","address":"臺北市大同區重慶北路三段76號","coordinate_accuracy":"行政區級近似座標"}},{"type":"Feature","geometry":{"type":"Point","coordinates":[121.513958,25.068468]},"properties":{"city":"臺北市","district":"大同區","address":"臺北市大同區重慶北路三段76號","coordinate_accuracy":"行政區級近似座標"}},{"type":"Feature","geometry":{"type":"Point","coordinates":[121.518453,25.021918]},"properties":{"city":"臺北市","district":"中正區","address":"臺北市中正區西藏路113號","coordinate_accuracy":"行政區級近似座標"}},{"type":"Feature","geometry":{"type":"Point","coordinates":[121.511262,25.067767]},"properties":{"city":"臺北市","district":"大同區","address":"臺北市大同區承德路一段105號","coordinate_accuracy":"行政區級近似座標"}},{"type":"Feature","geometry":{"type":"Point","coordinates":[121.506068,25.027552]},"properties":{"city":"臺北市","district":"萬華區","address":"臺北市萬華區桂林路141-1號","coordinate_accuracy":"行政區級近似座標"}},{"type":"Feature","geometry":{"type":"Point","coordinates":[121.509353,25.06495]},"properties":{"city":"臺北市","district":"大同區","address":"臺北市大同區民權西路146號","coordinate_accuracy":"行政區級近似座標"}},{"type":"Feature","geometry":{"type":"Point","coordinates":[121.511942,25.068189]},"properties":{"city":"臺北市","district":"大同區","address":"臺北市大同區民權西路146號","coordinate_accuracy":"行政區級近似座標"}},{"type":"Feature","geometry":{"type":"Point","coordinates":[121.521363,25.020877]},"properties":{"city":"臺北市","district":"中正區","address":"臺北市中正區仁愛路二段6號","coordinate_accuracy":"行政區級近似座標"}},{"type":"Feature","geometry":{"type":"Point","coordinates":[121.496475,25.037254]},"properties":{"city":"臺北市","district":"萬華區","address":"臺北市萬華區萬大路331號","coordinate_accuracy":"行政區級近似座標"}},{"type":"Feature","geometry":{"type":"Point","coordinates":[121.556628,25.054001]},"properties":{"city":"臺北市","district":"松山區","address":"臺北市松山區延壽街33巷8弄7-1號","coordinate_accuracy":"行政區級近似座標"}},{"type":"Feature","geometry":{"type":"Point","coordinates":[121.564177,25.057368]},"properties":{"city":"臺北市","district":"松山區","address":"臺北市松山區延壽街33巷8弄7-1號","coordinate_accuracy":"行政區級近似座標"}},{"type":"Feature","geometry":{"type":"Point","coordinates":[121.632135,25.038597]},"properties":{"city":"臺北市","district":"南港區","address":"臺北市南港區興華路77號","coordinate_accuracy":"行政區級近似座標"}},{"type":"Feature","geometry":{"type":"Point","coordinates":[121.513845,25.05979]},"properties":{"city":"臺北市","district":"大同區","address":"臺北市大同區承德路三段7號","coordinate_accuracy":"行政區級近似座標"}},{"type":"Feature","geometry":{"type":"Point","coordinates":[121.515286,25.060409]},"properties":{"city":"臺北市","district":"大同區","address":"臺北市大同區承德路三段247巷10號","coordinate_accuracy":"行政區級近似座標"}},{"type":"Feature","geometry":{"type":"Point","coordinates":[121.522279,25.038319]},"properties":{"city":"臺北市","district":"中正區","address":"臺北市中正區羅斯福路一段86號","coordinate_accuracy":"行政區級近似座標"}},{"type":"Feature","geometry":{"type":"Point","coordinates":[121.583792,24.982863]},"properties":{"city":"臺北市","district":"文山區","address":"臺北市文山區景興路282巷9號","coordinate_accuracy":"行政區級近似座標"}},{"type":"Feature","geometry":{"type":"Point","coordinates":[121.537356,25.03333]},"properties":{"city":"臺北市","district":"大安區","address":"臺北市大安區忠孝東路四段2號","coordinate_accuracy":"行政區級近似座標"}},{"type":"Feature","geometry":{"type":"Point","coordinates":[121.55987,25.066353]},"properties":{"city":"臺北市","district":"松山區","address":"臺北市松山區三民路80巷3號","coordinate_accuracy":"行政區級近似座標"}},{"type":"Feature","geometry":{"type":"Point","coordinates":[121.586267,24.993043]},"properties":{"city":"臺北市","district":"文山區","address":"臺北市文山區興隆路四段165巷11號","coordinate_accuracy":"行政區級近似座標"}},{"type":"Feature","geometry":{"type":"Point","coordinates":[121.555402,25.064877]},"properties":{"city":"臺北市","district":"松山區","address":"臺北市松山區延壽街330巷16弄5號","coordinate_accuracy":"行政區級近似座標"}},{"type":"Feature","geometry":{"type":"Point","coordinates":[121.56006,25.068891]},"properties":{"city":"臺北市","district":"松山區","address":"臺北市松山區延壽街330巷16弄5號","coordinate_accuracy":"行政區級近似座標"}},{"type":"Feature","geometry":{"type":"Point","coordinates":[121.493105,25.032865]},"properties":{"city":"臺北市","district":"萬華區","address":"臺北市萬華區萬大路329巷25號","coordinate_accuracy":"行政區級近似座標"}},{"type":"Feature","geometry":{"type":"Point","coordinates":[121.586632,24.994152]},"properties":{"city":"臺北市","district":"文山區","address":"臺北市文山區興隆路四段29巷4弄5-11號","coordinate_accuracy":"行政區級近似座標"}},{"type":"Feature","geometry":{"type":"Point","coordinates":[121.536661,25.020051]},"properties":{"city":"臺北市","district":"大安區","address":"臺北市大安區和平東路3段212巷2號","coordinate_accuracy":"行政區級近似座標"}},{"type":"Feature","geometry":{"type":"Point","coordinates":[121.583429,25.097538]},"properties":{"city":"臺北市","district":"內湖區","address":"臺北市內湖區民權東路6段298-326號","coordinate_accuracy":"行政區級近似座標"}},{"type":"Feature","geometry":{"type":"Point","coordinates":[121.577451,25.073552]},"properties":{"city":"臺北市","district":"內湖區","address":"臺北市內湖區民權東路6段298-326號","coordinate_accuracy":"行政區級近似座標"}},{"type":"Feature","geometry":{"type":"Point","coordinates":[121.60045,25.093469]},"properties":{"city":"臺北市","district":"內湖區","address":"臺北市內湖區民權東路6段298-326號","coordinate_accuracy":"行政區級近似座標"}},{"type":"Feature","geometry":{"type":"Point","coordinates":[121.577944,24.976588]},"properties":{"city":"臺北市","district":"文山區","address":"臺北市文山區興隆路4段105巷3-29號","coordinate_accuracy":"行政區級近似座標"}},{"type":"Feature","geometry":{"type":"Point","coordinates":[121.573416,25.000099]},"properties":{"city":"臺北市","district":"文山區","address":"臺北市文山區興隆路4段105巷3-29號","coordinate_accuracy":"行政區級近似座標"}},{"type":"Feature","geometry":{"type":"Point","coordinates":[121.579637,24.976378]},"properties":{"city":"臺北市","district":"文山區","address":"臺北市文山區興隆路4段105巷3-29號","coordinate_accuracy":"行政區級近似座標"}},{"type":"Feature","geometry":{"type":"Point","coordinates":[121.606822,25.093633]},"properties":{"city":"臺北市","district":"內湖區","address":"臺北市內湖區民權東路六段280巷6號","coordinate_accuracy":"行政區級近似座標"}},{"type":"Feature","geometry":{"type":"Point","coordinates":[121.609813,25.078062]},"properties":{"city":"臺北市","district":"內湖區","address":"臺北市內湖區金龍路222巷2號","coordinate_accuracy":"行政區級近似座標"}},{"type":"Feature","geometry":{"type":"Point","coordinates":[121.585041,25.067357]},"properties":{"city":"臺北市","district":"內湖區","address":"臺北市內湖區金龍路222巷2號","coordinate_accuracy":"行政區級近似座標"}},{"type":"Feature","geometry":{"type":"Point","coordinates":[121.597638,25.100597]},"properties":{"city":"臺北市","district":"內湖區","address":"臺北市內湖區金龍路222巷2號","coordinate_accuracy":"行政區級近似座標"}},{"type":"Feature","geometry":{"type":"Point","coordinates":[121.550448,25.017721]},"properties":{"city":"臺北市","district":"大安區","address":"臺北市大安區敦化南路一段191號","coordinate_accuracy":"行政區級近似座標"}},{"type":"Feature","geometry":{"type":"Point","coordinates":[121.571505,24.999181]},"properties":{"city":"臺北市","district":"文山區","address":"臺北市文山區木新路三段95巷42號","coordinate_accuracy":"行政區級近似座標"}},{"type":"Feature","geometry":{"type":"Point","coordinates":[121.583277,24.999839]},"properties":{"city":"臺北市","district":"文山區","address":"臺北市文山區景華街128巷2弄9-1號","coordinate_accuracy":"行政區級近似座標"}},{"type":"Feature","geometry":{"type":"Point","coordinates":[121.56155,25.052296]},"properties":{"city":"臺北市","district":"松山區","address":"臺北市松山區八德路四段445號","coordinate_accuracy":"行政區級近似座標"}},{"type":"Feature","geometry":{"type":"Point","coordinates":[121.538538,25.168648]},"properties":{"city":"臺北市","district":"北投區","address":"臺北市北投區泉源路36之10-29號","coordinate_accuracy":"行政區級近似座標"}},{"type":"Feature","geometry":{"type":"Point","coordinates":[121.559833,25.069022]},"properties":{"city":"臺北市","district":"中山區","address":"臺北市中山區樂群二路95號","coordinate_accuracy":"行政區級近似座標"}},{"type":"Feature","geometry":{"type":"Point","coordinates":[121.585417,25.068485]},"properties":{"city":"臺北市","district":"內湖區","address":"臺北市內湖區南京東路六段368巷16號","coordinate_accuracy":"行政區級近似座標"}},{"type":"Feature","geometry":{"type":"Point","coordinates":[121.564721,25.055887]},"properties":{"city":"臺北市","district":"松山區","address":"臺北市松山區北寧路62號","coordinate_accuracy":"行政區級近似座標"}},{"type":"Feature","geometry":{"type":"Point","coordinates":[121.550017,25.150504]},"properties":{"city":"臺北市","district":"士林區","address":"臺北市士林區承德路四段181號","coordinate_accuracy":"行政區級近似座標"}},{"type":"Feature","geometry":{"type":"Point","coordinates":[121.511476,25.108452]},"properties":{"city":"臺北市","district":"士林區","address":"臺北市士林區基河路382號","coordinate_accuracy":"行政區級近似座標"}},{"type":"Feature","geometry":{"type":"Point","coordinates":[121.505144,25.024184]},"properties":{"city":"臺北市","district":"萬華區","address":"臺北市萬華區開封街二段12號","coordinate_accuracy":"行政區級近似座標"}},{"type":"Feature","geometry":{"type":"Point","coordinates":[121.494614,25.023147]},"properties":{"city":"臺北市","district":"萬華區","address":"臺北市萬華區漢口街二段49號","coordinate_accuracy":"行政區級近似座標"}},{"type":"Feature","geometry":{"type":"Point","coordinates":[121.504225,25.025032]},"properties":{"city":"臺北市","district":"萬華區","address":"臺北市萬華區長沙街二段96號","coordinate_accuracy":"行政區級近似座標"}},{"type":"Feature","geometry":{"type":"Point","coordinates":[121.489278,25.030681]},"properties":{"city":"臺北市","district":"萬華區","address":"臺北市萬華區德昌街131號","coordinate_accuracy":"行政區級近似座標"}},{"type":"Feature","geometry":{"type":"Point","coordinates":[121.610939,25.040473]},"properties":{"city":"臺北市","district":"南港區","address":"臺北市南港區松河街762號","coordinate_accuracy":"行政區級近似座標"}},{"type":"Feature","geometry":{"type":"Point","coordinates":[121.579185,24.97706]},"properties":{"city":"臺北市","district":"文山區","address":"臺北市文山區政大三街97號","coordinate_accuracy":"行政區級近似座標"}},{"type":"Feature","geometry":{"type":"Point","coordinates":[121.586684,24.988805]},"properties":{"city":"臺北市","district":"文山區","address":"臺北市文山區萬壽路75巷1號","coordinate_accuracy":"行政區級近似座標"}},{"type":"Feature","geometry":{"type":"Point","coordinates":[121.613712,25.02841]},"properties":{"city":"臺北市","district":"南港區","address":"臺北市南港區向陽路182號","coordinate_accuracy":"行政區級近似座標"}},{"type":"Feature","geometry":{"type":"Point","coordinates":[121.493733,25.034644]},"properties":{"city":"臺北市","district":"萬華區","address":"臺北市萬華區中華路一段186號","coordinate_accuracy":"行政區級近似座標"}},{"type":"Feature","geometry":{"type":"Point","coordinates":[121.562873,24.994932]},"properties":{"city":"臺北市","district":"文山區","address":"臺北市文山區秀明路二段118巷1號","coordinate_accuracy":"行政區級近似座標"}},{"type":"Feature","geometry":{"type":"Point","coordinates":[121.578465,25.019482]},"properties":{"city":"臺北市","district":"信義區","address":"臺北市信義區吳興街284巷59弄7號","coordinate_accuracy":"行政區級近似座標"}},{"type":"Feature","geometry":{"type":"Point","coordinates":[121.630704,25.044713]},"properties":{"city":"臺北市","district":"南港區","address":"臺北市南港區重陽路57巷46號","coordinate_accuracy":"行政區級近似座標"}},{"type":"Feature","geometry":{"type":"Point","coordinates":[121.553348,25.153102]},"properties":{"city":"臺北市","district":"士林區","address":"臺北市士林區天母北路68號","coordinate_accuracy":"行政區級近似座標"}},{"type":"Feature","geometry":{"type":"Point","coordinates":[121.515791,25.163023]},"properties":{"city":"臺北市","district":"士林區","address":"臺北市士林區天母北路68號","coordinate_accuracy":"行政區級近似座標"}},{"type":"Feature","geometry":{"type":"Point","coordinates":[121.553094,25.018607]},"properties":{"city":"臺北市","district":"大安區","address":"臺北市大安區信義路四段30巷50弄7號","coordinate_accuracy":"行政區級近似座標"}},{"type":"Feature","geometry":{"type":"Point","coordinates":[121.562587,25.065721]},"properties":{"city":"臺北市","district":"松山區","address":"臺北市松山區南京東路四段52巷8之3號","coordinate_accuracy":"行政區級近似座標"}},{"type":"Feature","geometry":{"type":"Point","coordinates":[121.553575,25.066579]},"properties":{"city":"臺北市","district":"松山區","address":"臺北市松山區光復南路58號","coordinate_accuracy":"行政區級近似座標"}},{"type":"Feature","geometry":{"type":"Point","coordinates":[121.556086,25.069628]},"properties":{"city":"臺北市","district":"松山區","address":"臺北市松山區光復南路17巷17號","coordinate_accuracy":"行政區級近似座標"}},{"type":"Feature","geometry":{"type":"Point","coordinates":[121.510189,25.065868]},"properties":{"city":"臺北市","district":"大同區","address":"臺北市大同區南京西路18巷6號","coordinate_accuracy":"行政區級近似座標"}},{"type":"Feature","geometry":{"type":"Point","coordinates":[121.561805,25.053246]},"properties":{"city":"臺北市","district":"松山區","address":"臺北市松山區南京東路五段405號","coordinate_accuracy":"行政區級近似座標"}},{"type":"Feature","geometry":{"type":"Point","coordinates":[121.575609,25.000279]},"properties":{"city":"臺北市","district":"文山區","address":"臺北市文山區羅斯福路五段214號","coordinate_accuracy":"行政區級近似座標"}},{"type":"Feature","geometry":{"type":"Point","coordinates":[121.575456,25.000083]},"properties":{"city":"臺北市","district":"文山區","address":"臺北市文山區政大一街36巷5號","coordinate_accuracy":"行政區級近似座標"}},{"type":"Feature","geometry":{"type":"Point","coordinates":[121.587393,24.986431]},"properties":{"city":"臺北市","district":"文山區","address":"臺北市文山區政大一街36巷5號","coordinate_accuracy":"行政區級近似座標"}},{"type":"Feature","geometry":{"type":"Point","coordinates":[121.589781,24.992196]},"properties":{"city":"臺北市","district":"文山區","address":"臺北市文山區興隆路二段301巷18號","coordinate_accuracy":"行政區級近似座標"}},{"type":"Feature","geometry":{"type":"Point","coordinates":[121.562929,24.988222]},"properties":{"city":"臺北市","district":"文山區","address":"臺北市文山區興隆路二段301巷18號","coordinate_accuracy":"行政區級近似座標"}},{"type":"Feature","geometry":{"type":"Point","coordinates":[121.579346,24.973092]},"properties":{"city":"臺北市","district":"文山區","address":"臺北市文山區興隆路三段304巷151號","coordinate_accuracy":"行政區級近似座標"}},{"type":"Feature","geometry":{"type":"Point","coordinates":[121.581665,24.998448]},"properties":{"city":"臺北市","district":"文山區","address":"臺北市文山區興隆路四段6號","coordinate_accuracy":"行政區級近似座標"}},{"type":"Feature","geometry":{"type":"Point","coordinates":[121.55228,25.031224]},"properties":{"city":"臺北市","district":"大安區","address":"臺北市大安區光復南路306號","coordinate_accuracy":"行政區級近似座標"}},{"type":"Feature","geometry":{"type":"Point","coordinates":[121.529449,25.130423]},"properties":{"city":"臺北市","district":"北投區","address":"臺北市北投區中央南路二段33號之一","coordinate_accuracy":"行政區級近似座標"}},{"type":"Feature","geometry":{"type":"Point","coordinates":[121.5042,25.174954]},"properties":{"city":"臺北市","district":"北投區","address":"臺北市北投區中央北路三段6號","coordinate_accuracy":"行政區級近似座標"}},{"type":"Feature","geometry":{"type":"Point","coordinates":[121.539831,25.168834]},"properties":{"city":"臺北市","district":"北投區","address":"臺北市北投區石牌路一段166巷43弄15號","coordinate_accuracy":"行政區級近似座標"}},{"type":"Feature","geometry":{"type":"Point","coordinates":[121.491173,25.164853]},"properties":{"city":"臺北市","district":"北投區","address":"臺北市北投區洲美街122號2樓","coordinate_accuracy":"行政區級近似座標"}},{"type":"Feature","geometry":{"type":"Point","coordinates":[121.490313,25.163405]},"properties":{"city":"臺北市","district":"北投區","address":"臺北市北投區竹子湖路35號之一","coordinate_accuracy":"行政區級近似座標"}},{"type":"Feature","geometry":{"type":"Point","coordinates":[121.479444,25.154249]},"properties":{"city":"臺北市","district":"北投區","address":"臺北市北投區竹子湖路35號之一","coordinate_accuracy":"行政區級近似座標"}},{"type":"Feature","geometry":{"type":"Point","coordinates":[121.554309,25.066698]},"properties":{"city":"臺北市","district":"松山區","address":"臺北市松山區南京東路五段47號","coordinate_accuracy":"行政區級近似座標"}},{"type":"Feature","geometry":{"type":"Point","coordinates":[121.555948,25.067262]},"properties":{"city":"臺北市","district":"松山區","address":"臺北市松山區南京東路五段47號","coordinate_accuracy":"行政區級近似座標"}},{"type":"Feature","geometry":{"type":"Point","coordinates":[121.510172,25.060604]},"properties":{"city":"臺北市","district":"大同區","address":"臺北市大同區承德路三段165之1號","coordinate_accuracy":"行政區級近似座標"}},{"type":"Feature","geometry":{"type":"Point","coordinates":[121.518725,25.062341]},"properties":{"city":"臺北市","district":"大同區","address":"臺北市大同區承德路三段152號","coordinate_accuracy":"行政區級近似座標"}},{"type":"Feature","geometry":{"type":"Point","coordinates":[121.511538,25.069076]},"properties":{"city":"臺北市","district":"大同區","address":"臺北市大同區重慶北路三段63號","coordinate_accuracy":"行政區級近似座標"}},{"type":"Feature","geometry":{"type":"Point","coordinates":[121.550782,25.058917]},"properties":{"city":"臺北市","district":"松山區","address":"臺北市松山區南京東路四段23號","coordinate_accuracy":"行政區級近似座標"}},{"type":"Feature","geometry":{"type":"Point","coordinates":[121.606528,25.07808]},"properties":{"city":"臺北市","district":"內湖區","address":"臺北市內湖區成功路二段193巷8號","coordinate_accuracy":"行政區級近似座標"}},{"type":"Feature","geometry":{"type":"Point","coordinates":[121.552828,25.056417]},"properties":{"city":"臺北市","district":"松山區","address":"臺北市松山區復興北路427巷11號","coordinate_accuracy":"行政區級近似座標"}},{"type":"Feature","geometry":{"type":"Point","coordinates":[121.556821,25.067063]},"properties":{"city":"臺北市","district":"松山區","address":"臺北市松山區復興北路427巷11號","coordinate_accuracy":"行政區級近似座標"}},{"type":"Feature","geometry":{"type":"Point","coordinates":[121.555776,25.054029]},"properties":{"city":"臺北市","district":"松山區","address":"臺北市松山區復興北路427巷30號","coordinate_accuracy":"行政區級近似座標"}},{"type":"Feature","geometry":{"type":"Point","coordinates":[121.579054,25.021002]},"properties":{"city":"臺北市","district":"信義區","address":"臺北市信義區松德路307巷26號","coordinate_accuracy":"行政區級近似座標"}},{"type":"Feature","geometry":{"type":"Point","coordinates":[121.580545,25.025329]},"properties":{"city":"臺北市","district":"信義區","address":"臺北市信義區松德路307巷26號","coordinate_accuracy":"行政區級近似座標"}},{"type":"Feature","geometry":{"type":"Point","coordinates":[121.577447,25.036308]},"properties":{"city":"臺北市","district":"信義區","address":"臺北市信義區松德路307巷26號","coordinate_accuracy":"行政區級近似座標"}},{"type":"Feature","geometry":{"type":"Point","coordinates":[121.575451,25.039977]},"properties":{"city":"臺北市","district":"信義區","address":"臺北市信義區松德路200巷8號","coordinate_accuracy":"行政區級近似座標"}},{"type":"Feature","geometry":{"type":"Point","coordinates":[121.561405,25.030978]},"properties":{"city":"臺北市","district":"信義區","address":"臺北市信義區松德路200巷8號","coordinate_accuracy":"行政區級近似座標"}},{"type":"Feature","geometry":{"type":"Point","coordinates":[121.584487,25.026649]},"properties":{"city":"臺北市","district":"信義區","address":"臺北市信義區松德路200巷8號","coordinate_accuracy":"行政區級近似座標"}},{"type":"Feature","geometry":{"type":"Point","coordinates":[121.583148,25.032685]},"properties":{"city":"臺北市","district":"信義區","address":"臺北市信義區松德路25巷2號","coordinate_accuracy":"行政區級近似座標"}},{"type":"Feature","geometry":{"type":"Point","coordinates":[121.567583,25.039743]},"properties":{"city":"臺北市","district":"信義區","address":"臺北市信義區松德路135號","coordinate_accuracy":"行政區級近似座標"}},{"type":"Feature","geometry":{"type":"Point","coordinates":[121.574423,25.018549]},"properties":{"city":"臺北市","district":"信義區","address":"臺北市信義區松德路170號","coordinate_accuracy":"行政區級近似座標"}},{"type":"Feature","geometry":{"type":"Point","coordinates":[121.552006,25.07772]},"properties":{"city":"臺北市","district":"中山區","address":"臺北市中山區長安東路二段113號","coordinate_accuracy":"行政區級近似座標"}},{"type":"Feature","geometry":{"type":"Point","coordinates":[121.561778,25.034762]},"properties":{"city":"臺北市","district":"信義區","address":"臺北市信義區松仁路153號","coordinate_accuracy":"行政區級近似座標"}},{"type":"Feature","geometry":{"type":"Point","coordinates":[121.569468,25.041746]},"properties":{"city":"臺北市","district":"信義區","address":"臺北市信義區松仁路151-1號","coordinate_accuracy":"行政區級近似座標"}},{"type":"Feature","geometry":{"type":"Point","coordinates":[121.53689,25.061784]},"properties":{"city":"臺北市","district":"中山區","address":"臺北市中山區北安路618號","coordinate_accuracy":"行政區級近似座標"}},{"type":"Feature","geometry":{"type":"Point","coordinates":[121.559969,25.121261]},"properties":{"city":"臺北市","district":"士林區","address":"臺北市士林區士商路15號","coordinate_accuracy":"行政區級近似座標"}},{"type":"Feature","geometry":{"type":"Point","coordinates":[121.54217,25.078775]},"properties":{"city":"臺北市","district":"中山區","address":"臺北市中山區長安東路二段162-1號","coordinate_accuracy":"行政區級近似座標"}},{"type":"Feature","geometry":{"type":"Point","coordinates":[121.630035,25.023875]},"properties":{"city":"臺北市","district":"南港區","address":"臺北市南港區重陽路39巷86-88號","coordinate_accuracy":"行政區級近似座標"}},{"type":"Feature","geometry":{"type":"Point","coordinates":[121.538397,25.033629]},"properties":{"city":"臺北市","district":"大安區","address":"臺北市大安區光復南路98號","coordinate_accuracy":"行政區級近似座標"}},{"type":"Feature","geometry":{"type":"Point","coordinates":[121.581863,25.070894]},"properties":{"city":"臺北市","district":"內湖區","address":"臺北市內湖區內湖路二段253巷28號","coordinate_accuracy":"行政區級近似座標"}},{"type":"Feature","geometry":{"type":"Point","coordinates":[121.551485,25.082858]},"properties":{"city":"臺北市","district":"中山區","address":"臺北市中山區長安東路一段20號","coordinate_accuracy":"行政區級近似座標"}},{"type":"Feature","geometry":{"type":"Point","coordinates":[121.609539,25.038362]},"properties":{"city":"臺北市","district":"南港區","address":"臺北市南港區福德街322號","coordinate_accuracy":"行政區級近似座標"}},{"type":"Feature","geometry":{"type":"Point","coordinates":[121.563334,25.149756]},"properties":{"city":"臺北市","district":"士林區","address":"臺北市士林區雨農路62號","coordinate_accuracy":"行政區級近似座標"}},{"type":"Feature","geometry":{"type":"Point","coordinates":[121.554017,25.02876]},"properties":{"city":"臺北市","district":"大安區","address":"台北市大安區和平東路一段59號","coordinate_accuracy":"行政區級近似座標"}},{"type":"Feature","geometry":{"type":"Point","coordinates":[121.518973,25.06151]},"properties":{"city":"臺北市","district":"大同區","address":"五原路17號或19號","coordinate_accuracy":"行政區級近似座標"}},{"type":"Feature","geometry":{"type":"Point","coordinates":[121.550872,25.11514]},"properties":{"city":"臺北市","district":"士林區","address":"仰德大道3段125巷5弄31號","coordinate_accuracy":"行政區級近似座標"}},{"type":"Feature","geometry":{"type":"Point","coordinates":[121.50885,25.1148]},"properties":{"city":"臺北市","district":"士林區","address":"天母西路50巷11號1樓","coordinate_accuracy":"行政區級近似座標"}},{"type":"Feature","geometry":{"type":"Point","coordinates":[121.582229,24.970686]},"properties":{"city":"臺北市","district":"文山區","address":"文山區興隆路4段58巷16弄8號6樓","coordinate_accuracy":"行政區級近似座標"}},{"type":"Feature","geometry":{"type":"Point","coordinates":[121.504391,25.03355]},"properties":{"city":"臺北市","district":"萬華區","address":"德昌街131號","coordinate_accuracy":"行政區級近似座標"}},{"type":"Feature","geometry":{"type":"Point","coordinates":[121.580987,25.094383]},"properties":{"city":"臺北市","district":"內湖區","address":"東湖路118號","coordinate_accuracy":"行政區級近似座標"}},{"type":"Feature","geometry":{"type":"Point","coordinates":[121.53405,25.020096]},"properties":{"city":"臺北市","district":"大安區","address":"忠孝東路4段285號","coordinate_accuracy":"行政區級近似座標"}},{"type":"Feature","geometry":{"type":"Point","coordinates":[121.540919,25.054561]},"properties":{"city":"臺北市","district":"中山區","address":"長春路219號","coordinate_accuracy":"行政區級近似座標"}},{"type":"Feature","geometry":{"type":"Point","coordinates":[121.530279,25.029481]},"properties":{"city":"臺北市","district":"中正區","address":"臨沂街57巷36號","coordinate_accuracy":"行政區級近似座標"}},{"type":"Feature","geometry":{"type":"Point","coordinates":[121.539639,25.05656]},"properties":{"city":"臺北市","district":"中山區","address":"民生東路三段88巷2號1樓","coordinate_accuracy":"行政區級近似座標"}},{"type":"Feature","geometry":{"type":"Point","coordinates":[121.55888,25.078024]},"properties":{"city":"臺北市","district":"中山區","address":"復興北路228號","coordinate_accuracy":"行政區級近似座標"}},{"type":"Feature","geometry":{"type":"Point","coordinates":[121.584744,24.977368]},"properties":{"city":"臺北市","district":"文山區","address":"樟新街32巷22號","coordinate_accuracy":"行政區級近似座標"}},{"type":"Feature","geometry":{"type":"Point","coordinates":[121.45473,25.007655]},"properties":{"city":"新北市","district":"板橋區","address":"新北市板橋區大觀路二段37巷280號","coordinate_accuracy":"行政區級近似座標"}},{"type":"Feature","geometry":{"type":"Point","coordinates":[121.458083,25.010317]},"properties":{"city":"新北市","district":"板橋區","address":"新北市板橋區重慶路245巷50弄17號","coordinate_accuracy":"行政區級近似座標"}},{"type":"Feature","geometry":{"type":"Point","coordinates":[121.459721,25.002711]},"properties":{"city":"新北市","district":"板橋區","address":"新北市板橋區景福路11號","coordinate_accuracy":"行政區級近似座標"}},{"type":"Feature","geometry":{"type":"Point","coordinates":[121.450512,25.004595]},"properties":{"city":"新北市","district":"板橋區","address":"新北市板橋區民生路三段263巷7號","coordinate_accuracy":"行政區級近似座標"}},{"type":"Feature","geometry":{"type":"Point","coordinates":[121.453307,25.011606]},"properties":{"city":"新北市","district":"板橋區","address":"新北市板橋區四川路二段99之9號","coordinate_accuracy":"行政區級近似座標"}},{"type":"Feature","geometry":{"type":"Point","coordinates":[121.462089,25.00505]},"properties":{"city":"新北市","district":"板橋區","address":"新北市板橋區和平路安樂巷51號","coordinate_accuracy":"行政區級近似座標"}},{"type":"Feature","geometry":{"type":"Point","coordinates":[121.456098,25.014292]},"properties":{"city":"新北市","district":"板橋區","address":"新北市板橋區永豐街124號(永豐公園活動中心旁巡守隊崗哨)","coordinate_accuracy":"行政區級近似座標"}},{"type":"Feature","geometry":{"type":"Point","coordinates":[121.451206,24.999937]},"properties":{"city":"新北市","district":"板橋區","address":"新北市板橋區長安街331巷60號","coordinate_accuracy":"行政區級近似座標"}},{"type":"Feature","geometry":{"type":"Point","coordinates":[121.45845,24.997578]},"properties":{"city":"新北市","district":"板橋區","address":"新北市板橋區國慶路149巷3弄6號旁","coordinate_accuracy":"行政區級近似座標"}},{"type":"Feature","geometry":{"type":"Point","coordinates":[121.46471,25.005632]},"properties":{"city":"新北市","district":"板橋區","address":"新北市板橋區民生路二段60號","coordinate_accuracy":"行政區級近似座標"}},{"type":"Feature","geometry":{"type":"Point","coordinates":[121.455705,24.996406]},"properties":{"city":"新北市","district":"板橋區","address":"新北市板橋區大華街168號 新北市板橋區四川路一段274巷3號(里辦)","coordinate_accuracy":"行政區級近似座標"}},{"type":"Feature","geometry":{"type":"Point","coordinates":[121.452149,25.015059]},"properties":{"city":"新北市","district":"板橋區","address":"新北市板橋區公館街96號","coordinate_accuracy":"行政區級近似座標"}},{"type":"Feature","geometry":{"type":"Point","coordinates":[121.464814,25.011166]},"properties":{"city":"新北市","district":"板橋區","address":"新北市板橋區溪洲里溪崑二街113號(溪洲公園活動中心)","coordinate_accuracy":"行政區級近似座標"}},{"type":"Feature","geometry":{"type":"Point","coordinates":[121.460552,24.994567]},"properties":{"city":"新北市","district":"板橋區","address":"新北市板橋區忠孝路忠義巷9弄1-1號1樓(福泰社區活動中心)","coordinate_accuracy":"行政區級近似座標"}},{"type":"Feature","geometry":{"type":"Point","coordinates":[121.458688,25.018389]},"properties":{"city":"新北市","district":"板橋區","address":"新北市板橋區重慶路290巷12號","coordinate_accuracy":"行政區級近似座標"}},{"type":"Feature","geometry":{"type":"Point","coordinates":[121.450937,25.012527]},"properties":{"city":"新北市","district":"板橋區","address":"新北市板橋區國泰街75巷2弄15號","coordinate_accuracy":"行政區級近似座標"}},{"type":"Feature","geometry":{"type":"Point","coordinates":[121.464251,24.996451]},"properties":{"city":"新北市","district":"板橋區","address":"新北市板橋區金門街97號","coordinate_accuracy":"行政區級近似座標"}},{"type":"Feature","geometry":{"type":"Point","coordinates":[121.466151,25.004718]},"properties":{"city":"新北市","district":"板橋區","address":"新北市板橋區大觀路二段174巷147號旁空地","coordinate_accuracy":"行政區級近似座標"}},{"type":"Feature","geometry":{"type":"Point","coordinates":[121.456217,25.015694]},"properties":{"city":"新北市","district":"板橋區","address":"新北市板橋區大明街20巷19弄13號1樓","coordinate_accuracy":"行政區級近似座標"}},{"type":"Feature","geometry":{"type":"Point","coordinates":[121.468301,25.01114]},"properties":{"city":"新北市","district":"板橋區","address":"新北市板橋區僑中一街102巷7弄1號","coordinate_accuracy":"行政區級近似座標"}},{"type":"Feature","geometry":{"type":"Point","coordinates":[121.452649,25.016379]},"properties":{"city":"新北市","district":"板橋區","address":"新北市板橋區南雅西路二段307號","coordinate_accuracy":"行政區級近似座標"}},{"type":"Feature","geometry":{"type":"Point","coordinates":[121.465575,24.99557]},"properties":{"city":"新北市","district":"板橋區","address":"新北市板橋區僑中二街92巷1號","coordinate_accuracy":"行政區級近似座標"}},{"type":"Feature","geometry":{"type":"Point","coordinates":[121.444817,25.00945]},"properties":{"city":"新北市","district":"板橋區","address":"新北市板橋區四川路一段157巷9號(活動中心)","coordinate_accuracy":"行政區級近似座標"}},{"type":"Feature","geometry":{"type":"Point","coordinates":[121.46914,24.997183]},"properties":{"city":"新北市","district":"板橋區","address":"新北市板橋區金華街10巷4號(活動中心)","coordinate_accuracy":"行政區級近似座標"}},{"type":"Feature","geometry":{"type":"Point","coordinates":[121.45594,25.021887]},"properties":{"city":"新北市","district":"板橋區","address":"新北市板橋區貴興路8號","coordinate_accuracy":"行政區級近似座標"}},{"type":"Feature","geometry":{"type":"Point","coordinates":[121.443479,24.999611]},"properties":{"city":"新北市","district":"板橋區","address":"新北市板橋區永豐街58號","coordinate_accuracy":"行政區級近似座標"}},{"type":"Feature","geometry":{"type":"Point","coordinates":[121.469294,25.004175]},"properties":{"city":"新北市","district":"板橋區","address":"新北市板橋區民生路2段226巷17弄9號(美廉社對面)","coordinate_accuracy":"行政區級近似座標"}},{"type":"Feature","geometry":{"type":"Point","coordinates":[121.46923,25.016891]},"properties":{"city":"新北市","district":"板橋區","address":"新北市板橋區仁愛路62巷15弄16號","coordinate_accuracy":"行政區級近似座標"}},{"type":"Feature","geometry":{"type":"Point","coordinates":[121.441265,25.000495]},"properties":{"city":"新北市","district":"板橋區","address":"新北市板橋區信義路74巷7弄3號","coordinate_accuracy":"行政區級近似座標"}},{"type":"Feature","geometry":{"type":"Point","coordinates":[121.440946,25.005657]},"properties":{"city":"新北市","district":"板橋區","address":"新北市板橋區金門街336巷7號","coordinate_accuracy":"行政區級近似座標"}},{"type":"Feature","geometry":{"type":"Point","coordinates":[121.446101,25.012965]},"properties":{"city":"新北市","district":"板橋區","address":"新北市板橋區南雅西路二段196號","coordinate_accuracy":"行政區級近似座標"}},{"type":"Feature","geometry":{"type":"Point","coordinates":[121.455813,25.020627]},"properties":{"city":"新北市","district":"板橋區","address":"新北市板橋區居安巷13-1號對面屋內","coordinate_accuracy":"行政區級近似座標"}},{"type":"Feature","geometry":{"type":"Point","coordinates":[121.441511,24.996266]},"properties":{"city":"新北市","district":"板橋區","address":"新北市板橋區重慶路89巷9弄2號","coordinate_accuracy":"行政區級近似座標"}},{"type":"Feature","geometry":{"type":"Point","coordinates":[121.469561,24.994856]},"properties":{"city":"新北市","district":"板橋區","address":"新北市板橋區光華里14鄰光華街1巷1號","coordinate_accuracy":"行政區級近似座標"}},{"type":"Feature","geometry":{"type":"Point","coordinates":[121.462369,24.99277]},"properties":{"city":"新北市","district":"板橋區","address":"新北市板橋區社後里大仁街33巷2號","coordinate_accuracy":"行政區級近似座標"}},{"type":"Feature","geometry":{"type":"Point","coordinates":[121.468195,24.991233]},"properties":{"city":"新北市","district":"板橋區","address":"新北市板橋區自強里中正路25巷3號","coordinate_accuracy":"行政區級近似座標"}},{"type":"Feature","geometry":{"type":"Point","coordinates":[121.472489,25.00188]},"properties":{"city":"新北市","district":"板橋區","address":"新北市板橋區縣民大道三段63巷口","coordinate_accuracy":"行政區級近似座標"}},{"type":"Feature","geometry":{"type":"Point","coordinates":[121.47091,25.013151]},"properties":{"city":"新北市","district":"板橋區","address":"新北市板橋區漢生東路117巷7號","coordinate_accuracy":"行政區級近似座標"}},{"type":"Feature","geometry":{"type":"Point","coordinates":[121.461848,24.990827]},"properties":{"city":"新北市","district":"板橋區","address":"新北市板橋區縣民大道3段245號之1","coordinate_accuracy":"行政區級近似座標"}},{"type":"Feature","geometry":{"type":"Point","coordinates":[121.450021,24.992747]},"properties":{"city":"新北市","district":"板橋區","address":"新北市板橋區大觀路三段240號(活動中心)","coordinate_accuracy":"行政區級近似座標"}},{"type":"Feature","geometry":{"type":"Point","coordinates":[121.469249,25.011719]},"properties":{"city":"新北市","district":"板橋區","address":"新北市板橋區萬安街53巷30號","coordinate_accuracy":"行政區級近似座標"}},{"type":"Feature","geometry":{"type":"Point","coordinates":[121.465078,25.019001]},"properties":{"city":"新北市","district":"板橋區","address":"新北市板橋區板新路112號","coordinate_accuracy":"行政區級近似座標"}},{"type":"Feature","geometry":{"type":"Point","coordinates":[121.442921,24.999605]},"properties":{"city":"新北市","district":"板橋區","address":"新北市板橋區中山路二段505巷56號(土地公廟旁)","coordinate_accuracy":"行政區級近似座標"}},{"type":"Feature","geometry":{"type":"Point","coordinates":[121.474373,25.01042]},"properties":{"city":"新北市","district":"板橋區","address":"新北市板橋區南雅西路一段64號","coordinate_accuracy":"行政區級近似座標"}},{"type":"Feature","geometry":{"type":"Point","coordinates":[121.441831,24.991737]},"properties":{"city":"新北市","district":"板橋區","address":"新北市板橋區民族路225巷43號","coordinate_accuracy":"行政區級近似座標"}},{"type":"Feature","geometry":{"type":"Point","coordinates":[121.437725,25.012057]},"properties":{"city":"新北市","district":"板橋區","address":"新北市板橋區大觀路一段28巷89號","coordinate_accuracy":"行政區級近似座標"}},{"type":"Feature","geometry":{"type":"Point","coordinates":[121.474991,25.016486]},"properties":{"city":"新北市","district":"板橋區","address":"新北市板橋區五權街59號1樓","coordinate_accuracy":"行政區級近似座標"}},{"type":"Feature","geometry":{"type":"Point","coordinates":[121.486977,25.069084]},"properties":{"city":"新北市","district":"三重區","address":"新北市三重區仁愛街580巷邊公園","coordinate_accuracy":"行政區級近似座標"}},{"type":"Feature","geometry":{"type":"Point","coordinates":[121.483003,25.065051]},"properties":{"city":"新北市","district":"三重區","address":"新北市三重區河邊北街256巷28號對面","coordinate_accuracy":"行政區級近似座標"}},{"type":"Feature","geometry":{"type":"Point","coordinates":[121.48665,25.060816]},"properties":{"city":"新北市","district":"三重區","address":"新北市三重區田安里新北大道一段206巷1號對面","coordinate_accuracy":"行政區級近似座標"}},{"type":"Feature","geometry":{"type":"Point","coordinates":[121.482542,25.070342]},"properties":{"city":"新北市","district":"三重區","address":"新北市三重區三和路三段170巷49號","coordinate_accuracy":"行政區級近似座標"}},{"type":"Feature","geometry":{"type":"Point","coordinates":[121.482015,25.073292]},"properties":{"city":"新北市","district":"三重區","address":"新北市三重區力行路一段178巷24號","coordinate_accuracy":"行政區級近似座標"}},{"type":"Feature","geometry":{"type":"Point","coordinates":[121.484514,25.058693]},"properties":{"city":"新北市","district":"三重區","address":"新北市三重區中華路5號","coordinate_accuracy":"行政區級近似座標"}},{"type":"Feature","geometry":{"type":"Point","coordinates":[121.487373,25.073011]},"properties":{"city":"新北市","district":"三重區","address":"新北市三重區自強路五段66號(原碧華國中大門旁)","coordinate_accuracy":"行政區級近似座標"}},{"type":"Feature","geometry":{"type":"Point","coordinates":[121.485848,25.073885]},"properties":{"city":"新北市","district":"三重區","address":"新北市三重區中正北路428巷20號","coordinate_accuracy":"行政區級近似座標"}},{"type":"Feature","geometry":{"type":"Point","coordinates":[121.49281,25.058489]},"properties":{"city":"新北市","district":"三重區","address":"新北市三重區仁福街62號對面","coordinate_accuracy":"行政區級近似座標"}},{"type":"Feature","geometry":{"type":"Point","coordinates":[121.490441,25.073072]},"properties":{"city":"新北市","district":"三重區","address":"新北市三重區仁政街82號","coordinate_accuracy":"行政區級近似座標"}},{"type":"Feature","geometry":{"type":"Point","coordinates":[121.480953,25.058582]},"properties":{"city":"新北市","district":"三重區","address":"三重區自強路三段42巷11號","coordinate_accuracy":"行政區級近似座標"}},{"type":"Feature","geometry":{"type":"Point","coordinates":[121.479144,25.06265]},"properties":{"city":"新北市","district":"三重區","address":"新北市三重區仁福街62號對面廣場","coordinate_accuracy":"行政區級近似座標"}},{"type":"Feature","geometry":{"type":"Point","coordinates":[121.486135,25.075495]},"properties":{"city":"新北市","district":"三重區","address":"新北市三重區五華街75巷17號(五華公園)","coordinate_accuracy":"行政區級近似座標"}},{"type":"Feature","geometry":{"type":"Point","coordinates":[121.497397,25.06915]},"properties":{"city":"新北市","district":"三重區","address":"新北市三重區忠孝路二段30號(和平活動中心)","coordinate_accuracy":"行政區級近似座標"}},{"type":"Feature","geometry":{"type":"Point","coordinates":[121.498943,25.068245]},"properties":{"city":"新北市","district":"三重區","address":"新北市三重區後竹圍街207號對面崗亭","coordinate_accuracy":"行政區級近似座標"}},{"type":"Feature","geometry":{"type":"Point","coordinates":[121.477278,25.059432]},"properties":{"city":"新北市","district":"三重區","address":"新北市三重區三和路三段99號(巡守亭對面)","coordinate_accuracy":"行政區級近似座標"}},{"type":"Feature","geometry":{"type":"Point","coordinates":[121.499761,25.068443]},"properties":{"city":"新北市","district":"三重區","address":"新北市三重區龍門路274巷36號","coordinate_accuracy":"行政區級近似座標"}},{"type":"Feature","geometry":{"type":"Point","coordinates":[121.514253,25.005688]},"properties":{"city":"新北市","district":"永和區","address":"新北市永和區竹林路75巷17號旁","coordinate_accuracy":"行政區級近似座標"}},{"type":"Feature","geometry":{"type":"Point","coordinates":[121.512015,25.005821]},"properties":{"city":"新北市","district":"永和區","address":"新北市永和區秀朗路一段203巷口","coordinate_accuracy":"行政區級近似座標"}},{"type":"Feature","geometry":{"type":"Point","coordinates":[121.516397,25.007503]},"properties":{"city":"新北市","district":"永和區","address":"新北市永和區竹林路124巷30號","coordinate_accuracy":"行政區級近似座標"}},{"type":"Feature","geometry":{"type":"Point","coordinates":[121.516962,25.004954]},"properties":{"city":"新北市","district":"永和區","address":"新北市永和區民族街43巷口對面(小公園旁)","coordinate_accuracy":"行政區級近似座標"}},{"type":"Feature","geometry":{"type":"Point","coordinates":[121.510788,25.005272]},"properties":{"city":"新北市","district":"永和區","address":"新北市永和區保平路236巷12弄7號","coordinate_accuracy":"行政區級近似座標"}},{"type":"Feature","geometry":{"type":"Point","coordinates":[121.516118,25.010797]},"properties":{"city":"新北市","district":"永和區","address":"新北市永和區永和區秀朗路二段38號(巡守隊崗亭)","coordinate_accuracy":"行政區級近似座標"}},{"type":"Feature","geometry":{"type":"Point","coordinates":[121.510993,25.010895]},"properties":{"city":"新北市","district":"永和區","address":"新北市永和區中興街10巷29號","coordinate_accuracy":"行政區級近似座標"}},{"type":"Feature","geometry":{"type":"Point","coordinates":[121.510571,25.004201]},"properties":{"city":"新北市","district":"永和區","address":"新北市永和區民光街與民享街23巷口","coordinate_accuracy":"行政區級近似座標"}},{"type":"Feature","geometry":{"type":"Point","coordinates":[121.517665,25.002644]},"properties":{"city":"新北市","district":"永和區","address":"新北市永和區復興街32巷14號","coordinate_accuracy":"行政區級近似座標"}},{"type":"Feature","geometry":{"type":"Point","coordinates":[121.519577,25.009251]},"properties":{"city":"新北市","district":"永和區","address":"新北市永和區安樂路72巷7號1樓","coordinate_accuracy":"行政區級近似座標"}},{"type":"Feature","geometry":{"type":"Point","coordinates":[121.516869,25.00361]},"properties":{"city":"新北市","district":"永和區","address":"新北市永和區永貞路126號","coordinate_accuracy":"行政區級近似座標"}},{"type":"Feature","geometry":{"type":"Point","coordinates":[121.507275,25.009344]},"properties":{"city":"新北市","district":"永和區","address":"新北市永和區豫溪街151巷9號","coordinate_accuracy":"行政區級近似座標"}},{"type":"Feature","geometry":{"type":"Point","coordinates":[121.50838,25.007444]},"properties":{"city":"新北市","district":"永和區","address":"新北市永和區永亨路203號","coordinate_accuracy":"行政區級近似座標"}},{"type":"Feature","geometry":{"type":"Point","coordinates":[121.521429,25.010111]},"properties":{"city":"新北市","district":"永和區","address":"新北市永和區信義路25巷30弄3號","coordinate_accuracy":"行政區級近似座標"}},{"type":"Feature","geometry":{"type":"Point","coordinates":[121.520239,25.011845]},"properties":{"city":"新北市","district":"永和區","address":"新北市永和區信義路25巷30弄3號","coordinate_accuracy":"行政區級近似座標"}},{"type":"Feature","geometry":{"type":"Point","coordinates":[121.510021,25.012495]},"properties":{"city":"新北市","district":"永和區","address":"新北市永和區成功路一段93巷20弄3號1樓","coordinate_accuracy":"行政區級近似座標"}},{"type":"Feature","geometry":{"type":"Point","coordinates":[121.507813,25.004074]},"properties":{"city":"新北市","district":"永和區","address":"新北市永和區得和路104巷14號","coordinate_accuracy":"行政區級近似座標"}},{"type":"Feature","geometry":{"type":"Point","coordinates":[121.514828,25.000713]},"properties":{"city":"新北市","district":"永和區","address":"新北市永和區成功路二段121巷9號","coordinate_accuracy":"行政區級近似座標"}},{"type":"Feature","geometry":{"type":"Point","coordinates":[121.516701,25.001926]},"properties":{"city":"新北市","district":"永和區","address":"永和區中和路335巷14號","coordinate_accuracy":"行政區級近似座標"}},{"type":"Feature","geometry":{"type":"Point","coordinates":[121.505247,25.007036]},"properties":{"city":"新北市","district":"永和區","address":"新北市永和區民生路67巷45號旁","coordinate_accuracy":"行政區級近似座標"}},{"type":"Feature","geometry":{"type":"Point","coordinates":[121.507075,25.006335]},"properties":{"city":"新北市","district":"永和區","address":"新北市永和區永平路238巷12號(停車場前)","coordinate_accuracy":"行政區級近似座標"}},{"type":"Feature","geometry":{"type":"Point","coordinates":[121.522505,25.003063]},"properties":{"city":"新北市","district":"永和區","address":"新北市永和區成功路二段201巷8弄7號","coordinate_accuracy":"行政區級近似座標"}},{"type":"Feature","geometry":{"type":"Point","coordinates":[121.497375,24.992354]},"properties":{"city":"新北市","district":"中和區","address":"新北市中和區秀峰街103巷1弄2號","coordinate_accuracy":"行政區級近似座標"}},{"type":"Feature","geometry":{"type":"Point","coordinates":[121.497557,24.985307]},"properties":{"city":"新北市","district":"中和區","address":"新北市中和區連城路263巷4號","coordinate_accuracy":"行政區級近似座標"}},{"type":"Feature","geometry":{"type":"Point","coordinates":[121.502032,24.991339]},"properties":{"city":"新北市","district":"中和區","address":"新北市中和區圓通路369巷2號","coordinate_accuracy":"行政區級近似座標"}},{"type":"Feature","geometry":{"type":"Point","coordinates":[121.502566,24.992659]},"properties":{"city":"新北市","district":"中和區","address":"新北市中和區大智街109巷16號","coordinate_accuracy":"行政區級近似座標"}},{"type":"Feature","geometry":{"type":"Point","coordinates":[121.499492,24.985134]},"properties":{"city":"新北市","district":"中和區","address":"新北市中和區興南路二段159巷28號1樓","coordinate_accuracy":"行政區級近似座標"}},{"type":"Feature","geometry":{"type":"Point","coordinates":[121.505224,24.989275]},"properties":{"city":"新北市","district":"中和區","address":"新北市中和區興南路二段242巷11號旁","coordinate_accuracy":"行政區級近似座標"}},{"type":"Feature","geometry":{"type":"Point","coordinates":[121.503612,24.991146]},"properties":{"city":"新北市","district":"中和區","address":"新北市中和區板南路160號對面","coordinate_accuracy":"行政區級近似座標"}},{"type":"Feature","geometry":{"type":"Point","coordinates":[121.500961,24.982785]},"properties":{"city":"新北市","district":"中和區","address":"新北市中和區成功路97巷7號","coordinate_accuracy":"行政區級近似座標"}},{"type":"Feature","geometry":{"type":"Point","coordinates":[121.49067,24.989103]},"properties":{"city":"新北市","district":"中和區","address":"新北市中和區景新街423巷36號","coordinate_accuracy":"行政區級近似座標"}},{"type":"Feature","geometry":{"type":"Point","coordinates":[121.504188,24.992756]},"properties":{"city":"新北市","district":"中和區","address":"新北市中和區景新街496巷26弄2號(活動中心)","coordinate_accuracy":"行政區級近似座標"}},{"type":"Feature","geometry":{"type":"Point","coordinates":[121.506553,24.987234]},"properties":{"city":"新北市","district":"中和區","address":"新北市中和區信義街41巷12號","coordinate_accuracy":"行政區級近似座標"}},{"type":"Feature","geometry":{"type":"Point","coordinates":[121.502575,24.997078]},"properties":{"city":"新北市","district":"中和區","address":"新北市中和區南山路236-1號","coordinate_accuracy":"行政區級近似座標"}},{"type":"Feature","geometry":{"type":"Point","coordinates":[121.491121,24.992766]},"properties":{"city":"新北市","district":"中和區","address":"新北市中和區國光街1號","coordinate_accuracy":"行政區級近似座標"}},{"type":"Feature","geometry":{"type":"Point","coordinates":[121.497371,24.979925]},"properties":{"city":"新北市","district":"中和區","address":"新北市中和區興南路一段56巷32號","coordinate_accuracy":"行政區級近似座標"}},{"type":"Feature","geometry":{"type":"Point","coordinates":[121.506477,24.983205]},"properties":{"city":"新北市","district":"中和區","address":"新北市中和區大勇街60巷25號邊","coordinate_accuracy":"行政區級近似座標"}},{"type":"Feature","geometry":{"type":"Point","coordinates":[121.5062,24.983501]},"properties":{"city":"新北市","district":"中和區","address":"新北市中和區安樂路66號旁(巷子內空地)","coordinate_accuracy":"行政區級近似座標"}},{"type":"Feature","geometry":{"type":"Point","coordinates":[121.500851,25.001749]},"properties":{"city":"新北市","district":"中和區","address":"新北市中和區秀朗路三段10巷37弄8號","coordinate_accuracy":"行政區級近似座標"}},{"type":"Feature","geometry":{"type":"Point","coordinates":[121.506558,24.980961]},"properties":{"city":"新北市","district":"中和區","address":"新北市中和區景新街467巷25號","coordinate_accuracy":"行政區級近似座標"}},{"type":"Feature","geometry":{"type":"Point","coordinates":[121.496429,24.97829]},"properties":{"city":"新北市","district":"中和區","address":"新北市中和區忠孝街48號(飛駝活動中心)","coordinate_accuracy":"行政區級近似座標"}},{"type":"Feature","geometry":{"type":"Point","coordinates":[121.496598,24.999709]},"properties":{"city":"新北市","district":"中和區","address":"新北市中和區連城路171巷7號(連城里活動中心)","coordinate_accuracy":"行政區級近似座標"}},{"type":"Feature","geometry":{"type":"Point","coordinates":[121.490465,24.979917]},"properties":{"city":"新北市","district":"中和區","address":"新北市中和區圓通路與板南路口","coordinate_accuracy":"行政區級近似座標"}},{"type":"Feature","geometry":{"type":"Point","coordinates":[121.494064,24.977816]},"properties":{"city":"新北市","district":"中和區","address":"新北市中和區中正路211巷13弄4號1樓","coordinate_accuracy":"行政區級近似座標"}},{"type":"Feature","geometry":{"type":"Point","coordinates":[121.510937,24.985038]},"properties":{"city":"新北市","district":"中和區","address":"新北市中和區復興路280巷6號","coordinate_accuracy":"行政區級近似座標"}},{"type":"Feature","geometry":{"type":"Point","coordinates":[121.497724,25.004432]},"properties":{"city":"新北市","district":"中和區","address":"新北市中和區民安街148號(嘉新里活動中心)","coordinate_accuracy":"行政區級近似座標"}},{"type":"Feature","geometry":{"type":"Point","coordinates":[121.505047,24.976415]},"properties":{"city":"新北市","district":"中和區","address":"新北市中和區永和路88之4號1樓","coordinate_accuracy":"行政區級近似座標"}},{"type":"Feature","geometry":{"type":"Point","coordinates":[121.48492,24.988509]},"properties":{"city":"新北市","district":"中和區","address":"新北市中和區和城路一段271巷","coordinate_accuracy":"行政區級近似座標"}},{"type":"Feature","geometry":{"type":"Point","coordinates":[121.485237,24.985041]},"properties":{"city":"新北市","district":"中和區","address":"新北市中和區中安街85號","coordinate_accuracy":"行政區級近似座標"}},{"type":"Feature","geometry":{"type":"Point","coordinates":[121.508736,24.996829]},"properties":{"city":"新北市","district":"中和區","address":"新北市中和區大仁街10巷35號","coordinate_accuracy":"行政區級近似座標"}},{"type":"Feature","geometry":{"type":"Point","coordinates":[121.487967,25.000048]},"properties":{"city":"新北市","district":"中和區","address":"中和區秀朗路三段70巷31號","coordinate_accuracy":"行政區級近似座標"}},{"type":"Feature","geometry":{"type":"Point","coordinates":[121.50773,24.996396]},"properties":{"city":"新北市","district":"中和區","address":"新北市中和區圓通路335巷37弄12號","coordinate_accuracy":"行政區級近似座標"}},{"type":"Feature","geometry":{"type":"Point","coordinates":[121.486305,24.987285]},"properties":{"city":"新北市","district":"中和區","address":"新北市中和區華順街95號旁停車場","coordinate_accuracy":"行政區級近似座標"}},{"type":"Feature","geometry":{"type":"Point","coordinates":[121.501299,24.973373]},"properties":{"city":"新北市","district":"中和區","address":"新北市中和區廟美街6巷3號","coordinate_accuracy":"行政區級近似座標"}},{"type":"Feature","geometry":{"type":"Point","coordinates":[121.507093,25.000063]},"properties":{"city":"新北市","district":"中和區","address":"新北市中和區員山路611巷11弄4號","coordinate_accuracy":"行政區級近似座標"}},{"type":"Feature","geometry":{"type":"Point","coordinates":[121.48382,24.998579]},"properties":{"city":"新北市","district":"中和區","address":"新北市中和區水源路7巷2號1樓","coordinate_accuracy":"行政區級近似座標"}},{"type":"Feature","geometry":{"type":"Point","coordinates":[121.508882,24.996386]},"properties":{"city":"新北市","district":"中和區","address":"新北市中和區景安路79巷35號前","coordinate_accuracy":"行政區級近似座標"}},{"type":"Feature","geometry":{"type":"Point","coordinates":[121.532483,24.934803]},"properties":{"city":"新北市","district":"新店區","address":"新北市新店區大鵬里中正路700巷(車道尾端)","coordinate_accuracy":"行政區級近似座標"}},{"type":"Feature","geometry":{"type":"Point","coordinates":[121.526891,24.937393]},"properties":{"city":"新北市","district":"新店區","address":"新北市新店區永業路81巷5弄5號B1樓","coordinate_accuracy":"行政區級近似座標"}},{"type":"Feature","geometry":{"type":"Point","coordinates":[121.524811,24.934302]},"properties":{"city":"新北市","district":"新店區","address":"新北市新店區富貴街9巷29號(B1樓)","coordinate_accuracy":"行政區級近似座標"}},{"type":"Feature","geometry":{"type":"Point","coordinates":[121.517647,24.92753]},"properties":{"city":"新北市","district":"新店區","address":"新北市新店區三民路20之1號(三民活動中心)","coordinate_accuracy":"行政區級近似座標"}},{"type":"Feature","geometry":{"type":"Point","coordinates":[121.534749,24.913764]},"properties":{"city":"新北市","district":"新店區","address":"新北市新店區建國路58號(建國游泳池)","coordinate_accuracy":"行政區級近似座標"}},{"type":"Feature","geometry":{"type":"Point","coordinates":[121.553208,24.93771]},"properties":{"city":"新北市","district":"新店區","address":"新北市新店區碧潭路27號 新北市新店區精忠路10-1號","coordinate_accuracy":"行政區級近似座標"}},{"type":"Feature","geometry":{"type":"Point","coordinates":[121.516159,24.927761]},"properties":{"city":"新北市","district":"新店區","address":"新北市新店區環河路5號1樓","coordinate_accuracy":"行政區級近似座標"}},{"type":"Feature","geometry":{"type":"Point","coordinates":[121.55864,24.92863]},"properties":{"city":"新北市","district":"新店區","address":"新北市新店區玫瑰路51巷2號1樓(吉祥里活動中心)","coordinate_accuracy":"行政區級近似座標"}},{"type":"Feature","geometry":{"type":"Point","coordinates":[121.513537,24.91534]},"properties":{"city":"新北市","district":"新店區","address":"新北市新店區江陵里二十張路60巷2號(江陵里活動中心)","coordinate_accuracy":"行政區級近似座標"}},{"type":"Feature","geometry":{"type":"Point","coordinates":[121.523736,24.953397]},"properties":{"city":"新北市","district":"新店區","address":"新北市新店區新和街128號之1(永安臨時集會所)","coordinate_accuracy":"行政區級近似座標"}},{"type":"Feature","geometry":{"type":"Point","coordinates":[121.529744,24.905553]},"properties":{"city":"新北市","district":"新店區","address":"新北市新店區新潭路二段61號","coordinate_accuracy":"行政區級近似座標"}},{"type":"Feature","geometry":{"type":"Point","coordinates":[121.550188,24.912927]},"properties":{"city":"新北市","district":"新店區","address":"新北市新店區安康路二段100巷5-1號","coordinate_accuracy":"行政區級近似座標"}},{"type":"Feature","geometry":{"type":"Point","coordinates":[121.504349,24.921355]},"properties":{"city":"新北市","district":"新店區","address":"新北市新店區國校路65巷1號(里辦) 新北市新店區北宜路一段115巷8弄3-1號(國校里活動中心)","coordinate_accuracy":"行政區級近似座標"}},{"type":"Feature","geometry":{"type":"Point","coordinates":[121.551461,24.955958]},"properties":{"city":"新北市","district":"新店區","address":"新北市新店區檳榔路36巷土地公廟口","coordinate_accuracy":"行政區級近似座標"}},{"type":"Feature","geometry":{"type":"Point","coordinates":[121.555462,24.914197]},"properties":{"city":"新北市","district":"新店區","address":"新北市新店區新烏路一段11巷口","coordinate_accuracy":"行政區級近似座標"}},{"type":"Feature","geometry":{"type":"Point","coordinates":[121.551056,24.945912]},"properties":{"city":"新北市","district":"新店區","address":"新北市新店區安德街148巷1號旁","coordinate_accuracy":"行政區級近似座標"}},{"type":"Feature","geometry":{"type":"Point","coordinates":[121.508199,24.909057]},"properties":{"city":"新北市","district":"新店區","address":"新北市新店區日興里錦秀路1之1號旁(守望相助隊旁)","coordinate_accuracy":"行政區級近似座標"}},{"type":"Feature","geometry":{"type":"Point","coordinates":[121.515951,24.897435]},"properties":{"city":"新北市","district":"新店區","address":"新北市新店區安康路一段281巷6號(下城社區發展協會)","coordinate_accuracy":"行政區級近似座標"}},{"type":"Feature","geometry":{"type":"Point","coordinates":[121.537275,24.956035]},"properties":{"city":"新北市","district":"新店區","address":"新北市新店區北新路一段50號","coordinate_accuracy":"行政區級近似座標"}},{"type":"Feature","geometry":{"type":"Point","coordinates":[121.496745,24.936875]},"properties":{"city":"新北市","district":"新店區","address":"新北市新店區中山里溪園路&中山路口(湯泉橋下)","coordinate_accuracy":"行政區級近似座標"}},{"type":"Feature","geometry":{"type":"Point","coordinates":[121.555489,24.905671]},"properties":{"city":"新北市","district":"新店區","address":"新北市新店區寶元路一段105號(土地公廟空地)","coordinate_accuracy":"行政區級近似座標"}},{"type":"Feature","geometry":{"type":"Point","coordinates":[121.499092,24.911474]},"properties":{"city":"新北市","district":"新店區","address":"新北市新店區北新路1段92號(文化劇場)","coordinate_accuracy":"行政區級近似座標"}},{"type":"Feature","geometry":{"type":"Point","coordinates":[121.501586,24.941438]},"properties":{"city":"新北市","district":"新店區","address":"新北市新店區北宜路一段39巷32號旁(文中活動中心)","coordinate_accuracy":"行政區級近似座標"}},{"type":"Feature","geometry":{"type":"Point","coordinates":[121.506686,24.910621]},"properties":{"city":"新北市","district":"新店區","address":"新北市新店區安興路67號(活動中心)","coordinate_accuracy":"行政區級近似座標"}},{"type":"Feature","geometry":{"type":"Point","coordinates":[121.555069,24.903284]},"properties":{"city":"新北市","district":"新店區","address":"新北市新店區新和街32巷1之1號","coordinate_accuracy":"行政區級近似座標"}},{"type":"Feature","geometry":{"type":"Point","coordinates":[121.526796,24.885009]},"properties":{"city":"新北市","district":"新店區","address":"新店區北新路一段351號旁(北新藝術廣場)","coordinate_accuracy":"行政區級近似座標"}},{"type":"Feature","geometry":{"type":"Point","coordinates":[121.489617,24.928957]},"properties":{"city":"新北市","district":"新店區","address":"新店區中正路663巷7弄15號","coordinate_accuracy":"行政區級近似座標"}},{"type":"Feature","geometry":{"type":"Point","coordinates":[121.42713,25.027105]},"properties":{"city":"新北市","district":"新莊區","address":"新北市新莊區建安街101巷34號","coordinate_accuracy":"行政區級近似座標"}},{"type":"Feature","geometry":{"type":"Point","coordinates":[121.424277,25.024133]},"properties":{"city":"新北市","district":"新莊區","address":"新北市新莊區四維路186巷2號(四維活動中心)","coordinate_accuracy":"行政區級近似座標"}},{"type":"Feature","geometry":{"type":"Point","coordinates":[121.438769,25.035101]},"properties":{"city":"新北市","district":"新莊區","address":"新北市新莊區鳳山街52號","coordinate_accuracy":"行政區級近似座標"}},{"type":"Feature","geometry":{"type":"Point","coordinates":[121.424909,25.019195]},"properties":{"city":"新北市","district":"新莊區","address":"新北市新莊區民安西路189巷29號","coordinate_accuracy":"行政區級近似座標"}},{"type":"Feature","geometry":{"type":"Point","coordinates":[121.440625,25.025131]},"properties":{"city":"新北市","district":"新莊區","address":"新北市新莊區幸福路710巷口","coordinate_accuracy":"行政區級近似座標"}},{"type":"Feature","geometry":{"type":"Point","coordinates":[121.416709,25.03216]},"properties":{"city":"新北市","district":"新莊區","address":"新北市新莊區瓊泰路116號 (豐年國小後門)","coordinate_accuracy":"行政區級近似座標"}},{"type":"Feature","geometry":{"type":"Point","coordinates":[121.446625,25.042736]},"properties":{"city":"新北市","district":"新莊區","address":"新北市新莊區民全街21號旁","coordinate_accuracy":"行政區級近似座標"}},{"type":"Feature","geometry":{"type":"Point","coordinates":[121.446223,25.038441]},"properties":{"city":"新北市","district":"新莊區","address":"新北市新莊區新泰路359號","coordinate_accuracy":"行政區級近似座標"}},{"type":"Feature","geometry":{"type":"Point","coordinates":[121.416798,25.021138]},"properties":{"city":"新北市","district":"新莊區","address":"新北市新莊區天祥街121巷16號","coordinate_accuracy":"行政區級近似座標"}},{"type":"Feature","geometry":{"type":"Point","coordinates":[121.410411,25.041298]},"properties":{"city":"新北市","district":"新莊區","address":"新北市新莊區博愛路5巷9號","coordinate_accuracy":"行政區級近似座標"}},{"type":"Feature","geometry":{"type":"Point","coordinates":[121.393884,24.975842]},"properties":{"city":"新北市","district":"樹林區","address":"新北市樹林區俊英街155巷27號","coordinate_accuracy":"行政區級近似座標"}},{"type":"Feature","geometry":{"type":"Point","coordinates":[121.389046,24.981905]},"properties":{"city":"新北市","district":"樹林區","address":"新北市樹林區圳福里千歲街橋下休閒廣場","coordinate_accuracy":"行政區級近似座標"}},{"type":"Feature","geometry":{"type":"Point","coordinates":[121.405002,24.977789]},"properties":{"city":"新北市","district":"樹林區","address":"新北市樹林區鎮前街467號(鎮前活動中心)","coordinate_accuracy":"行政區級近似座標"}},{"type":"Feature","geometry":{"type":"Point","coordinates":[121.404133,24.992611]},"properties":{"city":"新北市","district":"樹林區","address":"新北市樹林區俊英街222號","coordinate_accuracy":"行政區級近似座標"}},{"type":"Feature","geometry":{"type":"Point","coordinates":[121.399769,24.995259]},"properties":{"city":"新北市","district":"樹林區","address":"新北市樹林區保安街二段151號武林國小","coordinate_accuracy":"行政區級近似座標"}},{"type":"Feature","geometry":{"type":"Point","coordinates":[121.401646,24.993416]},"properties":{"city":"新北市","district":"樹林區","address":"新北市樹林區地政街12號旁(老人會館廣場)","coordinate_accuracy":"行政區級近似座標"}},{"type":"Feature","geometry":{"type":"Point","coordinates":[121.398741,24.998064]},"properties":{"city":"新北市","district":"樹林區","address":"新北市樹林區千歲街59號(文林國小懷恩樓川堂)","coordinate_accuracy":"行政區級近似座標"}},{"type":"Feature","geometry":{"type":"Point","coordinates":[121.380189,24.970886]},"properties":{"city":"新北市","district":"樹林區","address":"新北市樹林區備內街117號","coordinate_accuracy":"行政區級近似座標"}},{"type":"Feature","geometry":{"type":"Point","coordinates":[121.413487,24.982065]},"properties":{"city":"新北市","district":"樹林區","address":"新北市樹林區備前街124號","coordinate_accuracy":"行政區級近似座標"}},{"type":"Feature","geometry":{"type":"Point","coordinates":[121.386679,25.000641]},"properties":{"city":"新北市","district":"樹林區","address":"新北市樹林區中山路二段78-1號","coordinate_accuracy":"行政區級近似座標"}},{"type":"Feature","geometry":{"type":"Point","coordinates":[121.381076,24.994694]},"properties":{"city":"新北市","district":"樹林區","address":"新北市樹林區福興街17號(活動中心)","coordinate_accuracy":"行政區級近似座標"}},{"type":"Feature","geometry":{"type":"Point","coordinates":[121.352024,24.953969]},"properties":{"city":"新北市","district":"鶯歌區","address":"新北市鶯歌區鶯桃路381巷2弄17號(活動中心)","coordinate_accuracy":"行政區級近似座標"}},{"type":"Feature","geometry":{"type":"Point","coordinates":[121.353281,24.952604]},"properties":{"city":"新北市","district":"鶯歌區","address":"新北市鶯歌區育智路100號旁(里活動中心籃球場)","coordinate_accuracy":"行政區級近似座標"}},{"type":"Feature","geometry":{"type":"Point","coordinates":[121.343606,24.954933]},"properties":{"city":"新北市","district":"鶯歌區","address":"新北市鶯歌區文化路215號(東鶯活動中心)","coordinate_accuracy":"行政區級近似座標"}},{"type":"Feature","geometry":{"type":"Point","coordinates":[121.354633,24.961381]},"properties":{"city":"新北市","district":"鶯歌區","address":"1.新北市鶯歌區中湖街23號 2.新北市鶯歌區湖山路34巷(湖山福德宮) 3.新北市鶯歌區大湖路余厝巷廣場","coordinate_accuracy":"行政區級近似座標"}},{"type":"Feature","geometry":{"type":"Point","coordinates":[121.351306,24.946115]},"properties":{"city":"新北市","district":"鶯歌區","address":"新北市鶯歌區文化路395號(活動中心)","coordinate_accuracy":"行政區級近似座標"}},{"type":"Feature","geometry":{"type":"Point","coordinates":[121.353009,24.961881]},"properties":{"city":"新北市","district":"鶯歌區","address":"新北市鶯歌區仁愛路 55號 (區公所前)","coordinate_accuracy":"行政區級近似座標"}},{"type":"Feature","geometry":{"type":"Point","coordinates":[121.351903,24.964022]},"properties":{"city":"新北市","district":"鶯歌區","address":"新北市鶯歌區鶯桃路206巷24弄30-1號","coordinate_accuracy":"行政區級近似座標"}},{"type":"Feature","geometry":{"type":"Point","coordinates":[121.360043,24.958192]},"properties":{"city":"新北市","district":"鶯歌區","address":"新北市鶯歌區鳳吉一街167-1號","coordinate_accuracy":"行政區級近似座標"}},{"type":"Feature","geometry":{"type":"Point","coordinates":[121.346518,24.964684]},"properties":{"city":"新北市","district":"鶯歌區","address":"新北市鶯歌區永和街34巷8號 (鳳鳴活動中心)","coordinate_accuracy":"行政區級近似座標"}},{"type":"Feature","geometry":{"type":"Point","coordinates":[121.351273,24.966829]},"properties":{"city":"新北市","district":"鶯歌區","address":"新北市鶯歌區中正一路203號(活動中心)","coordinate_accuracy":"行政區級近似座標"}},{"type":"Feature","geometry":{"type":"Point","coordinates":[121.344753,24.943493]},"properties":{"city":"新北市","district":"鶯歌區","address":"新北市鶯歌區永昌街36-1號(第四週) 新北市鶯歌區永明街22號(第二週 昌福國小門口)","coordinate_accuracy":"行政區級近似座標"}},{"type":"Feature","geometry":{"type":"Point","coordinates":[121.334391,24.958317]},"properties":{"city":"新北市","district":"鶯歌區","address":"單月:新北市鶯歌區朝陽街1號 雙月: 新北市鶯歌區國際二路6巷底(聖天宮廣場) 每月第3週一 新北市鶯歌區大湖路732巷16弄走到底(土地公廟)","coordinate_accuracy":"行政區級近似座標"}},{"type":"Feature","geometry":{"type":"Point","coordinates":[121.347771,24.971913]},"properties":{"city":"新北市","district":"鶯歌區","address":"第1週六:新北市鶯歌區中正三路337號 第3週六 中正三路37號對面","coordinate_accuracy":"行政區級近似座標"}},{"type":"Feature","geometry":{"type":"Point","coordinates":[121.363914,24.95406]},"properties":{"city":"新北市","district":"鶯歌區","address":"新北市鶯歌區尖山路211巷1號","coordinate_accuracy":"行政區級近似座標"}},{"type":"Feature","geometry":{"type":"Point","coordinates":[121.334722,24.963506]},"properties":{"city":"新北市","district":"鶯歌區","address":"新北市鶯歌區尖山埔路104號(活動中心)","coordinate_accuracy":"行政區級近似座標"}},{"type":"Feature","geometry":{"type":"Point","coordinates":[121.350922,24.971789]},"properties":{"city":"新北市","district":"鶯歌區","address":"新北市鶯歌區建國路257號","coordinate_accuracy":"行政區級近似座標"}},{"type":"Feature","geometry":{"type":"Point","coordinates":[121.412803,24.856642]},"properties":{"city":"新北市","district":"三峽區","address":"新北市三峽區嘉添路9號","coordinate_accuracy":"行政區級近似座標"}},{"type":"Feature","geometry":{"type":"Point","coordinates":[121.421282,24.890485]},"properties":{"city":"新北市","district":"三峽區","address":"新北市三峽區建安路42號","coordinate_accuracy":"行政區級近似座標"}},{"type":"Feature","geometry":{"type":"Point","coordinates":[121.417057,24.891618]},"properties":{"city":"新北市","district":"三峽區","address":"新北市三峽區永館里文化路210巷(舊公有臨時市場)","coordinate_accuracy":"行政區級近似座標"}},{"type":"Feature","geometry":{"type":"Point","coordinates":[121.382149,24.892356]},"properties":{"city":"新北市","district":"三峽區","address":"新北市三峽區中華路76號對面空地","coordinate_accuracy":"行政區級近似座標"}},{"type":"Feature","geometry":{"type":"Point","coordinates":[121.430221,24.853391]},"properties":{"city":"新北市","district":"三峽區","address":"新北市三峽區溪東路218巷1號(活動中心)","coordinate_accuracy":"行政區級近似座標"}},{"type":"Feature","geometry":{"type":"Point","coordinates":[121.443872,24.870839]},"properties":{"city":"新北市","district":"三峽區","address":"新北市三峽區大勇路36巷2號","coordinate_accuracy":"行政區級近似座標"}},{"type":"Feature","geometry":{"type":"Point","coordinates":[121.370259,24.882733]},"properties":{"city":"新北市","district":"三峽區","address":"新北市三峽區永安街95巷29號","coordinate_accuracy":"行政區級近似座標"}},{"type":"Feature","geometry":{"type":"Point","coordinates":[121.440353,24.895657]},"properties":{"city":"新北市","district":"三峽區","address":"新北市三峽區光明路69巷25-7號(環保志工總部)","coordinate_accuracy":"行政區級近似座標"}},{"type":"Feature","geometry":{"type":"Point","coordinates":[121.375376,24.897398]},"properties":{"city":"新北市","district":"三峽區","address":"三峽區二鬮路110巷口(土地公廟)","coordinate_accuracy":"行政區級近似座標"}},{"type":"Feature","geometry":{"type":"Point","coordinates":[121.365335,24.833878]},"properties":{"city":"新北市","district":"三峽區","address":"新北市三峽區弘園街36巷(中園國小後門)","coordinate_accuracy":"行政區級近似座標"}},{"type":"Feature","geometry":{"type":"Point","coordinates":[121.458018,25.18008]},"properties":{"city":"新北市","district":"淡水區","address":"新北市淡水區樹林口42之3號","coordinate_accuracy":"行政區級近似座標"}},{"type":"Feature","geometry":{"type":"Point","coordinates":[121.459595,25.17757]},"properties":{"city":"新北市","district":"淡水區","address":"新北市淡水區竿蓁二街36巷2號1樓","coordinate_accuracy":"行政區級近似座標"}},{"type":"Feature","geometry":{"type":"Point","coordinates":[121.468735,25.190371]},"properties":{"city":"新北市","district":"淡水區","address":"新北市淡水區鄧公路30巷2號","coordinate_accuracy":"行政區級近似座標"}},{"type":"Feature","geometry":{"type":"Point","coordinates":[121.47018,25.196027]},"properties":{"city":"新北市","district":"淡水區","address":"新北市淡水區沙崙路201巷26號","coordinate_accuracy":"行政區級近似座標"}},{"type":"Feature","geometry":{"type":"Point","coordinates":[121.459186,25.195024]},"properties":{"city":"新北市","district":"淡水區","address":"新北市淡水區中山路72巷1弄10號1樓(長庚活動中心)","coordinate_accuracy":"行政區級近似座標"}},{"type":"Feature","geometry":{"type":"Point","coordinates":[121.474866,25.197319]},"properties":{"city":"新北市","district":"淡水區","address":"新北市淡水區淡金路五段26號","coordinate_accuracy":"行政區級近似座標"}},{"type":"Feature","geometry":{"type":"Point","coordinates":[121.468378,25.201706]},"properties":{"city":"新北市","district":"淡水區","address":"新北市淡水區奎柔山路413號","coordinate_accuracy":"行政區級近似座標"}},{"type":"Feature","geometry":{"type":"Point","coordinates":[121.472896,25.197921]},"properties":{"city":"新北市","district":"淡水區","address":"新北市淡水區民生路27號旁","coordinate_accuracy":"行政區級近似座標"}},{"type":"Feature","geometry":{"type":"Point","coordinates":[121.443971,25.175752]},"properties":{"city":"新北市","district":"淡水區","address":"新北市淡水區學府路51巷3弄10號","coordinate_accuracy":"行政區級近似座標"}},{"type":"Feature","geometry":{"type":"Point","coordinates":[121.465961,25.168037]},"properties":{"city":"新北市","district":"淡水區","address":"新北市淡水區中山北路一段149巷6-4號1樓","coordinate_accuracy":"行政區級近似座標"}},{"type":"Feature","geometry":{"type":"Point","coordinates":[121.450669,25.172768]},"properties":{"city":"新北市","district":"淡水區","address":"新北市淡水區淡海路32號(站牌:淡江新村)(淡江華城對面)","coordinate_accuracy":"行政區級近似座標"}},{"type":"Feature","geometry":{"type":"Point","coordinates":[121.447441,25.192625]},"properties":{"city":"新北市","district":"淡水區","address":"新北市淡水區北新路223號旁土地公廟","coordinate_accuracy":"行政區級近似座標"}},{"type":"Feature","geometry":{"type":"Point","coordinates":[121.45905,25.163791]},"properties":{"city":"新北市","district":"淡水區","address":"新北市淡水區破瓦厝子3號","coordinate_accuracy":"行政區級近似座標"}},{"type":"Feature","geometry":{"type":"Point","coordinates":[121.438702,25.194525]},"properties":{"city":"新北市","district":"淡水區","address":"新北市淡水區八勢一街21號","coordinate_accuracy":"行政區級近似座標"}},{"type":"Feature","geometry":{"type":"Point","coordinates":[121.488866,25.189476]},"properties":{"city":"新北市","district":"淡水區","address":"新北市淡水區北新路141巷27號","coordinate_accuracy":"行政區級近似座標"}},{"type":"Feature","geometry":{"type":"Point","coordinates":[121.46497,25.160583]},"properties":{"city":"新北市","district":"淡水區","address":"新北市淡水區小中寮19-7號","coordinate_accuracy":"行政區級近似座標"}},{"type":"Feature","geometry":{"type":"Point","coordinates":[121.44737,25.207086]},"properties":{"city":"新北市","district":"淡水區","address":"新北市淡水區興仁路95號(活動中心)","coordinate_accuracy":"行政區級近似座標"}},{"type":"Feature","geometry":{"type":"Point","coordinates":[121.441401,25.181704]},"properties":{"city":"新北市","district":"淡水區","address":"新北市淡水區大仁街23號","coordinate_accuracy":"行政區級近似座標"}},{"type":"Feature","geometry":{"type":"Point","coordinates":[121.461791,25.209496]},"properties":{"city":"新北市","district":"淡水區","address":"新北市淡水區新民街120巷60號旁(新民公園旁)","coordinate_accuracy":"行政區級近似座標"}},{"type":"Feature","geometry":{"type":"Point","coordinates":[121.445247,25.205474]},"properties":{"city":"新北市","district":"淡水區","address":"新北市淡水區新春街46-1號","coordinate_accuracy":"行政區級近似座標"}},{"type":"Feature","geometry":{"type":"Point","coordinates":[121.452142,25.20417]},"properties":{"city":"新北市","district":"淡水區","address":"新北市淡水區行忠路146號","coordinate_accuracy":"行政區級近似座標"}},{"type":"Feature","geometry":{"type":"Point","coordinates":[121.488812,25.207671]},"properties":{"city":"新北市","district":"淡水區","address":"新北市淡水區英專路212號","coordinate_accuracy":"行政區級近似座標"}},{"type":"Feature","geometry":{"type":"Point","coordinates":[121.429438,25.177267]},"properties":{"city":"新北市","district":"淡水區","address":"新北市淡水區民權路177巷10號","coordinate_accuracy":"行政區級近似座標"}},{"type":"Feature","geometry":{"type":"Point","coordinates":[121.49989,25.178436]},"properties":{"city":"新北市","district":"淡水區","address":"新北市淡水區新春街138號","coordinate_accuracy":"行政區級近似座標"}},{"type":"Feature","geometry":{"type":"Point","coordinates":[121.495825,25.171727]},"properties":{"city":"新北市","district":"淡水區","address":"新北市淡水區淡海路231巷6號1樓","coordinate_accuracy":"行政區級近似座標"}},{"type":"Feature","geometry":{"type":"Point","coordinates":[121.4961,25.203012]},"properties":{"city":"新北市","district":"淡水區","address":"新北市淡水區自強路58號","coordinate_accuracy":"行政區級近似座標"}},{"type":"Feature","geometry":{"type":"Point","coordinates":[121.493675,25.182696]},"properties":{"city":"新北市","district":"淡水區","address":"新北市淡水區北新路二段77-7號","coordinate_accuracy":"行政區級近似座標"}},{"type":"Feature","geometry":{"type":"Point","coordinates":[121.441133,25.166876]},"properties":{"city":"新北市","district":"淡水區","address":"新北市淡水區下圭柔山279-36地號(義山福德宮)","coordinate_accuracy":"行政區級近似座標"}},{"type":"Feature","geometry":{"type":"Point","coordinates":[121.484355,25.207108]},"properties":{"city":"新北市","district":"淡水區","address":"新北市淡水區淡石頭厝9-3號","coordinate_accuracy":"行政區級近似座標"}},{"type":"Feature","geometry":{"type":"Point","coordinates":[121.666127,25.070952]},"properties":{"city":"新北市","district":"汐止區","address":"新北市汐止區禮門里中正路285號(禮門里活動中心)","coordinate_accuracy":"行政區級近似座標"}},{"type":"Feature","geometry":{"type":"Point","coordinates":[121.655981,25.064158]},"properties":{"city":"新北市","district":"汐止區","address":"新北市汐止區湖前街31巷2弄2號","coordinate_accuracy":"行政區級近似座標"}},{"type":"Feature","geometry":{"type":"Point","coordinates":[121.641262,25.076557]},"properties":{"city":"新北市","district":"汐止區","address":"新北市汐止區明峰街298巷1-2號(北山里活動中心)","coordinate_accuracy":"行政區級近似座標"}},{"type":"Feature","geometry":{"type":"Point","coordinates":[121.683791,25.085578]},"properties":{"city":"新北市","district":"汐止區","address":"新北市汐止區復興路1-1號(活動中心)","coordinate_accuracy":"行政區級近似座標"}},{"type":"Feature","geometry":{"type":"Point","coordinates":[121.660011,25.114698]},"properties":{"city":"新北市","district":"汐止區","address":"新北市汐止區汐萬路1段81號","coordinate_accuracy":"行政區級近似座標"}},{"type":"Feature","geometry":{"type":"Point","coordinates":[121.658508,25.110918]},"properties":{"city":"新北市","district":"汐止區","address":"新北市汐止區大同路二段296巷5號","coordinate_accuracy":"行政區級近似座標"}},{"type":"Feature","geometry":{"type":"Point","coordinates":[121.693016,25.065213]},"properties":{"city":"新北市","district":"汐止區","address":"新北市汐止區康寧街520號-1(活動中心)","coordinate_accuracy":"行政區級近似座標"}},{"type":"Feature","geometry":{"type":"Point","coordinates":[121.835898,25.079803]},"properties":{"city":"新北市","district":"瑞芳區","address":"新北市瑞芳區中山路20號(東和里活動中心)","coordinate_accuracy":"行政區級近似座標"}},{"type":"Feature","geometry":{"type":"Point","coordinates":[121.847304,25.081158]},"properties":{"city":"新北市","district":"瑞芳區","address":"新北市瑞芳區三爪子坑路114號及旁邊空地","coordinate_accuracy":"行政區級近似座標"}},{"type":"Feature","geometry":{"type":"Point","coordinates":[121.852621,25.079594]},"properties":{"city":"新北市","district":"瑞芳區","address":"新北市瑞芳區瑞芳街21號","coordinate_accuracy":"行政區級近似座標"}},{"type":"Feature","geometry":{"type":"Point","coordinates":[121.838699,25.106978]},"properties":{"city":"新北市","district":"瑞芳區","address":"新北市瑞芳區明燈路1段82號","coordinate_accuracy":"行政區級近似座標"}},{"type":"Feature","geometry":{"type":"Point","coordinates":[121.819761,25.100663]},"properties":{"city":"新北市","district":"瑞芳區","address":"新北市瑞芳區民權街10號","coordinate_accuracy":"行政區級近似座標"}},{"type":"Feature","geometry":{"type":"Point","coordinates":[121.850915,25.069343]},"properties":{"city":"新北市","district":"瑞芳區","address":"新北市瑞芳區三爪子坑13巷28號前","coordinate_accuracy":"行政區級近似座標"}},{"type":"Feature","geometry":{"type":"Point","coordinates":[121.846401,25.065753]},"properties":{"city":"新北市","district":"瑞芳區","address":"新北市瑞芳區明燈路三段109號","coordinate_accuracy":"行政區級近似座標"}},{"type":"Feature","geometry":{"type":"Point","coordinates":[121.811168,25.076118]},"properties":{"city":"新北市","district":"瑞芳區","address":"新北市瑞芳區傑魚坑路245巷2號","coordinate_accuracy":"行政區級近似座標"}},{"type":"Feature","geometry":{"type":"Point","coordinates":[121.815519,25.07408]},"properties":{"city":"新北市","district":"瑞芳區","address":"新北市瑞芳區粗坑口路1巷2-2號","coordinate_accuracy":"行政區級近似座標"}},{"type":"Feature","geometry":{"type":"Point","coordinates":[121.447202,24.964801]},"properties":{"city":"新北市","district":"土城區","address":"新北市土城區德興街97號","coordinate_accuracy":"行政區級近似座標"}},{"type":"Feature","geometry":{"type":"Point","coordinates":[121.442026,24.96965]},"properties":{"city":"新北市","district":"土城區","address":"新北市土城區學享街75巷3號","coordinate_accuracy":"行政區級近似座標"}},{"type":"Feature","geometry":{"type":"Point","coordinates":[121.440557,24.962215]},"properties":{"city":"新北市","district":"土城區","address":"新北市土城區青雲里清水路141巷18號(青雲里活動中心)","coordinate_accuracy":"行政區級近似座標"}},{"type":"Feature","geometry":{"type":"Point","coordinates":[121.442641,24.971903]},"properties":{"city":"新北市","district":"土城區","address":"新北市土城區明德路一段74-1號","coordinate_accuracy":"行政區級近似座標"}},{"type":"Feature","geometry":{"type":"Point","coordinates":[121.439076,24.965466]},"properties":{"city":"新北市","district":"土城區","address":"土城區延吉街217巷3弄1號","coordinate_accuracy":"行政區級近似座標"}},{"type":"Feature","geometry":{"type":"Point","coordinates":[121.440116,24.970788]},"properties":{"city":"新北市","district":"土城區","address":"新北市土城區中央路一段189巷2號(莒光四村活動中心)","coordinate_accuracy":"行政區級近似座標"}},{"type":"Feature","geometry":{"type":"Point","coordinates":[121.452498,24.968552]},"properties":{"city":"新北市","district":"土城區","address":"新北市土城區福仁街81之1號(服務處)","coordinate_accuracy":"行政區級近似座標"}},{"type":"Feature","geometry":{"type":"Point","coordinates":[121.439868,24.971797]},"properties":{"city":"新北市","district":"土城區","address":"新北市土城區裕民路193-1號(中正里活動中心)","coordinate_accuracy":"行政區級近似座標"}},{"type":"Feature","geometry":{"type":"Point","coordinates":[121.441497,24.975205]},"properties":{"city":"新北市","district":"土城區","address":"新北市土城區忠義路61號","coordinate_accuracy":"行政區級近似座標"}},{"type":"Feature","geometry":{"type":"Point","coordinates":[121.439935,24.955309]},"properties":{"city":"新北市","district":"土城區","address":"新北市土城區中央路三段184巷5號","coordinate_accuracy":"行政區級近似座標"}},{"type":"Feature","geometry":{"type":"Point","coordinates":[121.454016,24.970932]},"properties":{"city":"新北市","district":"土城區","address":"新北市土城區清水路234巷5號(活動中心)","coordinate_accuracy":"行政區級近似座標"}},{"type":"Feature","geometry":{"type":"Point","coordinates":[121.434087,24.97206]},"properties":{"city":"新北市","district":"土城區","address":"新北市土城區學成路97巷8號(活動中心)","coordinate_accuracy":"行政區級近似座標"}},{"type":"Feature","geometry":{"type":"Point","coordinates":[121.438624,24.958994]},"properties":{"city":"新北市","district":"土城區","address":"新北市土城區承天路2號(巡守隊前)","coordinate_accuracy":"行政區級近似座標"}},{"type":"Feature","geometry":{"type":"Point","coordinates":[121.432648,24.959844]},"properties":{"city":"新北市","district":"土城區","address":"新北市土城區延和路28號","coordinate_accuracy":"行政區級近似座標"}},{"type":"Feature","geometry":{"type":"Point","coordinates":[121.458674,24.966544]},"properties":{"city":"新北市","district":"土城區","address":"新北市土城區延吉街137巷13號(活動中心)","coordinate_accuracy":"行政區級近似座標"}},{"type":"Feature","geometry":{"type":"Point","coordinates":[121.455114,24.961473]},"properties":{"city":"新北市","district":"土城區","address":"新北市土城區永豐路238號(活動中心)","coordinate_accuracy":"行政區級近似座標"}},{"type":"Feature","geometry":{"type":"Point","coordinates":[121.458897,24.95891]},"properties":{"city":"新北市","district":"土城區","address":"新北市土城區員林街15號","coordinate_accuracy":"行政區級近似座標"}},{"type":"Feature","geometry":{"type":"Point","coordinates":[121.452251,24.953389]},"properties":{"city":"新北市","district":"土城區","address":"新北市土城區學府路一段155巷後方司令台","coordinate_accuracy":"行政區級近似座標"}},{"type":"Feature","geometry":{"type":"Point","coordinates":[121.437549,24.978443]},"properties":{"city":"新北市","district":"土城區","address":"新北市土城區福祥街59號","coordinate_accuracy":"行政區級近似座標"}},{"type":"Feature","geometry":{"type":"Point","coordinates":[121.451685,24.950629]},"properties":{"city":"新北市","district":"土城區","address":"新北市土城區員信里11鄰中央路2段278巷6-4號","coordinate_accuracy":"行政區級近似座標"}},{"type":"Feature","geometry":{"type":"Point","coordinates":[121.454718,24.956873]},"properties":{"city":"新北市","district":"土城區","address":"新北市土城區裕生路100巷7號","coordinate_accuracy":"行政區級近似座標"}},{"type":"Feature","geometry":{"type":"Point","coordinates":[121.433082,24.962867]},"properties":{"city":"新北市","district":"土城區","address":"新北市土城區明峰街28巷2號","coordinate_accuracy":"行政區級近似座標"}},{"type":"Feature","geometry":{"type":"Point","coordinates":[121.440988,24.979617]},"properties":{"city":"新北市","district":"土城區","address":"新北市土城區中央路四段55-12號(頂鋪市民活動中心)","coordinate_accuracy":"行政區級近似座標"}},{"type":"Feature","geometry":{"type":"Point","coordinates":[121.45432,24.955421]},"properties":{"city":"新北市","district":"土城區","address":"新北市土城區中華路一段225號","coordinate_accuracy":"行政區級近似座標"}},{"type":"Feature","geometry":{"type":"Point","coordinates":[121.42925,24.960151]},"properties":{"city":"新北市","district":"土城區","address":"新北市土城區延吉街381號後面","coordinate_accuracy":"行政區級近似座標"}},{"type":"Feature","geometry":{"type":"Point","coordinates":[121.447651,24.949388]},"properties":{"city":"新北市","district":"土城區","address":"新北市土城區廣福街100號(旁邊鐵皮屋)","coordinate_accuracy":"行政區級近似座標"}},{"type":"Feature","geometry":{"type":"Point","coordinates":[121.433178,24.958505]},"properties":{"city":"新北市","district":"土城區","address":"新北市土城區學成路128巷13弄8號","coordinate_accuracy":"行政區級近似座標"}},{"type":"Feature","geometry":{"type":"Point","coordinates":[121.458021,24.968499]},"properties":{"city":"新北市","district":"土城區","address":"新北市土城區裕民路92巷25弄10號","coordinate_accuracy":"行政區級近似座標"}},{"type":"Feature","geometry":{"type":"Point","coordinates":[121.451004,24.948446]},"properties":{"city":"新北市","district":"土城區","address":"新北市土城區三民路23巷8弄9號","coordinate_accuracy":"行政區級近似座標"}},{"type":"Feature","geometry":{"type":"Point","coordinates":[121.436242,24.952936]},"properties":{"city":"新北市","district":"土城區","address":"新北市土城區青雲路368號","coordinate_accuracy":"行政區級近似座標"}},{"type":"Feature","geometry":{"type":"Point","coordinates":[121.474818,25.086093]},"properties":{"city":"新北市","district":"蘆洲區","address":"新北市蘆洲區水湳里仁愛廣場","coordinate_accuracy":"行政區級近似座標"}},{"type":"Feature","geometry":{"type":"Point","coordinates":[121.475873,25.085919]},"properties":{"city":"新北市","district":"蘆洲區","address":"新北市蘆洲區民義街68巷35號旁邊(貨櫃屋)","coordinate_accuracy":"行政區級近似座標"}},{"type":"Feature","geometry":{"type":"Point","coordinates":[121.468628,25.087297]},"properties":{"city":"新北市","district":"蘆洲區","address":"新北市蘆洲區中正路185巷31弄33號","coordinate_accuracy":"行政區級近似座標"}},{"type":"Feature","geometry":{"type":"Point","coordinates":[121.47816,25.086161]},"properties":{"city":"新北市","district":"蘆洲區","address":"新北市蘆洲區三民路611號(三民公園活動中心)","coordinate_accuracy":"行政區級近似座標"}},{"type":"Feature","geometry":{"type":"Point","coordinates":[121.469842,25.08435]},"properties":{"city":"新北市","district":"蘆洲區","address":"新北市蘆洲區永安南路二段134號","coordinate_accuracy":"行政區級近似座標"}},{"type":"Feature","geometry":{"type":"Point","coordinates":[121.466287,25.08656]},"properties":{"city":"新北市","district":"蘆洲區","address":"新北市蘆洲區民權路82巷5弄6號","coordinate_accuracy":"行政區級近似座標"}},{"type":"Feature","geometry":{"type":"Point","coordinates":[121.4696,25.093711]},"properties":{"city":"新北市","district":"蘆洲區","address":"新北市蘆洲區光華路107巷11號","coordinate_accuracy":"行政區級近似座標"}},{"type":"Feature","geometry":{"type":"Point","coordinates":[121.474957,25.081737]},"properties":{"city":"新北市","district":"蘆洲區","address":"新北市蘆洲區長安街267巷7弄1號1F","coordinate_accuracy":"行政區級近似座標"}},{"type":"Feature","geometry":{"type":"Point","coordinates":[121.478586,25.083261]},"properties":{"city":"新北市","district":"蘆洲區","address":"新北市蘆洲區信義路292巷19號","coordinate_accuracy":"行政區級近似座標"}},{"type":"Feature","geometry":{"type":"Point","coordinates":[121.480641,25.089196]},"properties":{"city":"新北市","district":"蘆洲區","address":"新北市蘆洲區復興路17巷口(文德宮廟)","coordinate_accuracy":"行政區級近似座標"}},{"type":"Feature","geometry":{"type":"Point","coordinates":[121.469128,25.094705]},"properties":{"city":"新北市","district":"蘆洲區","address":"新北市蘆洲區民權路26號旁","coordinate_accuracy":"行政區級近似座標"}},{"type":"Feature","geometry":{"type":"Point","coordinates":[121.480008,25.091988]},"properties":{"city":"新北市","district":"蘆洲區","address":"新北市蘆洲區永安南路二段16巷9號","coordinate_accuracy":"行政區級近似座標"}},{"type":"Feature","geometry":{"type":"Point","coordinates":[121.472119,25.097067]},"properties":{"city":"新北市","district":"蘆洲區","address":"新北市蘆洲區長安街111巷31號","coordinate_accuracy":"行政區級近似座標"}},{"type":"Feature","geometry":{"type":"Point","coordinates":[121.430402,25.099465]},"properties":{"city":"新北市","district":"五股區","address":"新北市五股區天乙路3-1號","coordinate_accuracy":"行政區級近似座標"}},{"type":"Feature","geometry":{"type":"Point","coordinates":[121.446877,25.100117]},"properties":{"city":"新北市","district":"五股區","address":"新北市五股區御史路1-5號","coordinate_accuracy":"行政區級近似座標"}},{"type":"Feature","geometry":{"type":"Point","coordinates":[121.437831,25.086607]},"properties":{"city":"新北市","district":"五股區","address":"新北市五股區水碓路28號旁","coordinate_accuracy":"行政區級近似座標"}},{"type":"Feature","geometry":{"type":"Point","coordinates":[121.427009,25.107058]},"properties":{"city":"新北市","district":"五股區","address":"新北市五股區成泰路三段541號(五股郵局內)","coordinate_accuracy":"行政區級近似座標"}},{"type":"Feature","geometry":{"type":"Point","coordinates":[121.444674,25.113007]},"properties":{"city":"新北市","district":"五股區","address":"新北市五股區孝義路55巷10號(活動中心)","coordinate_accuracy":"行政區級近似座標"}},{"type":"Feature","geometry":{"type":"Point","coordinates":[121.415782,25.10336]},"properties":{"city":"新北市","district":"五股區","address":"新北市五股區西雲路267號","coordinate_accuracy":"行政區級近似座標"}},{"type":"Feature","geometry":{"type":"Point","coordinates":[121.456172,25.090212]},"properties":{"city":"新北市","district":"五股區","address":"新北市五股區西雲路165號","coordinate_accuracy":"行政區級近似座標"}},{"type":"Feature","geometry":{"type":"Point","coordinates":[121.414827,25.091145]},"properties":{"city":"新北市","district":"五股區","address":"新北市五股區四維路6號","coordinate_accuracy":"行政區級近似座標"}},{"type":"Feature","geometry":{"type":"Point","coordinates":[121.415425,25.05758]},"properties":{"city":"新北市","district":"泰山區","address":"新北市泰山區全興路25巷12號對面公園","coordinate_accuracy":"行政區級近似座標"}},{"type":"Feature","geometry":{"type":"Point","coordinates":[121.407227,25.061409]},"properties":{"city":"新北市","district":"泰山區","address":"新北市泰山區工專路22號(貴子里活動中心)","coordinate_accuracy":"行政區級近似座標"}},{"type":"Feature","geometry":{"type":"Point","coordinates":[121.403015,25.057379]},"properties":{"city":"新北市","district":"泰山區","address":"新北市泰山區明志路二段177號(義仁市民活動中心)","coordinate_accuracy":"行政區級近似座標"}},{"type":"Feature","geometry":{"type":"Point","coordinates":[121.403921,25.044142]},"properties":{"city":"新北市","district":"泰山區","address":"新北市泰山區新民路42號旁","coordinate_accuracy":"行政區級近似座標"}},{"type":"Feature","geometry":{"type":"Point","coordinates":[121.42608,25.060483]},"properties":{"city":"新北市","district":"泰山區","address":"新北市泰山區明志路二段273巷18號旁","coordinate_accuracy":"行政區級近似座標"}},{"type":"Feature","geometry":{"type":"Point","coordinates":[121.340703,25.093321]},"properties":{"city":"新北市","district":"林口區","address":"新北市林口區公園路46號旁(土地公廟廣場)","coordinate_accuracy":"行政區級近似座標"}},{"type":"Feature","geometry":{"type":"Point","coordinates":[121.331585,25.096408]},"properties":{"city":"新北市","district":"林口區","address":"新北市林口區文化一路一段137號(仁愛里市民活動中心旁)","coordinate_accuracy":"行政區級近似座標"}},{"type":"Feature","geometry":{"type":"Point","coordinates":[121.369872,25.098667]},"properties":{"city":"新北市","district":"林口區","address":"新北市林口區忠孝路569巷17號","coordinate_accuracy":"行政區級近似座標"}},{"type":"Feature","geometry":{"type":"Point","coordinates":[121.626038,24.997141]},"properties":{"city":"新北市","district":"深坑區","address":"新北市深坑區北深路一段164號(土庫第二市民活動中心)","coordinate_accuracy":"行政區級近似座標"}},{"type":"Feature","geometry":{"type":"Point","coordinates":[121.626711,24.991836]},"properties":{"city":"新北市","district":"深坑區","address":"新北市深坑區旺耽路25號(昇高活動中心) 新北市深坑區雲鄉路1號B1(雲鄉社區會議室)","coordinate_accuracy":"行政區級近似座標"}},{"type":"Feature","geometry":{"type":"Point","coordinates":[121.629078,24.991447]},"properties":{"city":"新北市","district":"深坑區","address":"新北市深坑區北深路一段300號(慈聖宮旁)","coordinate_accuracy":"行政區級近似座標"}},{"type":"Feature","geometry":{"type":"Point","coordinates":[121.618932,25.007914]},"properties":{"city":"新北市","district":"深坑區","address":"新北市深坑區北深路3段107巷 26號(萬順活動中心)","coordinate_accuracy":"行政區級近似座標"}},{"type":"Feature","geometry":{"type":"Point","coordinates":[121.620828,25.007976]},"properties":{"city":"新北市","district":"深坑區","address":"新北市深坑區深坑街57號","coordinate_accuracy":"行政區級近似座標"}},{"type":"Feature","geometry":{"type":"Point","coordinates":[121.63094,24.986836]},"properties":{"city":"新北市","district":"深坑區","address":"新北市深坑區北深路三段232號","coordinate_accuracy":"行政區級近似座標"}},{"type":"Feature","geometry":{"type":"Point","coordinates":[121.628347,24.988795]},"properties":{"city":"新北市","district":"深坑區","address":"新北市深坑區北深路二段43巷11弄2號","coordinate_accuracy":"行政區級近似座標"}},{"type":"Feature","geometry":{"type":"Point","coordinates":[121.616436,24.95421]},"properties":{"city":"新北市","district":"石碇區","address":"新北市石碇區烏塗窟26號旁","coordinate_accuracy":"行政區級近似座標"}},{"type":"Feature","geometry":{"type":"Point","coordinates":[121.668988,24.921176]},"properties":{"city":"新北市","district":"石碇區","address":"新北市石碇區碇坪路一段122號隔壁(巡守隊)","coordinate_accuracy":"行政區級近似座標"}},{"type":"Feature","geometry":{"type":"Point","coordinates":[121.61507,24.969189]},"properties":{"city":"新北市","district":"石碇區","address":"新北市石碇區石碇西街6號","coordinate_accuracy":"行政區級近似座標"}},{"type":"Feature","geometry":{"type":"Point","coordinates":[121.704923,24.909256]},"properties":{"city":"新北市","district":"坪林區","address":"新北市坪林區金瓜寮13號","coordinate_accuracy":"行政區級近似座標"}},{"type":"Feature","geometry":{"type":"Point","coordinates":[121.712439,24.889619]},"properties":{"city":"新北市","district":"坪林區","address":"新北市坪林區(魚逮)魚堀55之8號)","coordinate_accuracy":"行政區級近似座標"}},{"type":"Feature","geometry":{"type":"Point","coordinates":[121.728571,24.941332]},"properties":{"city":"新北市","district":"坪林區","address":"新北市坪林區水聳淒坑7號之6(倆兄弟茶園)","coordinate_accuracy":"行政區級近似座標"}},{"type":"Feature","geometry":{"type":"Point","coordinates":[121.750303,24.914821]},"properties":{"city":"新北市","district":"坪林區","address":"新北市坪林區虎寮潭畔16號(虎寮潭休閒度假山莊)","coordinate_accuracy":"行政區級近似座標"}},{"type":"Feature","geometry":{"type":"Point","coordinates":[121.742545,24.889952]},"properties":{"city":"新北市","district":"坪林區","address":"新北市坪林街88號","coordinate_accuracy":"行政區級近似座標"}},{"type":"Feature","geometry":{"type":"Point","coordinates":[121.744293,24.93199]},"properties":{"city":"新北市","district":"坪林區","address":"新北市坪林區大舌湖24號(土地公廟旁)","coordinate_accuracy":"行政區級近似座標"}},{"type":"Feature","geometry":{"type":"Point","coordinates":[121.688658,24.880471]},"properties":{"city":"新北市","district":"坪林區","address":"坪林區石𥕢10-5號","coordinate_accuracy":"行政區級近似座標"}},{"type":"Feature","geometry":{"type":"Point","coordinates":[121.478388,25.232725]},"properties":{"city":"新北市","district":"三芝區","address":"新北市三芝區北勢子20-6號","coordinate_accuracy":"行政區級近似座標"}},{"type":"Feature","geometry":{"type":"Point","coordinates":[121.424545,25.12142]},"properties":{"city":"新北市","district":"八里區","address":"新北市八里區中山路二段445號對面","coordinate_accuracy":"行政區級近似座標"}},{"type":"Feature","geometry":{"type":"Point","coordinates":[121.428647,25.128521]},"properties":{"city":"新北市","district":"八里區","address":"新北市八里區中山路一段21號 (大崁老人活動中心)","coordinate_accuracy":"行政區級近似座標"}},{"type":"Feature","geometry":{"type":"Point","coordinates":[121.395538,25.114454]},"properties":{"city":"新北市","district":"八里區","address":"新北市八里區龍米路一段223號龍米市民活動中心","coordinate_accuracy":"行政區級近似座標"}},{"type":"Feature","geometry":{"type":"Point","coordinates":[121.43518,25.13237]},"properties":{"city":"新北市","district":"八里區","address":"新北市八里區中山路一段109號1樓","coordinate_accuracy":"行政區級近似座標"}},{"type":"Feature","geometry":{"type":"Point","coordinates":[121.735063,25.039994]},"properties":{"city":"新北市","district":"平溪區","address":"新北市平溪區雙菁路81-4號","coordinate_accuracy":"行政區級近似座標"}},{"type":"Feature","geometry":{"type":"Point","coordinates":[121.840951,25.028282]},"properties":{"city":"新北市","district":"雙溪區","address":"新北市雙溪區外平林52號","coordinate_accuracy":"行政區級近似座標"}},{"type":"Feature","geometry":{"type":"Point","coordinates":[121.820665,25.031652]},"properties":{"city":"新北市","district":"雙溪區","address":"新北市雙溪區三港里三港7號","coordinate_accuracy":"行政區級近似座標"}},{"type":"Feature","geometry":{"type":"Point","coordinates":[121.599065,25.218967]},"properties":{"city":"新北市","district":"金山區","address":"新北市金山區跳石17號","coordinate_accuracy":"行政區級近似座標"}},{"type":"Feature","geometry":{"type":"Point","coordinates":[121.617895,25.215804]},"properties":{"city":"新北市","district":"金山區","address":"新北市金山區溫泉路中山公園涼亭(公廁旁)","coordinate_accuracy":"行政區級近似座標"}},{"type":"Feature","geometry":{"type":"Point","coordinates":[121.61083,25.208933]},"properties":{"city":"新北市","district":"金山區","address":"新北市金山區六股林口29號(重和里辦公處)","coordinate_accuracy":"行政區級近似座標"}},{"type":"Feature","geometry":{"type":"Point","coordinates":[121.613303,25.230471]},"properties":{"city":"新北市","district":"金山區","address":"新北市金山區中山路73-6號","coordinate_accuracy":"行政區級近似座標"}},{"type":"Feature","geometry":{"type":"Point","coordinates":[121.595534,25.235239]},"properties":{"city":"新北市","district":"金山區","address":"新北市金山區三界壇路三福宮前廣場","coordinate_accuracy":"行政區級近似座標"}},{"type":"Feature","geometry":{"type":"Point","coordinates":[121.624593,25.206396]},"properties":{"city":"新北市","district":"金山區","address":"新北市金山區三界壇路83號後面空地","coordinate_accuracy":"行政區級近似座標"}},{"type":"Feature","geometry":{"type":"Point","coordinates":[121.596379,25.205386]},"properties":{"city":"新北市","district":"金山區","address":"新北市金山區仁愛路19號對面空地","coordinate_accuracy":"行政區級近似座標"}},{"type":"Feature","geometry":{"type":"Point","coordinates":[121.590177,25.23716]},"properties":{"city":"新北市","district":"金山區","address":"新北市金山區頂六股3號(六股市民活動中心)","coordinate_accuracy":"行政區級近似座標"}},{"type":"Feature","geometry":{"type":"Point","coordinates":[121.583912,25.218883]},"properties":{"city":"新北市","district":"金山區","address":"新北市金山區民生路190號","coordinate_accuracy":"行政區級近似座標"}},{"type":"Feature","geometry":{"type":"Point","coordinates":[121.61347,25.191775]},"properties":{"city":"新北市","district":"金山區","address":"新北市金山區磺港路南屏公共浴室旁車庫","coordinate_accuracy":"行政區級近似座標"}},{"type":"Feature","geometry":{"type":"Point","coordinates":[121.587421,25.209173]},"properties":{"city":"新北市","district":"金山區","address":"新北市金山區倒照湖33之2號","coordinate_accuracy":"行政區級近似座標"}},{"type":"Feature","geometry":{"type":"Point","coordinates":[121.585938,25.22704]},"properties":{"city":"新北市","district":"金山區","address":"新北市金山區四維路25號旁空地","coordinate_accuracy":"行政區級近似座標"}},{"type":"Feature","geometry":{"type":"Point","coordinates":[121.593953,25.248193]},"properties":{"city":"新北市","district":"金山區","address":"新北市金山區海興路116號","coordinate_accuracy":"行政區級近似座標"}},{"type":"Feature","geometry":{"type":"Point","coordinates":[121.647774,25.164426]},"properties":{"city":"新北市","district":"萬里區","address":"新北市萬里區忠六街口","coordinate_accuracy":"行政區級近似座標"}},{"type":"Feature","geometry":{"type":"Point","coordinates":[121.651688,25.196209]},"properties":{"city":"新北市","district":"萬里區","address":"新北市萬里區玉田路45號之3(活動中心)","coordinate_accuracy":"行政區級近似座標"}},{"type":"Feature","geometry":{"type":"Point","coordinates":[121.626244,25.174798]},"properties":{"city":"新北市","district":"萬里區","address":"新北市萬里區瑪鋉路123號1樓","coordinate_accuracy":"行政區級近似座標"}},{"type":"Feature","geometry":{"type":"Point","coordinates":[121.658142,25.193193]},"properties":{"city":"新北市","district":"萬里區","address":"新北市萬里區加投路198號後方空地","coordinate_accuracy":"行政區級近似座標"}},{"type":"Feature","geometry":{"type":"Point","coordinates":[121.657273,25.149387]},"properties":{"city":"新北市","district":"萬里區","address":"新北市萬里區中福路112號","coordinate_accuracy":"行政區級近似座標"}},{"type":"Feature","geometry":{"type":"Point","coordinates":[121.925547,25.01809]},"properties":{"city":"新北市","district":"貢寮區","address":"新北市貢寮區龍門街11號","coordinate_accuracy":"行政區級近似座標"}},{"type":"Feature","geometry":{"type":"Point","coordinates":[121.905755,25.040181]},"properties":{"city":"新北市","district":"貢寮區","address":"新北市貢寮區東興街70號(福隆市民活動中心)","coordinate_accuracy":"行政區級近似座標"}},{"type":"Feature","geometry":{"type":"Point","coordinates":[121.951877,25.064887]},"properties":{"city":"新北市","district":"貢寮區","address":"新北市貢寮區嵩陽街40-1(貢寮根帝宮)","coordinate_accuracy":"行政區級近似座標"}},{"type":"Feature","geometry":{"type":"Point","coordinates":[121.913141,25.003753]},"properties":{"city":"新北市","district":"貢寮區","address":"新北市貢寮區仁義街8號","coordinate_accuracy":"行政區級近似座標"}}]}
