{"type" : "FeatureCollection", "name" : "reusable_cup_store_tpe", "features" : [{"type" : "Feature", "geometry" : {"type" : "Point", "coordinates" : [121.55569, 24.999314]}, "properties" : {"brand" : "21風味館", "store_name" : "興隆", "address" : "臺北市文山區興隆路三段48號1樓", "phone" : "02-2930-0121", "city" : "臺北市"}}, {"type" : "Feature", "geometry" : {"type" : "Point", "coordinates" : [121.550979, 25.047623]}, "properties" : {"brand" : "21風味館", "store_name" : "八德", "address" : "臺北市松山區八德路三段12巷5弄14號1樓", "phone" : "02-2570-2221", "city" : "臺北市"}}, {"type" : "Feature", "geometry" : {"type" : "Point", "coordinates" : [121.568764, 25.043147]}, "properties" : {"brand" : "21風味館", "store_name" : "永吉", "address" : "臺北市信義區永吉路30巷178弄1號1樓", "phone" : "02-2753-0521", "city" : "臺北市"}}, {"type" : "Feature", "geometry" : {"type" : "Point", "coordinates" : [121.543718, 25.035422]}, "properties" : {"brand" : "subway", "store_name" : "#73570 忠孝復興餐廳", "address" : "臺北市大安區復興南路一段76號1樓", "phone" : "02-2775-2401", "city" : "臺北市"}}, {"type" : "Feature", "geometry" : {"type" : "Point", "coordinates" : [121.528024, 25.11528]}, "properties" : {"brand" : "subway", "store_name" : "#72335 天母中山餐廳", "address" : "臺北市士林區中山北路六段732號1樓", "phone" : "02-2876-2785", "city" : "臺北市"}}, {"type" : "Feature", "geometry" : {"type" : "Point", "coordinates" : [121.51357, 25.071064]}, "properties" : {"brand" : "義美食品", "store_name" : "大同門市", "address" : "臺北市大同區重慶北路三段250之5號", "phone" : "02-25924404", "city" : "臺北市"}}, {"type" : "Feature", "geometry" : {"type" : "Point", "coordinates" : [121.542389, 25.060457]}, "properties" : {"brand" : "義美食品", "store_name" : "民權東門市", "address" : "臺北市中山區民權東路三段112號", "phone" : "02-27151979", "city" : "臺北市"}}, {"type" : "Feature", "geometry" : {"type" : "Point", "coordinates" : [121.520059, 25.029937]}, "properties" : {"brand" : "義美食品", "store_name" : "南門門市", "address" : "臺北市中正區羅斯福路一段102號", "phone" : "02-23223468", "city" : "臺北市"}}, {"type" : "Feature", "geometry" : {"type" : "Point", "coordinates" : [121.547701, 25.024488]}, "properties" : {"brand" : "義美食品", "store_name" : "東和平門市", "address" : "臺北市大安區和平東路三段40號", "phone" : "02-27331284", "city" : "臺北市"}}, {"type" : "Feature", "geometry" : {"type" : "Point", "coordinates" : [121.525717, 25.118358]}, "properties" : {"brand" : "義美食品", "store_name" : "天母門市", "address" : "臺北市士林區天母西路42號", "phone" : "02-28712612", "city" : "臺北市"}}, {"type" : "Feature", "geometry" : {"type" : "Point", "coordinates" : [121.557708, 25.036051]}, "properties" : {"brand" : "義美食品", "store_name" : "光復南門市", "address" : "臺北市信義區光復南路425號", "phone" : "02-27298703", "city" : "臺北市"}}, {"type" : "Feature", "geometry" : {"type" : "Point", "coordinates" : [121.503293, 25.0383]}, "properties" : {"brand" : "中油", "store_name" : "桂林路加油站", "address" : "臺北市萬華區桂林路53號", "phone" : "02-23819053", "city" : "臺北市"}}, {"type" : "Feature", "geometry" : {"type" : "Point", "coordinates" : [121.542169, 25.00441]}, "properties" : {"brand" : "中油", "store_name" : "萬隆加油站", "address" : "臺北市文山區興隆路一段13號", "phone" : "02-29312829", "city" : "臺北市"}}, {"type" : "Feature", "geometry" : {"type" : "Point", "coordinates" : [121.555454, 25.032932]}, "properties" : {"brand" : "中油", "store_name" : "信義路加油站", "address" : "臺北市大安區信義路四段374號", "phone" : "02-27081235", "city" : "臺北市"}}, {"type" : "Feature", "geometry" : {"type" : "Point", "coordinates" : [121.502262, 25.119297]}, "properties" : {"brand" : "中油", "store_name" : "北投站", "address" : "臺北市北投區承德路七段384號", "phone" : "02-28201203", "city" : "臺北市"}}, {"type" : "Feature", "geometry" : {"type" : "Point", "coordinates" : [121.497326, 25.019319]}, "properties" : {"brand" : "肯德基", "store_name" : "台北萬大", "address" : "臺北市萬華區萬大路286號", "phone" : "02-2339-6627", "city" : "臺北市"}}, {"type" : "Feature", "geometry" : {"type" : "Point", "coordinates" : [121.522341, 25.094353]}, "properties" : {"brand" : "肯德基", "store_name" : "士林文昌", "address" : "臺北市士林區中正路351號", "phone" : "02-2882-3856", "city" : "臺北市"}}, {"type" : "Feature", "geometry" : {"type" : "Point", "coordinates" : [121.528229, 25.115662]}, "properties" : {"brand" : "肯德基", "store_name" : "天母中山", "address" : "臺北市士林區中山北路六段748號", "phone" : "02-2871-4607", "city" : "臺北市"}}, {"type" : "Feature", "geometry" : {"type" : "Point", "coordinates" : [121.566821, 24.988546]}, "properties" : {"brand" : "肯德基", "store_name" : "文山木柵", "address" : "臺北市文山區木柵路三段82號", "phone" : "02-2936-3525", "city" : "臺北市"}}, {"type" : "Feature", "geometry" : {"type" : "Point", "coordinates" : [121.55663, 24.998741]}, "properties" : {"brand" : "肯德基", "store_name" : "文山興隆", "address" : "臺北市文山區興隆路三段9號", "phone" : "02-2931-1136", "city" : "臺北市"}}, {"type" : "Feature", "geometry" : {"type" : "Point", "coordinates" : [121.520308, 25.080652]}, "properties" : {"brand" : "萊爾富", "store_name" : "士林通河店", "address" : "臺北市士林區承德路四段12巷35號", "phone" : "02-28854012", "city" : "臺北市"}}, {"type" : "Feature", "geometry" : {"type" : "Point", "coordinates" : [121.538836, 25.009182]}, "properties" : {"brand" : "萊爾富", "store_name" : "大安新台大店", "address" : "臺北市大安區羅斯福路四段1號", "phone" : "02-23620819", "city" : "臺北市"}}, {"type" : "Feature", "geometry" : {"type" : "Point", "coordinates" : [121.526608, 25.049185]}, "properties" : {"brand" : "萊爾富", "store_name" : "中山四通店", "address" : "臺北市中山區長安東路一段53巷1之6號", "phone" : "02-25816329", "city" : "臺北市"}}, {"type" : "Feature", "geometry" : {"type" : "Point", "coordinates" : [121.574758, 25.083741]}, "properties" : {"brand" : "萊爾富", "store_name" : "內湖安泰店", "address" : "臺北市內湖區安泰街31號一樓", "phone" : "02-26338768", "city" : "臺北市"}}, {"type" : "Feature", "geometry" : {"type" : "Point", "coordinates" : [121.61848, 25.071926]}, "properties" : {"brand" : "萊爾富", "store_name" : "內湖樂康店", "address" : "臺北市內湖區康樂街136巷18弄1號1樓", "phone" : "02-26340246", "city" : "臺北市"}}, {"type" : "Feature", "geometry" : {"type" : "Point", "coordinates" : [121.537172, 25.007839]}, "properties" : {"brand" : "萊爾富", "store_name" : "文山師大店", "address" : "臺北市文山區汀州路四段88號", "phone" : "02-86639916", "city" : "臺北市"}}, {"type" : "Feature", "geometry" : {"type" : "Point", "coordinates" : [121.499771, 25.124796]}, "properties" : {"brand" : "萊爾富", "store_name" : "北市奇岩店", "address" : "臺北市北投區中央南路二段5號及7號", "phone" : "02-28923112", "city" : "臺北市"}}, {"type" : "Feature", "geometry" : {"type" : "Point", "coordinates" : [121.597637, 25.068434]}, "properties" : {"brand" : "萊爾富", "store_name" : "北市明湖店", "address" : "臺北市內湖區民權東路6段296巷68號", "phone" : "02-26348091", "city" : "臺北市"}}, {"type" : "Feature", "geometry" : {"type" : "Point", "coordinates" : [121.568146, 25.079247]}, "properties" : {"brand" : "萊爾富", "store_name" : "北市湖鑽店", "address" : "臺北市內湖區瑞光路５０２號１樓", "phone" : "02-26599739", "city" : "臺北市"}}, {"type" : "Feature", "geometry" : {"type" : "Point", "coordinates" : [121.504975, 25.088475]}, "properties" : {"brand" : "萊爾富", "store_name" : "北市開利店", "address" : "臺北市士林區社子街142,144號", "phone" : "02-28161982", "city" : "臺北市"}}, {"type" : "Feature", "geometry" : {"type" : "Point", "coordinates" : [121.467618, 25.132789]}, "properties" : {"brand" : "萊爾富", "store_name" : "北投北戰店", "address" : "臺北市北投區學園路2號", "phone" : "02-89796027", "city" : "臺北市"}}, {"type" : "Feature", "geometry" : {"type" : "Point", "coordinates" : [121.466276, 25.130012]}, "properties" : {"brand" : "萊爾富", "store_name" : "北投北藝大", "address" : "臺北市北投區學園路1號", "phone" : "02-28948090", "city" : "臺北市"}}, {"type" : "Feature", "geometry" : {"type" : "Point", "coordinates" : [121.564446, 25.062706]}, "properties" : {"brand" : "萊爾富", "store_name" : "松山民權大橋", "address" : "臺北市松山區民權東路五段32號", "phone" : "02-27609238", "city" : "臺北市"}}, {"type" : "Feature", "geometry" : {"type" : "Point", "coordinates" : [121.56546, 25.065137]}, "properties" : {"brand" : "萊爾富", "store_name" : "松山撫遠店", "address" : "臺北市松山區撫遠街394巷1號、3號", "phone" : "02-27560075", "city" : "臺北市"}}, {"type" : "Feature", "geometry" : {"type" : "Point", "coordinates" : [121.57656, 25.03568]}, "properties" : {"brand" : "萊爾富", "store_name" : "信義虎林店", "address" : "臺北市信義區虎林街242巷50號、52號", "phone" : "02-23462612", "city" : "臺北市"}}, {"type" : "Feature", "geometry" : {"type" : "Point", "coordinates" : [121.586963, 25.053063]}, "properties" : {"brand" : "萊爾富", "store_name" : "南港慈祐宮店", "address" : "臺北市南港區南港路三段358、360號一樓", "phone" : "02-26510147", "city" : "臺北市"}}, {"type" : "Feature", "geometry" : {"type" : "Point", "coordinates" : [121.517055, 25.047176]}, "properties" : {"brand" : "漢堡王", "store_name" : "微風北車店", "address" : "臺北市中正區北平西路3號  (微風台北車站2樓)", "phone" : "02-23112368", "city" : "臺北市"}}, {"type" : "Feature", "geometry" : {"type" : "Point", "coordinates" : [121.56812, 25.050671]}, "properties" : {"brand" : "漢堡王", "store_name" : "長春店", "address" : "臺北市中山區長春路176號   (近長春國賓影城)", "phone" : "02-25165208", "city" : "臺北市"}}, {"type" : "Feature", "geometry" : {"type" : "Point", "coordinates" : [121.528416, 25.022918]}, "properties" : {"brand" : "漢堡王", "store_name" : "新師大店", "address" : "臺北市大安區師大路86巷1號1樓及B1", "phone" : "02-23622986", "city" : "臺北市"}}, {"type" : "Feature", "geometry" : {"type" : "Point", "coordinates" : [121.561321, 25.051266]}, "properties" : {"brand" : "漢堡王", "store_name" : "南京店", "address" : "臺北市松山區南京東路五段82號", "phone" : "02-27671397", "city" : "臺北市"}}, {"type" : "Feature", "geometry" : {"type" : "Point", "coordinates" : [121.575362, 25.060142]}, "properties" : {"brand" : "漢堡王", "store_name" : "內湖店", "address" : "臺北市內湖區民善街88號  (家樂福內湖店 1F)", "phone" : "02-27967209", "city" : "臺北市"}}, {"type" : "Feature", "geometry" : {"type" : "Point", "coordinates" : [121.556709, 25.082926]}, "properties" : {"brand" : "漢堡王", "store_name" : "美麗華店", "address" : "臺北市中山區敬業三路20號B1  (美麗華B1美食街)", "phone" : "02-21753018", "city" : "臺北市"}}, {"type" : "Feature", "geometry" : {"type" : "Point", "coordinates" : [121.56849, 25.001544]}, "properties" : {"brand" : "OK", "store_name" : "OK文山萬安店", "address" : "臺北市文山區萬美街１段47號1+2樓", "phone" : "02-66172315", "city" : "臺北市"}}, {"type" : "Feature", "geometry" : {"type" : "Point", "coordinates" : [121.579008, 25.051704]}, "properties" : {"brand" : "OK", "store_name" : "OK北市監理所門市", "address" : "臺北市松山區八德路４段21號1樓", "phone" : "02-66171915", "city" : "臺北市"}}, {"type" : "Feature", "geometry" : {"type" : "Point", "coordinates" : [121.522338, 25.08153]}, "properties" : {"brand" : "OK", "store_name" : "OK士林監理站門市", "address" : "臺北市士林區承德路５段80號", "phone" : "02-66170363", "city" : "臺北市"}}, {"type" : "Feature", "geometry" : {"type" : "Point", "coordinates" : [121.516339, 25.038953]}, "properties" : {"brand" : "OK", "store_name" : "OK外交部門市", "address" : "臺北市中正區凱達格蘭大道2號B1", "phone" : "02-66174211", "city" : "臺北市"}}, {"type" : "Feature", "geometry" : {"type" : "Point", "coordinates" : [121.51629, 25.111862]}, "properties" : {"brand" : "OK", "store_name" : "OK北投唭哩岸店", "address" : "臺北市北投區立農街１段277號1樓", "phone" : "02-66178796", "city" : "臺北市"}}, {"type" : "Feature", "geometry" : {"type" : "Point", "coordinates" : [121.575042, 25.078221]}, "properties" : {"brand" : "統一超商", "store_name" : "墘運", "address" : "臺北市內湖區洲子街12號1樓", "phone" : "02-87515031", "city" : "臺北市"}}, {"type" : "Feature", "geometry" : {"type" : "Point", "coordinates" : [121.570576, 25.078082]}, "properties" : {"brand" : "統一超商", "store_name" : "里昂", "address" : "臺北市內湖區瑞光路406號1樓", "phone" : "02-87514839", "city" : "臺北市"}}, {"type" : "Feature", "geometry" : {"type" : "Point", "coordinates" : [121.565582, 25.079758]}, "properties" : {"brand" : "統一超商", "store_name" : "湖光", "address" : "臺北市內湖區基湖路35巷13號1樓", "phone" : "02-87513447", "city" : "臺北市"}}, {"type" : "Feature", "geometry" : {"type" : "Point", "coordinates" : [121.57194, 25.079565]}, "properties" : {"brand" : "統一超商", "store_name" : "德瑞", "address" : "臺北市內湖區洲子街70號1樓", "phone" : "02-87515167", "city" : "臺北市"}}, {"type" : "Feature", "geometry" : {"type" : "Point", "coordinates" : [121.575058, 25.073311]}, "properties" : {"brand" : "統一超商", "store_name" : "大眾", "address" : "臺北市內湖區港墘路221巷41號1樓", "phone" : "02-26586048", "city" : "臺北市"}}, {"type" : "Feature", "geometry" : {"type" : "Point", "coordinates" : [121.56663, 25.04694]}, "properties" : {"brand" : "統一超商", "store_name" : "總部", "address" : "臺北市信義區東興路67號1樓", "phone" : "02-87874502", "city" : "臺北市"}}, {"type" : "Feature", "geometry" : {"type" : "Point", "coordinates" : [121.536812, 25.065652]}, "properties" : {"brand" : "統一超商", "store_name" : "榮鑫", "address" : "臺北市中山區建國北路三段89號91號1樓", "phone" : "02-25069116", "city" : "臺北市"}}, {"type" : "Feature", "geometry" : {"type" : "Point", "coordinates" : [121.524385, 25.108747]}, "properties" : {"brand" : "統一超商", "store_name" : "新天強", "address" : "臺北市士林區克強路11及11-1號1樓", "phone" : "02-28385947", "city" : "臺北市"}}, {"type" : "Feature", "geometry" : {"type" : "Point", "coordinates" : [121.558379, 25.08031]}, "properties" : {"brand" : "統一超商", "store_name" : "萬濠", "address" : "臺北市中山區敬業四路1號1樓", "phone" : "02-85029120", "city" : "臺北市"}}, {"type" : "Feature", "geometry" : {"type" : "Point", "coordinates" : [121.564077, 24.982579]}, "properties" : {"brand" : "統一超商", "store_name" : "文儀", "address" : "臺北市文山區木新路三段54號56號", "phone" : "02-86618765", "city" : "臺北市"}}, {"type" : "Feature", "geometry" : {"type" : "Point", "coordinates" : [121.5535, 25.048216]}, "properties" : {"brand" : "統一超商", "store_name" : "台場", "address" : "臺北市松山區八德路三段20-2號", "phone" : "02-25794824", "city" : "臺北市"}}, {"type" : "Feature", "geometry" : {"type" : "Point", "coordinates" : [121.565841, 25.042984]}, "properties" : {"brand" : "統一超商", "store_name" : "松高", "address" : "臺北市信義區基隆路一段141號1樓", "phone" : "02-27670810", "city" : "臺北市"}}, {"type" : "Feature", "geometry" : {"type" : "Point", "coordinates" : [121.586973, 25.088377]}, "properties" : {"brand" : "統一超商", "store_name" : "金碧", "address" : "臺北市內湖區金龍路219號217巷1號1樓", "phone" : "02-27900454", "city" : "臺北市"}}, {"type" : "Feature", "geometry" : {"type" : "Point", "coordinates" : [121.530087, 25.0146]}, "properties" : {"brand" : "統一超商", "store_name" : "博源", "address" : "臺北市中正區思源街16號", "phone" : "02-23684419", "city" : "臺北市"}}, {"type" : "Feature", "geometry" : {"type" : "Point", "coordinates" : [121.597161, 25.080524]}, "properties" : {"brand" : "統一超商", "store_name" : "星成", "address" : "臺北市內湖區星雲街17號17-1號", "phone" : "02-27942674", "city" : "臺北市"}}, {"type" : "Feature", "geometry" : {"type" : "Point", "coordinates" : [121.577064, 25.074873]}, "properties" : {"brand" : "統一超商", "store_name" : "見晴", "address" : "臺北市內湖區瑞光路196號", "phone" : "02-26599918", "city" : "臺北市"}}, {"type" : "Feature", "geometry" : {"type" : "Point", "coordinates" : [121.513792, 25.065705]}, "properties" : {"brand" : "統一超商", "store_name" : "酒泉", "address" : "臺北市大同區重慶北路三段258、260、262號1樓", "phone" : "02-25959849", "city" : "臺北市"}}, {"type" : "Feature", "geometry" : {"type" : "Point", "coordinates" : [121.571613, 25.050693]}, "properties" : {"brand" : "統一超商", "store_name" : "松禾", "address" : "臺北市松山區塔悠路31號33號", "phone" : "02-37651361", "city" : "臺北市"}}, {"type" : "Feature", "geometry" : {"type" : "Point", "coordinates" : [121.534966, 25.060379]}, "properties" : {"brand" : "統一超商", "store_name" : "鑫錦州", "address" : "臺北市中山區錦州街263號", "phone" : "02-25122462", "city" : "臺北市"}}, {"type" : "Feature", "geometry" : {"type" : "Point", "coordinates" : [121.592649, 25.068196]}, "properties" : {"brand" : "統一超商", "store_name" : "寶湖", "address" : "臺北市內湖區民權東路六段180巷6號1樓", "phone" : "02-87912647", "city" : "臺北市"}}, {"type" : "Feature", "geometry" : {"type" : "Point", "coordinates" : [121.528774, 25.105789]}, "properties" : {"brand" : "統一超商", "store_name" : "誠義", "address" : "臺北市士林區忠誠路一段126號128號", "phone" : "02-28353013", "city" : "臺北市"}}, {"type" : "Feature", "geometry" : {"type" : "Point", "coordinates" : [121.566637, 25.047458]}, "properties" : {"brand" : "統一超商", "store_name" : "道生", "address" : "臺北市信義區新仁里東興路57號", "phone" : "02-87682914", "city" : "臺北市"}}, {"type" : "Feature", "geometry" : {"type" : "Point", "coordinates" : [121.509574, 25.085267]}, "properties" : {"brand" : "統一超商", "store_name" : "福陽", "address" : "臺北市士林區延平北路五段269號271號1樓", "phone" : "02-28162119", "city" : "臺北市"}}, {"type" : "Feature", "geometry" : {"type" : "Point", "coordinates" : [121.576129, 24.990563]}, "properties" : {"brand" : "統一超商", "store_name" : "新秀", "address" : "臺北市文山區秀明路二段8號10號", "phone" : "02-29398096", "city" : "臺北市"}}, {"type" : "Feature", "geometry" : {"type" : "Point", "coordinates" : [121.580304, 25.070149]}, "properties" : {"brand" : "統一超商", "store_name" : "日內瓦", "address" : "臺北市內湖區瑞光路76巷59號1樓", "phone" : "02-87912964", "city" : "臺北市"}}, {"type" : "Feature", "geometry" : {"type" : "Point", "coordinates" : [121.545104, 25.017562]}, "properties" : {"brand" : "統一超商", "store_name" : "長星", "address" : "臺北市大安區基隆路三段85號", "phone" : "02-27395493", "city" : "臺北市"}}, {"type" : "Feature", "geometry" : {"type" : "Point", "coordinates" : [121.593382, 25.06947]}, "properties" : {"brand" : "統一超商", "store_name" : "民醫", "address" : "臺北市內湖區民權東路六段123巷22號22之1號", "phone" : "02-87925605", "city" : "臺北市"}}, {"type" : "Feature", "geometry" : {"type" : "Point", "coordinates" : [121.559549, 25.049599]}, "properties" : {"brand" : "統一超商", "store_name" : "京復", "address" : "臺北市松山區光復北路11巷44號", "phone" : "02-27425644", "city" : "臺北市"}}, {"type" : "Feature", "geometry" : {"type" : "Point", "coordinates" : [121.581629, 25.041238]}, "properties" : {"brand" : "統一超商", "store_name" : "春光", "address" : "臺北市信義區大道路9號11號1樓", "phone" : "02-27590205", "city" : "臺北市"}}, {"type" : "Feature", "geometry" : {"type" : "Point", "coordinates" : [121.564697, 25.03347]}, "properties" : {"brand" : "統一超商", "store_name" : "一零一", "address" : "臺北市信義區信義路五段7號35樓", "phone" : "02-27222342", "city" : "臺北市"}}, {"type" : "Feature", "geometry" : {"type" : "Point", "coordinates" : [121.568951, 25.045528]}, "properties" : {"brand" : "統一超商", "store_name" : "革新", "address" : "臺北市信義區永吉路32號34號", "phone" : "02-27688917", "city" : "臺北市"}}, {"type" : "Feature", "geometry" : {"type" : "Point", "coordinates" : [121.470719, 25.126993]}, "properties" : {"brand" : "統一超商", "store_name" : "華碩二", "address" : "臺北市北投區立德路115號3樓", "phone" : "02-28973924", "city" : "臺北市"}}, {"type" : "Feature", "geometry" : {"type" : "Point", "coordinates" : [121.512513, 25.044011]}, "properties" : {"brand" : "統一超商", "store_name" : "慶城", "address" : "臺北市中正區武昌街一段18號1樓", "phone" : "02-23719815", "city" : "臺北市"}}, {"type" : "Feature", "geometry" : {"type" : "Point", "coordinates" : [121.527278, 25.031703]}, "properties" : {"brand" : "統一超商", "store_name" : "愛國", "address" : "臺北市大安區愛國東路75號", "phone" : "02-23584736", "city" : "臺北市"}}, {"type" : "Feature", "geometry" : {"type" : "Point", "coordinates" : [121.514637, 25.119524]}, "properties" : {"brand" : "統一超商", "store_name" : "陽明", "address" : "臺北市北投區立農街二段155號1樓", "phone" : "02-28237542", "city" : "臺北市"}}, {"type" : "Feature", "geometry" : {"type" : "Point", "coordinates" : [121.55154, 25.027425]}, "properties" : {"brand" : "統一超商", "store_name" : "樂和", "address" : "臺北市大安區樂利路29號29-1號", "phone" : "02-87323391", "city" : "臺北市"}}, {"type" : "Feature", "geometry" : {"type" : "Point", "coordinates" : [121.541656, 25.137254]}, "properties" : {"brand" : "統一超商", "store_name" : "文學", "address" : "臺北市士林區光華路26巷10號1樓", "phone" : "02-28613776", "city" : "臺北市"}}, {"type" : "Feature", "geometry" : {"type" : "Point", "coordinates" : [121.54918, 25.02881]}, "properties" : {"brand" : "統一超商", "store_name" : "新東帝", "address" : "臺北市大安區敦化南路二段99號1樓", "phone" : "02-27540987", "city" : "臺北市"}}, {"type" : "Feature", "geometry" : {"type" : "Point", "coordinates" : [121.564913, 25.05119]}, "properties" : {"brand" : "統一超商", "store_name" : "京興", "address" : "臺北市松山區南京東路五段206號1樓", "phone" : "02-27489633", "city" : "臺北市"}}, {"type" : "Feature", "geometry" : {"type" : "Point", "coordinates" : [121.515233, 25.032034]}, "properties" : {"brand" : "統一超商", "store_name" : "南海", "address" : "臺北市中正區南海路50號", "phone" : "02-23962768", "city" : "臺北市"}}, {"type" : "Feature", "geometry" : {"type" : "Point", "coordinates" : [121.568193, 25.028415]}, "properties" : {"brand" : "統一超商", "store_name" : "北府", "address" : "臺北市信義區松仁路162號164號1樓", "phone" : "02-27586295", "city" : "臺北市"}}, {"type" : "Feature", "geometry" : {"type" : "Point", "coordinates" : [121.575648, 25.072863]}, "properties" : {"brand" : "統一超商", "store_name" : "匯陽", "address" : "臺北市內湖區陽光街288號1樓", "phone" : "02-87516846", "city" : "臺北市"}}, {"type" : "Feature", "geometry" : {"type" : "Point", "coordinates" : [121.525085, 25.058118]}, "properties" : {"brand" : "統一超商", "store_name" : "林森北", "address" : "臺北市中山區民生東路一段29、31、33號", "phone" : "02-25314123", "city" : "臺北市"}}, {"type" : "Feature", "geometry" : {"type" : "Point", "coordinates" : [121.505074, 25.089296]}, "properties" : {"brand" : "統一超商", "store_name" : "集鑫", "address" : "臺北市士林區延平北路六段229號231號", "phone" : "02-28113784", "city" : "臺北市"}}, {"type" : "Feature", "geometry" : {"type" : "Point", "coordinates" : [121.56966, 24.987573]}, "properties" : {"brand" : "統一超商", "store_name" : "指南", "address" : "臺北市文山區指南路一段34號36號1樓", "phone" : "02-29363203", "city" : "臺北市"}}, {"type" : "Feature", "geometry" : {"type" : "Point", "coordinates" : [121.549961, 25.038863]}, "properties" : {"brand" : "統一超商", "store_name" : "誠安", "address" : "臺北市大安區敦化南路一段247巷12號1樓", "phone" : "02-27112781", "city" : "臺北市"}}, {"type" : "Feature", "geometry" : {"type" : "Point", "coordinates" : [121.567914, 25.080739]}, "properties" : {"brand" : "統一超商", "store_name" : "瑞寶", "address" : "臺北市內湖區瑞光路583巷27號1樓", "phone" : "02-87512228", "city" : "臺北市"}}, {"type" : "Feature", "geometry" : {"type" : "Point", "coordinates" : [121.546263, 25.05906]}, "properties" : {"brand" : "統一超商", "store_name" : "東復", "address" : "臺北市松山區復興北路313巷25號", "phone" : "02-25472325", "city" : "臺北市"}}, {"type" : "Feature", "geometry" : {"type" : "Point", "coordinates" : [121.566337, 25.025832]}, "properties" : {"brand" : "統一超商", "store_name" : "信醫", "address" : "臺北市信義區吳興街346號348號", "phone" : "02-27229305", "city" : "臺北市"}}, {"type" : "Feature", "geometry" : {"type" : "Point", "coordinates" : [121.508689, 25.084175]}, "properties" : {"brand" : "統一超商", "store_name" : "海光", "address" : "臺北市士林區延平北路五段35號37號39號", "phone" : "02-28167812", "city" : "臺北市"}}, {"type" : "Feature", "geometry" : {"type" : "Point", "coordinates" : [121.561759, 25.040852]}, "properties" : {"brand" : "統一超商", "store_name" : "巨蛋", "address" : "臺北市信義區忠孝東路四段500之2號", "phone" : "02-27589386", "city" : "臺北市"}}, {"type" : "Feature", "geometry" : {"type" : "Point", "coordinates" : [121.471177, 25.124974]}, "properties" : {"brand" : "統一超商", "store_name" : "和碩", "address" : "臺北市北投區立德路15號1樓", "phone" : "02-28919409", "city" : "臺北市"}}, {"type" : "Feature", "geometry" : {"type" : "Point", "coordinates" : [121.53753, 25.112359]}, "properties" : {"brand" : "統一超商", "store_name" : "德芝", "address" : "臺北市士林區士東路266巷5弄18號20號1樓", "phone" : "02-28347532", "city" : "臺北市"}}, {"type" : "Feature", "geometry" : {"type" : "Point", "coordinates" : [121.577392, 25.047274]}, "properties" : {"brand" : "統一超商", "store_name" : "開源", "address" : "臺北市信義區松山路136號138號", "phone" : "02-27627486", "city" : "臺北市"}}, {"type" : "Feature", "geometry" : {"type" : "Point", "coordinates" : [121.573209, 25.078816]}, "properties" : {"brand" : "統一超商", "store_name" : "德馨", "address" : "臺北市內湖區洲子街46號", "phone" : "02-87511020", "city" : "臺北市"}}, {"type" : "Feature", "geometry" : {"type" : "Point", "coordinates" : [121.566461, 25.08006]}, "properties" : {"brand" : "統一超商", "store_name" : "瑞鑫", "address" : "臺北市內湖區瑞光路580號", "phone" : "02-26579574", "city" : "臺北市"}}, {"type" : "Feature", "geometry" : {"type" : "Point", "coordinates" : [121.502494, 25.028075]}, "properties" : {"brand" : "統一超商", "store_name" : "國雙", "address" : "臺北市萬華區西藏路125巷17號及129-9號", "phone" : "02-23390812", "city" : "臺北市"}}, {"type" : "Feature", "geometry" : {"type" : "Point", "coordinates" : [121.600828, 25.057137]}, "properties" : {"brand" : "統一超商", "store_name" : "慈愛", "address" : "臺北市南港區重陽路164號", "phone" : "02-26513567", "city" : "臺北市"}}, {"type" : "Feature", "geometry" : {"type" : "Point", "coordinates" : [121.52191, 25.10984]}, "properties" : {"brand" : "統一超商", "store_name" : "明德", "address" : "臺北市北投區明德路114號", "phone" : "02-28220224", "city" : "臺北市"}}, {"type" : "Feature", "geometry" : {"type" : "Point", "coordinates" : [121.547565, 25.053465]}, "properties" : {"brand" : "統一超商", "store_name" : "國京", "address" : "臺北市中山區南京東路三段21號1樓", "phone" : "02-25075809", "city" : "臺北市"}}, {"type" : "Feature", "geometry" : {"type" : "Point", "coordinates" : [121.495269, 25.023779]}, "properties" : {"brand" : "統一超商", "store_name" : "寶昌", "address" : "臺北市萬華區寶興街184號186號", "phone" : "02-23045536", "city" : "臺北市"}}, {"type" : "Feature", "geometry" : {"type" : "Point", "coordinates" : [121.491562, 25.032064]}, "properties" : {"brand" : "統一超商", "store_name" : "雙環", "address" : "臺北市萬華區環河南路二段207號", "phone" : "02-23361021", "city" : "臺北市"}}, {"type" : "Feature", "geometry" : {"type" : "Point", "coordinates" : [121.518459, 25.094758]}, "properties" : {"brand" : "統一超商", "store_name" : "豐基", "address" : "臺北市士林區基河路368號370號", "phone" : "02-28344187", "city" : "臺北市"}}, {"type" : "Feature", "geometry" : {"type" : "Point", "coordinates" : [121.515114, 25.050381]}, "properties" : {"brand" : "統一超商", "store_name" : "鑫太原", "address" : "臺北市大同區太原路40號42號44號", "phone" : "02-25591974", "city" : "臺北市"}}, {"type" : "Feature", "geometry" : {"type" : "Point", "coordinates" : [121.576664, 25.049877]}, "properties" : {"brand" : "統一超商", "store_name" : "松鑽", "address" : "臺北市松山區八德路四段686號", "phone" : "02-27457876", "city" : "臺北市"}}, {"type" : "Feature", "geometry" : {"type" : "Point", "coordinates" : [121.529412, 25.101686]}, "properties" : {"brand" : "統一超商", "store_name" : "至誠", "address" : "臺北市士林區至誠路二段31號", "phone" : "02-28359740", "city" : "臺北市"}}, {"type" : "Feature", "geometry" : {"type" : "Point", "coordinates" : [121.533857, 25.05131]}, "properties" : {"brand" : "統一超商", "store_name" : "吉鑫", "address" : "臺北市中山區南京東路二段11號1樓", "phone" : "02-25420316", "city" : "臺北市"}}, {"type" : "Feature", "geometry" : {"type" : "Point", "coordinates" : [121.532251, 25.052121]}, "properties" : {"brand" : "統一超商", "store_name" : "京山", "address" : "臺北市中山區南京東路二段100號1樓", "phone" : "02-25377819", "city" : "臺北市"}}, {"type" : "Feature", "geometry" : {"type" : "Point", "coordinates" : [121.576365, 25.084164]}, "properties" : {"brand" : "統一超商", "store_name" : "環金", "address" : "臺北市內湖區環山路二段123號125號1樓", "phone" : "02-87977343", "city" : "臺北市"}}, {"type" : "Feature", "geometry" : {"type" : "Point", "coordinates" : [121.523356, 25.122271]}, "properties" : {"brand" : "統一超商", "store_name" : "行義", "address" : "臺北市北投區石牌路二段348巷1號3號1樓", "phone" : "02-28728452", "city" : "臺北市"}}, {"type" : "Feature", "geometry" : {"type" : "Point", "coordinates" : [121.568897, 24.986703]}, "properties" : {"brand" : "統一超商", "store_name" : "文山", "address" : "臺北市文山區永安街22巷23號25號1樓", "phone" : "02-29368284", "city" : "臺北市"}}, {"type" : "Feature", "geometry" : {"type" : "Point", "coordinates" : [121.526076, 25.09552]}, "properties" : {"brand" : "統一超商", "store_name" : "福榮", "address" : "臺北市士林區中正路220號222號", "phone" : "02-28330676", "city" : "臺北市"}}, {"type" : "Feature", "geometry" : {"type" : "Point", "coordinates" : [121.500691, 25.038811]}, "properties" : {"brand" : "統一超商", "store_name" : "欣昌", "address" : "臺北市萬華區西昌街177號179號179-1號", "phone" : "02-23313572", "city" : "臺北市"}}, {"type" : "Feature", "geometry" : {"type" : "Point", "coordinates" : [121.517639, 25.105638]}, "properties" : {"brand" : "統一超商", "store_name" : "新豪美", "address" : "臺北市北投區文林北路98號100號", "phone" : "02-28233553", "city" : "臺北市"}}, {"type" : "Feature", "geometry" : {"type" : "Point", "coordinates" : [121.543364, 25.025122]}, "properties" : {"brand" : "統一超商", "store_name" : "喜悅", "address" : "臺北市大安區復興南路二段82-1及82-2號", "phone" : "02-27067601", "city" : "臺北市"}}, {"type" : "Feature", "geometry" : {"type" : "Point", "coordinates" : [121.525682, 25.059698]}, "properties" : {"brand" : "統一超商", "store_name" : "京都", "address" : "臺北市中山區林森北路411號", "phone" : "02-25636575", "city" : "臺北市"}}, {"type" : "Feature", "geometry" : {"type" : "Point", "coordinates" : [121.575421, 25.033114]}, "properties" : {"brand" : "統一超商", "store_name" : "嘉馥", "address" : "臺北市信義區信義路六段21號23號1樓", "phone" : "02-23461308", "city" : "臺北市"}}, {"type" : "Feature", "geometry" : {"type" : "Point", "coordinates" : [121.60568, 25.056883]}, "properties" : {"brand" : "統一超商", "store_name" : "港興", "address" : "臺北市南港區興華路117號119號121號123號125號", "phone" : "02-26516380", "city" : "臺北市"}}, {"type" : "Feature", "geometry" : {"type" : "Point", "coordinates" : [121.599662, 25.085098]}, "properties" : {"brand" : "統一超商", "store_name" : "成湖", "address" : "臺北市內湖區成功路四段346號", "phone" : "02-87910570", "city" : "臺北市"}}, {"type" : "Feature", "geometry" : {"type" : "Point", "coordinates" : [121.526608, 25.049185]}, "properties" : {"brand" : "統一超商", "store_name" : "鑫長安", "address" : "臺北市中山區長安東路一段53巷1之3號", "phone" : "02-25813841", "city" : "臺北市"}}, {"type" : "Feature", "geometry" : {"type" : "Point", "coordinates" : [121.499303, 25.03388]}, "properties" : {"brand" : "統一超商", "store_name" : "凱富", "address" : "臺北市萬華區西園路一段278號1樓", "phone" : "02-23024836", "city" : "臺北市"}}, {"type" : "Feature", "geometry" : {"type" : "Point", "coordinates" : [121.591714, 25.039351]}, "properties" : {"brand" : "統一超商", "store_name" : "港德", "address" : "臺北市南港區福德街373巷25號1樓", "phone" : "02-27857774", "city" : "臺北市"}}, {"type" : "Feature", "geometry" : {"type" : "Point", "coordinates" : [121.513833, 25.045098]}, "properties" : {"brand" : "統一超商", "store_name" : "鑫華福", "address" : "臺北市中正區漢口街一段36號1樓", "phone" : "02-23826193", "city" : "臺北市"}}, {"type" : "Feature", "geometry" : {"type" : "Point", "coordinates" : [121.531581, 25.051249]}, "properties" : {"brand" : "統一超商", "store_name" : "鑫東一", "address" : "臺北市中山區一江街11號13號", "phone" : "02-25815255", "city" : "臺北市"}}, {"type" : "Feature", "geometry" : {"type" : "Point", "coordinates" : [121.577614, 25.065237]}, "properties" : {"brand" : "統一超商", "store_name" : "華經", "address" : "臺北市內湖區行忠路30號", "phone" : "02-27906651", "city" : "臺北市"}}, {"type" : "Feature", "geometry" : {"type" : "Point", "coordinates" : [121.546277, 25.093076]}, "properties" : {"brand" : "統一超商", "store_name" : "東吳", "address" : "臺北市士林區臨溪路70號", "phone" : "02-28835820", "city" : "臺北市"}}, {"type" : "Feature", "geometry" : {"type" : "Point", "coordinates" : [121.585877, 25.038747]}, "properties" : {"brand" : "統一超商", "store_name" : "留公", "address" : "臺北市信義區福德街247號249號", "phone" : "02-27591442", "city" : "臺北市"}}, {"type" : "Feature", "geometry" : {"type" : "Point", "coordinates" : [121.499345, 25.130072]}, "properties" : {"brand" : "統一超商", "store_name" : "西安", "address" : "臺北市北投區大興街44號46號1樓", "phone" : "02-28949299", "city" : "臺北市"}}, {"type" : "Feature", "geometry" : {"type" : "Point", "coordinates" : [121.599432, 25.088482]}, "properties" : {"brand" : "統一超商", "store_name" : "長鴻", "address" : "臺北市內湖區大湖山莊街219巷6號8號1樓", "phone" : "02-87910970", "city" : "臺北市"}}, {"type" : "Feature", "geometry" : {"type" : "Point", "coordinates" : [121.506777, 25.117512]}, "properties" : {"brand" : "統一超商", "store_name" : "鐏賢", "address" : "臺北市北投區尊賢街247號247號之1號1樓", "phone" : "02-28272331", "city" : "臺北市"}}, {"type" : "Feature", "geometry" : {"type" : "Point", "coordinates" : [121.506731, 25.139972]}, "properties" : {"brand" : "統一超商", "store_name" : "泉源", "address" : "臺北市北投區泉源路30號地下一樓", "phone" : "02-28975244", "city" : "臺北市"}}, {"type" : "Feature", "geometry" : {"type" : "Point", "coordinates" : [121.500658, 25.137107]}, "properties" : {"brand" : "統一超商", "store_name" : "雙全", "address" : "臺北市北投區中庸里大業路715-717號", "phone" : "02-28940338", "city" : "臺北市"}}, {"type" : "Feature", "geometry" : {"type" : "Point", "coordinates" : [121.546909, 25.026602]}, "properties" : {"brand" : "統一超商", "store_name" : "合億", "address" : "臺北市大安區和平東路三段1巷51號1樓", "phone" : "02-27014931", "city" : "臺北市"}}, {"type" : "Feature", "geometry" : {"type" : "Point", "coordinates" : [121.524099, 25.097268]}, "properties" : {"brand" : "統一超商", "store_name" : "丹樺", "address" : "臺北市士林區文林路530號", "phone" : "02-28314649", "city" : "臺北市"}}, {"type" : "Feature", "geometry" : {"type" : "Point", "coordinates" : [121.583183, 25.06455]}, "properties" : {"brand" : "統一超商", "store_name" : "全球", "address" : "臺北市內湖區新湖二路329號1樓", "phone" : "02-87927149", "city" : "臺北市"}}, {"type" : "Feature", "geometry" : {"type" : "Point", "coordinates" : [121.51855, 25.065249]}, "properties" : {"brand" : "統一超商", "store_name" : "三德", "address" : "臺北市大同區承德路三段55號57號1樓", "phone" : "02-25955432", "city" : "臺北市"}}, {"type" : "Feature", "geometry" : {"type" : "Point", "coordinates" : [121.525987, 25.107483]}, "properties" : {"brand" : "統一超商", "store_name" : "新忠誠", "address" : "臺北市士林區中山北路六段18號20號1樓", "phone" : "02-28314978", "city" : "臺北市"}}, {"type" : "Feature", "geometry" : {"type" : "Point", "coordinates" : [121.622085, 25.075772]}, "properties" : {"brand" : "統一超商", "store_name" : "瓏馬", "address" : "臺北市內湖區康樂街213號", "phone" : "02-26342774", "city" : "臺北市"}}, {"type" : "Feature", "geometry" : {"type" : "Point", "coordinates" : [121.555907, 25.083572]}, "properties" : {"brand" : "統一超商", "store_name" : "薇美", "address" : "臺北市中山區敬業三路11號1樓", "phone" : "02-85026219", "city" : "臺北市"}}, {"type" : "Feature", "geometry" : {"type" : "Point", "coordinates" : [121.582268, 25.04123]}, "properties" : {"brand" : "統一超商", "store_name" : "廣慈", "address" : "臺北市信義區大道路115號117號1樓", "phone" : "02-27269140", "city" : "臺北市"}}, {"type" : "Feature", "geometry" : {"type" : "Point", "coordinates" : [121.54068, 25.048216]}, "properties" : {"brand" : "統一超商", "store_name" : "鑫安江", "address" : "臺北市中山區長安東路二段178號178-1號1樓", "phone" : "02-27774809", "city" : "臺北市"}}, {"type" : "Feature", "geometry" : {"type" : "Point", "coordinates" : [121.595021, 25.079837]}, "properties" : {"brand" : "統一超商", "store_name" : "金雲", "address" : "臺北市內湖區星雲街136號", "phone" : "02-27945804", "city" : "臺北市"}}, {"type" : "Feature", "geometry" : {"type" : "Point", "coordinates" : [121.513648, 25.117737]}, "properties" : {"brand" : "全家", "store_name" : "東華店", "address" : "112台灣臺北市北投區東華街二段88號", "phone" : "02-28232256", "city" : "臺北市"}}, {"type" : "Feature", "geometry" : {"type" : "Point", "coordinates" : [121.526427, 25.120351]}, "properties" : {"brand" : "全家", "store_name" : "新磺溪店", "address" : "111台灣臺北市士林區天母西路40號", "phone" : "02-28767673", "city" : "臺北市"}}, {"type" : "Feature", "geometry" : {"type" : "Point", "coordinates" : [121.500523, 25.125833]}, "properties" : {"brand" : "全家", "store_name" : "中央南路店", "address" : "112030台灣臺北市北投區中央南路二段15號, 1樓", "phone" : "02-28911712", "city" : "臺北市"}}, {"type" : "Feature", "geometry" : {"type" : "Point", "coordinates" : [121.501189, 25.126232]}, "properties" : {"brand" : "全家", "store_name" : "崇合店", "address" : "臺北市北投區清江里三合街二段487號1樓", "phone" : "02-28972076", "city" : "臺北市"}}, {"type" : "Feature", "geometry" : {"type" : "Point", "coordinates" : [121.540403, 25.137522]}, "properties" : {"brand" : "全家", "store_name" : "新文大店", "address" : "111台灣臺北市士林區華岡路55號", "phone" : "02-28620079", "city" : "臺北市"}}, {"type" : "Feature", "geometry" : {"type" : "Point", "coordinates" : [121.467014, 25.120388]}, "properties" : {"brand" : "全家", "store_name" : "新知行店", "address" : "112台灣臺北市北投區知行路237號", "phone" : "02-28586738", "city" : "臺北市"}}, {"type" : "Feature", "geometry" : {"type" : "Point", "coordinates" : [121.484509, 25.138973]}, "properties" : {"brand" : "全家", "store_name" : "新復興崗店", "address" : "臺北市北投區中央北路三段4號1樓", "phone" : "02-28910617", "city" : "臺北市"}}, {"type" : "Feature", "geometry" : {"type" : "Point", "coordinates" : [121.524982, 25.104988]}, "properties" : {"brand" : "全家", "store_name" : "仰德大樓店", "address" : "臺北市士林區中山北路六段88號", "phone" : "02-28383850", "city" : "臺北市"}}, {"type" : "Feature", "geometry" : {"type" : "Point", "coordinates" : [121.527966, 25.115071]}, "properties" : {"brand" : "全家", "store_name" : "榮富店", "address" : "臺北市士林區中山北路六段７２６號北側", "phone" : "02-28768631", "city" : "臺北市"}}, {"type" : "Feature", "geometry" : {"type" : "Point", "coordinates" : [121.495173, 25.136809]}, "properties" : {"brand" : "全家", "store_name" : "文化店", "address" : "112018台灣臺北市北投區中央北路二段97號1樓", "phone" : "02-28976316", "city" : "臺北市"}}, {"type" : "Feature", "geometry" : {"type" : "Point", "coordinates" : [121.506336, 25.120465]}, "properties" : {"brand" : "全家", "store_name" : "唭哩店", "address" : "臺北市北投區西安街二段283號", "phone" : "02-28219568", "city" : "臺北市"}}, {"type" : "Feature", "geometry" : {"type" : "Point", "coordinates" : [121.472433, 25.124173]}, "properties" : {"brand" : "全家", "store_name" : "關渡慈濟店", "address" : "112台灣臺北市北投區立德路8號二", "phone" : "02-23820683", "city" : "臺北市"}}, {"type" : "Feature", "geometry" : {"type" : "Point", "coordinates" : [121.525442, 25.108924]}, "properties" : {"brand" : "全家", "store_name" : "天強店", "address" : "111台灣臺北市士林區中山北路六段238號壹樓", "phone" : "02-28317990", "city" : "臺北市"}}, {"type" : "Feature", "geometry" : {"type" : "Point", "coordinates" : [121.537535, 25.112309]}, "properties" : {"brand" : "全家", "store_name" : "芝玉店", "address" : "臺北市士林區士東路266巷5弄16號", "phone" : "02-28343943", "city" : "臺北市"}}, {"type" : "Feature", "geometry" : {"type" : "Point", "coordinates" : [121.529189, 25.102168]}, "properties" : {"brand" : "全家", "store_name" : "致昇店", "address" : "臺北市士林區雨聲街36號1樓", "phone" : "02-28385392", "city" : "臺北市"}}, {"type" : "Feature", "geometry" : {"type" : "Point", "coordinates" : [121.525481, 25.090092]}, "properties" : {"brand" : "全家", "store_name" : "大東店", "address" : "臺北市士林區大東路63號1樓", "phone" : "02-28834125", "city" : "臺北市"}}, {"type" : "Feature", "geometry" : {"type" : "Point", "coordinates" : [121.562997, 25.080427]}, "properties" : {"brand" : "全家", "store_name" : "新瑞店", "address" : "臺北市內湖區堤頂大道2段407巷26號一樓", "phone" : "02-26592842", "city" : "臺北市"}}, {"type" : "Feature", "geometry" : {"type" : "Point", "coordinates" : [121.506314, 25.092133]}, "properties" : {"brand" : "全家", "store_name" : "鑫社店", "address" : "臺北市士林區社中街280號1樓及2樓", "phone" : "02-28112859", "city" : "臺北市"}}, {"type" : "Feature", "geometry" : {"type" : "Point", "coordinates" : [121.520905, 25.088406]}, "properties" : {"brand" : "全家", "store_name" : "華港店", "address" : "111台灣臺北市士林區大南路231號", "phone" : "02-28810722", "city" : "臺北市"}}, {"type" : "Feature", "geometry" : {"type" : "Point", "coordinates" : [121.530631, 25.121873]}, "properties" : {"brand" : "全家", "store_name" : "金天玉店", "address" : "臺北市士林區中山北路七段81巷8號1樓", "phone" : "02-28724513", "city" : "臺北市"}}, {"type" : "Feature", "geometry" : {"type" : "Point", "coordinates" : [121.483424, 25.10585]}, "properties" : {"brand" : "全家", "store_name" : "社子島店", "address" : "臺北市士林區延平北路八段105號1樓", "phone" : "02-28105039", "city" : "臺北市"}}, {"type" : "Feature", "geometry" : {"type" : "Point", "coordinates" : [121.517628, 25.089097]}, "properties" : {"brand" : "全家", "store_name" : "新天地店", "address" : "臺北市士林區大南路346號1樓", "phone" : "02-28811327", "city" : "臺北市"}}, {"type" : "Feature", "geometry" : {"type" : "Point", "coordinates" : [121.593399, 25.079486]}, "properties" : {"brand" : "全家", "store_name" : "康雲店", "address" : "114台灣臺北市內湖區康寧路一段116號及", "phone" : "02-27940805", "city" : "臺北市"}}, {"type" : "Feature", "geometry" : {"type" : "Point", "coordinates" : [121.576036, 25.075482]}, "properties" : {"brand" : "全家", "store_name" : "瑞豐店", "address" : "114台灣臺北市內湖區瑞光路220號", "phone" : "02-87514934", "city" : "臺北市"}}, {"type" : "Feature", "geometry" : {"type" : "Point", "coordinates" : [121.574276, 25.076496]}, "properties" : {"brand" : "全家", "store_name" : "瑞亞店", "address" : "114台灣臺北市內湖區瑞光路302號, 1樓", "phone" : "02-26573023", "city" : "臺北市"}}, {"type" : "Feature", "geometry" : {"type" : "Point", "coordinates" : [121.612153, 25.072172]}, "properties" : {"brand" : "全家", "store_name" : "東茂店", "address" : "114台灣臺北市內湖區康寧路三段189巷12號1樓", "phone" : "02-26317208", "city" : "臺北市"}}, {"type" : "Feature", "geometry" : {"type" : "Point", "coordinates" : [121.59729, 25.067722]}, "properties" : {"brand" : "全家", "store_name" : "內華店", "address" : "114台灣臺北市內湖區民權東路六段162號", "phone" : "02-27911354", "city" : "臺北市"}}, {"type" : "Feature", "geometry" : {"type" : "Point", "coordinates" : [121.587389, 25.062889]}, "properties" : {"brand" : "全家", "store_name" : "金莊店", "address" : "臺北市內湖區石潭路67號1樓", "phone" : "02-27941829", "city" : "臺北市"}}, {"type" : "Feature", "geometry" : {"type" : "Point", "coordinates" : [121.570283, 25.080067]}, "properties" : {"brand" : "全家", "store_name" : "瑞湖店", "address" : "114台灣臺北市內湖區瑞光路513巷39號1", "phone" : "02-87524016", "city" : "臺北市"}}, {"type" : "Feature", "geometry" : {"type" : "Point", "coordinates" : [121.591979, 25.071802]}, "properties" : {"brand" : "全家", "store_name" : "新三總店", "address" : "114台灣臺北市內湖區成功路二段325號", "phone" : "02-87917684", "city" : "臺北市"}}, {"type" : "Feature", "geometry" : {"type" : "Point", "coordinates" : [121.572938, 25.07947]}, "properties" : {"brand" : "全家", "store_name" : "內科店", "address" : "11493台灣臺北市內湖區洲子街61號1號樓（部份", "phone" : "02-87511523", "city" : "臺北市"}}, {"type" : "Feature", "geometry" : {"type" : "Point", "coordinates" : [121.592498, 25.082717]}, "properties" : {"brand" : "全家", "store_name" : "德湖店", "address" : "114臺北市內湖區成功路四段62號及B1", "phone" : "02-87923344", "city" : "臺北市"}}, {"type" : "Feature", "geometry" : {"type" : "Point", "coordinates" : [121.537336, 25.060172]}, "properties" : {"brand" : "全家", "store_name" : "建錦店", "address" : "104台灣臺北市中山區建國北路二段131號號1樓", "phone" : "02-2506-5447", "city" : "臺北市"}}, {"type" : "Feature", "geometry" : {"type" : "Point", "coordinates" : [121.534919, 25.064795]}, "properties" : {"brand" : "全家", "store_name" : "農安店", "address" : "104-91台灣臺北市中山區農安街249號", "phone" : "02-25042520", "city" : "臺北市"}}, {"type" : "Feature", "geometry" : {"type" : "Point", "coordinates" : [121.542324, 25.056199]}, "properties" : {"brand" : "全家", "store_name" : "興安店", "address" : "臺北市中山區興安街57號", "phone" : "02-25052013", "city" : "臺北市"}}, {"type" : "Feature", "geometry" : {"type" : "Point", "coordinates" : [121.535887, 25.058114]}, "properties" : {"brand" : "全家", "store_name" : "民佳店", "address" : "104台灣臺北市中山區民生東路二段155號1樓", "phone" : "02-25038763", "city" : "臺北市"}}, {"type" : "Feature", "geometry" : {"type" : "Point", "coordinates" : [121.540351, 25.052645]}, "properties" : {"brand" : "全家", "store_name" : "龍京店", "address" : "104台灣臺北市中山區龍江路102號, 1樓", "phone" : "02-25082793", "city" : "臺北市"}}, {"type" : "Feature", "geometry" : {"type" : "Point", "coordinates" : [121.525611, 25.067596]}, "properties" : {"brand" : "全家", "store_name" : "新林森店", "address" : "10403-9台灣臺北市中山區林森北路630號, 1樓", "phone" : "02-25977209", "city" : "臺北市"}}, {"type" : "Feature", "geometry" : {"type" : "Point", "coordinates" : [121.53639, 25.051253]}, "properties" : {"brand" : "全家", "store_name" : "建國北路店", "address" : "104台灣臺北市中山區建國北路一段146號1樓", "phone" : "02-25170327", "city" : "臺北市"}}, {"type" : "Feature", "geometry" : {"type" : "Point", "coordinates" : [121.533489, 25.066717]}, "properties" : {"brand" : "全家", "store_name" : "松國店", "address" : "臺北市中山區松江路473號1樓", "phone" : "02-25024147", "city" : "臺北市"}}, {"type" : "Feature", "geometry" : {"type" : "Point", "coordinates" : [121.521259, 25.06252]}, "properties" : {"brand" : "全家", "store_name" : "中山民權店", "address" : "臺北市中山區民權西路38之1號1樓", "phone" : "02-25113070", "city" : "臺北市"}}, {"type" : "Feature", "geometry" : {"type" : "Point", "coordinates" : [121.53317, 25.064762]}, "properties" : {"brand" : "全家", "store_name" : "明水店", "address" : "10404-8台灣臺北市中山區明水路581巷11號1樓", "phone" : "02-85097543", "city" : "臺北市"}}, {"type" : "Feature", "geometry" : {"type" : "Point", "coordinates" : [121.543742, 25.054474]}, "properties" : {"brand" : "全家", "store_name" : "春北店", "address" : "104台灣臺北市中山區長春路410號號1樓", "phone" : "02-87707194", "city" : "臺北市"}}, {"type" : "Feature", "geometry" : {"type" : "Point", "coordinates" : [121.510424, 25.064147]}, "properties" : {"brand" : "全家", "store_name" : "民權西路店", "address" : "104026台灣臺北市中山區民權西路35號, 1樓", "phone" : "02-25994884", "city" : "臺北市"}}, {"type" : "Feature", "geometry" : {"type" : "Point", "coordinates" : [121.543928, 25.060398]}, "properties" : {"brand" : "全家", "store_name" : "金復店", "address" : "臺北市中山區復興北路356號1樓", "phone" : "02-28924021", "city" : "臺北市"}}, {"type" : "Feature", "geometry" : {"type" : "Point", "coordinates" : [121.520318, 25.060036]}, "properties" : {"brand" : "全家", "store_name" : "錦西店", "address" : "104-91台灣臺北市中山區錦西街8號", "phone" : "02-25673231", "city" : "臺北市"}}, {"type" : "Feature", "geometry" : {"type" : "Point", "coordinates" : [121.536294, 25.068249]}, "properties" : {"brand" : "全家", "store_name" : "欣濱江店", "address" : "臺北市中山區建國北路三段111號1樓", "phone" : "02-25159357", "city" : "臺北市"}}, {"type" : "Feature", "geometry" : {"type" : "Point", "coordinates" : [121.530801, 25.057467]}, "properties" : {"brand" : "全家", "store_name" : "松茂店", "address" : "104臺北市中山區松江路127-1號", "phone" : "02-25028713", "city" : "臺北市"}}, {"type" : "Feature", "geometry" : {"type" : "Point", "coordinates" : [121.52272, 25.053209]}, "properties" : {"brand" : "全家", "store_name" : "中賓店", "address" : "104臺北市中山區中山北路二段59之3號", "phone" : "02-25230023", "city" : "臺北市"}}, {"type" : "Feature", "geometry" : {"type" : "Point", "coordinates" : [121.524304, 25.057934]}, "properties" : {"brand" : "全家", "store_name" : "福泰店", "address" : "104台灣臺北市中山區民生東路一段36號號1樓", "phone" : "02-25413026", "city" : "臺北市"}}, {"type" : "Feature", "geometry" : {"type" : "Point", "coordinates" : [121.525385, 25.061702]}, "properties" : {"brand" : "全家", "store_name" : "台鑫店", "address" : "104-91台灣臺北市中山區中山北路二段44號部 份", "phone" : "02-25118851", "city" : "臺北市"}}, {"type" : "Feature", "geometry" : {"type" : "Point", "coordinates" : [121.517057, 25.062732]}, "properties" : {"brand" : "全家", "store_name" : "權澤店", "address" : "103台灣臺北市大同區民權西路110號及", "phone" : "02-25506916", "city" : "臺北市"}}, {"type" : "Feature", "geometry" : {"type" : "Point", "coordinates" : [121.520699, 25.048494]}, "properties" : {"brand" : "全家", "store_name" : "市民店", "address" : "臺北市中山區中山北路一段58號", "phone" : "02-25638109", "city" : "臺北市"}}, {"type" : "Feature", "geometry" : {"type" : "Point", "coordinates" : [121.515808, 25.062765]}, "properties" : {"brand" : "全家", "store_name" : "福澤店", "address" : "臺北市大同區民權西路146號", "phone" : "02-25572577", "city" : "臺北市"}}, {"type" : "Feature", "geometry" : {"type" : "Point", "coordinates" : [121.524841, 25.056596]}, "properties" : {"brand" : "全家", "store_name" : "東南店", "address" : "104-91台灣臺北市中山區中山北路二段60號", "phone" : "02-25317972", "city" : "臺北市"}}, {"type" : "Feature", "geometry" : {"type" : "Point", "coordinates" : [121.510803, 25.070518]}, "properties" : {"brand" : "全家", "store_name" : "龍泉店", "address" : "臺北市大同區延平北路四段62號1樓", "phone" : "02-85961664", "city" : "臺北市"}}, {"type" : "Feature", "geometry" : {"type" : "Point", "coordinates" : [121.52536, 25.051562]}, "properties" : {"brand" : "全家", "store_name" : "復林店", "address" : "104-91台灣臺北市中山區林森北路149號", "phone" : "02-25230478", "city" : "臺北市"}}, {"type" : "Feature", "geometry" : {"type" : "Point", "coordinates" : [121.518178, 25.071818]}, "properties" : {"brand" : "全家", "store_name" : "酒泉店", "address" : "臺北市大同區庫倫街48之4號", "phone" : "02-25929575", "city" : "臺北市"}}, {"type" : "Feature", "geometry" : {"type" : "Point", "coordinates" : [121.52321, 25.052838]}, "properties" : {"brand" : "全家", "store_name" : "柯達飯店", "address" : "104-91台灣臺北市中山區中山北路二段11巷1號", "phone" : "02-25417813", "city" : "臺北市"}}, {"type" : "Feature", "geometry" : {"type" : "Point", "coordinates" : [121.563218, 25.057458]}, "properties" : {"brand" : "全家", "store_name" : "京民店", "address" : "105台灣臺北市松山區三民路6號", "phone" : "02-27422080", "city" : "臺北市"}}, {"type" : "Feature", "geometry" : {"type" : "Point", "coordinates" : [121.54506, 25.063459]}, "properties" : {"brand" : "全家", "store_name" : "興北店", "address" : "臺北市松山區民權東路三段103巷15—1號", "phone" : "02-27150977", "city" : "臺北市"}}, {"type" : "Feature", "geometry" : {"type" : "Point", "coordinates" : [121.551994, 25.058108]}, "properties" : {"brand" : "全家", "store_name" : "中央店", "address" : "臺北市松山區民生東路四段95號", "phone" : "02-25460351", "city" : "臺北市"}}, {"type" : "Feature", "geometry" : {"type" : "Point", "coordinates" : [121.562503, 25.059052]}, "properties" : {"brand" : "全家", "store_name" : "松民店", "address" : "臺北市松山區民生東路五段159號", "phone" : "02-37652608", "city" : "臺北市"}}, {"type" : "Feature", "geometry" : {"type" : "Point", "coordinates" : [121.553929, 25.051435]}, "properties" : {"brand" : "全家", "store_name" : "京盛店", "address" : "105台灣臺北市松山區南京東路四段56號", "phone" : "02-25795737", "city" : "臺北市"}}, {"type" : "Feature", "geometry" : {"type" : "Point", "coordinates" : [121.549521, 25.054138]}, "properties" : {"brand" : "全家", "store_name" : "宏勝店", "address" : "臺北市松山區敦化北路153號1樓", "phone" : "02-25455887", "city" : "臺北市"}}, {"type" : "Feature", "geometry" : {"type" : "Point", "coordinates" : [121.56267, 25.04941]}, "properties" : {"brand" : "全家", "store_name" : "新大吉店", "address" : "臺北市松山區吉祥路19號", "phone" : "02-27489223", "city" : "臺北市"}}, {"type" : "Feature", "geometry" : {"type" : "Point", "coordinates" : [121.550859, 25.051901]}, "properties" : {"brand" : "全家", "store_name" : "京鑽店", "address" : "105台灣臺北市松山區南京東路四段47號壹樓", "phone" : "02-25460775", "city" : "臺北市"}}, {"type" : "Feature", "geometry" : {"type" : "Point", "coordinates" : [121.54491, 25.04859]}, "properties" : {"brand" : "全家", "store_name" : "長復店", "address" : "臺北市松山區長安東路二段219號", "phone" : "02-27500001", "city" : "臺北市"}}, {"type" : "Feature", "geometry" : {"type" : "Point", "coordinates" : [121.564085, 25.054336]}, "properties" : {"brand" : "全家", "store_name" : "民康店", "address" : "105台灣臺北市松山區健康路285號號1樓", "phone" : "02-27457090", "city" : "臺北市"}}, {"type" : "Feature", "geometry" : {"type" : "Point", "coordinates" : [121.549803, 25.054206]}, "properties" : {"brand" : "全家", "store_name" : "宏大店", "address" : "105017台灣臺北市松山區敦化北路155巷3號, 1樓", "phone" : "02-27183704", "city" : "臺北市"}}, {"type" : "Feature", "geometry" : {"type" : "Point", "coordinates" : [121.550043, 25.036809]}, "properties" : {"brand" : "全家", "store_name" : "敦新店", "address" : "106台灣臺北市大安區仁愛路四段112巷5號一", "phone" : "02-27057671", "city" : "臺北市"}}, {"type" : "Feature", "geometry" : {"type" : "Point", "coordinates" : [121.547801, 25.028108]}, "properties" : {"brand" : "全家", "store_name" : "安賢店", "address" : "106台灣臺北市大安區四維路170巷4號", "phone" : "02-27074252", "city" : "臺北市"}}, {"type" : "Feature", "geometry" : {"type" : "Point", "coordinates" : [121.549316, 25.030188]}, "properties" : {"brand" : "全家", "store_name" : "敦鼎店", "address" : "106台灣臺北市大安區敦化南路二段77號1樓", "phone" : "02-27018593", "city" : "臺北市"}}, {"type" : "Feature", "geometry" : {"type" : "Point", "coordinates" : [121.556297, 25.033041]}, "properties" : {"brand" : "全家", "store_name" : "義安店", "address" : "106台灣臺北市大安區信義路四段88號", "phone" : "02-27015844", "city" : "臺北市"}}, {"type" : "Feature", "geometry" : {"type" : "Point", "coordinates" : [121.543944, 25.039103]}, "properties" : {"brand" : "全家", "store_name" : "興仁店", "address" : "106台灣臺北市大安區復興南路一段217號", "phone" : "02-87732350", "city" : "臺北市"}}, {"type" : "Feature", "geometry" : {"type" : "Point", "coordinates" : [121.554206, 25.03378]}, "properties" : {"brand" : "全家", "store_name" : "義和店", "address" : "臺北市大安區信義路四段265巷8號", "phone" : "02-27047661", "city" : "臺北市"}}, {"type" : "Feature", "geometry" : {"type" : "Point", "coordinates" : [121.545074, 25.025612]}, "properties" : {"brand" : "全家", "store_name" : "成功店", "address" : "臺北市大安區和平東路二段311巷32號", "phone" : "02-27550428", "city" : "臺北市"}}, {"type" : "Feature", "geometry" : {"type" : "Point", "coordinates" : [121.553049, 25.039583]}, "properties" : {"brand" : "全家", "store_name" : "延吉店", "address" : "臺北市大安區忠孝東路四段216巷31號", "phone" : "02-27412630", "city" : "臺北市"}}, {"type" : "Feature", "geometry" : {"type" : "Point", "coordinates" : [121.556304, 25.043058]}, "properties" : {"brand" : "全家", "store_name" : "華視店", "address" : "106台灣臺北市大安區光復南路116巷26號", "phone" : "02-27310238", "city" : "臺北市"}}, {"type" : "Feature", "geometry" : {"type" : "Point", "coordinates" : [121.521923, 25.028093]}, "properties" : {"brand" : "全家", "store_name" : "羅中店", "address" : "106台灣臺北市大安區羅斯福路二段17號1f", "phone" : "02-23924175", "city" : "臺北市"}}, {"type" : "Feature", "geometry" : {"type" : "Point", "coordinates" : [121.563529, 25.025669]}, "properties" : {"brand" : "全家", "store_name" : "三興店", "address" : "臺北市信義區吳興街7號", "phone" : "02-27232796", "city" : "臺北市"}}, {"type" : "Feature", "geometry" : {"type" : "Point", "coordinates" : [121.559738, 25.043688]}, "properties" : {"brand" : "全家", "store_name" : "松創店", "address" : "110台灣臺北市信義區光復南路133號", "phone" : "02-27495690", "city" : "臺北市"}}, {"type" : "Feature", "geometry" : {"type" : "Point", "coordinates" : [121.560431, 25.035595]}, "properties" : {"brand" : "全家", "store_name" : "永隆店", "address" : "臺北市信義區基隆路1段147巷7號", "phone" : "02-27678120", "city" : "臺北市"}}, {"type" : "Feature", "geometry" : {"type" : "Point", "coordinates" : [121.580776, 25.044984]}, "properties" : {"brand" : "全家", "store_name" : "信吉店", "address" : "臺北市信義區中坡北路25號", "phone" : "02-27866062", "city" : "臺北市"}}, {"type" : "Feature", "geometry" : {"type" : "Point", "coordinates" : [121.563852, 25.027005]}, "properties" : {"brand" : "全家", "store_name" : "北醫店", "address" : "110台灣臺北市信義區吳興街263號", "phone" : "02-27229824", "city" : "臺北市"}}, {"type" : "Feature", "geometry" : {"type" : "Point", "coordinates" : [121.557578, 25.019872]}, "properties" : {"brand" : "全家", "store_name" : "六張黎店", "address" : "臺北市信義區和平東路三段387號", "phone" : "02-27338739", "city" : "臺北市"}}, {"type" : "Feature", "geometry" : {"type" : "Point", "coordinates" : [121.528558, 25.023404]}, "properties" : {"brand" : "全家", "store_name" : "師大店", "address" : "臺北市大安區師大路79號", "phone" : "02-23918196", "city" : "臺北市"}}, {"type" : "Feature", "geometry" : {"type" : "Point", "coordinates" : [121.557454, 25.039232]}, "properties" : {"brand" : "全家", "store_name" : "國父紀念館店", "address" : "106台灣臺北市大安區光復南路292號", "phone" : "02-27755468", "city" : "臺北市"}}, {"type" : "Feature", "geometry" : {"type" : "Point", "coordinates" : [121.544207, 25.029958]}, "properties" : {"brand" : "全家", "store_name" : "金信店", "address" : "臺北市大安區信義路二段104號1樓", "phone" : "02-23587145", "city" : "臺北市"}}, {"type" : "Feature", "geometry" : {"type" : "Point", "coordinates" : [121.563901, 25.034027]}, "properties" : {"brand" : "全家", "store_name" : "台北１０１店", "address" : "110臺北市信義區市府路45號B1", "phone" : "02-81017976", "city" : "臺北市"}}, {"type" : "Feature", "geometry" : {"type" : "Point", "coordinates" : [121.581414, 25.047724]}, "properties" : {"brand" : "全家", "store_name" : "港運店", "address" : "臺北市南港區玉成街52巷2弄7號一樓", "phone" : "02-27857667", "city" : "臺北市"}}, {"type" : "Feature", "geometry" : {"type" : "Point", "coordinates" : [121.563366, 25.028438]}, "properties" : {"brand" : "全家", "store_name" : "莊新店", "address" : "臺北市信義區莊敬路307號", "phone" : "02-27581883", "city" : "臺北市"}}, {"type" : "Feature", "geometry" : {"type" : "Point", "coordinates" : [121.593693, 25.058056]}, "properties" : {"brand" : "全家", "store_name" : "小彎公宅店", "address" : "臺北市南港區向陽路256號1樓", "phone" : "02-27836507", "city" : "臺北市"}}, {"type" : "Feature", "geometry" : {"type" : "Point", "coordinates" : [121.618218, 25.042322]}, "properties" : {"brand" : "全家", "store_name" : "胡適店", "address" : "臺北市南港區舊莊街一段3巷16號", "phone" : "02-27888455", "city" : "臺北市"}}, {"type" : "Feature", "geometry" : {"type" : "Point", "coordinates" : [121.601494, 25.05618]}, "properties" : {"brand" : "全家", "store_name" : "中視店", "address" : "11502-8台灣臺北市南港區興南街39號, 1樓", "phone" : "02-27864176", "city" : "臺北市"}}, {"type" : "Feature", "geometry" : {"type" : "Point", "coordinates" : [121.592029, 25.039594]}, "properties" : {"brand" : "全家", "store_name" : "港福店", "address" : "115台灣臺北市南港區福德街373巷63號1樓", "phone" : "02-26543532", "city" : "臺北市"}}, {"type" : "Feature", "geometry" : {"type" : "Point", "coordinates" : [121.578764, 25.036732]}, "properties" : {"brand" : "全家", "store_name" : "松傑店", "address" : "105台灣臺北市松山區松山路11號", "phone" : "02-27656379", "city" : "臺北市"}}, {"type" : "Feature", "geometry" : {"type" : "Point", "coordinates" : [121.605696, 25.055929]}, "properties" : {"brand" : "全家", "store_name" : "興華店", "address" : "臺北市南港區興華路86號", "phone" : "02-27834076", "city" : "臺北市"}}, {"type" : "Feature", "geometry" : {"type" : "Point", "coordinates" : [121.5942, 25.050119]}, "properties" : {"brand" : "全家", "store_name" : "新昆陽店", "address" : "臺北市南港區昆陽街145號", "phone" : "02-27883495", "city" : "臺北市"}}, {"type" : "Feature", "geometry" : {"type" : "Point", "coordinates" : [121.577154, 24.987476]}, "properties" : {"brand" : "全家", "store_name" : "政富店", "address" : "臺北市文山區指南路二段145號1樓", "phone" : "02-86613075", "city" : "臺北市"}}, {"type" : "Feature", "geometry" : {"type" : "Point", "coordinates" : [121.541601, 24.995143]}, "properties" : {"brand" : "全家", "store_name" : "新文華店", "address" : "臺北市文山區景華街3巷2號1樓及B1", "phone" : "02-86633877", "city" : "臺北市"}}, {"type" : "Feature", "geometry" : {"type" : "Point", "coordinates" : [121.57074, 25.00079]}, "properties" : {"brand" : "全家", "store_name" : "興萬店", "address" : "116026台灣臺北市文山區萬安街29號一樓", "phone" : "02-82301508", "city" : "臺北市"}}, {"type" : "Feature", "geometry" : {"type" : "Point", "coordinates" : [121.53826, 24.99905]}, "properties" : {"brand" : "全家", "store_name" : "景富店", "address" : "臺北市文山區景福街25號", "phone" : "02-89313890", "city" : "臺北市"}}, {"type" : "Feature", "geometry" : {"type" : "Point", "coordinates" : [121.536877, 25.002189]}, "properties" : {"brand" : "全家", "store_name" : "萬和店", "address" : "臺北市文山區羅斯福路五段218巷38弄2號1樓", "phone" : "02-86636168", "city" : "臺北市"}}, {"type" : "Feature", "geometry" : {"type" : "Point", "coordinates" : [121.54137, 25.004221]}, "properties" : {"brand" : "全家", "store_name" : "萬興店", "address" : "116台灣臺北市文山區興隆路一段55巷27弄1號", "phone" : "02-29304220", "city" : "臺北市"}}, {"type" : "Feature", "geometry" : {"type" : "Point", "coordinates" : [121.568613, 24.988812]}, "properties" : {"brand" : "全家", "store_name" : "木柵路店", "address" : "116台灣臺北市文山區木柵路三段148號", "phone" : "02-29362952", "city" : "臺北市"}}, {"type" : "Feature", "geometry" : {"type" : "Point", "coordinates" : [121.553294, 25.019691]}, "properties" : {"brand" : "全家", "store_name" : "安居店", "address" : "106台灣臺北市大安區安居街76號", "phone" : "02-27375452", "city" : "臺北市"}}, {"type" : "Feature", "geometry" : {"type" : "Point", "coordinates" : [121.555952, 24.980378]}, "properties" : {"brand" : "全家", "store_name" : "鑫木新店", "address" : "臺北市文山區木新路三段343號1樓", "phone" : "02-29388551", "city" : "臺北市"}}, {"type" : "Feature", "geometry" : {"type" : "Point", "coordinates" : [121.513758, 25.042414]}, "properties" : {"brand" : "全家", "store_name" : "衡慶店", "address" : "100臺北市中正區衡陽路7號", "phone" : "02-23820271", "city" : "臺北市"}}, {"type" : "Feature", "geometry" : {"type" : "Point", "coordinates" : [121.513104, 25.043914]}, "properties" : {"brand" : "全家", "store_name" : "重慶店", "address" : "100台灣臺北市中正區重慶南路一段58號", "phone" : "02-23122797", "city" : "臺北市"}}, {"type" : "Feature", "geometry" : {"type" : "Point", "coordinates" : [121.518555, 25.040776]}, "properties" : {"brand" : "全家", "store_name" : "台大醫院店", "address" : "100台灣臺北市中正區中山南路7號B1樓", "phone" : "02-33223538", "city" : "臺北市"}}, {"type" : "Feature", "geometry" : {"type" : "Point", "coordinates" : [121.517931, 25.046283]}, "properties" : {"brand" : "全家", "store_name" : "北車店", "address" : "臺北市中正區忠孝西路一段45號1F部分", "phone" : "02-89411871", "city" : "臺北市"}}, {"type" : "Feature", "geometry" : {"type" : "Point", "coordinates" : [121.526935, 25.038916]}, "properties" : {"brand" : "全家", "store_name" : "富邦店", "address" : "100台灣臺北市中正區杭州南路一段19號1f", "phone" : "02-23513120", "city" : "臺北市"}}, {"type" : "Feature", "geometry" : {"type" : "Point", "coordinates" : [121.53444, 25.013648]}, "properties" : {"brand" : "全家", "store_name" : "公館店", "address" : "臺北市中正區汀州路三段251號", "phone" : "02-23688539", "city" : "臺北市"}}, {"type" : "Feature", "geometry" : {"type" : "Point", "coordinates" : [121.514904, 25.044566]}, "properties" : {"brand" : "全家", "store_name" : "新仟囍店", "address" : "臺北市中正區館前路36號1樓", "phone" : "02-23822831", "city" : "臺北市"}}, {"type" : "Feature", "geometry" : {"type" : "Point", "coordinates" : [121.514536, 25.048789]}, "properties" : {"brand" : "全家", "store_name" : "機場捷運店", "address" : "臺北市中正區鄭州路8號B1樓", "phone" : "02-23311029", "city" : "臺北市"}}, {"type" : "Feature", "geometry" : {"type" : "Point", "coordinates" : [121.511624, 25.044212]}, "properties" : {"brand" : "全家", "store_name" : "博愛店", "address" : "100台灣臺北市中正區博愛路63號", "phone" : "02-23432173", "city" : "臺北市"}}, {"type" : "Feature", "geometry" : {"type" : "Point", "coordinates" : [121.517596, 25.045024]}, "properties" : {"brand" : "全家", "store_name" : "北盛店", "address" : "臺北市中正區青島西路13號", "phone" : "02-23612673", "city" : "臺北市"}}, {"type" : "Feature", "geometry" : {"type" : "Point", "coordinates" : [121.514276, 25.046206]}, "properties" : {"brand" : "全家", "store_name" : "西站店", "address" : "臺北市中正區懷寧街7之1號", "phone" : "02-23120577", "city" : "臺北市"}}, {"type" : "Feature", "geometry" : {"type" : "Point", "coordinates" : [121.515884, 25.043516]}, "properties" : {"brand" : "全家", "store_name" : "富陽店", "address" : "100004台灣臺北市中正區襄陽路7號1樓", "phone" : "02-23754181", "city" : "臺北市"}}, {"type" : "Feature", "geometry" : {"type" : "Point", "coordinates" : [121.512524, 25.046063]}, "properties" : {"brand" : "全家", "store_name" : "開封店", "address" : "臺北市中正區開封街一段41號1樓", "phone" : "02-23709020", "city" : "臺北市"}}, {"type" : "Feature", "geometry" : {"type" : "Point", "coordinates" : [121.501017, 25.025619]}, "properties" : {"brand" : "全家", "store_name" : "萬大店", "address" : "臺北市萬華區萬大路64號1樓", "phone" : "02-23040610", "city" : "臺北市"}}, {"type" : "Feature", "geometry" : {"type" : "Point", "coordinates" : [121.50204, 25.039631]}, "properties" : {"brand" : "全家", "store_name" : "康陽店", "address" : "臺北市萬華區康定路99號", "phone" : "02-23812716", "city" : "臺北市"}}, {"type" : "Feature", "geometry" : {"type" : "Point", "coordinates" : [121.508068, 25.045282]}, "properties" : {"brand" : "全家", "store_name" : "萬中店", "address" : "臺北市萬華區漢口街二段22號", "phone" : "02-23887636", "city" : "臺北市"}}, {"type" : "Feature", "geometry" : {"type" : "Point", "coordinates" : [121.517008, 25.032493]}, "properties" : {"brand" : "全家", "store_name" : "南海店", "address" : "100台灣臺北市中正區南海路20號", "phone" : "02-23564283", "city" : "臺北市"}}, {"type" : "Feature", "geometry" : {"type" : "Point", "coordinates" : [121.502905, 25.025447]}, "properties" : {"brand" : "全家", "store_name" : "公園店", "address" : "臺北市萬華區青年路48號", "phone" : "02-23051904", "city" : "臺北市"}}, {"type" : "Feature", "geometry" : {"type" : "Point", "coordinates" : [121.499203, 25.019009]}, "properties" : {"brand" : "全家", "store_name" : "新富民店", "address" : "臺北市萬華區富民路91巷8號1樓", "phone" : "02-23070071", "city" : "臺北市"}}, {"type" : "Feature", "geometry" : {"type" : "Point", "coordinates" : [121.510374, 25.027234]}, "properties" : {"brand" : "全家", "store_name" : "新龍口店", "address" : "臺北市中正區汀州路一段244號", "phone" : "02-23047184", "city" : "臺北市"}}, {"type" : "Feature", "geometry" : {"type" : "Point", "coordinates" : [121.504306, 25.039883]}, "properties" : {"brand" : "全家", "store_name" : "廣明店", "address" : "臺北市萬華區昆明街173號1樓", "phone" : "02-23115442", "city" : "臺北市"}}, {"type" : "Feature", "geometry" : {"type" : "Point", "coordinates" : [121.49861, 25.036789]}, "properties" : {"brand" : "全家", "store_name" : "新廣州店", "address" : "108台灣臺北市萬華區廣州街235號", "phone" : "02-23027354", "city" : "臺北市"}}, {"type" : "Feature", "geometry" : {"type" : "Point", "coordinates" : [121.530674, 25.112438]}, "properties" : {"brand" : "星巴克", "store_name" : "忠誠", "address" : "臺北市士林區士東路123號", "phone" : "2873-5815", "city" : "臺北市"}}, {"type" : "Feature", "geometry" : {"type" : "Point", "coordinates" : [121.524275, 25.105008]}, "properties" : {"brand" : "星巴克", "store_name" : "天母崇光", "address" : "臺北市士林區中山北路六段77號B1", "phone" : "2834-9068", "city" : "臺北市"}}, {"type" : "Feature", "geometry" : {"type" : "Point", "coordinates" : [121.522426, 25.117708]}, "properties" : {"brand" : "星巴克", "store_name" : "振興", "address" : "臺北市北投區振興街37號", "phone" : "2821-6075", "city" : "臺北市"}}, {"type" : "Feature", "geometry" : {"type" : "Point", "coordinates" : [121.527589, 25.115124]}, "properties" : {"brand" : "星巴克", "store_name" : "天母中山", "address" : "臺北市士林區中山北路六段719號1樓", "phone" : "2874-1397", "city" : "臺北市"}}, {"type" : "Feature", "geometry" : {"type" : "Point", "coordinates" : [121.529405, 25.120221]}, "properties" : {"brand" : "星巴克", "store_name" : "天玉", "address" : "臺北市士林區天玉街38巷18弄1號", "phone" : "2875-1361", "city" : "臺北市"}}, {"type" : "Feature", "geometry" : {"type" : "Point", "coordinates" : [121.542944, 25.136246]}, "properties" : {"brand" : "星巴克", "store_name" : "草山", "address" : "臺北市士林區國泰街5號", "phone" : "2862-7317", "city" : "臺北市"}}, {"type" : "Feature", "geometry" : {"type" : "Point", "coordinates" : [121.515974, 25.09599]}, "properties" : {"brand" : "星巴克", "store_name" : "科教館", "address" : "臺北市士林區士商路189號", "phone" : "28345813", "city" : "臺北市"}}, {"type" : "Feature", "geometry" : {"type" : "Point", "coordinates" : [121.534035, 25.11708]}, "properties" : {"brand" : "星巴克", "store_name" : "天母三越", "address" : "臺北市士林區忠誠路二段200號1F", "phone" : "28742212", "city" : "臺北市"}}, {"type" : "Feature", "geometry" : {"type" : "Point", "coordinates" : [121.533498, 25.110132]}, "properties" : {"brand" : "星巴克", "store_name" : "大葉高島屋", "address" : "臺北市士林區忠誠路二段55號1樓", "phone" : "2834-7368", "city" : "臺北市"}}, {"type" : "Feature", "geometry" : {"type" : "Point", "coordinates" : [121.525868, 25.095151]}, "properties" : {"brand" : "星巴克", "store_name" : "士捷", "address" : "臺北市士林區中正路239號", "phone" : "2883-1657", "city" : "臺北市"}}, {"type" : "Feature", "geometry" : {"type" : "Point", "coordinates" : [121.504293, 25.136239]}, "properties" : {"brand" : "星巴克", "store_name" : "光明", "address" : "臺北市北投區光明路218之4號", "phone" : "2898-1051", "city" : "臺北市"}}, {"type" : "Feature", "geometry" : {"type" : "Point", "coordinates" : [121.516201, 25.116514]}, "properties" : {"brand" : "星巴克", "store_name" : "石牌", "address" : "臺北市北投區石牌路二段74號1-3樓", "phone" : "2827-7832", "city" : "臺北市"}}, {"type" : "Feature", "geometry" : {"type" : "Point", "coordinates" : [121.523434, 25.081661]}, "properties" : {"brand" : "星巴克", "store_name" : "士林承德", "address" : "臺北市士林區承德路四段67號", "phone" : "2885-1251", "city" : "臺北市"}}, {"type" : "Feature", "geometry" : {"type" : "Point", "coordinates" : [121.519025, 25.072041]}, "properties" : {"brand" : "星巴克", "store_name" : "庫倫承德", "address" : "臺北市大同區庫倫街51號", "phone" : "2592-8122", "city" : "臺北市"}}, {"type" : "Feature", "geometry" : {"type" : "Point", "coordinates" : [121.498031, 25.128478]}, "properties" : {"brand" : "星巴克", "store_name" : "北投大業", "address" : "臺北市北投區大業路302號", "phone" : "2895-9507", "city" : "臺北市"}}, {"type" : "Feature", "geometry" : {"type" : "Point", "coordinates" : [121.525554, 25.064797]}, "properties" : {"brand" : "星巴克", "store_name" : "林森農安", "address" : "臺北市中山區林森北路568&568-1號", "phone" : "2595-1030", "city" : "臺北市"}}, {"type" : "Feature", "geometry" : {"type" : "Point", "coordinates" : [121.50949, 25.112812]}, "properties" : {"brand" : "星巴克", "store_name" : "承德石牌", "address" : "臺北市北投區承德路七段150號1-2樓", "phone" : "2821-2362", "city" : "臺北市"}}, {"type" : "Feature", "geometry" : {"type" : "Point", "coordinates" : [121.522479, 25.120637]}, "properties" : {"brand" : "星巴克", "store_name" : "台北榮總", "address" : "臺北市北投區石牌路二段201號", "phone" : "2874-6213", "city" : "臺北市"}}, {"type" : "Feature", "geometry" : {"type" : "Point", "coordinates" : [121.509236, 25.056425]}, "properties" : {"brand" : "星巴克", "store_name" : "馬偕", "address" : "臺北市中山區民生西路7號1樓", "phone" : "2511-6691", "city" : "臺北市"}}, {"type" : "Feature", "geometry" : {"type" : "Point", "coordinates" : [121.525474, 25.056172]}, "properties" : {"brand" : "星巴克", "store_name" : "林森", "address" : "臺北市中山區林森北路247號1樓", "phone" : "2542-8870", "city" : "臺北市"}}, {"type" : "Feature", "geometry" : {"type" : "Point", "coordinates" : [121.517734, 25.052245]}, "properties" : {"brand" : "星巴克", "store_name" : "京站", "address" : "臺北市大同區承德路一段1號", "phone" : "2552-7432", "city" : "臺北市"}}, {"type" : "Feature", "geometry" : {"type" : "Point", "coordinates" : [121.517734, 25.052245]}, "properties" : {"brand" : "星巴克", "store_name" : "京站二", "address" : "臺北市大同區承德路一段1號(京站百貨4樓)", "phone" : "2552-7178", "city" : "臺北市"}}, {"type" : "Feature", "geometry" : {"type" : "Point", "coordinates" : [121.513989, 25.05391]}, "properties" : {"brand" : "星巴克", "store_name" : "台北圓環", "address" : "臺北市大同區南京西路288號", "phone" : "2559-8348", "city" : "臺北市"}}, {"type" : "Feature", "geometry" : {"type" : "Point", "coordinates" : [121.51217, 25.058635]}, "properties" : {"brand" : "星巴克", "store_name" : "保安", "address" : "臺北市大同區保安街11號", "phone" : "2557-8493", "city" : "臺北市"}}, {"type" : "Feature", "geometry" : {"type" : "Point", "coordinates" : [121.519573, 25.052675]}, "properties" : {"brand" : "星巴克", "store_name" : "南京西", "address" : "臺北市大同區南京西路36號1樓", "phone" : "2549-0886", "city" : "臺北市"}}, {"type" : "Feature", "geometry" : {"type" : "Point", "coordinates" : [121.520113, 25.06265]}, "properties" : {"brand" : "星巴克", "store_name" : "民權西", "address" : "臺北市中山區民權西路62號", "phone" : "2541-6234", "city" : "臺北市"}}, {"type" : "Feature", "geometry" : {"type" : "Point", "coordinates" : [121.532906, 25.057748]}, "properties" : {"brand" : "星巴克", "store_name" : "松江", "address" : "臺北市中山區松江路210號", "phone" : "2564-2790", "city" : "臺北市"}}, {"type" : "Feature", "geometry" : {"type" : "Point", "coordinates" : [121.533452, 25.059199]}, "properties" : {"brand" : "星巴克", "store_name" : "松江錦州", "address" : "臺北市中山區松江路239號1樓", "phone" : "2517-5004", "city" : "臺北市"}}, {"type" : "Feature", "geometry" : {"type" : "Point", "coordinates" : [121.576159, 25.075359]}, "properties" : {"brand" : "星巴克", "store_name" : "港墘", "address" : "臺北市內湖區瑞光路216號1樓", "phone" : "8753-5105", "city" : "臺北市"}}, {"type" : "Feature", "geometry" : {"type" : "Point", "coordinates" : [121.56955, 25.078523]}, "properties" : {"brand" : "星巴克", "store_name" : "瑞傳", "address" : "臺北市內湖區瑞光路476號1樓", "phone" : "8798-3266", "city" : "臺北市"}}, {"type" : "Feature", "geometry" : {"type" : "Point", "coordinates" : [121.56713, 25.082318]}, "properties" : {"brand" : "星巴克", "store_name" : "環山", "address" : "臺北市內湖區內湖路一段289號", "phone" : "2799-5897", "city" : "臺北市"}}, {"type" : "Feature", "geometry" : {"type" : "Point", "coordinates" : [121.566783, 25.080805]}, "properties" : {"brand" : "星巴克", "store_name" : "基湖", "address" : "臺北市內湖區基湖路25號", "phone" : "2799-9334", "city" : "臺北市"}}, {"type" : "Feature", "geometry" : {"type" : "Point", "coordinates" : [121.573304, 25.079042]}, "properties" : {"brand" : "星巴克", "store_name" : "洲子", "address" : "臺北市內湖區洲子街48號", "phone" : "2658-9178", "city" : "臺北市"}}, {"type" : "Feature", "geometry" : {"type" : "Point", "coordinates" : [121.56824, 25.080701]}, "properties" : {"brand" : "星巴克", "store_name" : "瑞洲", "address" : "臺北市內湖區瑞光路583巷28號1樓", "phone" : "8751-9538", "city" : "臺北市"}}, {"type" : "Feature", "geometry" : {"type" : "Point", "coordinates" : [121.584186, 25.078315]}, "properties" : {"brand" : "星巴克", "store_name" : "內湖文德", "address" : "臺北市內湖區文德路212號", "phone" : "2656-1173", "city" : "臺北市"}}, {"type" : "Feature", "geometry" : {"type" : "Point", "coordinates" : [121.578844, 25.062492]}, "properties" : {"brand" : "星巴克", "store_name" : "舊宗新湖", "address" : "臺北市內湖區新湖二路128號", "phone" : "2795-3963", "city" : "臺北市"}}, {"type" : "Feature", "geometry" : {"type" : "Point", "coordinates" : [121.589542, 25.06369]}, "properties" : {"brand" : "星巴克", "store_name" : "內湖數位", "address" : "臺北市內湖區石潭路153號1樓", "phone" : "2794-3653", "city" : "臺北市"}}, {"type" : "Feature", "geometry" : {"type" : "Point", "coordinates" : [121.611356, 25.070142]}, "properties" : {"brand" : "星巴克", "store_name" : "康寧", "address" : "臺北市內湖區康寧路三段72號1樓", "phone" : "2633-1621", "city" : "臺北市"}}, {"type" : "Feature", "geometry" : {"type" : "Point", "coordinates" : [121.604375, 25.071274]}, "properties" : {"brand" : "星巴克", "store_name" : "內湖民權", "address" : "臺北市內湖區民權東路六段182號", "phone" : "2793-9550", "city" : "臺北市"}}, {"type" : "Feature", "geometry" : {"type" : "Point", "coordinates" : [121.606041, 25.072855]}, "properties" : {"brand" : "星巴克", "store_name" : "內湖葫洲", "address" : "臺北市內湖區民權東路六段312號1樓", "phone" : "2631-8356", "city" : "臺北市"}}, {"type" : "Feature", "geometry" : {"type" : "Point", "coordinates" : [121.575547, 25.072837]}, "properties" : {"brand" : "星巴克", "store_name" : "內湖陽光", "address" : "臺北市內湖區陽光街290號", "phone" : "8751-9313", "city" : "臺北市"}}, {"type" : "Feature", "geometry" : {"type" : "Point", "coordinates" : [121.594547, 25.084081]}, "properties" : {"brand" : "星巴克", "store_name" : "潤湖", "address" : "臺北市內湖區成功路四段188號2F", "phone" : "8792-2171", "city" : "臺北市"}}, {"type" : "Feature", "geometry" : {"type" : "Point", "coordinates" : [121.591979, 25.071802]}, "properties" : {"brand" : "星巴克", "store_name" : "新內湖三總", "address" : "臺北市內湖區成功路二段325號B1", "phone" : "8791-7982", "city" : "臺北市"}}, {"type" : "Feature", "geometry" : {"type" : "Point", "coordinates" : [121.466853, 25.124621]}, "properties" : {"brand" : "星巴克", "store_name" : "關渡", "address" : "臺北市北投區大度路三段296巷45號1樓", "phone" : "2894-5123", "city" : "臺北市"}}, {"type" : "Feature", "geometry" : {"type" : "Point", "coordinates" : [121.470719, 25.126993]}, "properties" : {"brand" : "星巴克", "store_name" : "華碩二", "address" : "臺北市北投區立德路115號3樓", "phone" : "2897-1920", "city" : "臺北市"}}, {"type" : "Feature", "geometry" : {"type" : "Point", "coordinates" : [121.543705, 25.06211]}, "properties" : {"brand" : "星巴克", "store_name" : "民權", "address" : "臺北市中山區民權東路三段88號", "phone" : "2504-4751", "city" : "臺北市"}}, {"type" : "Feature", "geometry" : {"type" : "Point", "coordinates" : [121.540525, 25.062136]}, "properties" : {"brand" : "星巴克", "store_name" : "龍權", "address" : "臺北市中山區民權東路三段22號1樓", "phone" : "2517-9259", "city" : "臺北市"}}, {"type" : "Feature", "geometry" : {"type" : "Point", "coordinates" : [121.54468, 25.052838]}, "properties" : {"brand" : "星巴克", "store_name" : "慶城", "address" : "臺北市松山區慶城街1號1樓", "phone" : "2716-5113", "city" : "臺北市"}}, {"type" : "Feature", "geometry" : {"type" : "Point", "coordinates" : [121.539852, 25.052316]}, "properties" : {"brand" : "星巴克", "store_name" : "南京建國", "address" : "臺北市中山區南京東路三段1號", "phone" : "2515-1918", "city" : "臺北市"}}, {"type" : "Feature", "geometry" : {"type" : "Point", "coordinates" : [121.543725, 25.05166]}, "properties" : {"brand" : "星巴克", "store_name" : "南京復興", "address" : "臺北市中山區南京東路三段224號1F", "phone" : "2751-5870", "city" : "臺北市"}}, {"type" : "Feature", "geometry" : {"type" : "Point", "coordinates" : [121.531131, 25.057427]}, "properties" : {"brand" : "星巴克", "store_name" : "松江長安", "address" : "臺北市中山區松江路54號1樓", "phone" : "2523-5112", "city" : "臺北市"}}, {"type" : "Feature", "geometry" : {"type" : "Point", "coordinates" : [121.546231, 25.083587]}, "properties" : {"brand" : "星巴克", "store_name" : "實踐", "address" : "臺北市中山區大直街70號1樓", "phone" : "2532-5223", "city" : "臺北市"}}, {"type" : "Feature", "geometry" : {"type" : "Point", "coordinates" : [121.556709, 25.082926]}, "properties" : {"brand" : "星巴克", "store_name" : "美麗華", "address" : "臺北市中山區敬業三路20號1樓", "phone" : "2175-3190", "city" : "臺北市"}}, {"type" : "Feature", "geometry" : {"type" : "Point", "coordinates" : [121.552563, 25.081951]}, "properties" : {"brand" : "星巴克", "store_name" : "大直植福", "address" : "臺北市中山區敬業二路115號", "phone" : "8502-7502", "city" : "臺北市"}}, {"type" : "Feature", "geometry" : {"type" : "Point", "coordinates" : [121.561741, 25.076649]}, "properties" : {"brand" : "星巴克", "store_name" : "大直樂群", "address" : "臺北市中山區樂群二路267號1~2樓", "phone" : "8501-2733", "city" : "臺北市"}}, {"type" : "Feature", "geometry" : {"type" : "Point", "coordinates" : [121.56524, 25.039516]}, "properties" : {"brand" : "星巴克", "store_name" : "Dream Plaza", "address" : "臺北市信義區松高路11號6F+7F(戶外區)", "phone" : "0800-000482", "city" : "臺北市"}}, {"type" : "Feature", "geometry" : {"type" : "Point", "coordinates" : [121.549357, 25.053908]}, "properties" : {"brand" : "星巴克", "store_name" : "敦化", "address" : "臺北市松山區敦化北路147號", "phone" : "2718-2750", "city" : "臺北市"}}, {"type" : "Feature", "geometry" : {"type" : "Point", "coordinates" : [121.547465, 25.058957]}, "properties" : {"brand" : "星巴克", "store_name" : "宏泰", "address" : "臺北市松山區民生東路三段156-1號", "phone" : "2719-2682", "city" : "臺北市"}}, {"type" : "Feature", "geometry" : {"type" : "Point", "coordinates" : [121.553929, 25.051435]}, "properties" : {"brand" : "星巴克", "store_name" : "北寧", "address" : "臺北市松山區南京東路四段56號", "phone" : "2570-6312", "city" : "臺北市"}}, {"type" : "Feature", "geometry" : {"type" : "Point", "coordinates" : [121.550332, 25.047995]}, "properties" : {"brand" : "星巴克", "store_name" : "台視", "address" : "臺北市松山區八德路三段10號", "phone" : "2579-3016", "city" : "臺北市"}}, {"type" : "Feature", "geometry" : {"type" : "Point", "coordinates" : [121.550395, 25.061297]}, "properties" : {"brand" : "星巴克", "store_name" : "松山機場", "address" : "臺北市松山區敦化北路340-9號2樓(一航廈)", "phone" : "2545-3398", "city" : "臺北市"}}, {"type" : "Feature", "geometry" : {"type" : "Point", "coordinates" : [121.547992, 25.051963]}, "properties" : {"brand" : "星巴克", "store_name" : "微風南京", "address" : "臺北市松山區南京東路三段337號1樓", "phone" : "8712-0051", "city" : "臺北市"}}, {"type" : "Feature", "geometry" : {"type" : "Point", "coordinates" : [121.549815, 25.063374]}, "properties" : {"brand" : "星巴克", "store_name" : "松機T2", "address" : "臺北市松山區敦化北路340之10號2樓(二航廈)", "phone" : "2546-7840", "city" : "臺北市"}}, {"type" : "Feature", "geometry" : {"type" : "Point", "coordinates" : [121.562473, 25.058554]}, "properties" : {"brand" : "星巴克", "store_name" : "民生三民", "address" : "臺北市松山區民生東路五段150之1號", "phone" : "2767-6603", "city" : "臺北市"}}, {"type" : "Feature", "geometry" : {"type" : "Point", "coordinates" : [121.514119, 25.046111]}, "properties" : {"brand" : "星巴克", "store_name" : "懷寧", "address" : "臺北市中正區懷寧街10號1-3樓", "phone" : "2389-3776", "city" : "臺北市"}}, {"type" : "Feature", "geometry" : {"type" : "Point", "coordinates" : [121.531534, 25.041071]}, "properties" : {"brand" : "星巴克", "store_name" : "忠新", "address" : "臺北市中正區忠孝東路二段134巷2號1樓", "phone" : "2395-7870", "city" : "臺北市"}}, {"type" : "Feature", "geometry" : {"type" : "Point", "coordinates" : [121.517055, 25.047176]}, "properties" : {"brand" : "星巴克", "store_name" : "台鐵一", "address" : "臺北市中正區北平西路3號2樓 (台北火車站內)", "phone" : "2331-8012", "city" : "臺北市"}}, {"type" : "Feature", "geometry" : {"type" : "Point", "coordinates" : [121.51623, 25.045716]}, "properties" : {"brand" : "星巴克", "store_name" : "許昌南陽", "address" : "臺北市中正區南陽街1號2F", "phone" : "2389-9086", "city" : "臺北市"}}, {"type" : "Feature", "geometry" : {"type" : "Point", "coordinates" : [121.525333, 25.044537]}, "properties" : {"brand" : "星巴克", "store_name" : "紹興", "address" : "臺北市中正區忠孝東路一段31號1樓", "phone" : "2395-8127", "city" : "臺北市"}}, {"type" : "Feature", "geometry" : {"type" : "Point", "coordinates" : [121.531021, 25.045633]}, "properties" : {"brand" : "星巴克", "store_name" : "三創", "address" : "臺北市中正區市民大道三段2號", "phone" : "2341-8205", "city" : "臺北市"}}, {"type" : "Feature", "geometry" : {"type" : "Point", "coordinates" : [121.517244, 25.046481]}, "properties" : {"brand" : "星巴克", "store_name" : "台北捷運", "address" : "臺北市中正區忠孝西路一段49號B1F", "phone" : "2388-8321", "city" : "臺北市"}}, {"type" : "Feature", "geometry" : {"type" : "Point", "coordinates" : [121.521542, 25.038547]}, "properties" : {"brand" : "星巴克", "store_name" : "時代寓所", "address" : "臺北市中正區林森南路7-1號", "phone" : "2321-4348", "city" : "臺北市"}}, {"type" : "Feature", "geometry" : {"type" : "Point", "coordinates" : [121.548297, 25.041334]}, "properties" : {"brand" : "星巴克", "store_name" : "龍門", "address" : "臺北市大安區忠孝東路四段134號1樓", "phone" : "2740-6782", "city" : "臺北市"}}, {"type" : "Feature", "geometry" : {"type" : "Point", "coordinates" : [121.551771, 25.041679]}, "properties" : {"brand" : "星巴克", "store_name" : "同領", "address" : "臺北市大安區忠孝東路四段201號", "phone" : "8771-0612", "city" : "臺北市"}}, {"type" : "Feature", "geometry" : {"type" : "Point", "coordinates" : [121.553038, 25.039053]}, "properties" : {"brand" : "星巴克", "store_name" : "崇光", "address" : "臺北市大安區忠孝東路四段45號B1", "phone" : "2771-2826", "city" : "臺北市"}}, {"type" : "Feature", "geometry" : {"type" : "Point", "coordinates" : [121.556894, 25.042531]}, "properties" : {"brand" : "星巴克", "store_name" : "華視", "address" : "臺北市大安區光復南路180巷14號1樓", "phone" : "8771-9692", "city" : "臺北市"}}, {"type" : "Feature", "geometry" : {"type" : "Point", "coordinates" : [121.543054, 25.041212]}, "properties" : {"brand" : "星巴克", "store_name" : "崇興", "address" : "臺北市大安區忠孝東路三段300號B2樓", "phone" : "8772-5940", "city" : "臺北市"}}, {"type" : "Feature", "geometry" : {"type" : "Point", "coordinates" : [121.544822, 25.042725]}, "properties" : {"brand" : "星巴克", "store_name" : "復安", "address" : "臺北市大安區復興南路一段135巷9號", "phone" : "2775-1187", "city" : "臺北市"}}, {"type" : "Feature", "geometry" : {"type" : "Point", "coordinates" : [121.553929, 25.041205]}, "properties" : {"brand" : "星巴克", "store_name" : "忠孝延吉", "address" : "臺北市大安區忠孝東路四段230號", "phone" : "2731-9584", "city" : "臺北市"}}, {"type" : "Feature", "geometry" : {"type" : "Point", "coordinates" : [121.543054, 25.041212]}, "properties" : {"brand" : "星巴克", "store_name" : "SOGO復興B1", "address" : "臺北市大安區忠孝東路三段300號B1", "phone" : "8772-7909", "city" : "臺北市"}}, {"type" : "Feature", "geometry" : {"type" : "Point", "coordinates" : [121.543805, 25.033761]}, "properties" : {"brand" : "星巴克", "store_name" : "興南", "address" : "臺北市復興南路一段323號1樓", "phone" : "2325-9473", "city" : "臺北市"}}, {"type" : "Feature", "geometry" : {"type" : "Point", "coordinates" : [121.544716, 25.024748]}, "properties" : {"brand" : "星巴克", "store_name" : "建和", "address" : "臺北市大安區和平東路二段42-1號", "phone" : "2363-9331", "city" : "臺北市"}}, {"type" : "Feature", "geometry" : {"type" : "Point", "coordinates" : [121.549179, 25.028754]}, "properties" : {"brand" : "星巴克", "store_name" : "敦南", "address" : "臺北市大安區敦化南路二段101號1樓", "phone" : "2754-9460", "city" : "臺北市"}}, {"type" : "Feature", "geometry" : {"type" : "Point", "coordinates" : [121.549191, 25.031197]}, "properties" : {"brand" : "星巴克", "store_name" : "敦富", "address" : "臺北市大安區敦化南路二段59號1樓", "phone" : "2707-4198", "city" : "臺北市"}}, {"type" : "Feature", "geometry" : {"type" : "Point", "coordinates" : [121.543645, 25.025578]}, "properties" : {"brand" : "星巴克", "store_name" : "興和", "address" : "臺北市大安區復興南路二段275號1樓", "phone" : "2701-9918", "city" : "臺北市"}}, {"type" : "Feature", "geometry" : {"type" : "Point", "coordinates" : [121.549118, 25.025518]}, "properties" : {"brand" : "星巴克", "store_name" : "敦和", "address" : "臺北市大安區敦化南路二段263號", "phone" : "2732-0326", "city" : "臺北市"}}, {"type" : "Feature", "geometry" : {"type" : "Point", "coordinates" : [121.554509, 25.032456]}, "properties" : {"brand" : "星巴克", "store_name" : "通化", "address" : "臺北市大安區文昌街209號", "phone" : "2701-8950", "city" : "臺北市"}}, {"type" : "Feature", "geometry" : {"type" : "Point", "coordinates" : [121.554538, 25.037355]}, "properties" : {"brand" : "星巴克", "store_name" : "仁愛國泰", "address" : "臺北市大安區仁愛路四段304號1樓", "phone" : "2701-5644", "city" : "臺北市"}}, {"type" : "Feature", "geometry" : {"type" : "Point", "coordinates" : [121.507478, 25.044114]}, "properties" : {"brand" : "星巴克", "store_name" : "漢中", "address" : "臺北市萬華區漢中街51號", "phone" : "2370-5893", "city" : "臺北市"}}, {"type" : "Feature", "geometry" : {"type" : "Point", "coordinates" : [121.517729, 25.030379]}, "properties" : {"brand" : "星巴克", "store_name" : "重慶", "address" : "臺北市中正區重慶南路一段104號1樓", "phone" : "2371-3336", "city" : "臺北市"}}, {"type" : "Feature", "geometry" : {"type" : "Point", "coordinates" : [121.514904, 25.044879]}, "properties" : {"brand" : "星巴克", "store_name" : "館前漢口", "address" : "臺北市中正區館前路26號1樓", "phone" : "2331-0893", "city" : "臺北市"}}, {"type" : "Feature", "geometry" : {"type" : "Point", "coordinates" : [121.505706, 25.045077]}, "properties" : {"brand" : "星巴克", "store_name" : "西門昆明", "address" : "臺北市萬華區武昌街二段77號", "phone" : "2314-8250", "city" : "臺北市"}}, {"type" : "Feature", "geometry" : {"type" : "Point", "coordinates" : [121.502506, 25.029501]}, "properties" : {"brand" : "星巴克", "store_name" : "萬華西藏", "address" : "臺北市萬華區西藏路123號", "phone" : "2303-1368", "city" : "臺北市"}}, {"type" : "Feature", "geometry" : {"type" : "Point", "coordinates" : [121.573499, 25.034163]}, "properties" : {"brand" : "星巴克", "store_name" : "信義經貿", "address" : "臺北市信義路五段106號1樓(國泰信義經貿大樓)", "phone" : "2723-5947", "city" : "臺北市"}}, {"type" : "Feature", "geometry" : {"type" : "Point", "coordinates" : [121.567277, 25.036074]}, "properties" : {"brand" : "星巴克", "store_name" : "新光", "address" : "臺北市信義區松壽路11號", "phone" : "8789-4099", "city" : "臺北市"}}, {"type" : "Feature", "geometry" : {"type" : "Point", "coordinates" : [121.569219, 25.024595]}, "properties" : {"brand" : "星巴克", "store_name" : "松仁", "address" : "臺北市信義區松仁路7號1樓", "phone" : "2723-1486", "city" : "臺北市"}}, {"type" : "Feature", "geometry" : {"type" : "Point", "coordinates" : [121.572847, 25.041148]}, "properties" : {"brand" : "星巴克", "store_name" : "永春", "address" : "臺北市信義區忠孝東路五段297號1樓", "phone" : "2742-5909", "city" : "臺北市"}}, {"type" : "Feature", "geometry" : {"type" : "Point", "coordinates" : [121.563518, 25.051623]}, "properties" : {"brand" : "星巴克", "store_name" : "南京三民", "address" : "臺北市松山區南京東路五段171號1樓", "phone" : "3765-2625", "city" : "臺北市"}}, {"type" : "Feature", "geometry" : {"type" : "Point", "coordinates" : [121.568122, 25.039512]}, "properties" : {"brand" : "星巴克", "store_name" : "Bellavita-B1", "address" : "臺北市信義區松仁路28號B1", "phone" : "2723-3390", "city" : "臺北市"}}, {"type" : "Feature", "geometry" : {"type" : "Point", "coordinates" : [121.567968, 25.036732]}, "properties" : {"brand" : "星巴克", "store_name" : "遠百A13", "address" : "臺北市信義區松仁路58號B2", "phone" : "8786-0374", "city" : "臺北市"}}, {"type" : "Feature", "geometry" : {"type" : "Point", "coordinates" : [121.566382, 25.04801]}, "properties" : {"brand" : "星巴克", "store_name" : "東興", "address" : "臺北市信義區東興路37號", "phone" : "2746-8061", "city" : "臺北市"}}, {"type" : "Feature", "geometry" : {"type" : "Point", "coordinates" : [121.582177, 25.044211]}, "properties" : {"brand" : "星巴克", "store_name" : "後山埤", "address" : "臺北市南港區忠孝東路五段968號", "phone" : "2653-8532", "city" : "臺北市"}}, {"type" : "Feature", "geometry" : {"type" : "Point", "coordinates" : [121.565414, 25.040865]}, "properties" : {"brand" : "星巴克", "store_name" : "台北時代", "address" : "臺北市信義區忠孝東路五段8號2樓", "phone" : "2722-6292", "city" : "臺北市"}}, {"type" : "Feature", "geometry" : {"type" : "Point", "coordinates" : [121.565414, 25.040865]}, "properties" : {"brand" : "星巴克", "store_name" : "時代B2", "address" : "臺北市信義區忠孝東路五段8號B2", "phone" : "2723-5871", "city" : "臺北市"}}, {"type" : "Feature", "geometry" : {"type" : "Point", "coordinates" : [121.614226, 25.059276]}, "properties" : {"brand" : "星巴克", "store_name" : "南港", "address" : "臺北市南港區三重路19-10號", "phone" : "2655-1456", "city" : "臺北市"}}, {"type" : "Feature", "geometry" : {"type" : "Point", "coordinates" : [121.611839, 25.057765]}, "properties" : {"brand" : "星巴克", "store_name" : "南園", "address" : "臺北市南港區園區街3號2樓之7", "phone" : "2785-0096", "city" : "臺北市"}}, {"type" : "Feature", "geometry" : {"type" : "Point", "coordinates" : [121.578764, 25.036732]}, "properties" : {"brand" : "星巴克", "store_name" : "松山車站", "address" : "臺北市信義區松山路11號1樓", "phone" : "2742-3361", "city" : "臺北市"}}, {"type" : "Feature", "geometry" : {"type" : "Point", "coordinates" : [121.611534, 25.05317]}, "properties" : {"brand" : "星巴克", "store_name" : "南港車站", "address" : "臺北市南港區忠孝東路7段359號A棟1樓", "phone" : "2651-5825", "city" : "臺北市"}}, {"type" : "Feature", "geometry" : {"type" : "Point", "coordinates" : [121.614969, 25.058743]}, "properties" : {"brand" : "星巴克", "store_name" : "南港中信", "address" : "臺北市南港區經貿二路186號1樓", "phone" : "2785-2946", "city" : "臺北市"}}, {"type" : "Feature", "geometry" : {"type" : "Point", "coordinates" : [121.607496, 25.052571]}, "properties" : {"brand" : "星巴克", "store_name" : "南港高鐵", "address" : "臺北市南港區忠孝東路七段371號B2", "phone" : "2651-8062", "city" : "臺北市"}}, {"type" : "Feature", "geometry" : {"type" : "Point", "coordinates" : [121.60389, 25.057938]}, "properties" : {"brand" : "星巴克", "store_name" : "南港重陽", "address" : "臺北市南港區重陽路269號一樓", "phone" : "2783-9619", "city" : "臺北市"}}, {"type" : "Feature", "geometry" : {"type" : "Point", "coordinates" : [121.617583, 25.059345]}, "properties" : {"brand" : "星巴克", "store_name" : "南港LALA", "address" : "臺北市南港區經貿二路131號2樓", "phone" : "2783-2932", "city" : "臺北市"}}, {"type" : "Feature", "geometry" : {"type" : "Point", "coordinates" : [121.592402, 25.053096]}, "properties" : {"brand" : "星巴克", "store_name" : "南港昆陽", "address" : "臺北市南港區昆陽街22號", "phone" : "2653-3798", "city" : "臺北市"}}, {"type" : "Feature", "geometry" : {"type" : "Point", "coordinates" : [121.53216, 25.016767]}, "properties" : {"brand" : "星巴克", "store_name" : "羅斯福", "address" : "臺北市中正區羅斯福路三段301號", "phone" : "2364-6845", "city" : "臺北市"}}, {"type" : "Feature", "geometry" : {"type" : "Point", "coordinates" : [121.523332, 25.02676]}, "properties" : {"brand" : "星巴克", "store_name" : "和平", "address" : "臺北市大安區和平東路一段2號", "phone" : "2369-4200", "city" : "臺北市"}}, {"type" : "Feature", "geometry" : {"type" : "Point", "coordinates" : [121.525988, 25.03503]}, "properties" : {"brand" : "星巴克", "store_name" : "杭州", "address" : "臺北市中正區信義路二段1號之1", "phone" : "2393-0139", "city" : "臺北市"}}, {"type" : "Feature", "geometry" : {"type" : "Point", "coordinates" : [121.517008, 25.032493]}, "properties" : {"brand" : "星巴克", "store_name" : "南海", "address" : "臺北市中正區南海路20號", "phone" : "2396-0860", "city" : "臺北市"}}, {"type" : "Feature", "geometry" : {"type" : "Point", "coordinates" : [121.530087, 25.0146]}, "properties" : {"brand" : "星巴克", "store_name" : "公館水源", "address" : "臺北市中正區思源街16號", "phone" : "2368-2805", "city" : "臺北市"}}, {"type" : "Feature", "geometry" : {"type" : "Point", "coordinates" : [121.518555, 25.040776]}, "properties" : {"brand" : "星巴克", "store_name" : "台醫B1", "address" : "臺北市中正區中山南路7號 B1", "phone" : "2321-5497", "city" : "臺北市"}}, {"type" : "Feature", "geometry" : {"type" : "Point", "coordinates" : [121.529732, 25.03327]}, "properties" : {"brand" : "星巴克", "store_name" : "永康街2F", "address" : "臺北市大安區永康街2號2F & 2F-1", "phone" : "2395-2157", "city" : "臺北市"}}, {"type" : "Feature", "geometry" : {"type" : "Point", "coordinates" : [121.531779, 25.026409]}, "properties" : {"brand" : "星巴克", "store_name" : "師大和平", "address" : "臺北市大安區和平東路一段129-1號1樓", "phone" : "2321-3986", "city" : "臺北市"}}, {"type" : "Feature", "geometry" : {"type" : "Point", "coordinates" : [121.524585, 25.024523]}, "properties" : {"brand" : "星巴克", "store_name" : "古亭", "address" : "臺北市大安區羅斯福路二段109號", "phone" : "02-23679474", "city" : "臺北市"}}, {"type" : "Feature", "geometry" : {"type" : "Point", "coordinates" : [121.541223, 25.02169]}, "properties" : {"brand" : "星巴克", "store_name" : "辛亥", "address" : "臺北市大安區辛亥路二段175號", "phone" : "2738-5799", "city" : "臺北市"}}, {"type" : "Feature", "geometry" : {"type" : "Point", "coordinates" : [121.557849, 25.000833]}, "properties" : {"brand" : "星巴克", "store_name" : "萬芳", "address" : "臺北市文山區興隆路三段111號", "phone" : "2933-6950", "city" : "臺北市"}}, {"type" : "Feature", "geometry" : {"type" : "Point", "coordinates" : [121.575705, 24.987832]}, "properties" : {"brand" : "星巴克", "store_name" : "政大", "address" : "臺北市文山區指南路二段105號", "phone" : "8661-6613", "city" : "臺北市"}}, {"type" : "Feature", "geometry" : {"type" : "Point", "coordinates" : [121.566906, 24.98872]}, "properties" : {"brand" : "星巴克", "store_name" : "木柵", "address" : "臺北市文山區木柵路三段75號", "phone" : "2234-3305", "city" : "臺北市"}}, {"type" : "Feature", "geometry" : {"type" : "Point", "coordinates" : [121.561064, 24.981886]}, "properties" : {"brand" : "星巴克", "store_name" : "木新", "address" : "臺北市文山區木新路三段162號", "phone" : "2938-8436", "city" : "臺北市"}}, {"type" : "Feature", "geometry" : {"type" : "Point", "coordinates" : [121.544352, 24.992591]}, "properties" : {"brand" : "星巴克", "store_name" : "景美", "address" : "臺北市文山區景興路185號1~2樓", "phone" : "8931-3423", "city" : "臺北市"}}, {"type" : "Feature", "geometry" : {"type" : "Point", "coordinates" : [121.545104, 25.017562]}, "properties" : {"brand" : "星巴克", "store_name" : "長興", "address" : "臺北市大安區基隆路三段85號", "phone" : "2732-9834", "city" : "臺北市"}}, {"type" : "Feature", "geometry" : {"type" : "Point", "coordinates" : [121.568126, 25.03446]}, "properties" : {"brand" : "星巴克", "store_name" : "信義南山", "address" : "臺北市信義區松仁路100號2樓", "phone" : "2723-3357", "city" : "臺北市"}}, {"type" : "Feature", "geometry" : {"type" : "Point", "coordinates" : [121.562337, 25.033153]}, "properties" : {"brand" : "星巴克", "store_name" : "世貿一館", "address" : "臺北市信義區信義路五段5號1樓", "phone" : "2720-4509", "city" : "臺北市"}}, {"type" : "Feature", "geometry" : {"type" : "Point", "coordinates" : [121.565775, 25.034435]}, "properties" : {"brand" : "星巴克", "store_name" : "微風南山", "address" : "臺北市信義區松智路17號一樓", "phone" : "2723-5813", "city" : "臺北市"}}, {"type" : "Feature", "geometry" : {"type" : "Point", "coordinates" : [121.504742, 25.043149]}, "properties" : {"brand" : "星巴克", "store_name" : "西門成都", "address" : "臺北市萬華區成都路87號", "phone" : "2311-4818", "city" : "臺北市"}}, {"type" : "Feature", "geometry" : {"type" : "Point", "coordinates" : [121.498395, 25.033534]}, "properties" : {"brand" : "星巴克", "store_name" : "艋舺", "address" : "臺北市萬華區西園路一段306巷24&26號", "phone" : "2302-8643", "city" : "臺北市"}}, {"type" : "Feature", "geometry" : {"type" : "Point", "coordinates" : [121.495751, 25.038089]}, "properties" : {"brand" : "星巴克", "store_name" : "西門桂林", "address" : "臺北市萬華區桂林路1號", "phone" : "2361-6931", "city" : "臺北市"}}, {"type" : "Feature", "geometry" : {"type" : "Point", "coordinates" : [121.563901, 25.034027]}, "properties" : {"brand" : "星巴克", "store_name" : "101", "address" : "臺北市信義區市府路45號1樓B&C室", "phone" : "8101-8126", "city" : "臺北市"}}, {"type" : "Feature", "geometry" : {"type" : "Point", "coordinates" : [121.561092, 25.031772]}, "properties" : {"brand" : "星巴克", "store_name" : "南山", "address" : "臺北市信義區莊敬路168號1樓", "phone" : "8786-7793", "city" : "臺北市"}}, {"type" : "Feature", "geometry" : {"type" : "Point", "coordinates" : [121.563635, 25.026639]}, "properties" : {"brand" : "星巴克", "store_name" : "北醫", "address" : "臺北市信義區吳興街252號1樓(第三醫療大樓)", "phone" : "2732-8509", "city" : "臺北市"}}, {"type" : "Feature", "geometry" : {"type" : "Point", "coordinates" : [121.561272, 25.026634]}, "properties" : {"brand" : "星巴克", "store_name" : "北醫吳興", "address" : "臺北市信義區吳興街220巷1號", "phone" : "2377-2279", "city" : "臺北市"}}, {"type" : "Feature", "geometry" : {"type" : "Point", "coordinates" : [121.563901, 25.034027]}, "properties" : {"brand" : "星巴克", "store_name" : "101典藏", "address" : "臺北市信義區市府路45號B1", "phone" : "8101-8511", "city" : "臺北市"}}, {"type" : "Feature", "geometry" : {"type" : "Point", "coordinates" : [121.555836, 25.032715]}, "properties" : {"brand" : "subway", "store_name" : "#36667 大安公園餐廳", "address" : "臺北市大安區信義路3段27號 1樓", "phone" : "02-2704-9318", "city" : "臺北市"}}, {"type" : "Feature", "geometry" : {"type" : "Point", "coordinates" : [121.526363, 25.041384]}, "properties" : {"brand" : "subway", "store_name" : "#43849 濟南新生餐廳", "address" : "臺北市中正區濟南路2段58-2號1樓", "phone" : "02-2327-9318", "city" : "臺北市"}}, {"type" : "Feature", "geometry" : {"type" : "Point", "coordinates" : [121.527056, 25.033822]}, "properties" : {"brand" : "subway", "store_name" : "#26739 師大餐廳", "address" : "臺北市大安區金山南路2段230號", "phone" : "02-2322-1767", "city" : "臺北市"}}, {"type" : "Feature", "geometry" : {"type" : "Point", "coordinates" : [121.539913, 25.010588]}, "properties" : {"brand" : "subway", "store_name" : "#32580 台電餐廳", "address" : "臺北市大安區羅斯福路3段241號1樓", "phone" : "02-3365-3359", "city" : "臺北市"}}, {"type" : "Feature", "geometry" : {"type" : "Point", "coordinates" : [121.507727, 25.035089]}, "properties" : {"brand" : "subway", "store_name" : "#42689 小南門餐廳", "address" : "臺北市中正區延平南路165號1樓", "phone" : "02-2311-4819", "city" : "臺北市"}}, {"type" : "Feature", "geometry" : {"type" : "Point", "coordinates" : [121.542442, 25.025209]}, "properties" : {"brand" : "subway", "store_name" : "#527421復興和平餐廳", "address" : "臺北市大安區和平東路二段203號1樓", "phone" : "02-2705-4132", "city" : "臺北市"}}, {"type" : "Feature", "geometry" : {"type" : "Point", "coordinates" : [121.5129, 25.042397]}, "properties" : {"brand" : "subway", "store_name" : "#52742 重慶衡陽餐廳", "address" : "臺北市中正區衡陽路23號1樓", "phone" : "02-2311-7907", "city" : "臺北市"}}, {"type" : "Feature", "geometry" : {"type" : "Point", "coordinates" : [121.548434, 25.033025]}, "properties" : {"brand" : "subway", "store_name" : "#34100 敦化和平餐廳", "address" : "臺北市大安區敦化南路2段150號1樓", "phone" : "02-2709-2008", "city" : "臺北市"}}, {"type" : "Feature", "geometry" : {"type" : "Point", "coordinates" : [121.578764, 25.036732]}, "properties" : {"brand" : "subway", "store_name" : "#70031 松山車站餐廳", "address" : "臺北市信義區松山路11號地下1樓", "phone" : "02-2753-0258", "city" : "臺北市"}}, {"type" : "Feature", "geometry" : {"type" : "Point", "coordinates" : [121.585978, 25.087892]}, "properties" : {"brand" : "肯德基", "store_name" : "內湖金龍", "address" : "臺北市內湖區金龍路8號", "phone" : "02-2792-1185", "city" : "臺北市"}}, {"type" : "Feature", "geometry" : {"type" : "Point", "coordinates" : [121.575073, 25.076115]}, "properties" : {"brand" : "肯德基", "store_name" : "內湖瑞光", "address" : "臺北市內湖區瑞光路292號", "phone" : "02-2797-0368", "city" : "臺北市"}}, {"type" : "Feature", "geometry" : {"type" : "Point", "coordinates" : [121.502119, 25.136651]}, "properties" : {"brand" : "肯德基", "store_name" : "北投光明", "address" : "臺北市北投區光明路225號(新北投捷運站)", "phone" : "02-2898-5078", "city" : "臺北市"}}, {"type" : "Feature", "geometry" : {"type" : "Point", "coordinates" : [121.52595, 25.08729]}, "properties" : {"brand" : "肯德基", "store_name" : "台北士林", "address" : "臺北市士林區文林路88號(劍潭捷運站)", "phone" : "02-2881-1323", "city" : "臺北市"}}, {"type" : "Feature", "geometry" : {"type" : "Point", "coordinates" : [121.515844, 25.031649]}, "properties" : {"brand" : "肯德基", "store_name" : "台北南昌", "address" : "臺北市中正區南昌路一段12號", "phone" : "02-2396-3828", "city" : "臺北市"}}, {"type" : "Feature", "geometry" : {"type" : "Point", "coordinates" : [121.520854, 25.057287]}, "properties" : {"brand" : "肯德基", "store_name" : "台北雙連", "address" : "臺北市中山區民生西路9號(雙連捷運站)", "phone" : "02-2562-1959", "city" : "臺北市"}}, {"type" : "Feature", "geometry" : {"type" : "Point", "coordinates" : [121.559375, 24.983129]}, "properties" : {"brand" : "統一超商", "store_name" : "忠順", "address" : "臺北市文山區忠順街一段26巷22號24號", "phone" : "02-29379365", "city" : "臺北市"}}, {"type" : "Feature", "geometry" : {"type" : "Point", "coordinates" : [121.525358, 25.035169]}, "properties" : {"brand" : "統一超商", "store_name" : "杭信", "address" : "臺北市中正區信義路二段15號1樓", "phone" : "02-23584603", "city" : "臺北市"}}, {"type" : "Feature", "geometry" : {"type" : "Point", "coordinates" : [121.530121, 25.11436]}, "properties" : {"brand" : "統一超商", "store_name" : "天美", "address" : "臺北市士林區天母東路8巷96號98號", "phone" : "02-28762701", "city" : "臺北市"}}, {"type" : "Feature", "geometry" : {"type" : "Point", "coordinates" : [121.503436, 25.02962]}, "properties" : {"brand" : "統一超商", "store_name" : "華藏", "address" : "臺北市萬華區西藏路107號107之1號1樓", "phone" : "02-23034547", "city" : "臺北市"}}, {"type" : "Feature", "geometry" : {"type" : "Point", "coordinates" : [121.576422, 25.056833]}, "properties" : {"brand" : "統一超商", "store_name" : "彩龍", "address" : "臺北市內湖區行善路35號1F", "phone" : "02-87902990", "city" : "臺北市"}}, {"type" : "Feature", "geometry" : {"type" : "Point", "coordinates" : [121.530275, 25.055817]}, "properties" : {"brand" : "統一超商", "store_name" : "大吉", "address" : "臺北市中山區吉林路97號99號1樓", "phone" : "02-25630883", "city" : "臺北市"}}, {"type" : "Feature", "geometry" : {"type" : "Point", "coordinates" : [121.525232, 25.089475]}, "properties" : {"brand" : "統一超商", "store_name" : "大饌", "address" : "臺北市士林區大東路35號1樓", "phone" : "02-28838865", "city" : "臺北市"}}, {"type" : "Feature", "geometry" : {"type" : "Point", "coordinates" : [121.506823, 25.041167]}, "properties" : {"brand" : "統一超商", "store_name" : "漢中", "address" : "臺北市萬華區漢中街185號187號", "phone" : "02-23120633", "city" : "臺北市"}}, {"type" : "Feature", "geometry" : {"type" : "Point", "coordinates" : [121.597386, 25.061422]}, "properties" : {"brand" : "統一超商", "store_name" : "安保", "address" : "臺北市內湖區安康路28號1樓", "phone" : "02-27953964", "city" : "臺北市"}}, {"type" : "Feature", "geometry" : {"type" : "Point", "coordinates" : [121.505176, 25.09232]}, "properties" : {"brand" : "統一超商", "store_name" : "社中", "address" : "臺北市士林區社中街320號322號1樓", "phone" : "02-28119270", "city" : "臺北市"}}, {"type" : "Feature", "geometry" : {"type" : "Point", "coordinates" : [121.571239, 25.084363]}, "properties" : {"brand" : "統一超商", "store_name" : "福湖", "address" : "臺北市內湖區內湖路一段411巷17號19弄1號", "phone" : "02-26274816", "city" : "臺北市"}}, {"type" : "Feature", "geometry" : {"type" : "Point", "coordinates" : [121.604351, 25.073337]}, "properties" : {"brand" : "統一超商", "store_name" : "權金", "address" : "臺北市內湖區金湖路405號1樓", "phone" : "02-26324440", "city" : "臺北市"}}, {"type" : "Feature", "geometry" : {"type" : "Point", "coordinates" : [121.599995, 25.084511]}, "properties" : {"brand" : "統一超商", "store_name" : "秀湖", "address" : "臺北市內湖區成功路四段359號1樓", "phone" : "02-27960399", "city" : "臺北市"}}, {"type" : "Feature", "geometry" : {"type" : "Point", "coordinates" : [121.533206, 25.116783]}, "properties" : {"brand" : "統一超商", "store_name" : "天越", "address" : "臺北市士林區天母東路50巷25號", "phone" : "02-28724484", "city" : "臺北市"}}, {"type" : "Feature", "geometry" : {"type" : "Point", "coordinates" : [121.575081, 25.077408]}, "properties" : {"brand" : "統一超商", "store_name" : "鴻瑞", "address" : "臺北市內湖區瑞光路335號1樓", "phone" : "02-26275241", "city" : "臺北市"}}, {"type" : "Feature", "geometry" : {"type" : "Point", "coordinates" : [121.535914, 25.061881]}, "properties" : {"brand" : "統一超商", "store_name" : "建欣", "address" : "臺北市中山區建國北路二段13號1樓", "phone" : "02-25177302", "city" : "臺北市"}}, {"type" : "Feature", "geometry" : {"type" : "Point", "coordinates" : [121.56828, 25.080769]}, "properties" : {"brand" : "統一超商", "store_name" : "瑞景", "address" : "臺北市內湖區瑞光路583巷30號1樓", "phone" : "02-87513436", "city" : "臺北市"}}, {"type" : "Feature", "geometry" : {"type" : "Point", "coordinates" : [121.577701, 25.057913]}, "properties" : {"brand" : "統一超商", "store_name" : "國企", "address" : "臺北市內湖區行善路136號1樓", "phone" : "02-87912530", "city" : "臺北市"}}, {"type" : "Feature", "geometry" : {"type" : "Point", "coordinates" : [121.534364, 25.110925]}, "properties" : {"brand" : "統一超商", "store_name" : "蘭雅", "address" : "臺北市士林區德行東路6之2號1樓", "phone" : "02-28345909", "city" : "臺北市"}}, {"type" : "Feature", "geometry" : {"type" : "Point", "coordinates" : [121.518574, 25.072561]}, "properties" : {"brand" : "統一超商", "store_name" : "德倫", "address" : "臺北市大同區承德路三段240號242號1樓", "phone" : "02-25875361", "city" : "臺北市"}}, {"type" : "Feature", "geometry" : {"type" : "Point", "coordinates" : [121.565714, 25.048594]}, "properties" : {"brand" : "統一超商", "store_name" : "統威", "address" : "臺北市松山區東興路13-1號1樓15巷3號1樓", "phone" : "02-27481762", "city" : "臺北市"}}, {"type" : "Feature", "geometry" : {"type" : "Point", "coordinates" : [121.573991, 25.045709]}, "properties" : {"brand" : "統一超商", "store_name" : "永吉", "address" : "臺北市信義區永吉路217號1樓2樓及219號1樓", "phone" : "02-27563192", "city" : "臺北市"}}, {"type" : "Feature", "geometry" : {"type" : "Point", "coordinates" : [121.532331, 25.118874]}, "properties" : {"brand" : "統一超商", "store_name" : "東洋", "address" : "臺北市士林區中山北路七段14巷19號Ｂ1", "phone" : "02-28753409", "city" : "臺北市"}}, {"type" : "Feature", "geometry" : {"type" : "Point", "coordinates" : [121.563232, 25.08068]}, "properties" : {"brand" : "統一超商", "store_name" : "堤頂", "address" : "臺北市內湖區堤頂大道二段411號1樓", "phone" : "02-26597738", "city" : "臺北市"}}, {"type" : "Feature", "geometry" : {"type" : "Point", "coordinates" : [121.5256, 25.067268]}, "properties" : {"brand" : "統一超商", "store_name" : "森吉", "address" : "臺北市中山區林森北路624號626號1樓", "phone" : "02-25958727", "city" : "臺北市"}}, {"type" : "Feature", "geometry" : {"type" : "Point", "coordinates" : [121.52538, 25.057014]}, "properties" : {"brand" : "統一超商", "store_name" : "國賓", "address" : "臺北市中山區中山北路二段71號1樓", "phone" : "02-25682463", "city" : "臺北市"}}, {"type" : "Feature", "geometry" : {"type" : "Point", "coordinates" : [121.570707, 25.000969]}, "properties" : {"brand" : "統一超商", "store_name" : "萬芳", "address" : "臺北市文山區萬安街23號25號27號27-1號1樓", "phone" : "02-22390910", "city" : "臺北市"}}, {"type" : "Feature", "geometry" : {"type" : "Point", "coordinates" : [121.541397, 24.995522]}, "properties" : {"brand" : "統一超商", "store_name" : "羅盛", "address" : "臺北市文山區羅斯福路六段235號237號1樓2樓", "phone" : "02-89317088", "city" : "臺北市"}}, {"type" : "Feature", "geometry" : {"type" : "Point", "coordinates" : [121.516712, 25.037326]}, "properties" : {"brand" : "統一超商", "store_name" : "國圖", "address" : "臺北市中正區中山南路20號B1樓", "phone" : "02-23141506", "city" : "臺北市"}}, {"type" : "Feature", "geometry" : {"type" : "Point", "coordinates" : [121.528122, 25.021042]}, "properties" : {"brand" : "統一超商", "store_name" : "龍泉", "address" : "臺北市大安區羅斯福路三段193號1樓", "phone" : "02-23682936", "city" : "臺北市"}}, {"type" : "Feature", "geometry" : {"type" : "Point", "coordinates" : [121.572329, 25.081237]}, "properties" : {"brand" : "統一超商", "store_name" : "麗安", "address" : "臺北市內湖區內湖路一段445號1樓", "phone" : "02-26274284", "city" : "臺北市"}}, {"type" : "Feature", "geometry" : {"type" : "Point", "coordinates" : [121.580264, 25.050439]}, "properties" : {"brand" : "統一超商", "store_name" : "凱松", "address" : "臺北市南港區八德路四段778號780號", "phone" : "02-27886050", "city" : "臺北市"}}, {"type" : "Feature", "geometry" : {"type" : "Point", "coordinates" : [121.535863, 25.111538]}, "properties" : {"brand" : "統一超商", "store_name" : "士東", "address" : "臺北市士林區士東路42號1樓", "phone" : "02-28314732", "city" : "臺北市"}}, {"type" : "Feature", "geometry" : {"type" : "Point", "coordinates" : [121.523242, 25.098247]}, "properties" : {"brand" : "統一超商", "store_name" : "冬樂", "address" : "臺北市士林區美崙街112號一樓", "phone" : "02-28345642", "city" : "臺北市"}}, {"type" : "Feature", "geometry" : {"type" : "Point", "coordinates" : [121.555734, 24.980318]}, "properties" : {"brand" : "統一超商", "store_name" : "文一", "address" : "臺北市文山區木新路三段351號353號1樓", "phone" : "02-29377616", "city" : "臺北市"}}, {"type" : "Feature", "geometry" : {"type" : "Point", "coordinates" : [121.548009, 24.987293]}, "properties" : {"brand" : "統一超商", "store_name" : "世成", "address" : "臺北市文山區木柵路一段111號1樓(世新大管院)", "phone" : "02-22363271", "city" : "臺北市"}}, {"type" : "Feature", "geometry" : {"type" : "Point", "coordinates" : [121.590351, 25.06616]}, "properties" : {"brand" : "統一超商", "store_name" : "成功", "address" : "臺北市內湖區成功路二段252號", "phone" : "02-27929460", "city" : "臺北市"}}, {"type" : "Feature", "geometry" : {"type" : "Point", "coordinates" : [121.593219, 25.066934]}, "properties" : {"brand" : "統一超商", "store_name" : "名寶", "address" : "臺北市內湖區民權東路六段180巷17號19號", "phone" : "02-87914208", "city" : "臺北市"}}, {"type" : "Feature", "geometry" : {"type" : "Point", "coordinates" : [121.508212, 25.125527]}, "properties" : {"brand" : "統一超商", "store_name" : "公岩", "address" : "臺北市北投區公館路259號1樓", "phone" : "02-28946735", "city" : "臺北市"}}, {"type" : "Feature", "geometry" : {"type" : "Point", "coordinates" : [121.519076, 25.025816]}, "properties" : {"brand" : "統一超商", "store_name" : "牯嶺", "address" : "臺北市中正區廈門街99巷19-2號1樓", "phone" : "02-23686248", "city" : "臺北市"}}, {"type" : "Feature", "geometry" : {"type" : "Point", "coordinates" : [121.525383, 25.057276]}, "properties" : {"brand" : "統一超商", "store_name" : "森泰", "address" : "臺北市中山區林森北路358號360號", "phone" : "02-25681096", "city" : "臺北市"}}, {"type" : "Feature", "geometry" : {"type" : "Point", "coordinates" : [121.581123, 25.039048]}, "properties" : {"brand" : "統一超商", "store_name" : "廣林", "address" : "臺北市信義區福德街84巷52號1樓", "phone" : "02-27590396", "city" : "臺北市"}}, {"type" : "Feature", "geometry" : {"type" : "Point", "coordinates" : [121.537328, 25.059955]}, "properties" : {"brand" : "統一超商", "store_name" : "建錦", "address" : "臺北市中山區建國北路二段127號1樓B1樓", "phone" : "02-25080523", "city" : "臺北市"}}, {"type" : "Feature", "geometry" : {"type" : "Point", "coordinates" : [121.500317, 25.024814]}, "properties" : {"brand" : "統一超商", "store_name" : "萬大", "address" : "臺北市萬華區萬大路245號247號1樓", "phone" : "02-23057808", "city" : "臺北市"}}, {"type" : "Feature", "geometry" : {"type" : "Point", "coordinates" : [121.529973, 25.019303]}, "properties" : {"brand" : "統一超商", "store_name" : "溫州", "address" : "臺北市大安區羅斯福路三段245號", "phone" : "02-23626249", "city" : "臺北市"}}, {"type" : "Feature", "geometry" : {"type" : "Point", "coordinates" : [121.583758, 25.042931]}, "properties" : {"brand" : "統一超商", "store_name" : "中坡", "address" : "臺北市南港區中坡南路47號1樓", "phone" : "02-27864543", "city" : "臺北市"}}, {"type" : "Feature", "geometry" : {"type" : "Point", "coordinates" : [121.555546, 25.00032]}, "properties" : {"brand" : "統一超商", "store_name" : "康喜", "address" : "臺北市文山區興隆路三段42號", "phone" : "02-29332978", "city" : "臺北市"}}, {"type" : "Feature", "geometry" : {"type" : "Point", "coordinates" : [121.51741, 25.025557]}, "properties" : {"brand" : "統一超商", "store_name" : "新廈門", "address" : "臺北市中正區廈門街46號1樓", "phone" : "02-23677374", "city" : "臺北市"}}, {"type" : "Feature", "geometry" : {"type" : "Point", "coordinates" : [121.500587, 25.036571]}, "properties" : {"brand" : "統一超商", "store_name" : "龍廣", "address" : "臺北市萬華區廣州街148號", "phone" : "02-23362548", "city" : "臺北市"}}, {"type" : "Feature", "geometry" : {"type" : "Point", "coordinates" : [121.540959, 25.065277]}, "properties" : {"brand" : "統一超商", "store_name" : "錦龍", "address" : "臺北市中山區龍江路281-1號", "phone" : "02-25080595", "city" : "臺北市"}}, {"type" : "Feature", "geometry" : {"type" : "Point", "coordinates" : [121.537172, 25.007839]}, "properties" : {"brand" : "統一超商", "store_name" : "台師大", "address" : "臺北市文山區汀州路四段88號行政大樓1樓", "phone" : "02-86635162", "city" : "臺北市"}}, {"type" : "Feature", "geometry" : {"type" : "Point", "coordinates" : [121.541752, 25.137293]}, "properties" : {"brand" : "統一超商", "store_name" : "華岡", "address" : "臺北市士林區光華路26巷7-1號", "phone" : "02-28625528", "city" : "臺北市"}}, {"type" : "Feature", "geometry" : {"type" : "Point", "coordinates" : [121.531011, 25.056896]}, "properties" : {"brand" : "統一超商", "store_name" : "松運", "address" : "臺北市中山區松江路101號", "phone" : "02-25179248", "city" : "臺北市"}}, {"type" : "Feature", "geometry" : {"type" : "Point", "coordinates" : [121.533966, 25.051835]}, "properties" : {"brand" : "統一超商", "store_name" : "松京", "address" : "臺北市中山區南京東路二段144號1樓", "phone" : "02-25069601", "city" : "臺北市"}}, {"type" : "Feature", "geometry" : {"type" : "Point", "coordinates" : [121.519196, 25.03291]}, "properties" : {"brand" : "統一超商", "store_name" : "中愛", "address" : "臺北市中正區寧波東街17號1樓", "phone" : "02-23415461", "city" : "臺北市"}}, {"type" : "Feature", "geometry" : {"type" : "Point", "coordinates" : [121.602752, 25.06772]}, "properties" : {"brand" : "統一超商", "store_name" : "民東", "address" : "臺北市內湖區民權東路六段82號1樓", "phone" : "02-27949878", "city" : "臺北市"}}, {"type" : "Feature", "geometry" : {"type" : "Point", "coordinates" : [121.561114, 25.053862]}, "properties" : {"brand" : "統一超商", "store_name" : "婦聯", "address" : "臺北市松山區健康路224號", "phone" : "02-27609484", "city" : "臺北市"}}, {"type" : "Feature", "geometry" : {"type" : "Point", "coordinates" : [121.579317, 25.048427]}, "properties" : {"brand" : "統一超商", "store_name" : "崧站", "address" : "臺北市信義區松隆路329巷4號", "phone" : "02-27569945", "city" : "臺北市"}}, {"type" : "Feature", "geometry" : {"type" : "Point", "coordinates" : [121.521509, 25.085741]}, "properties" : {"brand" : "統一超商", "store_name" : "前港", "address" : "臺北市士林區後港街98之1號2號1樓", "phone" : "02-28818943", "city" : "臺北市"}}, {"type" : "Feature", "geometry" : {"type" : "Point", "coordinates" : [121.570468, 25.022866]}, "properties" : {"brand" : "統一超商", "store_name" : "宏泰", "address" : "臺北市信義區松仁路91-1號1樓", "phone" : "02-87804531", "city" : "臺北市"}}, {"type" : "Feature", "geometry" : {"type" : "Point", "coordinates" : [121.538263, 25.028692]}, "properties" : {"brand" : "統一超商", "store_name" : "建南", "address" : "臺北市大安區建國南路二段151巷6之8號", "phone" : "02-27549832", "city" : "臺北市"}}, {"type" : "Feature", "geometry" : {"type" : "Point", "coordinates" : [121.524899, 25.118573]}, "properties" : {"brand" : "統一超商", "store_name" : "齊德", "address" : "臺北市士林區天母西路85號1樓2樓", "phone" : "02-28745680", "city" : "臺北市"}}, {"type" : "Feature", "geometry" : {"type" : "Point", "coordinates" : [121.546276, 25.042477]}, "properties" : {"brand" : "統一超商", "store_name" : "頂安", "address" : "臺北市大安區大安路一段67號1樓", "phone" : "02-27787790", "city" : "臺北市"}}, {"type" : "Feature", "geometry" : {"type" : "Point", "coordinates" : [121.509524, 25.028045]}, "properties" : {"brand" : "統一超商", "store_name" : "汀州", "address" : "臺北市中正區汀州路一段127號129號", "phone" : "02-23098147", "city" : "臺北市"}}, {"type" : "Feature", "geometry" : {"type" : "Point", "coordinates" : [121.525517, 25.050216]}, "properties" : {"brand" : "統一超商", "store_name" : "六條通", "address" : "臺北市中山區林森北路107巷15號1樓", "phone" : "02-25239327", "city" : "臺北市"}}, {"type" : "Feature", "geometry" : {"type" : "Point", "coordinates" : [121.539216, 25.079452]}, "properties" : {"brand" : "統一超商", "store_name" : "直安", "address" : "臺北市中山區北安路649號", "phone" : "02-25330894", "city" : "臺北市"}}, {"type" : "Feature", "geometry" : {"type" : "Point", "coordinates" : [121.562991, 25.057722]}, "properties" : {"brand" : "統一超商", "store_name" : "松民", "address" : "臺北市松山區三民路10號", "phone" : "02-27480323", "city" : "臺北市"}}, {"type" : "Feature", "geometry" : {"type" : "Point", "coordinates" : [121.524306, 25.024037]}, "properties" : {"brand" : "統一超商", "store_name" : "羅昌", "address" : "臺北市中正區南昌路二段206號1樓", "phone" : "02-23678289", "city" : "臺北市"}}, {"type" : "Feature", "geometry" : {"type" : "Point", "coordinates" : [121.551631, 25.030229]}, "properties" : {"brand" : "統一超商", "store_name" : "立仁", "address" : "臺北市大安區安和路二段74巷1號", "phone" : "02-27066660", "city" : "臺北市"}}, {"type" : "Feature", "geometry" : {"type" : "Point", "coordinates" : [121.567321, 25.001951]}, "properties" : {"brand" : "統一超商", "store_name" : "萬美", "address" : "臺北市文山區萬和街6號2樓之1", "phone" : "02-22398986", "city" : "臺北市"}}, {"type" : "Feature", "geometry" : {"type" : "Point", "coordinates" : [121.54062, 25.013743]}, "properties" : {"brand" : "統一超商", "store_name" : "台科一", "address" : "臺北市大安區基隆路四段43號1樓", "phone" : "02-27386727", "city" : "臺北市"}}, {"type" : "Feature", "geometry" : {"type" : "Point", "coordinates" : [121.573773, 24.990956]}, "properties" : {"brand" : "統一超商", "store_name" : "莘苑", "address" : "臺北市文山區新光路一段97號99號", "phone" : "02-29397962", "city" : "臺北市"}}, {"type" : "Feature", "geometry" : {"type" : "Point", "coordinates" : [121.614114, 25.068904]}, "properties" : {"brand" : "統一超商", "store_name" : "明湖", "address" : "臺北市內湖區東湖路45號", "phone" : "02-26323734", "city" : "臺北市"}}, {"type" : "Feature", "geometry" : {"type" : "Point", "coordinates" : [121.532314, 25.03213]}, "properties" : {"brand" : "統一超商", "store_name" : "永康", "address" : "臺北市大安區永康街43號", "phone" : "02-23216948", "city" : "臺北市"}}, {"type" : "Feature", "geometry" : {"type" : "Point", "coordinates" : [121.534776, 25.109853]}, "properties" : {"brand" : "統一超商", "store_name" : "德誠", "address" : "臺北市士林區德行東路106號108號1樓", "phone" : "02-28344429", "city" : "臺北市"}}, {"type" : "Feature", "geometry" : {"type" : "Point", "coordinates" : [121.540355, 24.990592]}, "properties" : {"brand" : "統一超商", "store_name" : "景中", "address" : "臺北市文山區景文里景文街96號98號", "phone" : "02-86637537", "city" : "臺北市"}}, {"type" : "Feature", "geometry" : {"type" : "Point", "coordinates" : [121.54468, 25.052838]}, "properties" : {"brand" : "統一超商", "store_name" : "松慶", "address" : "臺北市松山區慶城街1號1樓", "phone" : "02-25450149", "city" : "臺北市"}}, {"type" : "Feature", "geometry" : {"type" : "Point", "coordinates" : [121.553757, 25.044725]}, "properties" : {"brand" : "統一超商", "store_name" : "吉仁", "address" : "臺北市松山區延吉街27-1號1樓", "phone" : "02-25793557", "city" : "臺北市"}}, {"type" : "Feature", "geometry" : {"type" : "Point", "coordinates" : [121.52545, 25.091615]}, "properties" : {"brand" : "統一超商", "store_name" : "新士林", "address" : "臺北市士林區大東路123號125號1樓", "phone" : "02-28835732", "city" : "臺北市"}}, {"type" : "Feature", "geometry" : {"type" : "Point", "coordinates" : [121.51515, 25.055222]}, "properties" : {"brand" : "統一超商", "store_name" : "慶寧", "address" : "臺北市大同區寧夏路23號23之1號", "phone" : "02-25569881", "city" : "臺北市"}}, {"type" : "Feature", "geometry" : {"type" : "Point", "coordinates" : [121.553282, 25.02064]}, "properties" : {"brand" : "統一超商", "store_name" : "和樂", "address" : "臺北市大安區和平東路三段228巷45號1樓", "phone" : "02-27326014", "city" : "臺北市"}}, {"type" : "Feature", "geometry" : {"type" : "Point", "coordinates" : [121.520622, 25.07981]}, "properties" : {"brand" : "統一超商", "store_name" : "新承德", "address" : "臺北市士林區承德路四段30號", "phone" : "02-28857157", "city" : "臺北市"}}, {"type" : "Feature", "geometry" : {"type" : "Point", "coordinates" : [121.557038, 25.084576]}, "properties" : {"brand" : "統一超商", "store_name" : "美麗華", "address" : "臺北市中山區北安路839-1號", "phone" : "02-85093170", "city" : "臺北市"}}, {"type" : "Feature", "geometry" : {"type" : "Point", "coordinates" : [121.54433, 25.063431]}, "properties" : {"brand" : "統一超商", "store_name" : "復星", "address" : "臺北市松山區復興北路15-6號1樓", "phone" : "02-27400103", "city" : "臺北市"}}, {"type" : "Feature", "geometry" : {"type" : "Point", "coordinates" : [121.56515, 25.040867]}, "properties" : {"brand" : "統一超商", "store_name" : "市捷", "address" : "臺北市信義區忠孝東路五段6號1樓", "phone" : "02-23453310", "city" : "臺北市"}}, {"type" : "Feature", "geometry" : {"type" : "Point", "coordinates" : [121.502369, 25.133952]}, "properties" : {"brand" : "統一超商", "store_name" : "光寶", "address" : "臺北市北投區光明路132之2號1.2樓", "phone" : "02-28911841", "city" : "臺北市"}}, {"type" : "Feature", "geometry" : {"type" : "Point", "coordinates" : [121.508885, 25.050693]}, "properties" : {"brand" : "統一超商", "store_name" : "中興醫", "address" : "臺北市大同區鄭州路145號B1", "phone" : "02-25501134", "city" : "臺北市"}}, {"type" : "Feature", "geometry" : {"type" : "Point", "coordinates" : [121.507451, 25.087435]}, "properties" : {"brand" : "統一超商", "store_name" : "社鑫", "address" : "臺北市士林區社子街42號44號1樓", "phone" : "02-28136371", "city" : "臺北市"}}, {"type" : "Feature", "geometry" : {"type" : "Point", "coordinates" : [121.574859, 25.083646]}, "properties" : {"brand" : "統一超商", "store_name" : "泰樂", "address" : "臺北市內湖區安泰街26號28號", "phone" : "02-26319997", "city" : "臺北市"}}, {"type" : "Feature", "geometry" : {"type" : "Point", "coordinates" : [121.564962, 25.042395]}, "properties" : {"brand" : "統一超商", "store_name" : "必成", "address" : "臺北市信義區基隆路一段178號180號1樓", "phone" : "02-27640912", "city" : "臺北市"}}, {"type" : "Feature", "geometry" : {"type" : "Point", "coordinates" : [121.521278, 25.037089]}, "properties" : {"brand" : "統一超商", "store_name" : "中華電", "address" : "臺北市中正區信義路一段21-3號B1樓", "phone" : "02-33433607", "city" : "臺北市"}}, {"type" : "Feature", "geometry" : {"type" : "Point", "coordinates" : [121.518555, 25.040776]}, "properties" : {"brand" : "統一超商", "store_name" : "臺醫東", "address" : "臺北市中正區中山南路7號1樓", "phone" : "02-23223460", "city" : "臺北市"}}, {"type" : "Feature", "geometry" : {"type" : "Point", "coordinates" : [121.526094, 25.06675]}, "properties" : {"brand" : "統一超商", "store_name" : "鑫德惠", "address" : "臺北市中山區德惠街15號1樓", "phone" : "02-25995347", "city" : "臺北市"}}, {"type" : "Feature", "geometry" : {"type" : "Point", "coordinates" : [121.574762, 25.03288]}, "properties" : {"brand" : "統一超商", "store_name" : "松義", "address" : "臺北市信義區松德路271號", "phone" : "02-27274474", "city" : "臺北市"}}, {"type" : "Feature", "geometry" : {"type" : "Point", "coordinates" : [121.543936, 25.059971]}, "properties" : {"brand" : "統一超商", "store_name" : "復錦", "address" : "臺北市中山區復興北路348號1樓", "phone" : "02-25160812", "city" : "臺北市"}}, {"type" : "Feature", "geometry" : {"type" : "Point", "coordinates" : [121.577816, 25.039568]}, "properties" : {"brand" : "統一超商", "store_name" : "新東宮", "address" : "臺北市信義區松山路455號", "phone" : "02-23466878", "city" : "臺北市"}}, {"type" : "Feature", "geometry" : {"type" : "Point", "coordinates" : [121.562362, 24.984512]}, "properties" : {"brand" : "統一超商", "store_name" : "文忠", "address" : "臺北市文山區忠順街二段10號1樓", "phone" : "02-29379722", "city" : "臺北市"}}, {"type" : "Feature", "geometry" : {"type" : "Point", "coordinates" : [121.526357, 25.035854]}, "properties" : {"brand" : "統一超商", "store_name" : "鑫杭", "address" : "臺北市中正區杭州南路一段23號", "phone" : "02-23579224", "city" : "臺北市"}}, {"type" : "Feature", "geometry" : {"type" : "Point", "coordinates" : [121.616344, 25.056311]}, "properties" : {"brand" : "統一超商", "store_name" : "港勝", "address" : "臺北市南港區經貿二路2號B1樓", "phone" : "02-26519605", "city" : "臺北市"}}, {"type" : "Feature", "geometry" : {"type" : "Point", "coordinates" : [121.619705, 25.073587]}, "properties" : {"brand" : "統一超商", "store_name" : "瓏山林", "address" : "臺北市內湖區康樂街125巷2號2之1號", "phone" : "02-26329723", "city" : "臺北市"}}, {"type" : "Feature", "geometry" : {"type" : "Point", "coordinates" : [121.56672, 25.0575]}, "properties" : {"brand" : "統一超商", "store_name" : "征東", "address" : "臺北市松山區新東街15巷1號", "phone" : "02-27534174", "city" : "臺北市"}}, {"type" : "Feature", "geometry" : {"type" : "Point", "coordinates" : [121.540816, 24.992331]}, "properties" : {"brand" : "統一超商", "store_name" : "羅捷", "address" : "臺北市文山區景行里羅斯福路六段391號", "phone" : "02-86638381", "city" : "臺北市"}}, {"type" : "Feature", "geometry" : {"type" : "Point", "coordinates" : [121.549349, 25.054042]}, "properties" : {"brand" : "統一超商", "store_name" : "敦北", "address" : "臺北市松山區敦化北路149號1樓", "phone" : "02-25472052", "city" : "臺北市"}}, {"type" : "Feature", "geometry" : {"type" : "Point", "coordinates" : [121.522938, 25.04383]}, "properties" : {"brand" : "統一超商", "store_name" : "千成", "address" : "臺北市中正區林森南路4號之3", "phone" : "02-23577481", "city" : "臺北市"}}, {"type" : "Feature", "geometry" : {"type" : "Point", "coordinates" : [121.587362, 25.088734]}, "properties" : {"brand" : "統一超商", "store_name" : "金德", "address" : "臺北市內湖區金龍路5號1F", "phone" : "02-87923496", "city" : "臺北市"}}, {"type" : "Feature", "geometry" : {"type" : "Point", "coordinates" : [121.533451, 25.058984]}, "properties" : {"brand" : "統一超商", "store_name" : "統佳", "address" : "臺北市中山區松江路237號1樓", "phone" : "02-25175930", "city" : "臺北市"}}, {"type" : "Feature", "geometry" : {"type" : "Point", "coordinates" : [121.569422, 25.024494]}, "properties" : {"brand" : "統一超商", "store_name" : "富比世", "address" : "臺北市信義區松仁路246號248號1樓", "phone" : "02-27202571", "city" : "臺北市"}}, {"type" : "Feature", "geometry" : {"type" : "Point", "coordinates" : [121.531874, 25.062329]}, "properties" : {"brand" : "統一超商", "store_name" : "福權", "address" : "臺北市中山區民權東路二段96號98號1樓", "phone" : "02-25679782", "city" : "臺北市"}}, {"type" : "Feature", "geometry" : {"type" : "Point", "coordinates" : [121.577594, 25.073065]}, "properties" : {"brand" : "統一超商", "store_name" : "樂陽", "address" : "臺北市內湖區陽光街349號1樓", "phone" : "02-26597352", "city" : "臺北市"}}, {"type" : "Feature", "geometry" : {"type" : "Point", "coordinates" : [121.537077, 25.023068]}, "properties" : {"brand" : "統一超商", "store_name" : "辛亥", "address" : "臺北市大安區辛亥路二段57號", "phone" : "02-23630291", "city" : "臺北市"}}, {"type" : "Feature", "geometry" : {"type" : "Point", "coordinates" : [121.472008, 25.128341]}, "properties" : {"brand" : "統一超商", "store_name" : "和信醫", "address" : "臺北市北投區立德路125號1樓", "phone" : "02-28936831", "city" : "臺北市"}}, {"type" : "Feature", "geometry" : {"type" : "Point", "coordinates" : [121.532308, 25.064786]}, "properties" : {"brand" : "統一超商", "store_name" : "農安", "address" : "臺北市中山區農安街28-1號1樓28-2號1樓", "phone" : "02-25954401", "city" : "臺北市"}}, {"type" : "Feature", "geometry" : {"type" : "Point", "coordinates" : [121.471138, 25.107903]}, "properties" : {"brand" : "統一超商", "store_name" : "社子島", "address" : "臺北市士林區延平北路九段215號", "phone" : "02-28108605", "city" : "臺北市"}}, {"type" : "Feature", "geometry" : {"type" : "Point", "coordinates" : [121.51618, 25.068708]}, "properties" : {"brand" : "統一超商", "store_name" : "民族西", "address" : "臺北市大同區民族西路151號153號155號", "phone" : "02-25954841", "city" : "臺北市"}}, {"type" : "Feature", "geometry" : {"type" : "Point", "coordinates" : [121.47266, 25.127565]}, "properties" : {"brand" : "統一超商", "store_name" : "新和碩", "address" : "臺北市北投區立德路150之3號B1F", "phone" : "02-28916241", "city" : "臺北市"}}, {"type" : "Feature", "geometry" : {"type" : "Point", "coordinates" : [121.594643, 25.083636]}, "properties" : {"brand" : "統一超商", "store_name" : "成竹", "address" : "臺北市內湖區成功路四段173號1樓", "phone" : "02-27943201", "city" : "臺北市"}}, {"type" : "Feature", "geometry" : {"type" : "Point", "coordinates" : [121.581227, 24.998739]}, "properties" : {"brand" : "統一超商", "store_name" : "動物園", "address" : "臺北市文山區新光路二段30號1樓", "phone" : "02-86618147", "city" : "臺北市"}}, {"type" : "Feature", "geometry" : {"type" : "Point", "coordinates" : [121.53176, 25.048578]}, "properties" : {"brand" : "統一超商", "store_name" : "江東", "address" : "臺北市中山區長安東路二段43號45-1號1樓", "phone" : "02-25223791", "city" : "臺北市"}}, {"type" : "Feature", "geometry" : {"type" : "Point", "coordinates" : [121.529487, 25.043169]}, "properties" : {"brand" : "統一超商", "store_name" : "忠聯", "address" : "臺北市中正區忠孝東路二段100號1樓", "phone" : "02-23215793", "city" : "臺北市"}}, {"type" : "Feature", "geometry" : {"type" : "Point", "coordinates" : [121.544422, 25.043725]}, "properties" : {"brand" : "統一超商", "store_name" : "光忠", "address" : "臺北市大安區復興南路一段107巷5弄1號1樓", "phone" : "02-27319254", "city" : "臺北市"}}, {"type" : "Feature", "geometry" : {"type" : "Point", "coordinates" : [121.537333, 25.002162]}, "properties" : {"brand" : "統一超商", "store_name" : "隆合", "address" : "臺北市文山區羅斯福路五段218巷28號30號", "phone" : "02-29334229", "city" : "臺北市"}}, {"type" : "Feature", "geometry" : {"type" : "Point", "coordinates" : [121.604793, 25.052364]}, "properties" : {"brand" : "統一超商", "store_name" : "港麗", "address" : "臺北市南港區忠孝東路七段299號", "phone" : "02-26518390", "city" : "臺北市"}}, {"type" : "Feature", "geometry" : {"type" : "Point", "coordinates" : [121.5337, 25.053331]}, "properties" : {"brand" : "統一超商", "store_name" : "松盛", "address" : "臺北市中山區南京東路二段115巷1號", "phone" : "02-25022910", "city" : "臺北市"}}, {"type" : "Feature", "geometry" : {"type" : "Point", "coordinates" : [121.557878, 25.059259]}, "properties" : {"brand" : "統一超商", "store_name" : "民復", "address" : "臺北市松山區民生東路五段10號1樓", "phone" : "02-27479963", "city" : "臺北市"}}, {"type" : "Feature", "geometry" : {"type" : "Point", "coordinates" : [121.536507, 25.062205]}, "properties" : {"brand" : "統一超商", "store_name" : "建權", "address" : "臺北市中山區民權東路二段206號1樓", "phone" : "02-25176356", "city" : "臺北市"}}, {"type" : "Feature", "geometry" : {"type" : "Point", "coordinates" : [121.509644, 25.037898]}, "properties" : {"brand" : "統一超商", "store_name" : "東成", "address" : "臺北市中正區延平南路129巷3號1樓", "phone" : "02-23142583", "city" : "臺北市"}}, {"type" : "Feature", "geometry" : {"type" : "Point", "coordinates" : [121.528857, 25.110994]}, "properties" : {"brand" : "統一超商", "store_name" : "德寶", "address" : "臺北市士林區德行東路109巷106號", "phone" : "02-28315462", "city" : "臺北市"}}, {"type" : "Feature", "geometry" : {"type" : "Point", "coordinates" : [121.533889, 25.040109]}, "properties" : {"brand" : "統一超商", "store_name" : "濟南", "address" : "臺北市大安區濟南路三段12號1樓", "phone" : "02-27409693", "city" : "臺北市"}}, {"type" : "Feature", "geometry" : {"type" : "Point", "coordinates" : [121.561617, 25.051691]}, "properties" : {"brand" : "統一超商", "store_name" : "京發", "address" : "臺北市松山區南京東路五段139之4及139之8號", "phone" : "02-37652632", "city" : "臺北市"}}, {"type" : "Feature", "geometry" : {"type" : "Point", "coordinates" : [121.591979, 25.071802]}, "properties" : {"brand" : "統一超商", "store_name" : "國醫", "address" : "臺北市內湖區成功路二段325號1樓", "phone" : "02-87929421", "city" : "臺北市"}}, {"type" : "Feature", "geometry" : {"type" : "Point", "coordinates" : [121.534815, 25.064565]}, "properties" : {"brand" : "統一超商", "store_name" : "行天", "address" : "臺北市中山區農安街178號180號", "phone" : "02-25050197", "city" : "臺北市"}}, {"type" : "Feature", "geometry" : {"type" : "Point", "coordinates" : [121.548288, 25.02094]}, "properties" : {"brand" : "統一超商", "store_name" : "昇隆", "address" : "臺北市大安區敦化南路二段238號", "phone" : "02-27328454", "city" : "臺北市"}}, {"type" : "Feature", "geometry" : {"type" : "Point", "coordinates" : [121.514578, 25.051366]}, "properties" : {"brand" : "統一超商", "store_name" : "厚讚", "address" : "臺北市大同區長安西路228號1樓", "phone" : "02-25509809", "city" : "臺北市"}}, {"type" : "Feature", "geometry" : {"type" : "Point", "coordinates" : [121.517468, 25.084276]}, "properties" : {"brand" : "統一超商", "store_name" : "新劍潭", "address" : "臺北市士林區福港街246號248號", "phone" : "02-28882016", "city" : "臺北市"}}, {"type" : "Feature", "geometry" : {"type" : "Point", "coordinates" : [121.546231, 25.083587]}, "properties" : {"brand" : "統一超商", "store_name" : "實踐大學", "address" : "臺北市中山區大直街70號1樓", "phone" : "02-85091737", "city" : "臺北市"}}, {"type" : "Feature", "geometry" : {"type" : "Point", "coordinates" : [121.527007, 25.087199]}, "properties" : {"brand" : "統一超商", "store_name" : "銘傳", "address" : "臺北市士林區中山北路五段250號", "phone" : "02-28836632", "city" : "臺北市"}}, {"type" : "Feature", "geometry" : {"type" : "Point", "coordinates" : [121.563782, 25.042672]}, "properties" : {"brand" : "統一超商", "store_name" : "松聯", "address" : "臺北市信義區忠孝東路四段559巷24號1樓", "phone" : "02-37621705", "city" : "臺北市"}}, {"type" : "Feature", "geometry" : {"type" : "Point", "coordinates" : [121.561074, 25.029575]}, "properties" : {"brand" : "統一超商", "store_name" : "松敬", "address" : "臺北市信義區吳興街11號1樓", "phone" : "02-27580763", "city" : "臺北市"}}, {"type" : "Feature", "geometry" : {"type" : "Point", "coordinates" : [121.522673, 25.084162]}, "properties" : {"brand" : "統一超商", "store_name" : "三樂", "address" : "臺北市士林區劍潭路21號1樓", "phone" : "02-28832921", "city" : "臺北市"}}, {"type" : "Feature", "geometry" : {"type" : "Point", "coordinates" : [121.541927, 25.137788]}, "properties" : {"brand" : "統一超商", "store_name" : "太學", "address" : "臺北市士林區華岡路45之1號1樓", "phone" : "02-28627655", "city" : "臺北市"}}, {"type" : "Feature", "geometry" : {"type" : "Point", "coordinates" : [121.551023, 25.080243]}, "properties" : {"brand" : "統一超商", "store_name" : "大永", "address" : "臺北市中山區明水路581巷15號1樓", "phone" : "02-85098737", "city" : "臺北市"}}, {"type" : "Feature", "geometry" : {"type" : "Point", "coordinates" : [121.50776, 25.089262]}, "properties" : {"brand" : "統一超商", "store_name" : "福氣", "address" : "臺北市士林區延平北路六段122號124號1樓", "phone" : "02-28162416", "city" : "臺北市"}}, {"type" : "Feature", "geometry" : {"type" : "Point", "coordinates" : [121.503377, 25.092065]}, "properties" : {"brand" : "統一超商", "store_name" : "永倫", "address" : "臺北市士林區社中街381號1樓", "phone" : "02-88115108", "city" : "臺北市"}}, {"type" : "Feature", "geometry" : {"type" : "Point", "coordinates" : [121.520403, 25.081161]}, "properties" : {"brand" : "統一超商", "store_name" : "通河", "address" : "臺北市士林區通河街151號1樓", "phone" : "02-28856640", "city" : "臺北市"}}, {"type" : "Feature", "geometry" : {"type" : "Point", "coordinates" : [121.527237, 25.114441]}, "properties" : {"brand" : "統一超商", "store_name" : "日美", "address" : "臺北市士林區中山北路六段435號437號", "phone" : "02-28749140", "city" : "臺北市"}}, {"type" : "Feature", "geometry" : {"type" : "Point", "coordinates" : [121.508172, 25.086146]}, "properties" : {"brand" : "統一超商", "store_name" : "社鑽", "address" : "臺北市士林區中正路639號1樓", "phone" : "02-28137115", "city" : "臺北市"}}, {"type" : "Feature", "geometry" : {"type" : "Point", "coordinates" : [121.61344, 25.067605]}, "properties" : {"brand" : "統一超商", "store_name" : "克里斯", "address" : "臺北市內湖區五分街33號35號1樓", "phone" : "02-26327140", "city" : "臺北市"}}, {"type" : "Feature", "geometry" : {"type" : "Point", "coordinates" : [121.52321, 25.102762]}, "properties" : {"brand" : "統一超商", "store_name" : "福國路", "address" : "臺北市士林區福國路17號17之1號19之1號", "phone" : "02-28318412", "city" : "臺北市"}}, {"type" : "Feature", "geometry" : {"type" : "Point", "coordinates" : [121.561497, 25.084714]}, "properties" : {"brand" : "統一超商", "store_name" : "馨瑩", "address" : "臺北市內湖區內湖路一段91巷2號", "phone" : "02-26574995", "city" : "臺北市"}}, {"type" : "Feature", "geometry" : {"type" : "Point", "coordinates" : [121.50881, 25.053281]}, "properties" : {"brand" : "統一超商", "store_name" : "稻埕", "address" : "臺北市大同區南京西路436號1F", "phone" : "02-25525790", "city" : "臺北市"}}, {"type" : "Feature", "geometry" : {"type" : "Point", "coordinates" : [121.511029, 25.065827]}, "properties" : {"brand" : "統一超商", "store_name" : "延年", "address" : "臺北市大同區延平北路三段61-5號", "phone" : "02-25978111", "city" : "臺北市"}}, {"type" : "Feature", "geometry" : {"type" : "Point", "coordinates" : [121.521257, 25.053114]}, "properties" : {"brand" : "統一超商", "store_name" : "長中", "address" : "臺北市中山區中山北路二段40-1號", "phone" : "02-25676232", "city" : "臺北市"}}, {"type" : "Feature", "geometry" : {"type" : "Point", "coordinates" : [121.511471, 25.073055]}, "properties" : {"brand" : "統一超商", "store_name" : "湧久", "address" : "臺北市大同區延平北路四段157號159號", "phone" : "02-25982186", "city" : "臺北市"}}, {"type" : "Feature", "geometry" : {"type" : "Point", "coordinates" : [121.522593, 25.066533]}, "properties" : {"brand" : "統一超商", "store_name" : "麥田", "address" : "臺北市中山區晴光里中山北路三段47號", "phone" : "02-25854392", "city" : "臺北市"}}, {"type" : "Feature", "geometry" : {"type" : "Point", "coordinates" : [121.521254, 25.060251]}, "properties" : {"brand" : "統一超商", "store_name" : "新錦祥", "address" : "臺北市中山區錦西街16號", "phone" : "02-25311037", "city" : "臺北市"}}, {"type" : "Feature", "geometry" : {"type" : "Point", "coordinates" : [121.526535, 25.055022]}, "properties" : {"brand" : "統一超商", "store_name" : "春森", "address" : "臺北市中山區長春路67號", "phone" : "02-25641630", "city" : "臺北市"}}, {"type" : "Feature", "geometry" : {"type" : "Point", "coordinates" : [121.530715, 25.060762]}, "properties" : {"brand" : "統一超商", "store_name" : "錦北", "address" : "臺北市中山區錦州街8號", "phone" : "02-25418586", "city" : "臺北市"}}, {"type" : "Feature", "geometry" : {"type" : "Point", "coordinates" : [121.51172, 25.02423]}, "properties" : {"brand" : "統一超商", "store_name" : "萬光", "address" : "臺北市中正區中華路二段157號", "phone" : "02-23021224", "city" : "臺北市"}}, {"type" : "Feature", "geometry" : {"type" : "Point", "coordinates" : [121.522573, 25.042666]}, "properties" : {"brand" : "統一超商", "store_name" : "中航", "address" : "臺北市中正區林森南路12號", "phone" : "02-23278931", "city" : "臺北市"}}, {"type" : "Feature", "geometry" : {"type" : "Point", "coordinates" : [121.571877, 25.043684]}, "properties" : {"brand" : "統一超商", "store_name" : "松信", "address" : "臺北市信義區松信路148號1樓", "phone" : "02-27656147", "city" : "臺北市"}}, {"type" : "Feature", "geometry" : {"type" : "Point", "coordinates" : [121.508812, 25.025275]}, "properties" : {"brand" : "統一超商", "store_name" : "中寧", "address" : "臺北市萬華區中華路二段602-1、602-2號1樓", "phone" : "02-23014902", "city" : "臺北市"}}, {"type" : "Feature", "geometry" : {"type" : "Point", "coordinates" : [121.53734, 25.03639]}, "properties" : {"brand" : "統一超商", "store_name" : "花市", "address" : "臺北市大安區建國南路一段274號", "phone" : "02-27552540", "city" : "臺北市"}}, {"type" : "Feature", "geometry" : {"type" : "Point", "coordinates" : [121.542919, 25.038896]}, "properties" : {"brand" : "統一超商", "store_name" : "信仁", "address" : "臺北市大安區仁愛路三段143巷8號", "phone" : "02-87717479", "city" : "臺北市"}}, {"type" : "Feature", "geometry" : {"type" : "Point", "coordinates" : [121.543825, 25.040913]}, "properties" : {"brand" : "統一超商", "store_name" : "大安復興", "address" : "臺北市大安區復興南路一段247號", "phone" : "02-27016916", "city" : "臺北市"}}, {"type" : "Feature", "geometry" : {"type" : "Point", "coordinates" : [121.536074, 25.035243]}, "properties" : {"brand" : "統一超商", "store_name" : "科建", "address" : "臺北市大安區建國南路一段28號30號", "phone" : "02-87721391", "city" : "臺北市"}}, {"type" : "Feature", "geometry" : {"type" : "Point", "coordinates" : [121.534621, 25.033765]}, "properties" : {"brand" : "統一超商", "store_name" : "大信", "address" : "臺北市大安區信義路三段33號", "phone" : "02-27096471", "city" : "臺北市"}}, {"type" : "Feature", "geometry" : {"type" : "Point", "coordinates" : [121.52343, 25.050766]}, "properties" : {"brand" : "統一超商", "store_name" : "崑崙", "address" : "臺北市中山區中山北路一段105巷13號", "phone" : "02-25604745", "city" : "臺北市"}}, {"type" : "Feature", "geometry" : {"type" : "Point", "coordinates" : [121.510488, 25.08205]}, "properties" : {"brand" : "統一超商", "store_name" : "葫蘆", "address" : "臺北市士林區延平北路五段134號", "phone" : "02-28112919", "city" : "臺北市"}}, {"type" : "Feature", "geometry" : {"type" : "Point", "coordinates" : [121.540752, 25.054769]}, "properties" : {"brand" : "統一超商", "store_name" : "春龍", "address" : "臺北市中山區長春路257號", "phone" : "02-25021405", "city" : "臺北市"}}, {"type" : "Feature", "geometry" : {"type" : "Point", "coordinates" : [121.543017, 25.055952]}, "properties" : {"brand" : "統一超商", "store_name" : "興復", "address" : "臺北市中山區興安街112號一樓", "phone" : "02-25026965", "city" : "臺北市"}}, {"type" : "Feature", "geometry" : {"type" : "Point", "coordinates" : [121.53248, 25.060401]}, "properties" : {"brand" : "統一超商", "store_name" : "錦捷", "address" : "臺北市中山區錦州街229號1樓", "phone" : "02-25628396", "city" : "臺北市"}}, {"type" : "Feature", "geometry" : {"type" : "Point", "coordinates" : [121.539382, 25.066006]}, "properties" : {"brand" : "統一超商", "store_name" : "濱江", "address" : "臺北市中山區龍江路356巷39及41號1樓", "phone" : "02-25171393", "city" : "臺北市"}}, {"type" : "Feature", "geometry" : {"type" : "Point", "coordinates" : [121.540832, 25.064934]}, "properties" : {"brand" : "統一超商", "store_name" : "榮星", "address" : "臺北市中山區龍江路322號", "phone" : "02-25094506", "city" : "臺北市"}}, {"type" : "Feature", "geometry" : {"type" : "Point", "coordinates" : [121.508408, 25.091015]}, "properties" : {"brand" : "統一超商", "store_name" : "友成", "address" : "臺北市士林區社中街211號1樓", "phone" : "02-88112514", "city" : "臺北市"}}, {"type" : "Feature", "geometry" : {"type" : "Point", "coordinates" : [121.545635, 25.052012]}, "properties" : {"brand" : "統一超商", "store_name" : "復吉", "address" : "臺北市松山區南京東路三段275號1樓", "phone" : "02-25451347", "city" : "臺北市"}}, {"type" : "Feature", "geometry" : {"type" : "Point", "coordinates" : [121.544088, 25.045616]}, "properties" : {"brand" : "統一超商", "store_name" : "風復", "address" : "臺北市松山區復興南路一段43號1樓", "phone" : "02-27110868", "city" : "臺北市"}}, {"type" : "Feature", "geometry" : {"type" : "Point", "coordinates" : [121.533455, 25.063826]}, "properties" : {"brand" : "統一超商", "store_name" : "權松", "address" : "臺北市中山區松江路363號", "phone" : "02-25184764", "city" : "臺北市"}}, {"type" : "Feature", "geometry" : {"type" : "Point", "coordinates" : [121.540959, 25.065277]}, "properties" : {"brand" : "統一超商", "store_name" : "龍京", "address" : "臺北市中山區龍江路104號1樓", "phone" : "02-25079295", "city" : "臺北市"}}, {"type" : "Feature", "geometry" : {"type" : "Point", "coordinates" : [121.515902, 25.029869]}, "properties" : {"brand" : "統一超商", "store_name" : "鑫重寧", "address" : "臺北市中正區寧波西街86號1樓", "phone" : "02-33225836", "city" : "臺北市"}}, {"type" : "Feature", "geometry" : {"type" : "Point", "coordinates" : [121.494916, 25.031527]}, "properties" : {"brand" : "統一超商", "store_name" : "園舺", "address" : "臺北市萬華區西園路二段140巷52號52號之1號", "phone" : "02-23086420", "city" : "臺北市"}}, {"type" : "Feature", "geometry" : {"type" : "Point", "coordinates" : [121.499457, 25.035853]}, "properties" : {"brand" : "統一超商", "store_name" : "萬運", "address" : "臺北市萬華區西園路一段153號地下室", "phone" : "02-23088704", "city" : "臺北市"}}, {"type" : "Feature", "geometry" : {"type" : "Point", "coordinates" : [121.505898, 25.044393]}, "properties" : {"brand" : "統一超商", "store_name" : "昆寧", "address" : "臺北市萬華區西寧南路50巷3號5號", "phone" : "02-23709656", "city" : "臺北市"}}, {"type" : "Feature", "geometry" : {"type" : "Point", "coordinates" : [121.493028, 25.034115]}, "properties" : {"brand" : "統一超商", "store_name" : "華江", "address" : "臺北市萬華區環河南路二段200號1樓", "phone" : "02-23088154", "city" : "臺北市"}}, {"type" : "Feature", "geometry" : {"type" : "Point", "coordinates" : [121.507478, 25.044114]}, "properties" : {"brand" : "統一超商", "store_name" : "捷盟", "address" : "臺北市萬華區漢中街51號", "phone" : "02-23895672", "city" : "臺北市"}}, {"type" : "Feature", "geometry" : {"type" : "Point", "coordinates" : [121.501135, 25.025524]}, "properties" : {"brand" : "統一超商", "store_name" : "萬華", "address" : "臺北市萬華區莒光路216號萬大路57號1樓", "phone" : "02-23041593", "city" : "臺北市"}}, {"type" : "Feature", "geometry" : {"type" : "Point", "coordinates" : [121.503079, 25.038279]}, "properties" : {"brand" : "統一超商", "store_name" : "桂明", "address" : "臺北市萬華區桂林路55號", "phone" : "02-23892844", "city" : "臺北市"}}, {"type" : "Feature", "geometry" : {"type" : "Point", "coordinates" : [121.501466, 25.02352]}, "properties" : {"brand" : "統一超商", "store_name" : "克難", "address" : "臺北市萬華區萬青街168號", "phone" : "02-23379081", "city" : "臺北市"}}, {"type" : "Feature", "geometry" : {"type" : "Point", "coordinates" : [121.497844, 25.020015]}, "properties" : {"brand" : "統一超商", "store_name" : "大華", "address" : "臺北市萬華區萬大路495號497號", "phone" : "02-23390762", "city" : "臺北市"}}, {"type" : "Feature", "geometry" : {"type" : "Point", "coordinates" : [121.517507, 25.024648]}, "properties" : {"brand" : "統一超商", "store_name" : "新文華", "address" : "臺北市中正區廈門街77號77之1號1樓", "phone" : "02-23658130", "city" : "臺北市"}}, {"type" : "Feature", "geometry" : {"type" : "Point", "coordinates" : [121.516607, 25.044699]}, "properties" : {"brand" : "統一超商", "store_name" : "鑫公信", "address" : "臺北市中正區信陽街9號11號1樓", "phone" : "02-23617413", "city" : "臺北市"}}, {"type" : "Feature", "geometry" : {"type" : "Point", "coordinates" : [121.575537, 25.076235]}, "properties" : {"brand" : "統一超商", "store_name" : "瑞湖", "address" : "臺北市內湖區江南街128號", "phone" : "02-26588016", "city" : "臺北市"}}, {"type" : "Feature", "geometry" : {"type" : "Point", "coordinates" : [121.576173, 25.073827]}, "properties" : {"brand" : "統一超商", "store_name" : "瑞富", "address" : "臺北市內湖區瑞光路188巷51號1樓", "phone" : "02-26589047", "city" : "臺北市"}}, {"type" : "Feature", "geometry" : {"type" : "Point", "coordinates" : [121.573143, 25.075464]}, "properties" : {"brand" : "統一超商", "store_name" : "瑞和", "address" : "臺北市內湖區瑞光路316巷56號1樓", "phone" : "02-26584041", "city" : "臺北市"}}, {"type" : "Feature", "geometry" : {"type" : "Point", "coordinates" : [121.578941, 25.076261]}, "properties" : {"brand" : "統一超商", "store_name" : "瑞江", "address" : "臺北市內湖區瑞陽里江南街71巷16弄76號", "phone" : "02-26587055", "city" : "臺北市"}}, {"type" : "Feature", "geometry" : {"type" : "Point", "coordinates" : [121.585311, 25.074943]}, "properties" : {"brand" : "統一超商", "store_name" : "紫陽", "address" : "臺北市內湖區紫陽里陽光街159號", "phone" : "02-87512875", "city" : "臺北市"}}, {"type" : "Feature", "geometry" : {"type" : "Point", "coordinates" : [121.615886, 25.0672]}, "properties" : {"brand" : "統一超商", "store_name" : "東湖", "address" : "臺北市內湖區五分街62號", "phone" : "02-26332539", "city" : "臺北市"}}, {"type" : "Feature", "geometry" : {"type" : "Point", "coordinates" : [121.579844, 25.07812]}, "properties" : {"brand" : "統一超商", "store_name" : "銳陽", "address" : "臺北市內湖區文德路22巷44弄6號8號1樓", "phone" : "02-27996570", "city" : "臺北市"}}, {"type" : "Feature", "geometry" : {"type" : "Point", "coordinates" : [121.59833, 25.078894]}, "properties" : {"brand" : "統一超商", "store_name" : "紫雲", "address" : "臺北市內湖區康寧路一段263號265號1樓", "phone" : "02-27932947", "city" : "臺北市"}}, {"type" : "Feature", "geometry" : {"type" : "Point", "coordinates" : [121.584718, 25.077242]}, "properties" : {"brand" : "統一超商", "store_name" : "紫德", "address" : "臺北市內湖區文德路210巷30弄32號34號1樓", "phone" : "02-27993115", "city" : "臺北市"}}, {"type" : "Feature", "geometry" : {"type" : "Point", "coordinates" : [121.566985, 25.08651]}, "properties" : {"brand" : "統一超商", "store_name" : "環湖", "address" : "臺北市內湖區環山路一段70號", "phone" : "02-87974566", "city" : "臺北市"}}, {"type" : "Feature", "geometry" : {"type" : "Point", "coordinates" : [121.59162, 25.080356]}, "properties" : {"brand" : "統一超商", "store_name" : "紫新", "address" : "臺北市內湖區康寧路一段34號", "phone" : "02-27949151", "city" : "臺北市"}}, {"type" : "Feature", "geometry" : {"type" : "Point", "coordinates" : [121.591944, 25.082357]}, "properties" : {"brand" : "統一超商", "store_name" : "德福", "address" : "臺北市內湖區成功路四段30巷27號29號31號", "phone" : "02-27943371", "city" : "臺北市"}}, {"type" : "Feature", "geometry" : {"type" : "Point", "coordinates" : [121.495166, 25.145286]}, "properties" : {"brand" : "統一超商", "store_name" : "秀山", "address" : "臺北市北投區中和街476號478號480號1樓", "phone" : "02-28947141", "city" : "臺北市"}}, {"type" : "Feature", "geometry" : {"type" : "Point", "coordinates" : [121.530285, 25.114608]}, "properties" : {"brand" : "統一超商", "store_name" : "三玉", "address" : "臺北市士林區天母東路88之1號1樓", "phone" : "02-28744580", "city" : "臺北市"}}, {"type" : "Feature", "geometry" : {"type" : "Point", "coordinates" : [121.500358, 25.131077]}, "properties" : {"brand" : "統一超商", "store_name" : "大中", "address" : "臺北市北投區中央南路一段114號", "phone" : "02-28963137", "city" : "臺北市"}}, {"type" : "Feature", "geometry" : {"type" : "Point", "coordinates" : [121.516231, 25.118702]}, "properties" : {"brand" : "統一超商", "store_name" : "立陽", "address" : "臺北市北投區立農街二段299號1樓", "phone" : "02-28213079", "city" : "臺北市"}}, {"type" : "Feature", "geometry" : {"type" : "Point", "coordinates" : [121.519677, 25.114094]}, "properties" : {"brand" : "統一超商", "store_name" : "懷得", "address" : "臺北市北投區懷德街85號1樓", "phone" : "02-28279042", "city" : "臺北市"}}, {"type" : "Feature", "geometry" : {"type" : "Point", "coordinates" : [121.513657, 25.111927]}, "properties" : {"brand" : "統一超商", "store_name" : "福致", "address" : "臺北市北投區致遠一路二段49號51號1樓", "phone" : "02-28223783", "city" : "臺北市"}}, {"type" : "Feature", "geometry" : {"type" : "Point", "coordinates" : [121.467459, 25.121518]}, "properties" : {"brand" : "統一超商", "store_name" : "關渡", "address" : "臺北市北投區知行路282號284號1樓", "phone" : "02-28581719", "city" : "臺北市"}}, {"type" : "Feature", "geometry" : {"type" : "Point", "coordinates" : [121.466139, 25.119085]}, "properties" : {"brand" : "統一超商", "store_name" : "知心", "address" : "臺北市北投區知行路185號1樓", "phone" : "02-28585721", "city" : "臺北市"}}, {"type" : "Feature", "geometry" : {"type" : "Point", "coordinates" : [121.501836, 25.133297]}, "properties" : {"brand" : "統一超商", "store_name" : "光中", "address" : "臺北市北投區光明路122號", "phone" : "02-28971043", "city" : "臺北市"}}, {"type" : "Feature", "geometry" : {"type" : "Point", "coordinates" : [121.512924, 25.117478]}, "properties" : {"brand" : "統一超商", "store_name" : "安遠", "address" : "臺北市北投區致遠二路149號", "phone" : "02-28261043", "city" : "臺北市"}}, {"type" : "Feature", "geometry" : {"type" : "Point", "coordinates" : [121.508119, 25.114927]}, "properties" : {"brand" : "統一超商", "store_name" : "富邦", "address" : "臺北市北投區實踐街22號24號", "phone" : "02-28214947", "city" : "臺北市"}}, {"type" : "Feature", "geometry" : {"type" : "Point", "coordinates" : [121.556443, 25.056223]}, "properties" : {"brand" : "統一超商", "store_name" : "延壽", "address" : "臺北市松山區延壽街422號", "phone" : "02-27622884", "city" : "臺北市"}}, {"type" : "Feature", "geometry" : {"type" : "Point", "coordinates" : [121.5658, 25.059878]}, "properties" : {"brand" : "統一超商", "store_name" : "征唐", "address" : "臺北市松山區新東街41-7號", "phone" : "02-27616499", "city" : "臺北市"}}, {"type" : "Feature", "geometry" : {"type" : "Point", "coordinates" : [121.574777, 25.083022]}, "properties" : {"brand" : "統一超商", "store_name" : "港華", "address" : "臺北市內湖區港華街46號1樓", "phone" : "02-27997851", "city" : "臺北市"}}, {"type" : "Feature", "geometry" : {"type" : "Point", "coordinates" : [121.544995, 25.051628]}, "properties" : {"brand" : "統一超商", "store_name" : "京運", "address" : "臺北市松山區南京東路三段262號1樓", "phone" : "02-27716548", "city" : "臺北市"}}, {"type" : "Feature", "geometry" : {"type" : "Point", "coordinates" : [121.577857, 25.043823]}, "properties" : {"brand" : "統一超商", "store_name" : "武松", "address" : "臺北市信義區松山路121號1樓", "phone" : "02-27566305", "city" : "臺北市"}}, {"type" : "Feature", "geometry" : {"type" : "Point", "coordinates" : [121.550035, 25.055448]}, "properties" : {"brand" : "統一超商", "store_name" : "庚塑", "address" : "臺北市松山區敦化北路199巷2弄9號", "phone" : "02-27120076", "city" : "臺北市"}}, {"type" : "Feature", "geometry" : {"type" : "Point", "coordinates" : [121.581699, 25.059685]}, "properties" : {"brand" : "統一超商", "store_name" : "行美", "address" : "臺北市內湖區行善路191號193號", "phone" : "02-87914060", "city" : "臺北市"}}, {"type" : "Feature", "geometry" : {"type" : "Point", "coordinates" : [121.587395, 25.063221]}, "properties" : {"brand" : "統一超商", "store_name" : "行真", "address" : "臺北市內湖區金莊路80號1樓", "phone" : "02-27949908", "city" : "臺北市"}}, {"type" : "Feature", "geometry" : {"type" : "Point", "coordinates" : [121.554141, 25.042406]}, "properties" : {"brand" : "統一超商", "store_name" : "吉忠", "address" : "臺北市大安區延吉街72號", "phone" : "02-87725413", "city" : "臺北市"}}, {"type" : "Feature", "geometry" : {"type" : "Point", "coordinates" : [121.568764, 25.043147]}, "properties" : {"brand" : "統一超商", "store_name" : "敦厚", "address" : "臺北市信義區永吉路30巷168弄1號1樓", "phone" : "02-27677884", "city" : "臺北市"}}, {"type" : "Feature", "geometry" : {"type" : "Point", "coordinates" : [121.568876, 25.043478]}, "properties" : {"brand" : "統一超商", "store_name" : "永信", "address" : "臺北市信義區永吉路30巷103號", "phone" : "02-27469874", "city" : "臺北市"}}, {"type" : "Feature", "geometry" : {"type" : "Point", "coordinates" : [121.56146, 25.029019]}, "properties" : {"brand" : "統一超商", "store_name" : "三興", "address" : "臺北市信義區吳興街156巷2弄2號4號1樓", "phone" : "02-27335027", "city" : "臺北市"}}, {"type" : "Feature", "geometry" : {"type" : "Point", "coordinates" : [121.577168, 25.037221]}, "properties" : {"brand" : "統一超商", "store_name" : "信林", "address" : "臺北市信義區虎林街222巷7號9號1樓", "phone" : "02-27278220", "city" : "臺北市"}}, {"type" : "Feature", "geometry" : {"type" : "Point", "coordinates" : [121.616812, 25.038379]}, "properties" : {"brand" : "統一超商", "store_name" : "庄研", "address" : "臺北市南港區研究院路二段152號1樓", "phone" : "02-26539357", "city" : "臺北市"}}, {"type" : "Feature", "geometry" : {"type" : "Point", "coordinates" : [121.562903, 25.042221]}, "properties" : {"brand" : "統一超商", "store_name" : "巨東", "address" : "臺北市信義區忠孝東路四段553巷6弄2號1樓", "phone" : "02-27658633", "city" : "臺北市"}}, {"type" : "Feature", "geometry" : {"type" : "Point", "coordinates" : [121.585266, 25.0362]}, "properties" : {"brand" : "統一超商", "store_name" : "廣鳴", "address" : "臺北市信義區福德街88號90號", "phone" : "02-27598850", "city" : "臺北市"}}, {"type" : "Feature", "geometry" : {"type" : "Point", "coordinates" : [121.550159, 25.034434]}, "properties" : {"brand" : "統一超商", "store_name" : "敦信", "address" : "臺北市大安區仁愛路四段122巷50號1樓", "phone" : "02-27556047", "city" : "臺北市"}}, {"type" : "Feature", "geometry" : {"type" : "Point", "coordinates" : [121.563541, 25.024522]}, "properties" : {"brand" : "統一超商", "store_name" : "吳興", "address" : "臺北市信義區吳興街284巷18弄2號", "phone" : "02-27388391", "city" : "臺北市"}}, {"type" : "Feature", "geometry" : {"type" : "Point", "coordinates" : [121.562337, 25.033153]}, "properties" : {"brand" : "統一超商", "store_name" : "世貿二", "address" : "臺北市信義區信義路五段5號2樓", "phone" : "02-27208253", "city" : "臺北市"}}, {"type" : "Feature", "geometry" : {"type" : "Point", "coordinates" : [121.569566, 25.023435]}, "properties" : {"brand" : "統一超商", "store_name" : "總站", "address" : "臺北市信義區吳興街486號488號1樓", "phone" : "02-27585386", "city" : "臺北市"}}, {"type" : "Feature", "geometry" : {"type" : "Point", "coordinates" : [121.555454, 25.038278]}, "properties" : {"brand" : "統一超商", "store_name" : "延仁", "address" : "臺北市大安區延吉街175號1樓", "phone" : "02-27753621", "city" : "臺北市"}}, {"type" : "Feature", "geometry" : {"type" : "Point", "coordinates" : [121.551141, 25.038602]}, "properties" : {"brand" : "統一超商", "store_name" : "欣安和", "address" : "臺北市大安區安和路一段47號", "phone" : "02-87730039", "city" : "臺北市"}}, {"type" : "Feature", "geometry" : {"type" : "Point", "coordinates" : [121.568509, 25.026838]}, "properties" : {"brand" : "統一超商", "store_name" : "松仁", "address" : "臺北市信義區松仁路213號", "phone" : "02-27299057", "city" : "臺北市"}}, {"type" : "Feature", "geometry" : {"type" : "Point", "coordinates" : [121.568855, 25.022107]}, "properties" : {"brand" : "統一超商", "store_name" : "惠安", "address" : "臺北市信義區惠安里吳興街520號1樓", "phone" : "02-27582394", "city" : "臺北市"}}, {"type" : "Feature", "geometry" : {"type" : "Point", "coordinates" : [121.533674, 25.025985]}, "properties" : {"brand" : "統一超商", "store_name" : "溫東", "address" : "臺北市大安區和平東路一段266號", "phone" : "02-23623019", "city" : "臺北市"}}, {"type" : "Feature", "geometry" : {"type" : "Point", "coordinates" : [121.538647, 25.002259]}, "properties" : {"brand" : "統一超商", "store_name" : "羅斯福", "address" : "臺北市文山區羅斯福路五段216號", "phone" : "02-29342178", "city" : "臺北市"}}, {"type" : "Feature", "geometry" : {"type" : "Point", "coordinates" : [121.547113, 24.995786]}, "properties" : {"brand" : "統一超商", "store_name" : "景華", "address" : "臺北市文山區興東里景華街130號1樓", "phone" : "02-29314829", "city" : "臺北市"}}, {"type" : "Feature", "geometry" : {"type" : "Point", "coordinates" : [121.542116, 25.002318]}, "properties" : {"brand" : "統一超商", "store_name" : "文森", "address" : "臺北市文山區興隆路一段125巷1之1號", "phone" : "02-29302894", "city" : "臺北市"}}, {"type" : "Feature", "geometry" : {"type" : "Point", "coordinates" : [121.551355, 25.002844]}, "properties" : {"brand" : "統一超商", "store_name" : "北福興", "address" : "臺北市文山區興旺里福興路20號", "phone" : "02-29350416", "city" : "臺北市"}}, {"type" : "Feature", "geometry" : {"type" : "Point", "coordinates" : [121.540869, 25.022027]}, "properties" : {"brand" : "統一超商", "store_name" : "敦親", "address" : "臺北市大安區辛亥路二段171巷8號", "phone" : "02-27366095", "city" : "臺北市"}}, {"type" : "Feature", "geometry" : {"type" : "Point", "coordinates" : [121.547634, 25.024492]}, "properties" : {"brand" : "統一超商", "store_name" : "和鑫", "address" : "臺北市大安區和平東路三段38號1樓", "phone" : "02-27326448", "city" : "臺北市"}}, {"type" : "Feature", "geometry" : {"type" : "Point", "coordinates" : [121.574386, 24.999334]}, "properties" : {"brand" : "統一超商", "store_name" : "和家", "address" : "臺北市文山區和平東路四段383號385號1樓", "phone" : "02-82300074", "city" : "臺北市"}}, {"type" : "Feature", "geometry" : {"type" : "Point", "coordinates" : [121.540149, 24.993374]}, "properties" : {"brand" : "統一超商", "store_name" : "景捷", "address" : "臺北市文山區景福街252號", "phone" : "02-29316909", "city" : "臺北市"}}, {"type" : "Feature", "geometry" : {"type" : "Point", "coordinates" : [121.537699, 25.002024]}, "properties" : {"brand" : "統一超商", "store_name" : "新萬盛", "address" : "臺北市文山區羅斯福路五段21號1樓", "phone" : "02-86635872", "city" : "臺北市"}}, {"type" : "Feature", "geometry" : {"type" : "Point", "coordinates" : [121.528553, 25.02321]}, "properties" : {"brand" : "統一超商", "store_name" : "師大", "address" : "臺北市大安區師大路87號", "phone" : "02-23693200", "city" : "臺北市"}}, {"type" : "Feature", "geometry" : {"type" : "Point", "coordinates" : [121.518949, 25.022322]}, "properties" : {"brand" : "統一超商", "store_name" : "中正牯嶺", "address" : "臺北市中正區牯嶺街138號1樓", "phone" : "02-23684831", "city" : "臺北市"}}, {"type" : "Feature", "geometry" : {"type" : "Point", "coordinates" : [121.521914, 25.027422]}, "properties" : {"brand" : "統一超商", "store_name" : "羅亭", "address" : "臺北市中正區羅斯福路二段68號", "phone" : "02-23929446", "city" : "臺北市"}}, {"type" : "Feature", "geometry" : {"type" : "Point", "coordinates" : [121.583339, 25.037691]}, "properties" : {"brand" : "統一超商", "store_name" : "福中", "address" : "臺北市信義區福德街159號161號1樓", "phone" : "02-27266631", "city" : "臺北市"}}, {"type" : "Feature", "geometry" : {"type" : "Point", "coordinates" : [121.614204, 25.034682]}, "properties" : {"brand" : "統一超商", "store_name" : "華技", "address" : "臺北市南港區研究院路三段72號74號1樓", "phone" : "02-27835010", "city" : "臺北市"}}, {"type" : "Feature", "geometry" : {"type" : "Point", "coordinates" : [121.606056, 25.052513]}, "properties" : {"brand" : "統一超商", "store_name" : "港泰", "address" : "臺北市南港區忠孝東路七段359號1樓", "phone" : "02-26512992", "city" : "臺北市"}}, {"type" : "Feature", "geometry" : {"type" : "Point", "coordinates" : [121.585417, 25.053068]}, "properties" : {"brand" : "統一超商", "store_name" : "玉港", "address" : "臺北市南港區南港路三段8號10號", "phone" : "02-26534006", "city" : "臺北市"}}, {"type" : "Feature", "geometry" : {"type" : "Point", "coordinates" : [121.594122, 25.050857]}, "properties" : {"brand" : "統一超商", "store_name" : "忠陽", "address" : "臺北市南港區忠孝東路六段465號1樓", "phone" : "02-27885107", "city" : "臺北市"}}, {"type" : "Feature", "geometry" : {"type" : "Point", "coordinates" : [121.598626, 25.05665]}, "properties" : {"brand" : "統一超商", "store_name" : "重陽", "address" : "臺北市南港區重陽路179號181號1樓", "phone" : "02-27834391", "city" : "臺北市"}}, {"type" : "Feature", "geometry" : {"type" : "Point", "coordinates" : [121.60653, 25.057966]}, "properties" : {"brand" : "統一超商", "store_name" : "港寰", "address" : "臺北市南港區重陽路336號1樓2樓", "phone" : "02-27851065", "city" : "臺北市"}}, {"type" : "Feature", "geometry" : {"type" : "Point", "coordinates" : [121.581664, 25.047035]}, "properties" : {"brand" : "統一超商", "store_name" : "港育", "address" : "臺北市南港區玉成街66號.66之13號", "phone" : "02-27856298", "city" : "臺北市"}}, {"type" : "Feature", "geometry" : {"type" : "Point", "coordinates" : [121.611594, 25.048752]}, "properties" : {"brand" : "統一超商", "store_name" : "耀港", "address" : "臺北市南港區研究院路一段99號1樓之14", "phone" : "02-27881332", "city" : "臺北市"}}, {"type" : "Feature", "geometry" : {"type" : "Point", "coordinates" : [121.587106, 25.046196]}, "properties" : {"brand" : "統一超商", "store_name" : "林坊", "address" : "臺北市南港區東新街80巷1號108巷2弄30號", "phone" : "02-27893961", "city" : "臺北市"}}, {"type" : "Feature", "geometry" : {"type" : "Point", "coordinates" : [121.558119, 24.981213]}, "properties" : {"brand" : "統一超商", "store_name" : "文新", "address" : "臺北市文山區木新路三段276號", "phone" : "02-22349624", "city" : "臺北市"}}, {"type" : "Feature", "geometry" : {"type" : "Point", "coordinates" : [121.607749, 25.054437]}, "properties" : {"brand" : "統一超商", "store_name" : "佳樂", "address" : "臺北市南港區南港路一段303號305號307號1樓", "phone" : "02-26533511", "city" : "臺北市"}}, {"type" : "Feature", "geometry" : {"type" : "Point", "coordinates" : [121.558079, 25.052053]}, "properties" : {"brand" : "統一超商", "store_name" : "東光", "address" : "臺北市松山區南京東路五段23巷4號1樓", "phone" : "02-37651752", "city" : "臺北市"}}, {"type" : "Feature", "geometry" : {"type" : "Point", "coordinates" : [121.527798, 25.101561]}, "properties" : {"brand" : "統一超商", "store_name" : "鑫成", "address" : "臺北市士林區至誠路二段82號1樓", "phone" : "02-28346370", "city" : "臺北市"}}, {"type" : "Feature", "geometry" : {"type" : "Point", "coordinates" : [121.54567, 25.036722]}, "properties" : {"brand" : "統一超商", "store_name" : "仁愛醫", "address" : "臺北市大安區復興南路一段253巷52號1樓", "phone" : "02-23258651", "city" : "臺北市"}}, {"type" : "Feature", "geometry" : {"type" : "Point", "coordinates" : [121.576209, 25.058612]}, "properties" : {"brand" : "統一超商", "store_name" : "參龍", "address" : "臺北市內湖區新湖一路95號1樓", "phone" : "02-27935418", "city" : "臺北市"}}, {"type" : "Feature", "geometry" : {"type" : "Point", "coordinates" : [121.565775, 25.034435]}, "properties" : {"brand" : "統一超商", "store_name" : "微風南山", "address" : "臺北市信義區松智路17號B2樓", "phone" : "02-27238553", "city" : "臺北市"}}, {"type" : "Feature", "geometry" : {"type" : "Point", "coordinates" : [121.497381, 25.01941]}, "properties" : {"brand" : "統一超商", "store_name" : "萬和", "address" : "臺北市萬華區萬大路182號184號", "phone" : "02-23055379", "city" : "臺北市"}}, {"type" : "Feature", "geometry" : {"type" : "Point", "coordinates" : [121.530884, 25.019992]}, "properties" : {"brand" : "統一超商", "store_name" : "羅鑫", "address" : "臺北市大安區羅斯福路三段29號31號1樓", "phone" : "02-33652502", "city" : "臺北市"}}, {"type" : "Feature", "geometry" : {"type" : "Point", "coordinates" : [121.535834, 25.012968]}, "properties" : {"brand" : "頂呱呱", "store_name" : "公館", "address" : "臺北市中正區羅斯福路四段134號1樓", "phone" : "(02)2368-6341", "city" : "臺北市"}}, {"type" : "Feature", "geometry" : {"type" : "Point", "coordinates" : [121.61258, 25.053227]}, "properties" : {"brand" : "頂呱呱", "store_name" : "忠孝旗艦", "address" : "臺北市大安區忠孝東路4段175之1號", "phone" : "(02)8771-9940", "city" : "臺北市"}}, {"type" : "Feature", "geometry" : {"type" : "Point", "coordinates" : [121.543523, 25.051192]}, "properties" : {"brand" : "頂呱呱", "store_name" : "建國", "address" : "臺北市中山區南京東路三段 17 號", "phone" : "(02)2507-3948", "city" : "臺北市"}}, {"type" : "Feature", "geometry" : {"type" : "Point", "coordinates" : [121.543505, 25.040719]}, "properties" : {"brand" : "頂呱呱", "store_name" : "忠孝復興", "address" : "臺北市大安區復興南路一段180號1樓", "phone" : "(02)2711-9738", "city" : "臺北市"}}, {"type" : "Feature", "geometry" : {"type" : "Point", "coordinates" : [121.592328, 25.049876]}, "properties" : {"brand" : "頂呱呱", "store_name" : "昆陽", "address" : "臺北市南港區忠孝東路六段392號", "phone" : "(02)2786-3206", "city" : "臺北市"}}, {"type" : "Feature", "geometry" : {"type" : "Point", "coordinates" : [121.504502, 25.041313]}, "properties" : {"brand" : "頂呱呱", "store_name" : "西門", "address" : "臺北市萬華區昆明街92-2號", "phone" : "(02)2381-2037", "city" : "臺北市"}}, {"type" : "Feature", "geometry" : {"type" : "Point", "coordinates" : [121.525575, 25.055446]}, "properties" : {"brand" : "頂呱呱", "store_name" : "林森", "address" : "臺北市中山區林森北路281號", "phone" : "(02)2568-1679", "city" : "臺北市"}}, {"type" : "Feature", "geometry" : {"type" : "Point", "coordinates" : [121.519521, 25.028755]}, "properties" : {"brand" : "頂呱呱", "store_name" : "南昌", "address" : "臺北市中正區南福里4鄰南昌路2段3號1樓", "phone" : "(02)2341-1428", "city" : "臺北市"}}, {"type" : "Feature", "geometry" : {"type" : "Point", "coordinates" : [121.576592, 25.075497]}, "properties" : {"brand" : "頂呱呱", "store_name" : "瑞光", "address" : "臺北市內湖區瑞光路283號1樓", "phone" : "(02)2659-9247", "city" : "臺北市"}}, {"type" : "Feature", "geometry" : {"type" : "Point", "coordinates" : [121.534075, 25.024603]}, "properties" : {"brand" : "麥當勞", "store_name" : "台北新生", "address" : "臺北市大安區新生南路3段88之2號", "phone" : "02-2362-0668", "city" : "臺北市"}}, {"type" : "Feature", "geometry" : {"type" : "Point", "coordinates" : [121.55744, 25.039542]}, "properties" : {"brand" : "麥當勞", "store_name" : "台北光復", "address" : "臺北市大安區光復南路286號", "phone" : "02-2741-5210", "city" : "臺北市"}}, {"type" : "Feature", "geometry" : {"type" : "Point", "coordinates" : [121.533847, 25.054692]}, "properties" : {"brand" : "麥當勞", "store_name" : "台北長春", "address" : "臺北市中山區長春路172號", "phone" : "02-2504-2797", "city" : "臺北市"}}, {"type" : "Feature", "geometry" : {"type" : "Point", "coordinates" : [121.515966, 25.040898]}, "properties" : {"brand" : "麥當勞", "store_name" : "台北公園", "address" : "臺北市中正區公園路30-1號", "phone" : "02-2375-4891", "city" : "臺北市"}}, {"type" : "Feature", "geometry" : {"type" : "Point", "coordinates" : [121.554184, 25.03263]}, "properties" : {"brand" : "麥當勞", "store_name" : "台北信義", "address" : "臺北市大安區信義路4段273號1樓", "phone" : "02-2703-8921", "city" : "臺北市"}}, {"type" : "Feature", "geometry" : {"type" : "Point", "coordinates" : [121.61258, 25.053227]}, "properties" : {"brand" : "麥當勞", "store_name" : "忠孝五", "address" : "臺北市大安區忠孝東路4段73號之-1樓", "phone" : "02-2772-6530", "city" : "臺北市"}}, {"type" : "Feature", "geometry" : {"type" : "Point", "coordinates" : [121.526363, 25.041384]}, "properties" : {"brand" : "麥當勞", "store_name" : "台北濟南", "address" : "臺北市中正區濟南路2段66號1樓", "phone" : "02-2395-8275", "city" : "臺北市"}}, {"type" : "Feature", "geometry" : {"type" : "Point", "coordinates" : [121.523115, 25.025418]}, "properties" : {"brand" : "麥當勞", "store_name" : "台北南昌", "address" : "臺北市中正區南昌路1段149號1樓", "phone" : "02-2351-8531", "city" : "臺北市"}}, {"type" : "Feature", "geometry" : {"type" : "Point", "coordinates" : [121.519327, 25.089341]}, "properties" : {"brand" : "麥當勞", "store_name" : "台北承德", "address" : "臺北市大同區承德路1段34號1樓", "phone" : "02-2556-3502", "city" : "臺北市"}}, {"type" : "Feature", "geometry" : {"type" : "Point", "coordinates" : [121.520351, 25.057745]}, "properties" : {"brand" : "麥當勞", "store_name" : "台北民生三", "address" : "臺北市大同區民生西路55號", "phone" : "02-2557-4627", "city" : "臺北市"}}, {"type" : "Feature", "geometry" : {"type" : "Point", "coordinates" : [121.568124, 25.026855]}, "properties" : {"brand" : "麥當勞", "store_name" : "台北莊敬", "address" : "臺北市信義區莊敬路475號1樓", "phone" : "02-8780-0218", "city" : "臺北市"}}, {"type" : "Feature", "geometry" : {"type" : "Point", "coordinates" : [121.543646, 25.025671]}, "properties" : {"brand" : "麥當勞", "store_name" : "台北復興二", "address" : "臺北市大安區復興南路二段273號", "phone" : "02-2754-7577", "city" : "臺北市"}}, {"type" : "Feature", "geometry" : {"type" : "Point", "coordinates" : [121.538836, 25.009182]}, "properties" : {"brand" : "麥當勞", "store_name" : "台北台大", "address" : "臺北市大安區羅斯福路四段1號1樓", "phone" : "02-2362-1290", "city" : "臺北市"}}, {"type" : "Feature", "geometry" : {"type" : "Point", "coordinates" : [121.539086, 25.009674]}, "properties" : {"brand" : "麥當勞", "store_name" : "台北公館", "address" : "臺北市大安區羅斯福路四段76-1號1樓及76號B1", "phone" : "02-2366-1123", "city" : "臺北市"}}, {"type" : "Feature", "geometry" : {"type" : "Point", "coordinates" : [121.5337, 25.053331]}, "properties" : {"brand" : "麥當勞", "store_name" : "台北林森一", "address" : "臺北市中山區南京東路1段86號", "phone" : "02-2537-4880", "city" : "臺北市"}}, {"type" : "Feature", "geometry" : {"type" : "Point", "coordinates" : [121.558155, 25.060044]}, "properties" : {"brand" : "麥當勞", "store_name" : "台北民生", "address" : "臺北市松山區民生東路3段135號", "phone" : "02-2713-0715", "city" : "臺北市"}}, {"type" : "Feature", "geometry" : {"type" : "Point", "coordinates" : [121.505278, 25.044917]}, "properties" : {"brand" : "麥當勞", "store_name" : "台北昆明", "address" : "臺北市萬華區昆明街92之4號", "phone" : "02-2314-6526", "city" : "臺北市"}}, {"type" : "Feature", "geometry" : {"type" : "Point", "coordinates" : [121.514892, 25.045817]}, "properties" : {"brand" : "麥當勞", "store_name" : "台北館前", "address" : "臺北市中正區館前路8號", "phone" : "02-2311-1460", "city" : "臺北市"}}, {"type" : "Feature", "geometry" : {"type" : "Point", "coordinates" : [121.530747, 25.019036]}, "properties" : {"brand" : "麥當勞", "store_name" : "台北羅斯福", "address" : "臺北市大安區羅斯福路2段45號", "phone" : "02-2393-0023", "city" : "臺北市"}}, {"type" : "Feature", "geometry" : {"type" : "Point", "coordinates" : [121.518647, 25.033686]}, "properties" : {"brand" : "麥當勞", "store_name" : "台北林森二", "address" : "臺北市中正區林森南路1號", "phone" : "02-2391-1196", "city" : "臺北市"}}, {"type" : "Feature", "geometry" : {"type" : "Point", "coordinates" : [121.52571, 25.059775]}, "properties" : {"brand" : "麥當勞", "store_name" : "林森三", "address" : "臺北市中山區林森北路413號1樓", "phone" : "02-2567-7038", "city" : "臺北市"}}, {"type" : "Feature", "geometry" : {"type" : "Point", "coordinates" : [121.595903, 25.0645]}, "properties" : {"brand" : "麥當勞", "store_name" : "台北民權", "address" : "臺北市松山區民權東路3段128號1樓", "phone" : "02-2717-7152", "city" : "臺北市"}}, {"type" : "Feature", "geometry" : {"type" : "Point", "coordinates" : [121.534984, 25.061897]}, "properties" : {"brand" : "麥當勞", "store_name" : "台北民權二", "address" : "臺北市中山區民權東路2段43號1樓", "phone" : "02-2591-0105", "city" : "臺北市"}}, {"type" : "Feature", "geometry" : {"type" : "Point", "coordinates" : [121.519935, 25.062655]}, "properties" : {"brand" : "麥當勞", "store_name" : "台北民權三", "address" : "臺北市中山區民權西路68號1樓", "phone" : "02-2511-5655", "city" : "臺北市"}}, {"type" : "Feature", "geometry" : {"type" : "Point", "coordinates" : [121.551732, 25.05883]}, "properties" : {"brand" : "麥當勞", "store_name" : "台北民生二", "address" : "臺北市松山區民生東路5段234號1樓", "phone" : "02-2747-1086", "city" : "臺北市"}}, {"type" : "Feature", "geometry" : {"type" : "Point", "coordinates" : [121.496511, 25.03168]}, "properties" : {"brand" : "麥當勞", "store_name" : "台北西園二", "address" : "臺北市萬華區西園路2段240號", "phone" : "02-2332-5640", "city" : "臺北市"}}, {"type" : "Feature", "geometry" : {"type" : "Point", "coordinates" : [121.464317, 25.117852]}, "properties" : {"brand" : "麥當勞", "store_name" : "台北南京五", "address" : "臺北市中山區南京東路三段210號1樓", "phone" : "02-2751-5390", "city" : "臺北市"}}, {"type" : "Feature", "geometry" : {"type" : "Point", "coordinates" : [121.500315, 25.024803]}, "properties" : {"brand" : "麥當勞", "store_name" : "台北萬大二", "address" : "臺北市萬華區萬大路215號", "phone" : "02-2301-1161", "city" : "臺北市"}}, {"type" : "Feature", "geometry" : {"type" : "Point", "coordinates" : [121.552718, 25.051853]}, "properties" : {"brand" : "麥當勞", "store_name" : "台北南京六", "address" : "臺北市松山區南京東路四段57號", "phone" : "02-2717-0738", "city" : "臺北市"}}, {"type" : "Feature", "geometry" : {"type" : "Point", "coordinates" : [121.533367, 25.125206]}, "properties" : {"brand" : "麥當勞", "store_name" : "台北士林", "address" : "臺北市士林區中山北路5段602號", "phone" : "02-2831-3010", "city" : "臺北市"}}, {"type" : "Feature", "geometry" : {"type" : "Point", "coordinates" : [121.514191, 25.064679]}, "properties" : {"brand" : "麥當勞", "store_name" : "台北重北一", "address" : "臺北市士林區重慶北路4段123號", "phone" : "02-2816-2230", "city" : "臺北市"}}, {"type" : "Feature", "geometry" : {"type" : "Point", "coordinates" : [121.574333, 25.040053]}, "properties" : {"brand" : "麥當勞", "store_name" : "忠孝四", "address" : "臺北市信義區忠孝東路5段522號1樓", "phone" : "02-2759-5793", "city" : "臺北市"}}, {"type" : "Feature", "geometry" : {"type" : "Point", "coordinates" : [121.56126, 24.983436]}, "properties" : {"brand" : "麥當勞", "store_name" : "台北興隆", "address" : "臺北市文山區興隆路3段54號", "phone" : "02-2933-6260", "city" : "臺北市"}}, {"type" : "Feature", "geometry" : {"type" : "Point", "coordinates" : [121.533035, 25.109595]}, "properties" : {"brand" : "麥當勞", "store_name" : "台北德行", "address" : "臺北市士林區德行東路227號1樓", "phone" : "02-2836-2779", "city" : "臺北市"}}, {"type" : "Feature", "geometry" : {"type" : "Point", "coordinates" : [121.575969, 25.001273]}, "properties" : {"brand" : "麥當勞", "store_name" : "台北木柵", "address" : "臺北市文山區木柵路3段57號1樓", "phone" : "02-2939-4168", "city" : "臺北市"}}, {"type" : "Feature", "geometry" : {"type" : "Point", "coordinates" : [121.582612, 25.086044]}, "properties" : {"brand" : "麥當勞", "store_name" : "台北內湖", "address" : "臺北市內湖區內湖路1段741號1樓", "phone" : "02-2658-1021", "city" : "臺北市"}}, {"type" : "Feature", "geometry" : {"type" : "Point", "coordinates" : [121.557355, 25.084566]}, "properties" : {"brand" : "麥當勞", "store_name" : "台北北安", "address" : "臺北市中山區北安路626號1樓", "phone" : "02-2533-6263", "city" : "臺北市"}}, {"type" : "Feature", "geometry" : {"type" : "Point", "coordinates" : [121.608358, 25.054164]}, "properties" : {"brand" : "麥當勞", "store_name" : "台北南港", "address" : "臺北市南港區南港路2段16號1樓", "phone" : "02-2789-0595", "city" : "臺北市"}}, {"type" : "Feature", "geometry" : {"type" : "Point", "coordinates" : [121.610503, 25.040977]}, "properties" : {"brand" : "麥當勞", "store_name" : "台北研究院", "address" : "臺北市南港區研究院路1段99號", "phone" : "02-2653-6369", "city" : "臺北市"}}, {"type" : "Feature", "geometry" : {"type" : "Point", "coordinates" : [121.575973, 25.001248]}, "properties" : {"brand" : "麥當勞", "store_name" : "台北考試院", "address" : "臺北市文山區木柵路1段137號", "phone" : "02-2236-2598", "city" : "臺北市"}}, {"type" : "Feature", "geometry" : {"type" : "Point", "coordinates" : [121.612714, 25.053284]}, "properties" : {"brand" : "麥當勞", "store_name" : "忠孝八", "address" : "臺北市南港區忠孝東路6段438號1樓", "phone" : "02-2654-6761", "city" : "臺北市"}}, {"type" : "Feature", "geometry" : {"type" : "Point", "coordinates" : [121.566196, 25.082432]}, "properties" : {"brand" : "麥當勞", "store_name" : "台北西湖", "address" : "臺北市內湖區內湖路一段283號1樓", "phone" : "02-8751-3326", "city" : "臺北市"}}, {"type" : "Feature", "geometry" : {"type" : "Point", "coordinates" : [121.579241, 25.060691]}, "properties" : {"brand" : "麥當勞", "store_name" : "台北舊宗", "address" : "臺北市內湖區舊宗路一段135號", "phone" : "02-2796-0708", "city" : "臺北市"}}, {"type" : "Feature", "geometry" : {"type" : "Point", "coordinates" : [121.594547, 25.084081]}, "properties" : {"brand" : "麥當勞", "store_name" : "內湖金龍", "address" : "臺北市內湖區成功路四段188號", "phone" : "02-2791-1678", "city" : "臺北市"}}, {"type" : "Feature", "geometry" : {"type" : "Point", "coordinates" : [121.577531, 25.062981]}, "properties" : {"brand" : "麥當勞", "store_name" : "台北舊宗二", "address" : "臺北市內湖區舊宗路一段275號", "phone" : "02-2795-2298", "city" : "臺北市"}}, {"type" : "Feature", "geometry" : {"type" : "Point", "coordinates" : [121.616419, 25.059324]}, "properties" : {"brand" : "麥當勞", "store_name" : "南港中信", "address" : "臺北市南港區經貿二路188-1號1樓", "phone" : "02-2653-0279", "city" : "臺北市"}}, {"type" : "Feature", "geometry" : {"type" : "Point", "coordinates" : [121.52507, 25.106663]}, "properties" : {"brand" : "麥當勞", "store_name" : "台北中山北", "address" : "臺北市士林區中山北路六段152及154號1樓", "phone" : "02-2831-0389", "city" : "臺北市"}}, {"type" : "Feature", "geometry" : {"type" : "Point", "coordinates" : [121.614897, 25.068613]}, "properties" : {"brand" : "麥當勞", "store_name" : "台北東湖", "address" : "臺北市內湖區東湖路1351樓", "phone" : "02-2632-5199", "city" : "臺北市"}}, {"type" : "Feature", "geometry" : {"type" : "Point", "coordinates" : [121.543364, 25.025122]}, "properties" : {"brand" : "義美食品", "store_name" : "復興南門市", "address" : "臺北市大安區復興南路二段33-1號", "phone" : "05-27085675", "city" : "臺北市"}}, {"type" : "Feature", "geometry" : {"type" : "Point", "coordinates" : [121.540385, 25.058689]}, "properties" : {"brand" : "義美食品", "store_name" : "台北龍江門市", "address" : "臺北市中山區龍江路240號", "phone" : "02-25179605", "city" : "臺北市"}}, {"type" : "Feature", "geometry" : {"type" : "Point", "coordinates" : [121.548388, 25.080556]}, "properties" : {"brand" : "義美食品", "store_name" : "台北新北安門市", "address" : "臺北市中山區北安路558號", "phone" : "02-85095076", "city" : "臺北市"}}, {"type" : "Feature", "geometry" : {"type" : "Point", "coordinates" : [121.554398, 25.022085]}, "properties" : {"brand" : "義美食品", "store_name" : "六張犁門市", "address" : "臺北市大安區和平東路三段228巷7號", "phone" : "02-89795185", "city" : "臺北市"}}, {"type" : "Feature", "geometry" : {"type" : "Point", "coordinates" : [121.530386, 25.018886]}, "properties" : {"brand" : "義美食品", "store_name" : "公館門市", "address" : "臺北市大安區羅斯福路三段261號", "phone" : "02-89786121", "city" : "臺北市"}}, {"type" : "Feature", "geometry" : {"type" : "Point", "coordinates" : [121.559873, 25.051709]}, "properties" : {"brand" : "義美食品", "store_name" : "城東門市", "address" : "臺北市松山區南京東路五段81號", "phone" : "02-89782915", "city" : "臺北市"}}, {"type" : "Feature", "geometry" : {"type" : "Point", "coordinates" : [121.559482, 25.058821]}, "properties" : {"brand" : "義美食品", "store_name" : "民生東門市", "address" : "臺北市松山區民生東路五段89號1樓", "phone" : "02-89789075", "city" : "臺北市"}}, {"type" : "Feature", "geometry" : {"type" : "Point", "coordinates" : [121.553715, 25.052713]}, "properties" : {"brand" : "義美食品", "store_name" : "巨蛋門市", "address" : "臺北市松山區南京東路四段111號", "phone" : "02-89781901", "city" : "臺北市"}}, {"type" : "Feature", "geometry" : {"type" : "Point", "coordinates" : [121.519935, 25.062655]}, "properties" : {"brand" : "義美食品", "store_name" : "民權西門市", "address" : "臺北市中山區民權西路68之1號", "phone" : "02-89797756", "city" : "臺北市"}}, {"type" : "Feature", "geometry" : {"type" : "Point", "coordinates" : [121.565736, 25.027578]}, "properties" : {"brand" : "義美食品", "store_name" : "台北莊敬門市", "address" : "臺北市信義區莊敬路395號1樓", "phone" : "02-8978-1635", "city" : "臺北市"}}, {"type" : "Feature", "geometry" : {"type" : "Point", "coordinates" : [121.532047, 25.026117]}, "properties" : {"brand" : "義美食品", "store_name" : "台師大門市", "address" : "臺北市大安區和平東路一段218號", "phone" : "02-89786378", "city" : "臺北市"}}, {"type" : "Feature", "geometry" : {"type" : "Point", "coordinates" : [121.505353, 25.040481]}, "properties" : {"brand" : "義美食品", "store_name" : "台北長沙門市", "address" : "臺北市萬華區長沙街二段72號", "phone" : "02-89780881", "city" : "臺北市"}}, {"type" : "Feature", "geometry" : {"type" : "Point", "coordinates" : [121.555907, 25.083572]}, "properties" : {"brand" : "摩斯", "store_name" : "大直劍南店", "address" : "臺北市中山區敬業三路 11 號 1 樓", "phone" : "(02)8502-3757", "city" : "臺北市"}}, {"type" : "Feature", "geometry" : {"type" : "Point", "coordinates" : [121.546089, 25.034047]}, "properties" : {"brand" : "摩斯", "store_name" : "大安店", "address" : "臺北市大安區大安路一段 237 號", "phone" : "(02)2703-9611", "city" : "臺北市"}}, {"type" : "Feature", "geometry" : {"type" : "Point", "coordinates" : [121.554341, 25.048257]}, "properties" : {"brand" : "摩斯", "store_name" : "八德店", "address" : "臺北市松山區八德路三段 123 號", "phone" : "(02)2579-3650", "city" : "臺北市"}}, {"type" : "Feature", "geometry" : {"type" : "Point", "coordinates" : [121.523484, 25.09461]}, "properties" : {"brand" : "摩斯", "store_name" : "士林中正店", "address" : "臺北市士林區中正路 313 號", "phone" : "(02)2881-6817", "city" : "臺北市"}}, {"type" : "Feature", "geometry" : {"type" : "Point", "coordinates" : [121.527997, 25.115229]}, "properties" : {"brand" : "摩斯", "store_name" : "士東店", "address" : "臺北市士林區中山北路六段 730 號", "phone" : "(02)2876-7476", "city" : "臺北市"}}, {"type" : "Feature", "geometry" : {"type" : "Point", "coordinates" : [121.529778, 25.019487]}, "properties" : {"brand" : "摩斯", "store_name" : "羅斯福路店", "address" : "臺北市大安區羅斯福路三段 233 號", "phone" : "(02)3365-2482", "city" : "臺北市"}}, {"type" : "Feature", "geometry" : {"type" : "Point", "coordinates" : [121.617195, 25.039986]}, "properties" : {"brand" : "摩斯", "store_name" : "中研院店", "address" : "臺北市南港區研究院路二段 130 號 1 樓", "phone" : "(02)2783-9223", "city" : "臺北市"}}, {"type" : "Feature", "geometry" : {"type" : "Point", "coordinates" : [121.579385, 25.041851]}, "properties" : {"brand" : "摩斯", "store_name" : "松山店", "address" : "臺北市信義區忠孝東路五段 629 號", "phone" : "(02)8785-2550", "city" : "臺北市"}}, {"type" : "Feature", "geometry" : {"type" : "Point", "coordinates" : [121.57459, 25.045375]}, "properties" : {"brand" : "摩斯", "store_name" : "永吉店", "address" : "臺北市信義區永吉路 292 號", "phone" : "(02)2760-0069", "city" : "臺北市"}}, {"type" : "Feature", "geometry" : {"type" : "Point", "coordinates" : [121.549805, 25.054298]}, "properties" : {"brand" : "摩斯", "store_name" : "敦北店", "address" : "臺北市松山區敦化北路 155 巷 1 號", "phone" : "(02)2514-9424", "city" : "臺北市"}}, {"type" : "Feature", "geometry" : {"type" : "Point", "coordinates" : [121.532945, 25.059747]}, "properties" : {"brand" : "摩斯", "store_name" : "康華店", "address" : "臺北市中山區松江路 274 號", "phone" : "(02)2531-0561", "city" : "臺北市"}}, {"type" : "Feature", "geometry" : {"type" : "Point", "coordinates" : [121.533551, 25.048345]}, "properties" : {"brand" : "摩斯", "store_name" : "長安松江店", "address" : "臺北市中山區長安東路二段 66 號", "phone" : "(02)2507-7731", "city" : "臺北市"}}, {"type" : "Feature", "geometry" : {"type" : "Point", "coordinates" : [121.563525, 25.027408]}, "properties" : {"brand" : "摩斯", "store_name" : "北醫吳興店", "address" : "臺北市信義區吳興街 243 號", "phone" : "(02)2729-4742", "city" : "臺北市"}}, {"type" : "Feature", "geometry" : {"type" : "Point", "coordinates" : [121.534163, 25.025944]}, "properties" : {"brand" : "摩斯", "store_name" : "和平東路店", "address" : "臺北市大安區和平東路一段 278 號", "phone" : "(02)3365-3341", "city" : "臺北市"}}, {"type" : "Feature", "geometry" : {"type" : "Point", "coordinates" : [121.532501, 25.016222]}, "properties" : {"brand" : "摩斯", "store_name" : "台大公館店", "address" : "臺北市中正區羅斯福路三段 306 號 1.2 樓", "phone" : "(02)2365-6373", "city" : "臺北市"}}, {"type" : "Feature", "geometry" : {"type" : "Point", "coordinates" : [121.542602, 25.033196]}, "properties" : {"brand" : "摩斯", "store_name" : "師大附中店", "address" : "臺北市大安區信義路三段 184 號 1、2  樓", "phone" : "(02)2755-6753", "city" : "臺北市"}}, {"type" : "Feature", "geometry" : {"type" : "Point", "coordinates" : [121.513737, 25.114503]}, "properties" : {"brand" : "摩斯", "store_name" : "石牌捷運店", "address" : "臺北市北投區石牌路一段 174 號", "phone" : "(02)2821-5724", "city" : "臺北市"}}, {"type" : "Feature", "geometry" : {"type" : "Point", "coordinates" : [121.516747, 25.031703]}, "properties" : {"brand" : "摩斯", "store_name" : "南昌店", "address" : "臺北市中正區南昌路一段 44 號 1 樓", "phone" : "(02) 2394-4845", "city" : "臺北市"}}, {"type" : "Feature", "geometry" : {"type" : "Point", "coordinates" : [121.521344, 25.055901]}, "properties" : {"brand" : "摩斯", "store_name" : "台北捷運爵士廣場店", "address" : "臺北市中山區中山北路二段 48 巷 7 號 B1", "phone" : "(02)2521-1917", "city" : "臺北市"}}, {"type" : "Feature", "geometry" : {"type" : "Point", "coordinates" : [121.595447, 25.084419]}, "properties" : {"brand" : "摩斯", "store_name" : "內湖店", "address" : "臺北市內湖區成功路四段 202 號", "phone" : "(02)8792-2570", "city" : "臺北市"}}, {"type" : "Feature", "geometry" : {"type" : "Point", "coordinates" : [121.57017, 25.080214]}, "properties" : {"brand" : "摩斯", "store_name" : "瑞光店", "address" : "臺北市內湖區瑞光路 513 巷 34 號", "phone" : "(02)2658-7224", "city" : "臺北市"}}, {"type" : "Feature", "geometry" : {"type" : "Point", "coordinates" : [121.580698, 25.084021]}, "properties" : {"brand" : "摩斯", "store_name" : "東湖店", "address" : "臺北市內湖區東湖路 110 號", "phone" : "(02)2631-5273", "city" : "臺北市"}}, {"type" : "Feature", "geometry" : {"type" : "Point", "coordinates" : [121.512482, 25.05203]}, "properties" : {"brand" : "摩斯", "store_name" : "長安店", "address" : "臺北市大同區長安西路 219 號", "phone" : "(02)2549-2749", "city" : "臺北市"}}, {"type" : "Feature", "geometry" : {"type" : "Point", "coordinates" : [121.513973, 25.077118]}, "properties" : {"brand" : "摩斯", "store_name" : "台北重慶店", "address" : "臺北市大同區重慶北路三段 271 號", "phone" : "(02)2598-3446", "city" : "臺北市"}}, {"type" : "Feature", "geometry" : {"type" : "Point", "coordinates" : [121.525357, 25.062499]}, "properties" : {"brand" : "摩斯", "store_name" : "民權林森店", "address" : "臺北市中山區民權東路一段 76 號", "phone" : "(02)2562-7057", "city" : "臺北市"}}, {"type" : "Feature", "geometry" : {"type" : "Point", "coordinates" : [121.526786, 25.030287]}, "properties" : {"brand" : "摩斯", "store_name" : "金山店", "address" : "臺北市大安區金山南路二段 121 號", "phone" : "(02)2394-5709", "city" : "臺北市"}}, {"type" : "Feature", "geometry" : {"type" : "Point", "coordinates" : [121.531779, 25.026409]}, "properties" : {"brand" : "摩斯", "store_name" : "古亭店", "address" : "臺北市大安區和平東路一段 15-1 號", "phone" : "(02)2391-0623", "city" : "臺北市"}}, {"type" : "Feature", "geometry" : {"type" : "Point", "coordinates" : [121.542747, 25.061524]}, "properties" : {"brand" : "摩斯", "store_name" : "民權店", "address" : "臺北市中山區民權東路三段 5 號", "phone" : "(02)2515-7086", "city" : "臺北市"}}, {"type" : "Feature", "geometry" : {"type" : "Point", "coordinates" : [121.538458, 25.050781]}, "properties" : {"brand" : "摩斯", "store_name" : "南東店", "address" : "臺北市中山區南京東路三段 116 號", "phone" : "(02)2508-0365", "city" : "臺北市"}}, {"type" : "Feature", "geometry" : {"type" : "Point", "coordinates" : [121.56264, 25.050477]}, "properties" : {"brand" : "摩斯", "store_name" : "吉祥店", "address" : "臺北市松山區吉祥路 59 號", "phone" : "(02)2749-2192", "city" : "臺北市"}}, {"type" : "Feature", "geometry" : {"type" : "Point", "coordinates" : [121.529626, 25.107871]}, "properties" : {"brand" : "摩斯", "store_name" : "忠誠店", "address" : "臺北市士林區忠誠路一段 188 號", "phone" : "(02)2833-5867", "city" : "臺北市"}}, {"type" : "Feature", "geometry" : {"type" : "Point", "coordinates" : [121.509647, 25.116337]}, "properties" : {"brand" : "摩斯", "store_name" : "石牌公園店", "address" : "臺北市北投區石牌路一段 39 巷 100 號", "phone" : "(02)2823-3473", "city" : "臺北市"}}, {"type" : "Feature", "geometry" : {"type" : "Point", "coordinates" : [121.53163, 25.116447]}, "properties" : {"brand" : "摩斯", "store_name" : "天母東路店", "address" : "臺北市士林區天母東路 39 號一、二樓", "phone" : "(02)2871-0318", "city" : "臺北市"}}, {"type" : "Feature", "geometry" : {"type" : "Point", "coordinates" : [121.5548, 25.032943]}, "properties" : {"brand" : "摩斯", "store_name" : "信義通化店", "address" : "臺北市大安區信義路四段 304 號", "phone" : "(02)2754-2189", "city" : "臺北市"}}, {"type" : "Feature", "geometry" : {"type" : "Point", "coordinates" : [121.499276, 25.134955]}, "properties" : {"brand" : "摩斯", "store_name" : "北投店", "address" : "臺北市北投區中央北路一段 42-1 號", "phone" : "(02)2896-0937", "city" : "臺北市"}}, {"type" : "Feature", "geometry" : {"type" : "Point", "coordinates" : [121.504066, 25.136254]}, "properties" : {"brand" : "摩斯", "store_name" : "北投光明店", "address" : "臺北市北投區光明路 212 號", "phone" : "(02)2892-4254", "city" : "臺北市"}}, {"type" : "Feature", "geometry" : {"type" : "Point", "coordinates" : [121.526482, 25.043847]}, "properties" : {"brand" : "摩斯", "store_name" : "善導寺店", "address" : "臺北市中正區忠孝東路一段 178 號 1 樓", "phone" : "(02)2351-2809", "city" : "臺北市"}}, {"type" : "Feature", "geometry" : {"type" : "Point", "coordinates" : [121.544217, 24.992286]}, "properties" : {"brand" : "摩斯", "store_name" : "景興店", "address" : "臺北市文山區景興路 191 號", "phone" : "(02)8932-1156", "city" : "臺北市"}}, {"type" : "Feature", "geometry" : {"type" : "Point", "coordinates" : [121.560786, 24.981886]}, "properties" : {"brand" : "摩斯", "store_name" : "木新店", "address" : "臺北市文山區木新路三段 170 號", "phone" : "(02)2234-9426", "city" : "臺北市"}}, {"type" : "Feature", "geometry" : {"type" : "Point", "coordinates" : [121.575966, 25.072569]}, "properties" : {"brand" : "摩斯", "store_name" : "內湖亞太店", "address" : "臺北市內湖區瑞湖街 80 號", "phone" : "(02)2657-4650", "city" : "臺北市"}}, {"type" : "Feature", "geometry" : {"type" : "Point", "coordinates" : [121.513241, 25.045026]}, "properties" : {"brand" : "德克士", "store_name" : "台北重慶南", "address" : "臺北市中正區重慶南路一段100號", "phone" : "02-2311-6368", "city" : "臺北市"}}, {"type" : "Feature", "geometry" : {"type" : "Point", "coordinates" : [121.521685, 25.058063]}, "properties" : {"brand" : "德克士", "store_name" : "台北馬偕", "address" : "臺北市中山區民生西路2號", "phone" : "02-2562-0600", "city" : "臺北市"}}, {"type" : "Feature", "geometry" : {"type" : "Point", "coordinates" : [121.532185, 25.015507]}, "properties" : {"brand" : "德克士", "store_name" : "台北台大", "address" : "臺北市中正區羅斯福路三段316巷16號1樓", "phone" : "02-2367-0009", "city" : "臺北市"}}, {"type" : "Feature", "geometry" : {"type" : "Point", "coordinates" : [121.553715, 25.052713]}, "properties" : {"brand" : "德克士", "store_name" : "台北小巨蛋", "address" : "臺北市松山區南京東路四段105號", "phone" : "02-2712-5237", "city" : "臺北市"}}]}
