{
  "type": "FeatureCollection",
  "features": [
    {
      "type": "Feature",
      "geometry": {
        "type": "Point",
        "coordinates": [
          121.460109,
          25.140392
        ]
      },
      "properties": {
        "brand": "肯德基",
        "city": "新北市",
        "store_name": "淡水竹圍",
        "address": "新北市淡水區民權路41號",
        "phone": "02-8809-5078",
        "lng": 121.460109,
        "lat": 25.140392,
        "district": "淡水區"
      }
    },
    {
      "type": "Feature",
      "geometry": {
        "type": "Point",
        "coordinates": [
          121.417583,
          25.026542
        ]
      },
      "properties": {
        "brand": "星巴克",
        "city": "新北市",
        "store_name": "新莊雙鳳",
        "address": "新北市新莊區中正路702號",
        "phone": "2907-2461",
        "lng": 121.417583,
        "lat": 25.026542,
        "district": "新莊區"
      }
    },
    {
      "type": "Feature",
      "geometry": {
        "type": "Point",
        "coordinates": [
          121.55569,
          24.999314
        ]
      },
      "properties": {
        "brand": "21風味館",
        "city": "臺北市",
        "store_name": "興隆",
        "address": "臺北市文山區興隆路三段48號1樓",
        "phone": "02-2930-0121",
        "lng": 121.55569,
        "lat": 24.999314,
        "district": "文山區"
      }
    },
    {
      "type": "Feature",
      "geometry": {
        "type": "Point",
        "coordinates": [
          121.550979,
          25.047623
        ]
      },
      "properties": {
        "brand": "21風味館",
        "city": "臺北市",
        "store_name": "八德",
        "address": "臺北市松山區八德路三段12巷5弄14號1樓",
        "phone": "02-2570-2221",
        "lng": 121.550979,
        "lat": 25.047623,
        "district": "松山區"
      }
    },
    {
      "type": "Feature",
      "geometry": {
        "type": "Point",
        "coordinates": [
          121.568764,
          25.043147
        ]
      },
      "properties": {
        "brand": "21風味館",
        "city": "臺北市",
        "store_name": "永吉",
        "address": "臺北市信義區永吉路30巷178弄1號1樓",
        "phone": "02-2753-0521",
        "lng": 121.568764,
        "lat": 25.043147,
        "district": "信義區"
      }
    },
    {
      "type": "Feature",
      "geometry": {
        "type": "Point",
        "coordinates": [
          121.543718,
          25.035422
        ]
      },
      "properties": {
        "brand": "subway",
        "city": "臺北市",
        "store_name": "#73570 忠孝復興餐廳",
        "address": "臺北市大安區復興南路一段76號1樓",
        "phone": "02-2775-2401",
        "lng": 121.543718,
        "lat": 25.035422,
        "district": "大安區"
      }
    },
    {
      "type": "Feature",
      "geometry": {
        "type": "Point",
        "coordinates": [
          121.528024,
          25.11528
        ]
      },
      "properties": {
        "brand": "subway",
        "city": "臺北市",
        "store_name": "#72335 天母中山餐廳",
        "address": "臺北市士林區中山北路六段732號1樓",
        "phone": "02-2876-2785",
        "lng": 121.528024,
        "lat": 25.11528,
        "district": "士林區"
      }
    },
    {
      "type": "Feature",
      "geometry": {
        "type": "Point",
        "coordinates": [
          121.51357,
          25.071064
        ]
      },
      "properties": {
        "brand": "義美食品",
        "city": "臺北市",
        "store_name": "大同門市",
        "address": "臺北市大同區重慶北路三段250之5號",
        "phone": "02-25924404",
        "lng": 121.51357,
        "lat": 25.071064,
        "district": "大同區"
      }
    },
    {
      "type": "Feature",
      "geometry": {
        "type": "Point",
        "coordinates": [
          121.542389,
          25.060457
        ]
      },
      "properties": {
        "brand": "義美食品",
        "city": "臺北市",
        "store_name": "民權東門市",
        "address": "臺北市中山區民權東路三段112號",
        "phone": "02-27151979",
        "lng": 121.542389,
        "lat": 25.060457,
        "district": "中山區"
      }
    },
    {
      "type": "Feature",
      "geometry": {
        "type": "Point",
        "coordinates": [
          121.520059,
          25.029937
        ]
      },
      "properties": {
        "brand": "義美食品",
        "city": "臺北市",
        "store_name": "南門門市",
        "address": "臺北市中正區羅斯福路一段102號",
        "phone": "02-23223468",
        "lng": 121.520059,
        "lat": 25.029937,
        "district": "中正區"
      }
    },
    {
      "type": "Feature",
      "geometry": {
        "type": "Point",
        "coordinates": [
          121.547701,
          25.024488
        ]
      },
      "properties": {
        "brand": "義美食品",
        "city": "臺北市",
        "store_name": "東和平門市",
        "address": "臺北市大安區和平東路三段40號",
        "phone": "02-27331284",
        "lng": 121.547701,
        "lat": 25.024488,
        "district": "大安區"
      }
    },
    {
      "type": "Feature",
      "geometry": {
        "type": "Point",
        "coordinates": [
          121.525717,
          25.118358
        ]
      },
      "properties": {
        "brand": "義美食品",
        "city": "臺北市",
        "store_name": "天母門市",
        "address": "臺北市士林區天母西路42號",
        "phone": "02-28712612",
        "lng": 121.525717,
        "lat": 25.118358,
        "district": "士林區"
      }
    },
    {
      "type": "Feature",
      "geometry": {
        "type": "Point",
        "coordinates": [
          121.557708,
          25.036051
        ]
      },
      "properties": {
        "brand": "義美食品",
        "city": "臺北市",
        "store_name": "光復南門市",
        "address": "臺北市信義區光復南路425號",
        "phone": "02-27298703",
        "lng": 121.557708,
        "lat": 25.036051,
        "district": "信義區"
      }
    },
    {
      "type": "Feature",
      "geometry": {
        "type": "Point",
        "coordinates": [
          121.503293,
          25.0383
        ]
      },
      "properties": {
        "brand": "中油",
        "city": "臺北市",
        "store_name": "桂林路加油站",
        "address": "臺北市萬華區桂林路53號",
        "phone": "02-23819053",
        "lng": 121.503293,
        "lat": 25.0383,
        "district": "萬華區"
      }
    },
    {
      "type": "Feature",
      "geometry": {
        "type": "Point",
        "coordinates": [
          121.542169,
          25.00441
        ]
      },
      "properties": {
        "brand": "中油",
        "city": "臺北市",
        "store_name": "萬隆加油站",
        "address": "臺北市文山區興隆路一段13號",
        "phone": "02-29312829",
        "lng": 121.542169,
        "lat": 25.00441,
        "district": "文山區"
      }
    },
    {
      "type": "Feature",
      "geometry": {
        "type": "Point",
        "coordinates": [
          121.555454,
          25.032932
        ]
      },
      "properties": {
        "brand": "中油",
        "city": "臺北市",
        "store_name": "信義路加油站",
        "address": "臺北市大安區信義路四段374號",
        "phone": "02-27081235",
        "lng": 121.555454,
        "lat": 25.032932,
        "district": "大安區"
      }
    },
    {
      "type": "Feature",
      "geometry": {
        "type": "Point",
        "coordinates": [
          121.502262,
          25.119297
        ]
      },
      "properties": {
        "brand": "中油",
        "city": "臺北市",
        "store_name": "北投站",
        "address": "臺北市北投區承德路七段384號",
        "phone": "02-28201203",
        "lng": 121.502262,
        "lat": 25.119297,
        "district": "北投區"
      }
    },
    {
      "type": "Feature",
      "geometry": {
        "type": "Point",
        "coordinates": [
          121.497326,
          25.019319
        ]
      },
      "properties": {
        "brand": "肯德基",
        "city": "臺北市",
        "store_name": "台北萬大",
        "address": "臺北市萬華區萬大路286號",
        "phone": "02-2339-6627",
        "lng": 121.497326,
        "lat": 25.019319,
        "district": "萬華區"
      }
    },
    {
      "type": "Feature",
      "geometry": {
        "type": "Point",
        "coordinates": [
          121.522341,
          25.094353
        ]
      },
      "properties": {
        "brand": "肯德基",
        "city": "臺北市",
        "store_name": "士林文昌",
        "address": "臺北市士林區中正路351號",
        "phone": "02-2882-3856",
        "lng": 121.522341,
        "lat": 25.094353,
        "district": "士林區"
      }
    },
    {
      "type": "Feature",
      "geometry": {
        "type": "Point",
        "coordinates": [
          121.528229,
          25.115662
        ]
      },
      "properties": {
        "brand": "肯德基",
        "city": "臺北市",
        "store_name": "天母中山",
        "address": "臺北市士林區中山北路六段748號",
        "phone": "02-2871-4607",
        "lng": 121.528229,
        "lat": 25.115662,
        "district": "士林區"
      }
    },
    {
      "type": "Feature",
      "geometry": {
        "type": "Point",
        "coordinates": [
          121.566821,
          24.988546
        ]
      },
      "properties": {
        "brand": "肯德基",
        "city": "臺北市",
        "store_name": "文山木柵",
        "address": "臺北市文山區木柵路三段82號",
        "phone": "02-2936-3525",
        "lng": 121.566821,
        "lat": 24.988546,
        "district": "文山區"
      }
    },
    {
      "type": "Feature",
      "geometry": {
        "type": "Point",
        "coordinates": [
          121.55663,
          24.998741
        ]
      },
      "properties": {
        "brand": "肯德基",
        "city": "臺北市",
        "store_name": "文山興隆",
        "address": "臺北市文山區興隆路三段9號",
        "phone": "02-2931-1136",
        "lng": 121.55663,
        "lat": 24.998741,
        "district": "文山區"
      }
    },
    {
      "type": "Feature",
      "geometry": {
        "type": "Point",
        "coordinates": [
          121.520308,
          25.080652
        ]
      },
      "properties": {
        "brand": "萊爾富",
        "city": "臺北市",
        "store_name": "士林通河店",
        "address": "臺北市士林區承德路四段12巷35號",
        "phone": "02-28854012",
        "lng": 121.520308,
        "lat": 25.080652,
        "district": "士林區"
      }
    },
    {
      "type": "Feature",
      "geometry": {
        "type": "Point",
        "coordinates": [
          121.538836,
          25.009182
        ]
      },
      "properties": {
        "brand": "萊爾富",
        "city": "臺北市",
        "store_name": "大安新台大店",
        "address": "臺北市大安區羅斯福路四段1號",
        "phone": "02-23620819",
        "lng": 121.538836,
        "lat": 25.009182,
        "district": "大安區"
      }
    },
    {
      "type": "Feature",
      "geometry": {
        "type": "Point",
        "coordinates": [
          121.526608,
          25.049185
        ]
      },
      "properties": {
        "brand": "萊爾富",
        "city": "臺北市",
        "store_name": "中山四通店",
        "address": "臺北市中山區長安東路一段53巷1之6號",
        "phone": "02-25816329",
        "lng": 121.526608,
        "lat": 25.049185,
        "district": "中山區"
      }
    },
    {
      "type": "Feature",
      "geometry": {
        "type": "Point",
        "coordinates": [
          121.574758,
          25.083741
        ]
      },
      "properties": {
        "brand": "萊爾富",
        "city": "臺北市",
        "store_name": "內湖安泰店",
        "address": "臺北市內湖區安泰街31號一樓",
        "phone": "02-26338768",
        "lng": 121.574758,
        "lat": 25.083741,
        "district": "內湖區"
      }
    },
    {
      "type": "Feature",
      "geometry": {
        "type": "Point",
        "coordinates": [
          121.61848,
          25.071926
        ]
      },
      "properties": {
        "brand": "萊爾富",
        "city": "臺北市",
        "store_name": "內湖樂康店",
        "address": "臺北市內湖區康樂街136巷18弄1號1樓",
        "phone": "02-26340246",
        "lng": 121.61848,
        "lat": 25.071926,
        "district": "內湖區"
      }
    },
    {
      "type": "Feature",
      "geometry": {
        "type": "Point",
        "coordinates": [
          121.537172,
          25.007839
        ]
      },
      "properties": {
        "brand": "萊爾富",
        "city": "臺北市",
        "store_name": "文山師大店",
        "address": "臺北市文山區汀州路四段88號",
        "phone": "02-86639916",
        "lng": 121.537172,
        "lat": 25.007839,
        "district": "文山區"
      }
    },
    {
      "type": "Feature",
      "geometry": {
        "type": "Point",
        "coordinates": [
          121.499771,
          25.124796
        ]
      },
      "properties": {
        "brand": "萊爾富",
        "city": "臺北市",
        "store_name": "北市奇岩店",
        "address": "臺北市北投區中央南路二段5號及7號",
        "phone": "02-28923112",
        "lng": 121.499771,
        "lat": 25.124796,
        "district": "北投區"
      }
    },
    {
      "type": "Feature",
      "geometry": {
        "type": "Point",
        "coordinates": [
          121.597637,
          25.068434
        ]
      },
      "properties": {
        "brand": "萊爾富",
        "city": "臺北市",
        "store_name": "北市明湖店",
        "address": "臺北市內湖區民權東路6段296巷68號",
        "phone": "02-26348091",
        "lng": 121.597637,
        "lat": 25.068434,
        "district": "內湖區"
      }
    },
    {
      "type": "Feature",
      "geometry": {
        "type": "Point",
        "coordinates": [
          121.568146,
          25.079247
        ]
      },
      "properties": {
        "brand": "萊爾富",
        "city": "臺北市",
        "store_name": "北市湖鑽店",
        "address": "臺北市內湖區瑞光路５０２號１樓",
        "phone": "02-26599739",
        "lng": 121.568146,
        "lat": 25.079247,
        "district": "內湖區"
      }
    },
    {
      "type": "Feature",
      "geometry": {
        "type": "Point",
        "coordinates": [
          121.504975,
          25.088475
        ]
      },
      "properties": {
        "brand": "萊爾富",
        "city": "臺北市",
        "store_name": "北市開利店",
        "address": "臺北市士林區社子街142,144號",
        "phone": "02-28161982",
        "lng": 121.504975,
        "lat": 25.088475,
        "district": "士林區"
      }
    },
    {
      "type": "Feature",
      "geometry": {
        "type": "Point",
        "coordinates": [
          121.467618,
          25.132789
        ]
      },
      "properties": {
        "brand": "萊爾富",
        "city": "臺北市",
        "store_name": "北投北戰店",
        "address": "臺北市北投區學園路2號",
        "phone": "02-89796027",
        "lng": 121.467618,
        "lat": 25.132789,
        "district": "北投區"
      }
    },
    {
      "type": "Feature",
      "geometry": {
        "type": "Point",
        "coordinates": [
          121.466276,
          25.130012
        ]
      },
      "properties": {
        "brand": "萊爾富",
        "city": "臺北市",
        "store_name": "北投北藝大",
        "address": "臺北市北投區學園路1號",
        "phone": "02-28948090",
        "lng": 121.466276,
        "lat": 25.130012,
        "district": "北投區"
      }
    },
    {
      "type": "Feature",
      "geometry": {
        "type": "Point",
        "coordinates": [
          121.564446,
          25.062706
        ]
      },
      "properties": {
        "brand": "萊爾富",
        "city": "臺北市",
        "store_name": "松山民權大橋",
        "address": "臺北市松山區民權東路五段32號",
        "phone": "02-27609238",
        "lng": 121.564446,
        "lat": 25.062706,
        "district": "松山區"
      }
    },
    {
      "type": "Feature",
      "geometry": {
        "type": "Point",
        "coordinates": [
          121.56546,
          25.065137
        ]
      },
      "properties": {
        "brand": "萊爾富",
        "city": "臺北市",
        "store_name": "松山撫遠店",
        "address": "臺北市松山區撫遠街394巷1號、3號",
        "phone": "02-27560075",
        "lng": 121.56546,
        "lat": 25.065137,
        "district": "松山區"
      }
    },
    {
      "type": "Feature",
      "geometry": {
        "type": "Point",
        "coordinates": [
          121.57656,
          25.03568
        ]
      },
      "properties": {
        "brand": "萊爾富",
        "city": "臺北市",
        "store_name": "信義虎林店",
        "address": "臺北市信義區虎林街242巷50號、52號",
        "phone": "02-23462612",
        "lng": 121.57656,
        "lat": 25.03568,
        "district": "信義區"
      }
    },
    {
      "type": "Feature",
      "geometry": {
        "type": "Point",
        "coordinates": [
          121.586963,
          25.053063
        ]
      },
      "properties": {
        "brand": "萊爾富",
        "city": "臺北市",
        "store_name": "南港慈祐宮店",
        "address": "臺北市南港區南港路三段358、360號一樓",
        "phone": "02-26510147",
        "lng": 121.586963,
        "lat": 25.053063,
        "district": "南港區"
      }
    },
    {
      "type": "Feature",
      "geometry": {
        "type": "Point",
        "coordinates": [
          121.517055,
          25.047176
        ]
      },
      "properties": {
        "brand": "漢堡王",
        "city": "臺北市",
        "store_name": "微風北車店",
        "address": "臺北市中正區北平西路3號  (微風台北車站2樓)",
        "phone": "02-23112368",
        "lng": 121.517055,
        "lat": 25.047176,
        "district": "中正區"
      }
    },
    {
      "type": "Feature",
      "geometry": {
        "type": "Point",
        "coordinates": [
          121.56812,
          25.050671
        ]
      },
      "properties": {
        "brand": "漢堡王",
        "city": "臺北市",
        "store_name": "長春店",
        "address": "臺北市中山區長春路176號   (近長春國賓影城)",
        "phone": "02-25165208",
        "lng": 121.56812,
        "lat": 25.050671,
        "district": "中山區"
      }
    },
    {
      "type": "Feature",
      "geometry": {
        "type": "Point",
        "coordinates": [
          121.528416,
          25.022918
        ]
      },
      "properties": {
        "brand": "漢堡王",
        "city": "臺北市",
        "store_name": "新師大店",
        "address": "臺北市大安區師大路86巷1號1樓及B1",
        "phone": "02-23622986",
        "lng": 121.528416,
        "lat": 25.022918,
        "district": "大安區"
      }
    },
    {
      "type": "Feature",
      "geometry": {
        "type": "Point",
        "coordinates": [
          121.561321,
          25.051266
        ]
      },
      "properties": {
        "brand": "漢堡王",
        "city": "臺北市",
        "store_name": "南京店",
        "address": "臺北市松山區南京東路五段82號",
        "phone": "02-27671397",
        "lng": 121.561321,
        "lat": 25.051266,
        "district": "松山區"
      }
    },
    {
      "type": "Feature",
      "geometry": {
        "type": "Point",
        "coordinates": [
          121.575362,
          25.060142
        ]
      },
      "properties": {
        "brand": "漢堡王",
        "city": "臺北市",
        "store_name": "內湖店",
        "address": "臺北市內湖區民善街88號  (家樂福內湖店 1F)",
        "phone": "02-27967209",
        "lng": 121.575362,
        "lat": 25.060142,
        "district": "內湖區"
      }
    },
    {
      "type": "Feature",
      "geometry": {
        "type": "Point",
        "coordinates": [
          121.556709,
          25.082926
        ]
      },
      "properties": {
        "brand": "漢堡王",
        "city": "臺北市",
        "store_name": "美麗華店",
        "address": "臺北市中山區敬業三路20號B1  (美麗華B1美食街)",
        "phone": "02-21753018",
        "lng": 121.556709,
        "lat": 25.082926,
        "district": "中山區"
      }
    },
    {
      "type": "Feature",
      "geometry": {
        "type": "Point",
        "coordinates": [
          121.56849,
          25.001544
        ]
      },
      "properties": {
        "brand": "OK",
        "city": "臺北市",
        "store_name": "OK文山萬安店",
        "address": "臺北市文山區萬美街１段47號1+2樓",
        "phone": "02-66172315",
        "lng": 121.56849,
        "lat": 25.001544,
        "district": "文山區"
      }
    },
    {
      "type": "Feature",
      "geometry": {
        "type": "Point",
        "coordinates": [
          121.579008,
          25.051704
        ]
      },
      "properties": {
        "brand": "OK",
        "city": "臺北市",
        "store_name": "OK北市監理所門市",
        "address": "臺北市松山區八德路４段21號1樓",
        "phone": "02-66171915",
        "lng": 121.579008,
        "lat": 25.051704,
        "district": "松山區"
      }
    },
    {
      "type": "Feature",
      "geometry": {
        "type": "Point",
        "coordinates": [
          121.522338,
          25.08153
        ]
      },
      "properties": {
        "brand": "OK",
        "city": "臺北市",
        "store_name": "OK士林監理站門市",
        "address": "臺北市士林區承德路５段80號",
        "phone": "02-66170363",
        "lng": 121.522338,
        "lat": 25.08153,
        "district": "士林區"
      }
    },
    {
      "type": "Feature",
      "geometry": {
        "type": "Point",
        "coordinates": [
          121.516339,
          25.038953
        ]
      },
      "properties": {
        "brand": "OK",
        "city": "臺北市",
        "store_name": "OK外交部門市",
        "address": "臺北市中正區凱達格蘭大道2號B1",
        "phone": "02-66174211",
        "lng": 121.516339,
        "lat": 25.038953,
        "district": "中正區"
      }
    },
    {
      "type": "Feature",
      "geometry": {
        "type": "Point",
        "coordinates": [
          121.51629,
          25.111862
        ]
      },
      "properties": {
        "brand": "OK",
        "city": "臺北市",
        "store_name": "OK北投唭哩岸店",
        "address": "臺北市北投區立農街１段277號1樓",
        "phone": "02-66178796",
        "lng": 121.51629,
        "lat": 25.111862,
        "district": "北投區"
      }
    },
    {
      "type": "Feature",
      "geometry": {
        "type": "Point",
        "coordinates": [
          121.575042,
          25.078221
        ]
      },
      "properties": {
        "brand": "統一超商",
        "city": "臺北市",
        "store_name": "墘運",
        "address": "臺北市內湖區洲子街12號1樓",
        "phone": "02-87515031",
        "lng": 121.575042,
        "lat": 25.078221,
        "district": "內湖區"
      }
    },
    {
      "type": "Feature",
      "geometry": {
        "type": "Point",
        "coordinates": [
          121.570576,
          25.078082
        ]
      },
      "properties": {
        "brand": "統一超商",
        "city": "臺北市",
        "store_name": "里昂",
        "address": "臺北市內湖區瑞光路406號1樓",
        "phone": "02-87514839",
        "lng": 121.570576,
        "lat": 25.078082,
        "district": "內湖區"
      }
    },
    {
      "type": "Feature",
      "geometry": {
        "type": "Point",
        "coordinates": [
          121.565582,
          25.079758
        ]
      },
      "properties": {
        "brand": "統一超商",
        "city": "臺北市",
        "store_name": "湖光",
        "address": "臺北市內湖區基湖路35巷13號1樓",
        "phone": "02-87513447",
        "lng": 121.565582,
        "lat": 25.079758,
        "district": "內湖區"
      }
    },
    {
      "type": "Feature",
      "geometry": {
        "type": "Point",
        "coordinates": [
          121.57194,
          25.079565
        ]
      },
      "properties": {
        "brand": "統一超商",
        "city": "臺北市",
        "store_name": "德瑞",
        "address": "臺北市內湖區洲子街70號1樓",
        "phone": "02-87515167",
        "lng": 121.57194,
        "lat": 25.079565,
        "district": "內湖區"
      }
    },
    {
      "type": "Feature",
      "geometry": {
        "type": "Point",
        "coordinates": [
          121.575058,
          25.073311
        ]
      },
      "properties": {
        "brand": "統一超商",
        "city": "臺北市",
        "store_name": "大眾",
        "address": "臺北市內湖區港墘路221巷41號1樓",
        "phone": "02-26586048",
        "lng": 121.575058,
        "lat": 25.073311,
        "district": "內湖區"
      }
    },
    {
      "type": "Feature",
      "geometry": {
        "type": "Point",
        "coordinates": [
          121.56663,
          25.04694
        ]
      },
      "properties": {
        "brand": "統一超商",
        "city": "臺北市",
        "store_name": "總部",
        "address": "臺北市信義區東興路67號1樓",
        "phone": "02-87874502",
        "lng": 121.56663,
        "lat": 25.04694,
        "district": "信義區"
      }
    },
    {
      "type": "Feature",
      "geometry": {
        "type": "Point",
        "coordinates": [
          121.536812,
          25.065652
        ]
      },
      "properties": {
        "brand": "統一超商",
        "city": "臺北市",
        "store_name": "榮鑫",
        "address": "臺北市中山區建國北路三段89號91號1樓",
        "phone": "02-25069116",
        "lng": 121.536812,
        "lat": 25.065652,
        "district": "中山區"
      }
    },
    {
      "type": "Feature",
      "geometry": {
        "type": "Point",
        "coordinates": [
          121.524385,
          25.108747
        ]
      },
      "properties": {
        "brand": "統一超商",
        "city": "臺北市",
        "store_name": "新天強",
        "address": "臺北市士林區克強路11及11-1號1樓",
        "phone": "02-28385947",
        "lng": 121.524385,
        "lat": 25.108747,
        "district": "士林區"
      }
    },
    {
      "type": "Feature",
      "geometry": {
        "type": "Point",
        "coordinates": [
          121.558379,
          25.08031
        ]
      },
      "properties": {
        "brand": "統一超商",
        "city": "臺北市",
        "store_name": "萬濠",
        "address": "臺北市中山區敬業四路1號1樓",
        "phone": "02-85029120",
        "lng": 121.558379,
        "lat": 25.08031,
        "district": "中山區"
      }
    },
    {
      "type": "Feature",
      "geometry": {
        "type": "Point",
        "coordinates": [
          121.564077,
          24.982579
        ]
      },
      "properties": {
        "brand": "統一超商",
        "city": "臺北市",
        "store_name": "文儀",
        "address": "臺北市文山區木新路三段54號56號",
        "phone": "02-86618765",
        "lng": 121.564077,
        "lat": 24.982579,
        "district": "文山區"
      }
    },
    {
      "type": "Feature",
      "geometry": {
        "type": "Point",
        "coordinates": [
          121.5535,
          25.048216
        ]
      },
      "properties": {
        "brand": "統一超商",
        "city": "臺北市",
        "store_name": "台場",
        "address": "臺北市松山區八德路三段20-2號",
        "phone": "02-25794824",
        "lng": 121.5535,
        "lat": 25.048216,
        "district": "松山區"
      }
    },
    {
      "type": "Feature",
      "geometry": {
        "type": "Point",
        "coordinates": [
          121.565841,
          25.042984
        ]
      },
      "properties": {
        "brand": "統一超商",
        "city": "臺北市",
        "store_name": "松高",
        "address": "臺北市信義區基隆路一段141號1樓",
        "phone": "02-27670810",
        "lng": 121.565841,
        "lat": 25.042984,
        "district": "信義區"
      }
    },
    {
      "type": "Feature",
      "geometry": {
        "type": "Point",
        "coordinates": [
          121.586973,
          25.088377
        ]
      },
      "properties": {
        "brand": "統一超商",
        "city": "臺北市",
        "store_name": "金碧",
        "address": "臺北市內湖區金龍路219號217巷1號1樓",
        "phone": "02-27900454",
        "lng": 121.586973,
        "lat": 25.088377,
        "district": "內湖區"
      }
    },
    {
      "type": "Feature",
      "geometry": {
        "type": "Point",
        "coordinates": [
          121.530087,
          25.0146
        ]
      },
      "properties": {
        "brand": "統一超商",
        "city": "臺北市",
        "store_name": "博源",
        "address": "臺北市中正區思源街16號",
        "phone": "02-23684419",
        "lng": 121.530087,
        "lat": 25.0146,
        "district": "中正區"
      }
    },
    {
      "type": "Feature",
      "geometry": {
        "type": "Point",
        "coordinates": [
          121.597161,
          25.080524
        ]
      },
      "properties": {
        "brand": "統一超商",
        "city": "臺北市",
        "store_name": "星成",
        "address": "臺北市內湖區星雲街17號17-1號",
        "phone": "02-27942674",
        "lng": 121.597161,
        "lat": 25.080524,
        "district": "內湖區"
      }
    },
    {
      "type": "Feature",
      "geometry": {
        "type": "Point",
        "coordinates": [
          121.577064,
          25.074873
        ]
      },
      "properties": {
        "brand": "統一超商",
        "city": "臺北市",
        "store_name": "見晴",
        "address": "臺北市內湖區瑞光路196號",
        "phone": "02-26599918",
        "lng": 121.577064,
        "lat": 25.074873,
        "district": "內湖區"
      }
    },
    {
      "type": "Feature",
      "geometry": {
        "type": "Point",
        "coordinates": [
          121.513792,
          25.065705
        ]
      },
      "properties": {
        "brand": "統一超商",
        "city": "臺北市",
        "store_name": "酒泉",
        "address": "臺北市大同區重慶北路三段258、260、262號1樓",
        "phone": "02-25959849",
        "lng": 121.513792,
        "lat": 25.065705,
        "district": "大同區"
      }
    },
    {
      "type": "Feature",
      "geometry": {
        "type": "Point",
        "coordinates": [
          121.571613,
          25.050693
        ]
      },
      "properties": {
        "brand": "統一超商",
        "city": "臺北市",
        "store_name": "松禾",
        "address": "臺北市松山區塔悠路31號33號",
        "phone": "02-37651361",
        "lng": 121.571613,
        "lat": 25.050693,
        "district": "松山區"
      }
    },
    {
      "type": "Feature",
      "geometry": {
        "type": "Point",
        "coordinates": [
          121.534966,
          25.060379
        ]
      },
      "properties": {
        "brand": "統一超商",
        "city": "臺北市",
        "store_name": "鑫錦州",
        "address": "臺北市中山區錦州街263號",
        "phone": "02-25122462",
        "lng": 121.534966,
        "lat": 25.060379,
        "district": "中山區"
      }
    },
    {
      "type": "Feature",
      "geometry": {
        "type": "Point",
        "coordinates": [
          121.592649,
          25.068196
        ]
      },
      "properties": {
        "brand": "統一超商",
        "city": "臺北市",
        "store_name": "寶湖",
        "address": "臺北市內湖區民權東路六段180巷6號1樓",
        "phone": "02-87912647",
        "lng": 121.592649,
        "lat": 25.068196,
        "district": "內湖區"
      }
    },
    {
      "type": "Feature",
      "geometry": {
        "type": "Point",
        "coordinates": [
          121.528774,
          25.105789
        ]
      },
      "properties": {
        "brand": "統一超商",
        "city": "臺北市",
        "store_name": "誠義",
        "address": "臺北市士林區忠誠路一段126號128號",
        "phone": "02-28353013",
        "lng": 121.528774,
        "lat": 25.105789,
        "district": "士林區"
      }
    },
    {
      "type": "Feature",
      "geometry": {
        "type": "Point",
        "coordinates": [
          121.566637,
          25.047458
        ]
      },
      "properties": {
        "brand": "統一超商",
        "city": "臺北市",
        "store_name": "道生",
        "address": "臺北市信義區新仁里東興路57號",
        "phone": "02-87682914",
        "lng": 121.566637,
        "lat": 25.047458,
        "district": "信義區"
      }
    },
    {
      "type": "Feature",
      "geometry": {
        "type": "Point",
        "coordinates": [
          121.509574,
          25.085267
        ]
      },
      "properties": {
        "brand": "統一超商",
        "city": "臺北市",
        "store_name": "福陽",
        "address": "臺北市士林區延平北路五段269號271號1樓",
        "phone": "02-28162119",
        "lng": 121.509574,
        "lat": 25.085267,
        "district": "士林區"
      }
    },
    {
      "type": "Feature",
      "geometry": {
        "type": "Point",
        "coordinates": [
          121.576129,
          24.990563
        ]
      },
      "properties": {
        "brand": "統一超商",
        "city": "臺北市",
        "store_name": "新秀",
        "address": "臺北市文山區秀明路二段8號10號",
        "phone": "02-29398096",
        "lng": 121.576129,
        "lat": 24.990563,
        "district": "文山區"
      }
    },
    {
      "type": "Feature",
      "geometry": {
        "type": "Point",
        "coordinates": [
          121.580304,
          25.070149
        ]
      },
      "properties": {
        "brand": "統一超商",
        "city": "臺北市",
        "store_name": "日內瓦",
        "address": "臺北市內湖區瑞光路76巷59號1樓",
        "phone": "02-87912964",
        "lng": 121.580304,
        "lat": 25.070149,
        "district": "內湖區"
      }
    },
    {
      "type": "Feature",
      "geometry": {
        "type": "Point",
        "coordinates": [
          121.545104,
          25.017562
        ]
      },
      "properties": {
        "brand": "統一超商",
        "city": "臺北市",
        "store_name": "長星",
        "address": "臺北市大安區基隆路三段85號",
        "phone": "02-27395493",
        "lng": 121.545104,
        "lat": 25.017562,
        "district": "大安區"
      }
    },
    {
      "type": "Feature",
      "geometry": {
        "type": "Point",
        "coordinates": [
          121.593382,
          25.06947
        ]
      },
      "properties": {
        "brand": "統一超商",
        "city": "臺北市",
        "store_name": "民醫",
        "address": "臺北市內湖區民權東路六段123巷22號22之1號",
        "phone": "02-87925605",
        "lng": 121.593382,
        "lat": 25.06947,
        "district": "內湖區"
      }
    },
    {
      "type": "Feature",
      "geometry": {
        "type": "Point",
        "coordinates": [
          121.559549,
          25.049599
        ]
      },
      "properties": {
        "brand": "統一超商",
        "city": "臺北市",
        "store_name": "京復",
        "address": "臺北市松山區光復北路11巷44號",
        "phone": "02-27425644",
        "lng": 121.559549,
        "lat": 25.049599,
        "district": "松山區"
      }
    },
    {
      "type": "Feature",
      "geometry": {
        "type": "Point",
        "coordinates": [
          121.581629,
          25.041238
        ]
      },
      "properties": {
        "brand": "統一超商",
        "city": "臺北市",
        "store_name": "春光",
        "address": "臺北市信義區大道路9號11號1樓",
        "phone": "02-27590205",
        "lng": 121.581629,
        "lat": 25.041238,
        "district": "信義區"
      }
    },
    {
      "type": "Feature",
      "geometry": {
        "type": "Point",
        "coordinates": [
          121.564697,
          25.03347
        ]
      },
      "properties": {
        "brand": "統一超商",
        "city": "臺北市",
        "store_name": "一零一",
        "address": "臺北市信義區信義路五段7號35樓",
        "phone": "02-27222342",
        "lng": 121.564697,
        "lat": 25.03347,
        "district": "信義區"
      }
    },
    {
      "type": "Feature",
      "geometry": {
        "type": "Point",
        "coordinates": [
          121.568951,
          25.045528
        ]
      },
      "properties": {
        "brand": "統一超商",
        "city": "臺北市",
        "store_name": "革新",
        "address": "臺北市信義區永吉路32號34號",
        "phone": "02-27688917",
        "lng": 121.568951,
        "lat": 25.045528,
        "district": "信義區"
      }
    },
    {
      "type": "Feature",
      "geometry": {
        "type": "Point",
        "coordinates": [
          121.470719,
          25.126993
        ]
      },
      "properties": {
        "brand": "統一超商",
        "city": "臺北市",
        "store_name": "華碩二",
        "address": "臺北市北投區立德路115號3樓",
        "phone": "02-28973924",
        "lng": 121.470719,
        "lat": 25.126993,
        "district": "北投區"
      }
    },
    {
      "type": "Feature",
      "geometry": {
        "type": "Point",
        "coordinates": [
          121.512513,
          25.044011
        ]
      },
      "properties": {
        "brand": "統一超商",
        "city": "臺北市",
        "store_name": "慶城",
        "address": "臺北市中正區武昌街一段18號1樓",
        "phone": "02-23719815",
        "lng": 121.512513,
        "lat": 25.044011,
        "district": "中正區"
      }
    },
    {
      "type": "Feature",
      "geometry": {
        "type": "Point",
        "coordinates": [
          121.527278,
          25.031703
        ]
      },
      "properties": {
        "brand": "統一超商",
        "city": "臺北市",
        "store_name": "愛國",
        "address": "臺北市大安區愛國東路75號",
        "phone": "02-23584736",
        "lng": 121.527278,
        "lat": 25.031703,
        "district": "大安區"
      }
    },
    {
      "type": "Feature",
      "geometry": {
        "type": "Point",
        "coordinates": [
          121.514637,
          25.119524
        ]
      },
      "properties": {
        "brand": "統一超商",
        "city": "臺北市",
        "store_name": "陽明",
        "address": "臺北市北投區立農街二段155號1樓",
        "phone": "02-28237542",
        "lng": 121.514637,
        "lat": 25.119524,
        "district": "北投區"
      }
    },
    {
      "type": "Feature",
      "geometry": {
        "type": "Point",
        "coordinates": [
          121.55154,
          25.027425
        ]
      },
      "properties": {
        "brand": "統一超商",
        "city": "臺北市",
        "store_name": "樂和",
        "address": "臺北市大安區樂利路29號29-1號",
        "phone": "02-87323391",
        "lng": 121.55154,
        "lat": 25.027425,
        "district": "大安區"
      }
    },
    {
      "type": "Feature",
      "geometry": {
        "type": "Point",
        "coordinates": [
          121.541656,
          25.137254
        ]
      },
      "properties": {
        "brand": "統一超商",
        "city": "臺北市",
        "store_name": "文學",
        "address": "臺北市士林區光華路26巷10號1樓",
        "phone": "02-28613776",
        "lng": 121.541656,
        "lat": 25.137254,
        "district": "士林區"
      }
    },
    {
      "type": "Feature",
      "geometry": {
        "type": "Point",
        "coordinates": [
          121.54918,
          25.02881
        ]
      },
      "properties": {
        "brand": "統一超商",
        "city": "臺北市",
        "store_name": "新東帝",
        "address": "臺北市大安區敦化南路二段99號1樓",
        "phone": "02-27540987",
        "lng": 121.54918,
        "lat": 25.02881,
        "district": "大安區"
      }
    },
    {
      "type": "Feature",
      "geometry": {
        "type": "Point",
        "coordinates": [
          121.564913,
          25.05119
        ]
      },
      "properties": {
        "brand": "統一超商",
        "city": "臺北市",
        "store_name": "京興",
        "address": "臺北市松山區南京東路五段206號1樓",
        "phone": "02-27489633",
        "lng": 121.564913,
        "lat": 25.05119,
        "district": "松山區"
      }
    },
    {
      "type": "Feature",
      "geometry": {
        "type": "Point",
        "coordinates": [
          121.515233,
          25.032034
        ]
      },
      "properties": {
        "brand": "統一超商",
        "city": "臺北市",
        "store_name": "南海",
        "address": "臺北市中正區南海路50號",
        "phone": "02-23962768",
        "lng": 121.515233,
        "lat": 25.032034,
        "district": "中正區"
      }
    },
    {
      "type": "Feature",
      "geometry": {
        "type": "Point",
        "coordinates": [
          121.568193,
          25.028415
        ]
      },
      "properties": {
        "brand": "統一超商",
        "city": "臺北市",
        "store_name": "北府",
        "address": "臺北市信義區松仁路162號164號1樓",
        "phone": "02-27586295",
        "lng": 121.568193,
        "lat": 25.028415,
        "district": "信義區"
      }
    },
    {
      "type": "Feature",
      "geometry": {
        "type": "Point",
        "coordinates": [
          121.575648,
          25.072863
        ]
      },
      "properties": {
        "brand": "統一超商",
        "city": "臺北市",
        "store_name": "匯陽",
        "address": "臺北市內湖區陽光街288號1樓",
        "phone": "02-87516846",
        "lng": 121.575648,
        "lat": 25.072863,
        "district": "內湖區"
      }
    },
    {
      "type": "Feature",
      "geometry": {
        "type": "Point",
        "coordinates": [
          121.525085,
          25.058118
        ]
      },
      "properties": {
        "brand": "統一超商",
        "city": "臺北市",
        "store_name": "林森北",
        "address": "臺北市中山區民生東路一段29、31、33號",
        "phone": "02-25314123",
        "lng": 121.525085,
        "lat": 25.058118,
        "district": "中山區"
      }
    },
    {
      "type": "Feature",
      "geometry": {
        "type": "Point",
        "coordinates": [
          121.505074,
          25.089296
        ]
      },
      "properties": {
        "brand": "統一超商",
        "city": "臺北市",
        "store_name": "集鑫",
        "address": "臺北市士林區延平北路六段229號231號",
        "phone": "02-28113784",
        "lng": 121.505074,
        "lat": 25.089296,
        "district": "士林區"
      }
    },
    {
      "type": "Feature",
      "geometry": {
        "type": "Point",
        "coordinates": [
          121.56966,
          24.987573
        ]
      },
      "properties": {
        "brand": "統一超商",
        "city": "臺北市",
        "store_name": "指南",
        "address": "臺北市文山區指南路一段34號36號1樓",
        "phone": "02-29363203",
        "lng": 121.56966,
        "lat": 24.987573,
        "district": "文山區"
      }
    },
    {
      "type": "Feature",
      "geometry": {
        "type": "Point",
        "coordinates": [
          121.549961,
          25.038863
        ]
      },
      "properties": {
        "brand": "統一超商",
        "city": "臺北市",
        "store_name": "誠安",
        "address": "臺北市大安區敦化南路一段247巷12號1樓",
        "phone": "02-27112781",
        "lng": 121.549961,
        "lat": 25.038863,
        "district": "大安區"
      }
    },
    {
      "type": "Feature",
      "geometry": {
        "type": "Point",
        "coordinates": [
          121.567914,
          25.080739
        ]
      },
      "properties": {
        "brand": "統一超商",
        "city": "臺北市",
        "store_name": "瑞寶",
        "address": "臺北市內湖區瑞光路583巷27號1樓",
        "phone": "02-87512228",
        "lng": 121.567914,
        "lat": 25.080739,
        "district": "內湖區"
      }
    },
    {
      "type": "Feature",
      "geometry": {
        "type": "Point",
        "coordinates": [
          121.546263,
          25.05906
        ]
      },
      "properties": {
        "brand": "統一超商",
        "city": "臺北市",
        "store_name": "東復",
        "address": "臺北市松山區復興北路313巷25號",
        "phone": "02-25472325",
        "lng": 121.546263,
        "lat": 25.05906,
        "district": "松山區"
      }
    },
    {
      "type": "Feature",
      "geometry": {
        "type": "Point",
        "coordinates": [
          121.566337,
          25.025832
        ]
      },
      "properties": {
        "brand": "統一超商",
        "city": "臺北市",
        "store_name": "信醫",
        "address": "臺北市信義區吳興街346號348號",
        "phone": "02-27229305",
        "lng": 121.566337,
        "lat": 25.025832,
        "district": "信義區"
      }
    },
    {
      "type": "Feature",
      "geometry": {
        "type": "Point",
        "coordinates": [
          121.508689,
          25.084175
        ]
      },
      "properties": {
        "brand": "統一超商",
        "city": "臺北市",
        "store_name": "海光",
        "address": "臺北市士林區延平北路五段35號37號39號",
        "phone": "02-28167812",
        "lng": 121.508689,
        "lat": 25.084175,
        "district": "士林區"
      }
    },
    {
      "type": "Feature",
      "geometry": {
        "type": "Point",
        "coordinates": [
          121.561759,
          25.040852
        ]
      },
      "properties": {
        "brand": "統一超商",
        "city": "臺北市",
        "store_name": "巨蛋",
        "address": "臺北市信義區忠孝東路四段500之2號",
        "phone": "02-27589386",
        "lng": 121.561759,
        "lat": 25.040852,
        "district": "信義區"
      }
    },
    {
      "type": "Feature",
      "geometry": {
        "type": "Point",
        "coordinates": [
          121.471177,
          25.124974
        ]
      },
      "properties": {
        "brand": "統一超商",
        "city": "臺北市",
        "store_name": "和碩",
        "address": "臺北市北投區立德路15號1樓",
        "phone": "02-28919409",
        "lng": 121.471177,
        "lat": 25.124974,
        "district": "北投區"
      }
    },
    {
      "type": "Feature",
      "geometry": {
        "type": "Point",
        "coordinates": [
          121.53753,
          25.112359
        ]
      },
      "properties": {
        "brand": "統一超商",
        "city": "臺北市",
        "store_name": "德芝",
        "address": "臺北市士林區士東路266巷5弄18號20號1樓",
        "phone": "02-28347532",
        "lng": 121.53753,
        "lat": 25.112359,
        "district": "士林區"
      }
    },
    {
      "type": "Feature",
      "geometry": {
        "type": "Point",
        "coordinates": [
          121.577392,
          25.047274
        ]
      },
      "properties": {
        "brand": "統一超商",
        "city": "臺北市",
        "store_name": "開源",
        "address": "臺北市信義區松山路136號138號",
        "phone": "02-27627486",
        "lng": 121.577392,
        "lat": 25.047274,
        "district": "信義區"
      }
    },
    {
      "type": "Feature",
      "geometry": {
        "type": "Point",
        "coordinates": [
          121.573209,
          25.078816
        ]
      },
      "properties": {
        "brand": "統一超商",
        "city": "臺北市",
        "store_name": "德馨",
        "address": "臺北市內湖區洲子街46號",
        "phone": "02-87511020",
        "lng": 121.573209,
        "lat": 25.078816,
        "district": "內湖區"
      }
    },
    {
      "type": "Feature",
      "geometry": {
        "type": "Point",
        "coordinates": [
          121.566461,
          25.08006
        ]
      },
      "properties": {
        "brand": "統一超商",
        "city": "臺北市",
        "store_name": "瑞鑫",
        "address": "臺北市內湖區瑞光路580號",
        "phone": "02-26579574",
        "lng": 121.566461,
        "lat": 25.08006,
        "district": "內湖區"
      }
    },
    {
      "type": "Feature",
      "geometry": {
        "type": "Point",
        "coordinates": [
          121.502494,
          25.028075
        ]
      },
      "properties": {
        "brand": "統一超商",
        "city": "臺北市",
        "store_name": "國雙",
        "address": "臺北市萬華區西藏路125巷17號及129-9號",
        "phone": "02-23390812",
        "lng": 121.502494,
        "lat": 25.028075,
        "district": "萬華區"
      }
    },
    {
      "type": "Feature",
      "geometry": {
        "type": "Point",
        "coordinates": [
          121.600828,
          25.057137
        ]
      },
      "properties": {
        "brand": "統一超商",
        "city": "臺北市",
        "store_name": "慈愛",
        "address": "臺北市南港區重陽路164號",
        "phone": "02-26513567",
        "lng": 121.600828,
        "lat": 25.057137,
        "district": "南港區"
      }
    },
    {
      "type": "Feature",
      "geometry": {
        "type": "Point",
        "coordinates": [
          121.52191,
          25.10984
        ]
      },
      "properties": {
        "brand": "統一超商",
        "city": "臺北市",
        "store_name": "明德",
        "address": "臺北市北投區明德路114號",
        "phone": "02-28220224",
        "lng": 121.52191,
        "lat": 25.10984,
        "district": "北投區"
      }
    },
    {
      "type": "Feature",
      "geometry": {
        "type": "Point",
        "coordinates": [
          121.547565,
          25.053465
        ]
      },
      "properties": {
        "brand": "統一超商",
        "city": "臺北市",
        "store_name": "國京",
        "address": "臺北市中山區南京東路三段21號1樓",
        "phone": "02-25075809",
        "lng": 121.547565,
        "lat": 25.053465,
        "district": "中山區"
      }
    },
    {
      "type": "Feature",
      "geometry": {
        "type": "Point",
        "coordinates": [
          121.495269,
          25.023779
        ]
      },
      "properties": {
        "brand": "統一超商",
        "city": "臺北市",
        "store_name": "寶昌",
        "address": "臺北市萬華區寶興街184號186號",
        "phone": "02-23045536",
        "lng": 121.495269,
        "lat": 25.023779,
        "district": "萬華區"
      }
    },
    {
      "type": "Feature",
      "geometry": {
        "type": "Point",
        "coordinates": [
          121.491562,
          25.032064
        ]
      },
      "properties": {
        "brand": "統一超商",
        "city": "臺北市",
        "store_name": "雙環",
        "address": "臺北市萬華區環河南路二段207號",
        "phone": "02-23361021",
        "lng": 121.491562,
        "lat": 25.032064,
        "district": "萬華區"
      }
    },
    {
      "type": "Feature",
      "geometry": {
        "type": "Point",
        "coordinates": [
          121.518459,
          25.094758
        ]
      },
      "properties": {
        "brand": "統一超商",
        "city": "臺北市",
        "store_name": "豐基",
        "address": "臺北市士林區基河路368號370號",
        "phone": "02-28344187",
        "lng": 121.518459,
        "lat": 25.094758,
        "district": "士林區"
      }
    },
    {
      "type": "Feature",
      "geometry": {
        "type": "Point",
        "coordinates": [
          121.515114,
          25.050381
        ]
      },
      "properties": {
        "brand": "統一超商",
        "city": "臺北市",
        "store_name": "鑫太原",
        "address": "臺北市大同區太原路40號42號44號",
        "phone": "02-25591974",
        "lng": 121.515114,
        "lat": 25.050381,
        "district": "大同區"
      }
    },
    {
      "type": "Feature",
      "geometry": {
        "type": "Point",
        "coordinates": [
          121.576664,
          25.049877
        ]
      },
      "properties": {
        "brand": "統一超商",
        "city": "臺北市",
        "store_name": "松鑽",
        "address": "臺北市松山區八德路四段686號",
        "phone": "02-27457876",
        "lng": 121.576664,
        "lat": 25.049877,
        "district": "松山區"
      }
    },
    {
      "type": "Feature",
      "geometry": {
        "type": "Point",
        "coordinates": [
          121.529412,
          25.101686
        ]
      },
      "properties": {
        "brand": "統一超商",
        "city": "臺北市",
        "store_name": "至誠",
        "address": "臺北市士林區至誠路二段31號",
        "phone": "02-28359740",
        "lng": 121.529412,
        "lat": 25.101686,
        "district": "士林區"
      }
    },
    {
      "type": "Feature",
      "geometry": {
        "type": "Point",
        "coordinates": [
          121.533857,
          25.05131
        ]
      },
      "properties": {
        "brand": "統一超商",
        "city": "臺北市",
        "store_name": "吉鑫",
        "address": "臺北市中山區南京東路二段11號1樓",
        "phone": "02-25420316",
        "lng": 121.533857,
        "lat": 25.05131,
        "district": "中山區"
      }
    },
    {
      "type": "Feature",
      "geometry": {
        "type": "Point",
        "coordinates": [
          121.532251,
          25.052121
        ]
      },
      "properties": {
        "brand": "統一超商",
        "city": "臺北市",
        "store_name": "京山",
        "address": "臺北市中山區南京東路二段100號1樓",
        "phone": "02-25377819",
        "lng": 121.532251,
        "lat": 25.052121,
        "district": "中山區"
      }
    },
    {
      "type": "Feature",
      "geometry": {
        "type": "Point",
        "coordinates": [
          121.576365,
          25.084164
        ]
      },
      "properties": {
        "brand": "統一超商",
        "city": "臺北市",
        "store_name": "環金",
        "address": "臺北市內湖區環山路二段123號125號1樓",
        "phone": "02-87977343",
        "lng": 121.576365,
        "lat": 25.084164,
        "district": "內湖區"
      }
    },
    {
      "type": "Feature",
      "geometry": {
        "type": "Point",
        "coordinates": [
          121.523356,
          25.122271
        ]
      },
      "properties": {
        "brand": "統一超商",
        "city": "臺北市",
        "store_name": "行義",
        "address": "臺北市北投區石牌路二段348巷1號3號1樓",
        "phone": "02-28728452",
        "lng": 121.523356,
        "lat": 25.122271,
        "district": "北投區"
      }
    },
    {
      "type": "Feature",
      "geometry": {
        "type": "Point",
        "coordinates": [
          121.568897,
          24.986703
        ]
      },
      "properties": {
        "brand": "統一超商",
        "city": "臺北市",
        "store_name": "文山",
        "address": "臺北市文山區永安街22巷23號25號1樓",
        "phone": "02-29368284",
        "lng": 121.568897,
        "lat": 24.986703,
        "district": "文山區"
      }
    },
    {
      "type": "Feature",
      "geometry": {
        "type": "Point",
        "coordinates": [
          121.526076,
          25.09552
        ]
      },
      "properties": {
        "brand": "統一超商",
        "city": "臺北市",
        "store_name": "福榮",
        "address": "臺北市士林區中正路220號222號",
        "phone": "02-28330676",
        "lng": 121.526076,
        "lat": 25.09552,
        "district": "士林區"
      }
    },
    {
      "type": "Feature",
      "geometry": {
        "type": "Point",
        "coordinates": [
          121.500691,
          25.038811
        ]
      },
      "properties": {
        "brand": "統一超商",
        "city": "臺北市",
        "store_name": "欣昌",
        "address": "臺北市萬華區西昌街177號179號179-1號",
        "phone": "02-23313572",
        "lng": 121.500691,
        "lat": 25.038811,
        "district": "萬華區"
      }
    },
    {
      "type": "Feature",
      "geometry": {
        "type": "Point",
        "coordinates": [
          121.517639,
          25.105638
        ]
      },
      "properties": {
        "brand": "統一超商",
        "city": "臺北市",
        "store_name": "新豪美",
        "address": "臺北市北投區文林北路98號100號",
        "phone": "02-28233553",
        "lng": 121.517639,
        "lat": 25.105638,
        "district": "北投區"
      }
    },
    {
      "type": "Feature",
      "geometry": {
        "type": "Point",
        "coordinates": [
          121.543364,
          25.025122
        ]
      },
      "properties": {
        "brand": "統一超商",
        "city": "臺北市",
        "store_name": "喜悅",
        "address": "臺北市大安區復興南路二段82-1及82-2號",
        "phone": "02-27067601",
        "lng": 121.543364,
        "lat": 25.025122,
        "district": "大安區"
      }
    },
    {
      "type": "Feature",
      "geometry": {
        "type": "Point",
        "coordinates": [
          121.525682,
          25.059698
        ]
      },
      "properties": {
        "brand": "統一超商",
        "city": "臺北市",
        "store_name": "京都",
        "address": "臺北市中山區林森北路411號",
        "phone": "02-25636575",
        "lng": 121.525682,
        "lat": 25.059698,
        "district": "中山區"
      }
    },
    {
      "type": "Feature",
      "geometry": {
        "type": "Point",
        "coordinates": [
          121.575421,
          25.033114
        ]
      },
      "properties": {
        "brand": "統一超商",
        "city": "臺北市",
        "store_name": "嘉馥",
        "address": "臺北市信義區信義路六段21號23號1樓",
        "phone": "02-23461308",
        "lng": 121.575421,
        "lat": 25.033114,
        "district": "信義區"
      }
    },
    {
      "type": "Feature",
      "geometry": {
        "type": "Point",
        "coordinates": [
          121.60568,
          25.056883
        ]
      },
      "properties": {
        "brand": "統一超商",
        "city": "臺北市",
        "store_name": "港興",
        "address": "臺北市南港區興華路117號119號121號123號125號",
        "phone": "02-26516380",
        "lng": 121.60568,
        "lat": 25.056883,
        "district": "南港區"
      }
    },
    {
      "type": "Feature",
      "geometry": {
        "type": "Point",
        "coordinates": [
          121.599662,
          25.085098
        ]
      },
      "properties": {
        "brand": "統一超商",
        "city": "臺北市",
        "store_name": "成湖",
        "address": "臺北市內湖區成功路四段346號",
        "phone": "02-87910570",
        "lng": 121.599662,
        "lat": 25.085098,
        "district": "內湖區"
      }
    },
    {
      "type": "Feature",
      "geometry": {
        "type": "Point",
        "coordinates": [
          121.526608,
          25.049185
        ]
      },
      "properties": {
        "brand": "統一超商",
        "city": "臺北市",
        "store_name": "鑫長安",
        "address": "臺北市中山區長安東路一段53巷1之3號",
        "phone": "02-25813841",
        "lng": 121.526608,
        "lat": 25.049185,
        "district": "中山區"
      }
    },
    {
      "type": "Feature",
      "geometry": {
        "type": "Point",
        "coordinates": [
          121.499303,
          25.03388
        ]
      },
      "properties": {
        "brand": "統一超商",
        "city": "臺北市",
        "store_name": "凱富",
        "address": "臺北市萬華區西園路一段278號1樓",
        "phone": "02-23024836",
        "lng": 121.499303,
        "lat": 25.03388,
        "district": "萬華區"
      }
    },
    {
      "type": "Feature",
      "geometry": {
        "type": "Point",
        "coordinates": [
          121.591714,
          25.039351
        ]
      },
      "properties": {
        "brand": "統一超商",
        "city": "臺北市",
        "store_name": "港德",
        "address": "臺北市南港區福德街373巷25號1樓",
        "phone": "02-27857774",
        "lng": 121.591714,
        "lat": 25.039351,
        "district": "南港區"
      }
    },
    {
      "type": "Feature",
      "geometry": {
        "type": "Point",
        "coordinates": [
          121.513833,
          25.045098
        ]
      },
      "properties": {
        "brand": "統一超商",
        "city": "臺北市",
        "store_name": "鑫華福",
        "address": "臺北市中正區漢口街一段36號1樓",
        "phone": "02-23826193",
        "lng": 121.513833,
        "lat": 25.045098,
        "district": "中正區"
      }
    },
    {
      "type": "Feature",
      "geometry": {
        "type": "Point",
        "coordinates": [
          121.531581,
          25.051249
        ]
      },
      "properties": {
        "brand": "統一超商",
        "city": "臺北市",
        "store_name": "鑫東一",
        "address": "臺北市中山區一江街11號13號",
        "phone": "02-25815255",
        "lng": 121.531581,
        "lat": 25.051249,
        "district": "中山區"
      }
    },
    {
      "type": "Feature",
      "geometry": {
        "type": "Point",
        "coordinates": [
          121.577614,
          25.065237
        ]
      },
      "properties": {
        "brand": "統一超商",
        "city": "臺北市",
        "store_name": "華經",
        "address": "臺北市內湖區行忠路30號",
        "phone": "02-27906651",
        "lng": 121.577614,
        "lat": 25.065237,
        "district": "內湖區"
      }
    },
    {
      "type": "Feature",
      "geometry": {
        "type": "Point",
        "coordinates": [
          121.546277,
          25.093076
        ]
      },
      "properties": {
        "brand": "統一超商",
        "city": "臺北市",
        "store_name": "東吳",
        "address": "臺北市士林區臨溪路70號",
        "phone": "02-28835820",
        "lng": 121.546277,
        "lat": 25.093076,
        "district": "士林區"
      }
    },
    {
      "type": "Feature",
      "geometry": {
        "type": "Point",
        "coordinates": [
          121.585877,
          25.038747
        ]
      },
      "properties": {
        "brand": "統一超商",
        "city": "臺北市",
        "store_name": "留公",
        "address": "臺北市信義區福德街247號249號",
        "phone": "02-27591442",
        "lng": 121.585877,
        "lat": 25.038747,
        "district": "信義區"
      }
    },
    {
      "type": "Feature",
      "geometry": {
        "type": "Point",
        "coordinates": [
          121.499345,
          25.130072
        ]
      },
      "properties": {
        "brand": "統一超商",
        "city": "臺北市",
        "store_name": "西安",
        "address": "臺北市北投區大興街44號46號1樓",
        "phone": "02-28949299",
        "lng": 121.499345,
        "lat": 25.130072,
        "district": "北投區"
      }
    },
    {
      "type": "Feature",
      "geometry": {
        "type": "Point",
        "coordinates": [
          121.599432,
          25.088482
        ]
      },
      "properties": {
        "brand": "統一超商",
        "city": "臺北市",
        "store_name": "長鴻",
        "address": "臺北市內湖區大湖山莊街219巷6號8號1樓",
        "phone": "02-87910970",
        "lng": 121.599432,
        "lat": 25.088482,
        "district": "內湖區"
      }
    },
    {
      "type": "Feature",
      "geometry": {
        "type": "Point",
        "coordinates": [
          121.506777,
          25.117512
        ]
      },
      "properties": {
        "brand": "統一超商",
        "city": "臺北市",
        "store_name": "鐏賢",
        "address": "臺北市北投區尊賢街247號247號之1號1樓",
        "phone": "02-28272331",
        "lng": 121.506777,
        "lat": 25.117512,
        "district": "北投區"
      }
    },
    {
      "type": "Feature",
      "geometry": {
        "type": "Point",
        "coordinates": [
          121.506731,
          25.139972
        ]
      },
      "properties": {
        "brand": "統一超商",
        "city": "臺北市",
        "store_name": "泉源",
        "address": "臺北市北投區泉源路30號地下一樓",
        "phone": "02-28975244",
        "lng": 121.506731,
        "lat": 25.139972,
        "district": "北投區"
      }
    },
    {
      "type": "Feature",
      "geometry": {
        "type": "Point",
        "coordinates": [
          121.500658,
          25.137107
        ]
      },
      "properties": {
        "brand": "統一超商",
        "city": "臺北市",
        "store_name": "雙全",
        "address": "臺北市北投區中庸里大業路715-717號",
        "phone": "02-28940338",
        "lng": 121.500658,
        "lat": 25.137107,
        "district": "北投區"
      }
    },
    {
      "type": "Feature",
      "geometry": {
        "type": "Point",
        "coordinates": [
          121.546909,
          25.026602
        ]
      },
      "properties": {
        "brand": "統一超商",
        "city": "臺北市",
        "store_name": "合億",
        "address": "臺北市大安區和平東路三段1巷51號1樓",
        "phone": "02-27014931",
        "lng": 121.546909,
        "lat": 25.026602,
        "district": "大安區"
      }
    },
    {
      "type": "Feature",
      "geometry": {
        "type": "Point",
        "coordinates": [
          121.524099,
          25.097268
        ]
      },
      "properties": {
        "brand": "統一超商",
        "city": "臺北市",
        "store_name": "丹樺",
        "address": "臺北市士林區文林路530號",
        "phone": "02-28314649",
        "lng": 121.524099,
        "lat": 25.097268,
        "district": "士林區"
      }
    },
    {
      "type": "Feature",
      "geometry": {
        "type": "Point",
        "coordinates": [
          121.583183,
          25.06455
        ]
      },
      "properties": {
        "brand": "統一超商",
        "city": "臺北市",
        "store_name": "全球",
        "address": "臺北市內湖區新湖二路329號1樓",
        "phone": "02-87927149",
        "lng": 121.583183,
        "lat": 25.06455,
        "district": "內湖區"
      }
    },
    {
      "type": "Feature",
      "geometry": {
        "type": "Point",
        "coordinates": [
          121.51855,
          25.065249
        ]
      },
      "properties": {
        "brand": "統一超商",
        "city": "臺北市",
        "store_name": "三德",
        "address": "臺北市大同區承德路三段55號57號1樓",
        "phone": "02-25955432",
        "lng": 121.51855,
        "lat": 25.065249,
        "district": "大同區"
      }
    },
    {
      "type": "Feature",
      "geometry": {
        "type": "Point",
        "coordinates": [
          121.525987,
          25.107483
        ]
      },
      "properties": {
        "brand": "統一超商",
        "city": "臺北市",
        "store_name": "新忠誠",
        "address": "臺北市士林區中山北路六段18號20號1樓",
        "phone": "02-28314978",
        "lng": 121.525987,
        "lat": 25.107483,
        "district": "士林區"
      }
    },
    {
      "type": "Feature",
      "geometry": {
        "type": "Point",
        "coordinates": [
          121.622085,
          25.075772
        ]
      },
      "properties": {
        "brand": "統一超商",
        "city": "臺北市",
        "store_name": "瓏馬",
        "address": "臺北市內湖區康樂街213號",
        "phone": "02-26342774",
        "lng": 121.622085,
        "lat": 25.075772,
        "district": "內湖區"
      }
    },
    {
      "type": "Feature",
      "geometry": {
        "type": "Point",
        "coordinates": [
          121.555907,
          25.083572
        ]
      },
      "properties": {
        "brand": "統一超商",
        "city": "臺北市",
        "store_name": "薇美",
        "address": "臺北市中山區敬業三路11號1樓",
        "phone": "02-85026219",
        "lng": 121.555907,
        "lat": 25.083572,
        "district": "中山區"
      }
    },
    {
      "type": "Feature",
      "geometry": {
        "type": "Point",
        "coordinates": [
          121.582268,
          25.04123
        ]
      },
      "properties": {
        "brand": "統一超商",
        "city": "臺北市",
        "store_name": "廣慈",
        "address": "臺北市信義區大道路115號117號1樓",
        "phone": "02-27269140",
        "lng": 121.582268,
        "lat": 25.04123,
        "district": "信義區"
      }
    },
    {
      "type": "Feature",
      "geometry": {
        "type": "Point",
        "coordinates": [
          121.54068,
          25.048216
        ]
      },
      "properties": {
        "brand": "統一超商",
        "city": "臺北市",
        "store_name": "鑫安江",
        "address": "臺北市中山區長安東路二段178號178-1號1樓",
        "phone": "02-27774809",
        "lng": 121.54068,
        "lat": 25.048216,
        "district": "中山區"
      }
    },
    {
      "type": "Feature",
      "geometry": {
        "type": "Point",
        "coordinates": [
          121.595021,
          25.079837
        ]
      },
      "properties": {
        "brand": "統一超商",
        "city": "臺北市",
        "store_name": "金雲",
        "address": "臺北市內湖區星雲街136號",
        "phone": "02-27945804",
        "lng": 121.595021,
        "lat": 25.079837,
        "district": "內湖區"
      }
    },
    {
      "type": "Feature",
      "geometry": {
        "type": "Point",
        "coordinates": [
          121.513648,
          25.117737
        ]
      },
      "properties": {
        "brand": "全家",
        "city": "臺北市",
        "store_name": "東華店",
        "address": "112台灣臺北市北投區東華街二段88號",
        "phone": "02-28232256",
        "lng": 121.513648,
        "lat": 25.117737,
        "district": "北投區"
      }
    },
    {
      "type": "Feature",
      "geometry": {
        "type": "Point",
        "coordinates": [
          121.526427,
          25.120351
        ]
      },
      "properties": {
        "brand": "全家",
        "city": "臺北市",
        "store_name": "新磺溪店",
        "address": "111台灣臺北市士林區天母西路40號",
        "phone": "02-28767673",
        "lng": 121.526427,
        "lat": 25.120351,
        "district": "士林區"
      }
    },
    {
      "type": "Feature",
      "geometry": {
        "type": "Point",
        "coordinates": [
          121.500523,
          25.125833
        ]
      },
      "properties": {
        "brand": "全家",
        "city": "臺北市",
        "store_name": "中央南路店",
        "address": "112030台灣臺北市北投區中央南路二段15號, 1樓",
        "phone": "02-28911712",
        "lng": 121.500523,
        "lat": 25.125833,
        "district": "北投區"
      }
    },
    {
      "type": "Feature",
      "geometry": {
        "type": "Point",
        "coordinates": [
          121.501189,
          25.126232
        ]
      },
      "properties": {
        "brand": "全家",
        "city": "臺北市",
        "store_name": "崇合店",
        "address": "臺北市北投區清江里三合街二段487號1樓",
        "phone": "02-28972076",
        "lng": 121.501189,
        "lat": 25.126232,
        "district": "北投區"
      }
    },
    {
      "type": "Feature",
      "geometry": {
        "type": "Point",
        "coordinates": [
          121.540403,
          25.137522
        ]
      },
      "properties": {
        "brand": "全家",
        "city": "臺北市",
        "store_name": "新文大店",
        "address": "111台灣臺北市士林區華岡路55號",
        "phone": "02-28620079",
        "lng": 121.540403,
        "lat": 25.137522,
        "district": "士林區"
      }
    },
    {
      "type": "Feature",
      "geometry": {
        "type": "Point",
        "coordinates": [
          121.467014,
          25.120388
        ]
      },
      "properties": {
        "brand": "全家",
        "city": "臺北市",
        "store_name": "新知行店",
        "address": "112台灣臺北市北投區知行路237號",
        "phone": "02-28586738",
        "lng": 121.467014,
        "lat": 25.120388,
        "district": "北投區"
      }
    },
    {
      "type": "Feature",
      "geometry": {
        "type": "Point",
        "coordinates": [
          121.484509,
          25.138973
        ]
      },
      "properties": {
        "brand": "全家",
        "city": "臺北市",
        "store_name": "新復興崗店",
        "address": "臺北市北投區中央北路三段4號1樓",
        "phone": "02-28910617",
        "lng": 121.484509,
        "lat": 25.138973,
        "district": "北投區"
      }
    },
    {
      "type": "Feature",
      "geometry": {
        "type": "Point",
        "coordinates": [
          121.524982,
          25.104988
        ]
      },
      "properties": {
        "brand": "全家",
        "city": "臺北市",
        "store_name": "仰德大樓店",
        "address": "臺北市士林區中山北路六段88號",
        "phone": "02-28383850",
        "lng": 121.524982,
        "lat": 25.104988,
        "district": "士林區"
      }
    },
    {
      "type": "Feature",
      "geometry": {
        "type": "Point",
        "coordinates": [
          121.527966,
          25.115071
        ]
      },
      "properties": {
        "brand": "全家",
        "city": "臺北市",
        "store_name": "榮富店",
        "address": "臺北市士林區中山北路六段７２６號北側",
        "phone": "02-28768631",
        "lng": 121.527966,
        "lat": 25.115071,
        "district": "士林區"
      }
    },
    {
      "type": "Feature",
      "geometry": {
        "type": "Point",
        "coordinates": [
          121.495173,
          25.136809
        ]
      },
      "properties": {
        "brand": "全家",
        "city": "臺北市",
        "store_name": "文化店",
        "address": "112018台灣臺北市北投區中央北路二段97號1樓",
        "phone": "02-28976316",
        "lng": 121.495173,
        "lat": 25.136809,
        "district": "北投區"
      }
    },
    {
      "type": "Feature",
      "geometry": {
        "type": "Point",
        "coordinates": [
          121.506336,
          25.120465
        ]
      },
      "properties": {
        "brand": "全家",
        "city": "臺北市",
        "store_name": "唭哩店",
        "address": "臺北市北投區西安街二段283號",
        "phone": "02-28219568",
        "lng": 121.506336,
        "lat": 25.120465,
        "district": "北投區"
      }
    },
    {
      "type": "Feature",
      "geometry": {
        "type": "Point",
        "coordinates": [
          121.472433,
          25.124173
        ]
      },
      "properties": {
        "brand": "全家",
        "city": "臺北市",
        "store_name": "關渡慈濟店",
        "address": "112台灣臺北市北投區立德路8號二",
        "phone": "02-23820683",
        "lng": 121.472433,
        "lat": 25.124173,
        "district": "北投區"
      }
    },
    {
      "type": "Feature",
      "geometry": {
        "type": "Point",
        "coordinates": [
          121.525442,
          25.108924
        ]
      },
      "properties": {
        "brand": "全家",
        "city": "臺北市",
        "store_name": "天強店",
        "address": "111台灣臺北市士林區中山北路六段238號壹樓",
        "phone": "02-28317990",
        "lng": 121.525442,
        "lat": 25.108924,
        "district": "士林區"
      }
    },
    {
      "type": "Feature",
      "geometry": {
        "type": "Point",
        "coordinates": [
          121.537535,
          25.112309
        ]
      },
      "properties": {
        "brand": "全家",
        "city": "臺北市",
        "store_name": "芝玉店",
        "address": "臺北市士林區士東路266巷5弄16號",
        "phone": "02-28343943",
        "lng": 121.537535,
        "lat": 25.112309,
        "district": "士林區"
      }
    },
    {
      "type": "Feature",
      "geometry": {
        "type": "Point",
        "coordinates": [
          121.529189,
          25.102168
        ]
      },
      "properties": {
        "brand": "全家",
        "city": "臺北市",
        "store_name": "致昇店",
        "address": "臺北市士林區雨聲街36號1樓",
        "phone": "02-28385392",
        "lng": 121.529189,
        "lat": 25.102168,
        "district": "士林區"
      }
    },
    {
      "type": "Feature",
      "geometry": {
        "type": "Point",
        "coordinates": [
          121.525481,
          25.090092
        ]
      },
      "properties": {
        "brand": "全家",
        "city": "臺北市",
        "store_name": "大東店",
        "address": "臺北市士林區大東路63號1樓",
        "phone": "02-28834125",
        "lng": 121.525481,
        "lat": 25.090092,
        "district": "士林區"
      }
    },
    {
      "type": "Feature",
      "geometry": {
        "type": "Point",
        "coordinates": [
          121.562997,
          25.080427
        ]
      },
      "properties": {
        "brand": "全家",
        "city": "臺北市",
        "store_name": "新瑞店",
        "address": "臺北市內湖區堤頂大道2段407巷26號一樓",
        "phone": "02-26592842",
        "lng": 121.562997,
        "lat": 25.080427,
        "district": "內湖區"
      }
    },
    {
      "type": "Feature",
      "geometry": {
        "type": "Point",
        "coordinates": [
          121.506314,
          25.092133
        ]
      },
      "properties": {
        "brand": "全家",
        "city": "臺北市",
        "store_name": "鑫社店",
        "address": "臺北市士林區社中街280號1樓及2樓",
        "phone": "02-28112859",
        "lng": 121.506314,
        "lat": 25.092133,
        "district": "士林區"
      }
    },
    {
      "type": "Feature",
      "geometry": {
        "type": "Point",
        "coordinates": [
          121.520905,
          25.088406
        ]
      },
      "properties": {
        "brand": "全家",
        "city": "臺北市",
        "store_name": "華港店",
        "address": "111台灣臺北市士林區大南路231號",
        "phone": "02-28810722",
        "lng": 121.520905,
        "lat": 25.088406,
        "district": "士林區"
      }
    },
    {
      "type": "Feature",
      "geometry": {
        "type": "Point",
        "coordinates": [
          121.530631,
          25.121873
        ]
      },
      "properties": {
        "brand": "全家",
        "city": "臺北市",
        "store_name": "金天玉店",
        "address": "臺北市士林區中山北路七段81巷8號1樓",
        "phone": "02-28724513",
        "lng": 121.530631,
        "lat": 25.121873,
        "district": "士林區"
      }
    },
    {
      "type": "Feature",
      "geometry": {
        "type": "Point",
        "coordinates": [
          121.483424,
          25.10585
        ]
      },
      "properties": {
        "brand": "全家",
        "city": "臺北市",
        "store_name": "社子島店",
        "address": "臺北市士林區延平北路八段105號1樓",
        "phone": "02-28105039",
        "lng": 121.483424,
        "lat": 25.10585,
        "district": "士林區"
      }
    },
    {
      "type": "Feature",
      "geometry": {
        "type": "Point",
        "coordinates": [
          121.517628,
          25.089097
        ]
      },
      "properties": {
        "brand": "全家",
        "city": "臺北市",
        "store_name": "新天地店",
        "address": "臺北市士林區大南路346號1樓",
        "phone": "02-28811327",
        "lng": 121.517628,
        "lat": 25.089097,
        "district": "士林區"
      }
    },
    {
      "type": "Feature",
      "geometry": {
        "type": "Point",
        "coordinates": [
          121.593399,
          25.079486
        ]
      },
      "properties": {
        "brand": "全家",
        "city": "臺北市",
        "store_name": "康雲店",
        "address": "114台灣臺北市內湖區康寧路一段116號及",
        "phone": "02-27940805",
        "lng": 121.593399,
        "lat": 25.079486,
        "district": "內湖區"
      }
    },
    {
      "type": "Feature",
      "geometry": {
        "type": "Point",
        "coordinates": [
          121.576036,
          25.075482
        ]
      },
      "properties": {
        "brand": "全家",
        "city": "臺北市",
        "store_name": "瑞豐店",
        "address": "114台灣臺北市內湖區瑞光路220號",
        "phone": "02-87514934",
        "lng": 121.576036,
        "lat": 25.075482,
        "district": "內湖區"
      }
    },
    {
      "type": "Feature",
      "geometry": {
        "type": "Point",
        "coordinates": [
          121.574276,
          25.076496
        ]
      },
      "properties": {
        "brand": "全家",
        "city": "臺北市",
        "store_name": "瑞亞店",
        "address": "114台灣臺北市內湖區瑞光路302號, 1樓",
        "phone": "02-26573023",
        "lng": 121.574276,
        "lat": 25.076496,
        "district": "內湖區"
      }
    },
    {
      "type": "Feature",
      "geometry": {
        "type": "Point",
        "coordinates": [
          121.612153,
          25.072172
        ]
      },
      "properties": {
        "brand": "全家",
        "city": "臺北市",
        "store_name": "東茂店",
        "address": "114台灣臺北市內湖區康寧路三段189巷12號1樓",
        "phone": "02-26317208",
        "lng": 121.612153,
        "lat": 25.072172,
        "district": "內湖區"
      }
    },
    {
      "type": "Feature",
      "geometry": {
        "type": "Point",
        "coordinates": [
          121.59729,
          25.067722
        ]
      },
      "properties": {
        "brand": "全家",
        "city": "臺北市",
        "store_name": "內華店",
        "address": "114台灣臺北市內湖區民權東路六段162號",
        "phone": "02-27911354",
        "lng": 121.59729,
        "lat": 25.067722,
        "district": "內湖區"
      }
    },
    {
      "type": "Feature",
      "geometry": {
        "type": "Point",
        "coordinates": [
          121.587389,
          25.062889
        ]
      },
      "properties": {
        "brand": "全家",
        "city": "臺北市",
        "store_name": "金莊店",
        "address": "臺北市內湖區石潭路67號1樓",
        "phone": "02-27941829",
        "lng": 121.587389,
        "lat": 25.062889,
        "district": "內湖區"
      }
    },
    {
      "type": "Feature",
      "geometry": {
        "type": "Point",
        "coordinates": [
          121.570283,
          25.080067
        ]
      },
      "properties": {
        "brand": "全家",
        "city": "臺北市",
        "store_name": "瑞湖店",
        "address": "114台灣臺北市內湖區瑞光路513巷39號1",
        "phone": "02-87524016",
        "lng": 121.570283,
        "lat": 25.080067,
        "district": "內湖區"
      }
    },
    {
      "type": "Feature",
      "geometry": {
        "type": "Point",
        "coordinates": [
          121.591979,
          25.071802
        ]
      },
      "properties": {
        "brand": "全家",
        "city": "臺北市",
        "store_name": "新三總店",
        "address": "114台灣臺北市內湖區成功路二段325號",
        "phone": "02-87917684",
        "lng": 121.591979,
        "lat": 25.071802,
        "district": "內湖區"
      }
    },
    {
      "type": "Feature",
      "geometry": {
        "type": "Point",
        "coordinates": [
          121.572938,
          25.07947
        ]
      },
      "properties": {
        "brand": "全家",
        "city": "臺北市",
        "store_name": "內科店",
        "address": "11493台灣臺北市內湖區洲子街61號1號樓（部份",
        "phone": "02-87511523",
        "lng": 121.572938,
        "lat": 25.07947,
        "district": "內湖區"
      }
    },
    {
      "type": "Feature",
      "geometry": {
        "type": "Point",
        "coordinates": [
          121.592498,
          25.082717
        ]
      },
      "properties": {
        "brand": "全家",
        "city": "臺北市",
        "store_name": "德湖店",
        "address": "114臺北市內湖區成功路四段62號及B1",
        "phone": "02-87923344",
        "lng": 121.592498,
        "lat": 25.082717,
        "district": "內湖區"
      }
    },
    {
      "type": "Feature",
      "geometry": {
        "type": "Point",
        "coordinates": [
          121.537336,
          25.060172
        ]
      },
      "properties": {
        "brand": "全家",
        "city": "臺北市",
        "store_name": "建錦店",
        "address": "104台灣臺北市中山區建國北路二段131號號1樓",
        "phone": "02-2506-5447",
        "lng": 121.537336,
        "lat": 25.060172,
        "district": "中山區"
      }
    },
    {
      "type": "Feature",
      "geometry": {
        "type": "Point",
        "coordinates": [
          121.534919,
          25.064795
        ]
      },
      "properties": {
        "brand": "全家",
        "city": "臺北市",
        "store_name": "農安店",
        "address": "104-91台灣臺北市中山區農安街249號",
        "phone": "02-25042520",
        "lng": 121.534919,
        "lat": 25.064795,
        "district": "中山區"
      }
    },
    {
      "type": "Feature",
      "geometry": {
        "type": "Point",
        "coordinates": [
          121.542324,
          25.056199
        ]
      },
      "properties": {
        "brand": "全家",
        "city": "臺北市",
        "store_name": "興安店",
        "address": "臺北市中山區興安街57號",
        "phone": "02-25052013",
        "lng": 121.542324,
        "lat": 25.056199,
        "district": "中山區"
      }
    },
    {
      "type": "Feature",
      "geometry": {
        "type": "Point",
        "coordinates": [
          121.535887,
          25.058114
        ]
      },
      "properties": {
        "brand": "全家",
        "city": "臺北市",
        "store_name": "民佳店",
        "address": "104台灣臺北市中山區民生東路二段155號1樓",
        "phone": "02-25038763",
        "lng": 121.535887,
        "lat": 25.058114,
        "district": "中山區"
      }
    },
    {
      "type": "Feature",
      "geometry": {
        "type": "Point",
        "coordinates": [
          121.540351,
          25.052645
        ]
      },
      "properties": {
        "brand": "全家",
        "city": "臺北市",
        "store_name": "龍京店",
        "address": "104台灣臺北市中山區龍江路102號, 1樓",
        "phone": "02-25082793",
        "lng": 121.540351,
        "lat": 25.052645,
        "district": "中山區"
      }
    },
    {
      "type": "Feature",
      "geometry": {
        "type": "Point",
        "coordinates": [
          121.525611,
          25.067596
        ]
      },
      "properties": {
        "brand": "全家",
        "city": "臺北市",
        "store_name": "新林森店",
        "address": "10403-9台灣臺北市中山區林森北路630號, 1樓",
        "phone": "02-25977209",
        "lng": 121.525611,
        "lat": 25.067596,
        "district": "中山區"
      }
    },
    {
      "type": "Feature",
      "geometry": {
        "type": "Point",
        "coordinates": [
          121.53639,
          25.051253
        ]
      },
      "properties": {
        "brand": "全家",
        "city": "臺北市",
        "store_name": "建國北路店",
        "address": "104台灣臺北市中山區建國北路一段146號1樓",
        "phone": "02-25170327",
        "lng": 121.53639,
        "lat": 25.051253,
        "district": "中山區"
      }
    },
    {
      "type": "Feature",
      "geometry": {
        "type": "Point",
        "coordinates": [
          121.533489,
          25.066717
        ]
      },
      "properties": {
        "brand": "全家",
        "city": "臺北市",
        "store_name": "松國店",
        "address": "臺北市中山區松江路473號1樓",
        "phone": "02-25024147",
        "lng": 121.533489,
        "lat": 25.066717,
        "district": "中山區"
      }
    },
    {
      "type": "Feature",
      "geometry": {
        "type": "Point",
        "coordinates": [
          121.521259,
          25.06252
        ]
      },
      "properties": {
        "brand": "全家",
        "city": "臺北市",
        "store_name": "中山民權店",
        "address": "臺北市中山區民權西路38之1號1樓",
        "phone": "02-25113070",
        "lng": 121.521259,
        "lat": 25.06252,
        "district": "中山區"
      }
    },
    {
      "type": "Feature",
      "geometry": {
        "type": "Point",
        "coordinates": [
          121.53317,
          25.064762
        ]
      },
      "properties": {
        "brand": "全家",
        "city": "臺北市",
        "store_name": "明水店",
        "address": "10404-8台灣臺北市中山區明水路581巷11號1樓",
        "phone": "02-85097543",
        "lng": 121.53317,
        "lat": 25.064762,
        "district": "中山區"
      }
    },
    {
      "type": "Feature",
      "geometry": {
        "type": "Point",
        "coordinates": [
          121.543742,
          25.054474
        ]
      },
      "properties": {
        "brand": "全家",
        "city": "臺北市",
        "store_name": "春北店",
        "address": "104台灣臺北市中山區長春路410號號1樓",
        "phone": "02-87707194",
        "lng": 121.543742,
        "lat": 25.054474,
        "district": "中山區"
      }
    },
    {
      "type": "Feature",
      "geometry": {
        "type": "Point",
        "coordinates": [
          121.510424,
          25.064147
        ]
      },
      "properties": {
        "brand": "全家",
        "city": "臺北市",
        "store_name": "民權西路店",
        "address": "104026台灣臺北市中山區民權西路35號, 1樓",
        "phone": "02-25994884",
        "lng": 121.510424,
        "lat": 25.064147,
        "district": "中山區"
      }
    },
    {
      "type": "Feature",
      "geometry": {
        "type": "Point",
        "coordinates": [
          121.543928,
          25.060398
        ]
      },
      "properties": {
        "brand": "全家",
        "city": "臺北市",
        "store_name": "金復店",
        "address": "臺北市中山區復興北路356號1樓",
        "phone": "02-28924021",
        "lng": 121.543928,
        "lat": 25.060398,
        "district": "中山區"
      }
    },
    {
      "type": "Feature",
      "geometry": {
        "type": "Point",
        "coordinates": [
          121.520318,
          25.060036
        ]
      },
      "properties": {
        "brand": "全家",
        "city": "臺北市",
        "store_name": "錦西店",
        "address": "104-91台灣臺北市中山區錦西街8號",
        "phone": "02-25673231",
        "lng": 121.520318,
        "lat": 25.060036,
        "district": "中山區"
      }
    },
    {
      "type": "Feature",
      "geometry": {
        "type": "Point",
        "coordinates": [
          121.536294,
          25.068249
        ]
      },
      "properties": {
        "brand": "全家",
        "city": "臺北市",
        "store_name": "欣濱江店",
        "address": "臺北市中山區建國北路三段111號1樓",
        "phone": "02-25159357",
        "lng": 121.536294,
        "lat": 25.068249,
        "district": "中山區"
      }
    },
    {
      "type": "Feature",
      "geometry": {
        "type": "Point",
        "coordinates": [
          121.530801,
          25.057467
        ]
      },
      "properties": {
        "brand": "全家",
        "city": "臺北市",
        "store_name": "松茂店",
        "address": "104臺北市中山區松江路127-1號",
        "phone": "02-25028713",
        "lng": 121.530801,
        "lat": 25.057467,
        "district": "中山區"
      }
    },
    {
      "type": "Feature",
      "geometry": {
        "type": "Point",
        "coordinates": [
          121.52272,
          25.053209
        ]
      },
      "properties": {
        "brand": "全家",
        "city": "臺北市",
        "store_name": "中賓店",
        "address": "104臺北市中山區中山北路二段59之3號",
        "phone": "02-25230023",
        "lng": 121.52272,
        "lat": 25.053209,
        "district": "中山區"
      }
    },
    {
      "type": "Feature",
      "geometry": {
        "type": "Point",
        "coordinates": [
          121.524304,
          25.057934
        ]
      },
      "properties": {
        "brand": "全家",
        "city": "臺北市",
        "store_name": "福泰店",
        "address": "104台灣臺北市中山區民生東路一段36號號1樓",
        "phone": "02-25413026",
        "lng": 121.524304,
        "lat": 25.057934,
        "district": "中山區"
      }
    },
    {
      "type": "Feature",
      "geometry": {
        "type": "Point",
        "coordinates": [
          121.525385,
          25.061702
        ]
      },
      "properties": {
        "brand": "全家",
        "city": "臺北市",
        "store_name": "台鑫店",
        "address": "104-91台灣臺北市中山區中山北路二段44號部 份",
        "phone": "02-25118851",
        "lng": 121.525385,
        "lat": 25.061702,
        "district": "中山區"
      }
    },
    {
      "type": "Feature",
      "geometry": {
        "type": "Point",
        "coordinates": [
          121.517057,
          25.062732
        ]
      },
      "properties": {
        "brand": "全家",
        "city": "臺北市",
        "store_name": "權澤店",
        "address": "103台灣臺北市大同區民權西路110號及",
        "phone": "02-25506916",
        "lng": 121.517057,
        "lat": 25.062732,
        "district": "大同區"
      }
    },
    {
      "type": "Feature",
      "geometry": {
        "type": "Point",
        "coordinates": [
          121.520699,
          25.048494
        ]
      },
      "properties": {
        "brand": "全家",
        "city": "臺北市",
        "store_name": "市民店",
        "address": "臺北市中山區中山北路一段58號",
        "phone": "02-25638109",
        "lng": 121.520699,
        "lat": 25.048494,
        "district": "中山區"
      }
    },
    {
      "type": "Feature",
      "geometry": {
        "type": "Point",
        "coordinates": [
          121.515808,
          25.062765
        ]
      },
      "properties": {
        "brand": "全家",
        "city": "臺北市",
        "store_name": "福澤店",
        "address": "臺北市大同區民權西路146號",
        "phone": "02-25572577",
        "lng": 121.515808,
        "lat": 25.062765,
        "district": "大同區"
      }
    },
    {
      "type": "Feature",
      "geometry": {
        "type": "Point",
        "coordinates": [
          121.524841,
          25.056596
        ]
      },
      "properties": {
        "brand": "全家",
        "city": "臺北市",
        "store_name": "東南店",
        "address": "104-91台灣臺北市中山區中山北路二段60號",
        "phone": "02-25317972",
        "lng": 121.524841,
        "lat": 25.056596,
        "district": "中山區"
      }
    },
    {
      "type": "Feature",
      "geometry": {
        "type": "Point",
        "coordinates": [
          121.510803,
          25.070518
        ]
      },
      "properties": {
        "brand": "全家",
        "city": "臺北市",
        "store_name": "龍泉店",
        "address": "臺北市大同區延平北路四段62號1樓",
        "phone": "02-85961664",
        "lng": 121.510803,
        "lat": 25.070518,
        "district": "大同區"
      }
    },
    {
      "type": "Feature",
      "geometry": {
        "type": "Point",
        "coordinates": [
          121.52536,
          25.051562
        ]
      },
      "properties": {
        "brand": "全家",
        "city": "臺北市",
        "store_name": "復林店",
        "address": "104-91台灣臺北市中山區林森北路149號",
        "phone": "02-25230478",
        "lng": 121.52536,
        "lat": 25.051562,
        "district": "中山區"
      }
    },
    {
      "type": "Feature",
      "geometry": {
        "type": "Point",
        "coordinates": [
          121.518178,
          25.071818
        ]
      },
      "properties": {
        "brand": "全家",
        "city": "臺北市",
        "store_name": "酒泉店",
        "address": "臺北市大同區庫倫街48之4號",
        "phone": "02-25929575",
        "lng": 121.518178,
        "lat": 25.071818,
        "district": "大同區"
      }
    },
    {
      "type": "Feature",
      "geometry": {
        "type": "Point",
        "coordinates": [
          121.52321,
          25.052838
        ]
      },
      "properties": {
        "brand": "全家",
        "city": "臺北市",
        "store_name": "柯達飯店",
        "address": "104-91台灣臺北市中山區中山北路二段11巷1號",
        "phone": "02-25417813",
        "lng": 121.52321,
        "lat": 25.052838,
        "district": "中山區"
      }
    },
    {
      "type": "Feature",
      "geometry": {
        "type": "Point",
        "coordinates": [
          121.563218,
          25.057458
        ]
      },
      "properties": {
        "brand": "全家",
        "city": "臺北市",
        "store_name": "京民店",
        "address": "105台灣臺北市松山區三民路6號",
        "phone": "02-27422080",
        "lng": 121.563218,
        "lat": 25.057458,
        "district": "松山區"
      }
    },
    {
      "type": "Feature",
      "geometry": {
        "type": "Point",
        "coordinates": [
          121.54506,
          25.063459
        ]
      },
      "properties": {
        "brand": "全家",
        "city": "臺北市",
        "store_name": "興北店",
        "address": "臺北市松山區民權東路三段103巷15—1號",
        "phone": "02-27150977",
        "lng": 121.54506,
        "lat": 25.063459,
        "district": "松山區"
      }
    },
    {
      "type": "Feature",
      "geometry": {
        "type": "Point",
        "coordinates": [
          121.551994,
          25.058108
        ]
      },
      "properties": {
        "brand": "全家",
        "city": "臺北市",
        "store_name": "中央店",
        "address": "臺北市松山區民生東路四段95號",
        "phone": "02-25460351",
        "lng": 121.551994,
        "lat": 25.058108,
        "district": "松山區"
      }
    },
    {
      "type": "Feature",
      "geometry": {
        "type": "Point",
        "coordinates": [
          121.562503,
          25.059052
        ]
      },
      "properties": {
        "brand": "全家",
        "city": "臺北市",
        "store_name": "松民店",
        "address": "臺北市松山區民生東路五段159號",
        "phone": "02-37652608",
        "lng": 121.562503,
        "lat": 25.059052,
        "district": "松山區"
      }
    },
    {
      "type": "Feature",
      "geometry": {
        "type": "Point",
        "coordinates": [
          121.553929,
          25.051435
        ]
      },
      "properties": {
        "brand": "全家",
        "city": "臺北市",
        "store_name": "京盛店",
        "address": "105台灣臺北市松山區南京東路四段56號",
        "phone": "02-25795737",
        "lng": 121.553929,
        "lat": 25.051435,
        "district": "松山區"
      }
    },
    {
      "type": "Feature",
      "geometry": {
        "type": "Point",
        "coordinates": [
          121.549521,
          25.054138
        ]
      },
      "properties": {
        "brand": "全家",
        "city": "臺北市",
        "store_name": "宏勝店",
        "address": "臺北市松山區敦化北路153號1樓",
        "phone": "02-25455887",
        "lng": 121.549521,
        "lat": 25.054138,
        "district": "松山區"
      }
    },
    {
      "type": "Feature",
      "geometry": {
        "type": "Point",
        "coordinates": [
          121.56267,
          25.04941
        ]
      },
      "properties": {
        "brand": "全家",
        "city": "臺北市",
        "store_name": "新大吉店",
        "address": "臺北市松山區吉祥路19號",
        "phone": "02-27489223",
        "lng": 121.56267,
        "lat": 25.04941,
        "district": "松山區"
      }
    },
    {
      "type": "Feature",
      "geometry": {
        "type": "Point",
        "coordinates": [
          121.550859,
          25.051901
        ]
      },
      "properties": {
        "brand": "全家",
        "city": "臺北市",
        "store_name": "京鑽店",
        "address": "105台灣臺北市松山區南京東路四段47號壹樓",
        "phone": "02-25460775",
        "lng": 121.550859,
        "lat": 25.051901,
        "district": "松山區"
      }
    },
    {
      "type": "Feature",
      "geometry": {
        "type": "Point",
        "coordinates": [
          121.54491,
          25.04859
        ]
      },
      "properties": {
        "brand": "全家",
        "city": "臺北市",
        "store_name": "長復店",
        "address": "臺北市松山區長安東路二段219號",
        "phone": "02-27500001",
        "lng": 121.54491,
        "lat": 25.04859,
        "district": "松山區"
      }
    },
    {
      "type": "Feature",
      "geometry": {
        "type": "Point",
        "coordinates": [
          121.564085,
          25.054336
        ]
      },
      "properties": {
        "brand": "全家",
        "city": "臺北市",
        "store_name": "民康店",
        "address": "105台灣臺北市松山區健康路285號號1樓",
        "phone": "02-27457090",
        "lng": 121.564085,
        "lat": 25.054336,
        "district": "松山區"
      }
    },
    {
      "type": "Feature",
      "geometry": {
        "type": "Point",
        "coordinates": [
          121.549803,
          25.054206
        ]
      },
      "properties": {
        "brand": "全家",
        "city": "臺北市",
        "store_name": "宏大店",
        "address": "105017台灣臺北市松山區敦化北路155巷3號, 1樓",
        "phone": "02-27183704",
        "lng": 121.549803,
        "lat": 25.054206,
        "district": "松山區"
      }
    },
    {
      "type": "Feature",
      "geometry": {
        "type": "Point",
        "coordinates": [
          121.550043,
          25.036809
        ]
      },
      "properties": {
        "brand": "全家",
        "city": "臺北市",
        "store_name": "敦新店",
        "address": "106台灣臺北市大安區仁愛路四段112巷5號一",
        "phone": "02-27057671",
        "lng": 121.550043,
        "lat": 25.036809,
        "district": "大安區"
      }
    },
    {
      "type": "Feature",
      "geometry": {
        "type": "Point",
        "coordinates": [
          121.547801,
          25.028108
        ]
      },
      "properties": {
        "brand": "全家",
        "city": "臺北市",
        "store_name": "安賢店",
        "address": "106台灣臺北市大安區四維路170巷4號",
        "phone": "02-27074252",
        "lng": 121.547801,
        "lat": 25.028108,
        "district": "大安區"
      }
    },
    {
      "type": "Feature",
      "geometry": {
        "type": "Point",
        "coordinates": [
          121.549316,
          25.030188
        ]
      },
      "properties": {
        "brand": "全家",
        "city": "臺北市",
        "store_name": "敦鼎店",
        "address": "106台灣臺北市大安區敦化南路二段77號1樓",
        "phone": "02-27018593",
        "lng": 121.549316,
        "lat": 25.030188,
        "district": "大安區"
      }
    },
    {
      "type": "Feature",
      "geometry": {
        "type": "Point",
        "coordinates": [
          121.556297,
          25.033041
        ]
      },
      "properties": {
        "brand": "全家",
        "city": "臺北市",
        "store_name": "義安店",
        "address": "106台灣臺北市大安區信義路四段88號",
        "phone": "02-27015844",
        "lng": 121.556297,
        "lat": 25.033041,
        "district": "大安區"
      }
    },
    {
      "type": "Feature",
      "geometry": {
        "type": "Point",
        "coordinates": [
          121.543944,
          25.039103
        ]
      },
      "properties": {
        "brand": "全家",
        "city": "臺北市",
        "store_name": "興仁店",
        "address": "106台灣臺北市大安區復興南路一段217號",
        "phone": "02-87732350",
        "lng": 121.543944,
        "lat": 25.039103,
        "district": "大安區"
      }
    },
    {
      "type": "Feature",
      "geometry": {
        "type": "Point",
        "coordinates": [
          121.554206,
          25.03378
        ]
      },
      "properties": {
        "brand": "全家",
        "city": "臺北市",
        "store_name": "義和店",
        "address": "臺北市大安區信義路四段265巷8號",
        "phone": "02-27047661",
        "lng": 121.554206,
        "lat": 25.03378,
        "district": "大安區"
      }
    },
    {
      "type": "Feature",
      "geometry": {
        "type": "Point",
        "coordinates": [
          121.545074,
          25.025612
        ]
      },
      "properties": {
        "brand": "全家",
        "city": "臺北市",
        "store_name": "成功店",
        "address": "臺北市大安區和平東路二段311巷32號",
        "phone": "02-27550428",
        "lng": 121.545074,
        "lat": 25.025612,
        "district": "大安區"
      }
    },
    {
      "type": "Feature",
      "geometry": {
        "type": "Point",
        "coordinates": [
          121.553049,
          25.039583
        ]
      },
      "properties": {
        "brand": "全家",
        "city": "臺北市",
        "store_name": "延吉店",
        "address": "臺北市大安區忠孝東路四段216巷31號",
        "phone": "02-27412630",
        "lng": 121.553049,
        "lat": 25.039583,
        "district": "大安區"
      }
    },
    {
      "type": "Feature",
      "geometry": {
        "type": "Point",
        "coordinates": [
          121.556304,
          25.043058
        ]
      },
      "properties": {
        "brand": "全家",
        "city": "臺北市",
        "store_name": "華視店",
        "address": "106台灣臺北市大安區光復南路116巷26號",
        "phone": "02-27310238",
        "lng": 121.556304,
        "lat": 25.043058,
        "district": "大安區"
      }
    },
    {
      "type": "Feature",
      "geometry": {
        "type": "Point",
        "coordinates": [
          121.521923,
          25.028093
        ]
      },
      "properties": {
        "brand": "全家",
        "city": "臺北市",
        "store_name": "羅中店",
        "address": "106台灣臺北市大安區羅斯福路二段17號1f",
        "phone": "02-23924175",
        "lng": 121.521923,
        "lat": 25.028093,
        "district": "大安區"
      }
    },
    {
      "type": "Feature",
      "geometry": {
        "type": "Point",
        "coordinates": [
          121.563529,
          25.025669
        ]
      },
      "properties": {
        "brand": "全家",
        "city": "臺北市",
        "store_name": "三興店",
        "address": "臺北市信義區吳興街7號",
        "phone": "02-27232796",
        "lng": 121.563529,
        "lat": 25.025669,
        "district": "信義區"
      }
    },
    {
      "type": "Feature",
      "geometry": {
        "type": "Point",
        "coordinates": [
          121.559738,
          25.043688
        ]
      },
      "properties": {
        "brand": "全家",
        "city": "臺北市",
        "store_name": "松創店",
        "address": "110台灣臺北市信義區光復南路133號",
        "phone": "02-27495690",
        "lng": 121.559738,
        "lat": 25.043688,
        "district": "信義區"
      }
    },
    {
      "type": "Feature",
      "geometry": {
        "type": "Point",
        "coordinates": [
          121.560431,
          25.035595
        ]
      },
      "properties": {
        "brand": "全家",
        "city": "臺北市",
        "store_name": "永隆店",
        "address": "臺北市信義區基隆路1段147巷7號",
        "phone": "02-27678120",
        "lng": 121.560431,
        "lat": 25.035595,
        "district": "信義區"
      }
    },
    {
      "type": "Feature",
      "geometry": {
        "type": "Point",
        "coordinates": [
          121.580776,
          25.044984
        ]
      },
      "properties": {
        "brand": "全家",
        "city": "臺北市",
        "store_name": "信吉店",
        "address": "臺北市信義區中坡北路25號",
        "phone": "02-27866062",
        "lng": 121.580776,
        "lat": 25.044984,
        "district": "信義區"
      }
    },
    {
      "type": "Feature",
      "geometry": {
        "type": "Point",
        "coordinates": [
          121.563852,
          25.027005
        ]
      },
      "properties": {
        "brand": "全家",
        "city": "臺北市",
        "store_name": "北醫店",
        "address": "110台灣臺北市信義區吳興街263號",
        "phone": "02-27229824",
        "lng": 121.563852,
        "lat": 25.027005,
        "district": "信義區"
      }
    },
    {
      "type": "Feature",
      "geometry": {
        "type": "Point",
        "coordinates": [
          121.557578,
          25.019872
        ]
      },
      "properties": {
        "brand": "全家",
        "city": "臺北市",
        "store_name": "六張黎店",
        "address": "臺北市信義區和平東路三段387號",
        "phone": "02-27338739",
        "lng": 121.557578,
        "lat": 25.019872,
        "district": "信義區"
      }
    },
    {
      "type": "Feature",
      "geometry": {
        "type": "Point",
        "coordinates": [
          121.528558,
          25.023404
        ]
      },
      "properties": {
        "brand": "全家",
        "city": "臺北市",
        "store_name": "師大店",
        "address": "臺北市大安區師大路79號",
        "phone": "02-23918196",
        "lng": 121.528558,
        "lat": 25.023404,
        "district": "大安區"
      }
    },
    {
      "type": "Feature",
      "geometry": {
        "type": "Point",
        "coordinates": [
          121.557454,
          25.039232
        ]
      },
      "properties": {
        "brand": "全家",
        "city": "臺北市",
        "store_name": "國父紀念館店",
        "address": "106台灣臺北市大安區光復南路292號",
        "phone": "02-27755468",
        "lng": 121.557454,
        "lat": 25.039232,
        "district": "大安區"
      }
    },
    {
      "type": "Feature",
      "geometry": {
        "type": "Point",
        "coordinates": [
          121.544207,
          25.029958
        ]
      },
      "properties": {
        "brand": "全家",
        "city": "臺北市",
        "store_name": "金信店",
        "address": "臺北市大安區信義路二段104號1樓",
        "phone": "02-23587145",
        "lng": 121.544207,
        "lat": 25.029958,
        "district": "大安區"
      }
    },
    {
      "type": "Feature",
      "geometry": {
        "type": "Point",
        "coordinates": [
          121.563901,
          25.034027
        ]
      },
      "properties": {
        "brand": "全家",
        "city": "臺北市",
        "store_name": "台北１０１店",
        "address": "110臺北市信義區市府路45號B1",
        "phone": "02-81017976",
        "lng": 121.563901,
        "lat": 25.034027,
        "district": "信義區"
      }
    },
    {
      "type": "Feature",
      "geometry": {
        "type": "Point",
        "coordinates": [
          121.581414,
          25.047724
        ]
      },
      "properties": {
        "brand": "全家",
        "city": "臺北市",
        "store_name": "港運店",
        "address": "臺北市南港區玉成街52巷2弄7號一樓",
        "phone": "02-27857667",
        "lng": 121.581414,
        "lat": 25.047724,
        "district": "南港區"
      }
    },
    {
      "type": "Feature",
      "geometry": {
        "type": "Point",
        "coordinates": [
          121.563366,
          25.028438
        ]
      },
      "properties": {
        "brand": "全家",
        "city": "臺北市",
        "store_name": "莊新店",
        "address": "臺北市信義區莊敬路307號",
        "phone": "02-27581883",
        "lng": 121.563366,
        "lat": 25.028438,
        "district": "信義區"
      }
    },
    {
      "type": "Feature",
      "geometry": {
        "type": "Point",
        "coordinates": [
          121.593693,
          25.058056
        ]
      },
      "properties": {
        "brand": "全家",
        "city": "臺北市",
        "store_name": "小彎公宅店",
        "address": "臺北市南港區向陽路256號1樓",
        "phone": "02-27836507",
        "lng": 121.593693,
        "lat": 25.058056,
        "district": "南港區"
      }
    },
    {
      "type": "Feature",
      "geometry": {
        "type": "Point",
        "coordinates": [
          121.618218,
          25.042322
        ]
      },
      "properties": {
        "brand": "全家",
        "city": "臺北市",
        "store_name": "胡適店",
        "address": "臺北市南港區舊莊街一段3巷16號",
        "phone": "02-27888455",
        "lng": 121.618218,
        "lat": 25.042322,
        "district": "南港區"
      }
    },
    {
      "type": "Feature",
      "geometry": {
        "type": "Point",
        "coordinates": [
          121.601494,
          25.05618
        ]
      },
      "properties": {
        "brand": "全家",
        "city": "臺北市",
        "store_name": "中視店",
        "address": "11502-8台灣臺北市南港區興南街39號, 1樓",
        "phone": "02-27864176",
        "lng": 121.601494,
        "lat": 25.05618,
        "district": "南港區"
      }
    },
    {
      "type": "Feature",
      "geometry": {
        "type": "Point",
        "coordinates": [
          121.592029,
          25.039594
        ]
      },
      "properties": {
        "brand": "全家",
        "city": "臺北市",
        "store_name": "港福店",
        "address": "115台灣臺北市南港區福德街373巷63號1樓",
        "phone": "02-26543532",
        "lng": 121.592029,
        "lat": 25.039594,
        "district": "南港區"
      }
    },
    {
      "type": "Feature",
      "geometry": {
        "type": "Point",
        "coordinates": [
          121.578764,
          25.036732
        ]
      },
      "properties": {
        "brand": "全家",
        "city": "臺北市",
        "store_name": "松傑店",
        "address": "105台灣臺北市松山區松山路11號",
        "phone": "02-27656379",
        "lng": 121.578764,
        "lat": 25.036732,
        "district": "松山區"
      }
    },
    {
      "type": "Feature",
      "geometry": {
        "type": "Point",
        "coordinates": [
          121.605696,
          25.055929
        ]
      },
      "properties": {
        "brand": "全家",
        "city": "臺北市",
        "store_name": "興華店",
        "address": "臺北市南港區興華路86號",
        "phone": "02-27834076",
        "lng": 121.605696,
        "lat": 25.055929,
        "district": "南港區"
      }
    },
    {
      "type": "Feature",
      "geometry": {
        "type": "Point",
        "coordinates": [
          121.5942,
          25.050119
        ]
      },
      "properties": {
        "brand": "全家",
        "city": "臺北市",
        "store_name": "新昆陽店",
        "address": "臺北市南港區昆陽街145號",
        "phone": "02-27883495",
        "lng": 121.5942,
        "lat": 25.050119,
        "district": "南港區"
      }
    },
    {
      "type": "Feature",
      "geometry": {
        "type": "Point",
        "coordinates": [
          121.577154,
          24.987476
        ]
      },
      "properties": {
        "brand": "全家",
        "city": "臺北市",
        "store_name": "政富店",
        "address": "臺北市文山區指南路二段145號1樓",
        "phone": "02-86613075",
        "lng": 121.577154,
        "lat": 24.987476,
        "district": "文山區"
      }
    },
    {
      "type": "Feature",
      "geometry": {
        "type": "Point",
        "coordinates": [
          121.541601,
          24.995143
        ]
      },
      "properties": {
        "brand": "全家",
        "city": "臺北市",
        "store_name": "新文華店",
        "address": "臺北市文山區景華街3巷2號1樓及B1",
        "phone": "02-86633877",
        "lng": 121.541601,
        "lat": 24.995143,
        "district": "文山區"
      }
    },
    {
      "type": "Feature",
      "geometry": {
        "type": "Point",
        "coordinates": [
          121.57074,
          25.00079
        ]
      },
      "properties": {
        "brand": "全家",
        "city": "臺北市",
        "store_name": "興萬店",
        "address": "116026台灣臺北市文山區萬安街29號一樓",
        "phone": "02-82301508",
        "lng": 121.57074,
        "lat": 25.00079,
        "district": "文山區"
      }
    },
    {
      "type": "Feature",
      "geometry": {
        "type": "Point",
        "coordinates": [
          121.53826,
          24.99905
        ]
      },
      "properties": {
        "brand": "全家",
        "city": "臺北市",
        "store_name": "景富店",
        "address": "臺北市文山區景福街25號",
        "phone": "02-89313890",
        "lng": 121.53826,
        "lat": 24.99905,
        "district": "文山區"
      }
    },
    {
      "type": "Feature",
      "geometry": {
        "type": "Point",
        "coordinates": [
          121.536877,
          25.002189
        ]
      },
      "properties": {
        "brand": "全家",
        "city": "臺北市",
        "store_name": "萬和店",
        "address": "臺北市文山區羅斯福路五段218巷38弄2號1樓",
        "phone": "02-86636168",
        "lng": 121.536877,
        "lat": 25.002189,
        "district": "文山區"
      }
    },
    {
      "type": "Feature",
      "geometry": {
        "type": "Point",
        "coordinates": [
          121.54137,
          25.004221
        ]
      },
      "properties": {
        "brand": "全家",
        "city": "臺北市",
        "store_name": "萬興店",
        "address": "116台灣臺北市文山區興隆路一段55巷27弄1號",
        "phone": "02-29304220",
        "lng": 121.54137,
        "lat": 25.004221,
        "district": "文山區"
      }
    },
    {
      "type": "Feature",
      "geometry": {
        "type": "Point",
        "coordinates": [
          121.568613,
          24.988812
        ]
      },
      "properties": {
        "brand": "全家",
        "city": "臺北市",
        "store_name": "木柵路店",
        "address": "116台灣臺北市文山區木柵路三段148號",
        "phone": "02-29362952",
        "lng": 121.568613,
        "lat": 24.988812,
        "district": "文山區"
      }
    },
    {
      "type": "Feature",
      "geometry": {
        "type": "Point",
        "coordinates": [
          121.553294,
          25.019691
        ]
      },
      "properties": {
        "brand": "全家",
        "city": "臺北市",
        "store_name": "安居店",
        "address": "106台灣臺北市大安區安居街76號",
        "phone": "02-27375452",
        "lng": 121.553294,
        "lat": 25.019691,
        "district": "大安區"
      }
    },
    {
      "type": "Feature",
      "geometry": {
        "type": "Point",
        "coordinates": [
          121.555952,
          24.980378
        ]
      },
      "properties": {
        "brand": "全家",
        "city": "臺北市",
        "store_name": "鑫木新店",
        "address": "臺北市文山區木新路三段343號1樓",
        "phone": "02-29388551",
        "lng": 121.555952,
        "lat": 24.980378,
        "district": "文山區"
      }
    },
    {
      "type": "Feature",
      "geometry": {
        "type": "Point",
        "coordinates": [
          121.513758,
          25.042414
        ]
      },
      "properties": {
        "brand": "全家",
        "city": "臺北市",
        "store_name": "衡慶店",
        "address": "100臺北市中正區衡陽路7號",
        "phone": "02-23820271",
        "lng": 121.513758,
        "lat": 25.042414,
        "district": "中正區"
      }
    },
    {
      "type": "Feature",
      "geometry": {
        "type": "Point",
        "coordinates": [
          121.513104,
          25.043914
        ]
      },
      "properties": {
        "brand": "全家",
        "city": "臺北市",
        "store_name": "重慶店",
        "address": "100台灣臺北市中正區重慶南路一段58號",
        "phone": "02-23122797",
        "lng": 121.513104,
        "lat": 25.043914,
        "district": "中正區"
      }
    },
    {
      "type": "Feature",
      "geometry": {
        "type": "Point",
        "coordinates": [
          121.518555,
          25.040776
        ]
      },
      "properties": {
        "brand": "全家",
        "city": "臺北市",
        "store_name": "台大醫院店",
        "address": "100台灣臺北市中正區中山南路7號B1樓",
        "phone": "02-33223538",
        "lng": 121.518555,
        "lat": 25.040776,
        "district": "中正區"
      }
    },
    {
      "type": "Feature",
      "geometry": {
        "type": "Point",
        "coordinates": [
          121.517931,
          25.046283
        ]
      },
      "properties": {
        "brand": "全家",
        "city": "臺北市",
        "store_name": "北車店",
        "address": "臺北市中正區忠孝西路一段45號1F部分",
        "phone": "02-89411871",
        "lng": 121.517931,
        "lat": 25.046283,
        "district": "中正區"
      }
    },
    {
      "type": "Feature",
      "geometry": {
        "type": "Point",
        "coordinates": [
          121.526935,
          25.038916
        ]
      },
      "properties": {
        "brand": "全家",
        "city": "臺北市",
        "store_name": "富邦店",
        "address": "100台灣臺北市中正區杭州南路一段19號1f",
        "phone": "02-23513120",
        "lng": 121.526935,
        "lat": 25.038916,
        "district": "中正區"
      }
    },
    {
      "type": "Feature",
      "geometry": {
        "type": "Point",
        "coordinates": [
          121.53444,
          25.013648
        ]
      },
      "properties": {
        "brand": "全家",
        "city": "臺北市",
        "store_name": "公館店",
        "address": "臺北市中正區汀州路三段251號",
        "phone": "02-23688539",
        "lng": 121.53444,
        "lat": 25.013648,
        "district": "中正區"
      }
    },
    {
      "type": "Feature",
      "geometry": {
        "type": "Point",
        "coordinates": [
          121.514904,
          25.044566
        ]
      },
      "properties": {
        "brand": "全家",
        "city": "臺北市",
        "store_name": "新仟囍店",
        "address": "臺北市中正區館前路36號1樓",
        "phone": "02-23822831",
        "lng": 121.514904,
        "lat": 25.044566,
        "district": "中正區"
      }
    },
    {
      "type": "Feature",
      "geometry": {
        "type": "Point",
        "coordinates": [
          121.514536,
          25.048789
        ]
      },
      "properties": {
        "brand": "全家",
        "city": "臺北市",
        "store_name": "機場捷運店",
        "address": "臺北市中正區鄭州路8號B1樓",
        "phone": "02-23311029",
        "lng": 121.514536,
        "lat": 25.048789,
        "district": "中正區"
      }
    },
    {
      "type": "Feature",
      "geometry": {
        "type": "Point",
        "coordinates": [
          121.511624,
          25.044212
        ]
      },
      "properties": {
        "brand": "全家",
        "city": "臺北市",
        "store_name": "博愛店",
        "address": "100台灣臺北市中正區博愛路63號",
        "phone": "02-23432173",
        "lng": 121.511624,
        "lat": 25.044212,
        "district": "中正區"
      }
    },
    {
      "type": "Feature",
      "geometry": {
        "type": "Point",
        "coordinates": [
          121.517596,
          25.045024
        ]
      },
      "properties": {
        "brand": "全家",
        "city": "臺北市",
        "store_name": "北盛店",
        "address": "臺北市中正區青島西路13號",
        "phone": "02-23612673",
        "lng": 121.517596,
        "lat": 25.045024,
        "district": "中正區"
      }
    },
    {
      "type": "Feature",
      "geometry": {
        "type": "Point",
        "coordinates": [
          121.514276,
          25.046206
        ]
      },
      "properties": {
        "brand": "全家",
        "city": "臺北市",
        "store_name": "西站店",
        "address": "臺北市中正區懷寧街7之1號",
        "phone": "02-23120577",
        "lng": 121.514276,
        "lat": 25.046206,
        "district": "中正區"
      }
    },
    {
      "type": "Feature",
      "geometry": {
        "type": "Point",
        "coordinates": [
          121.515884,
          25.043516
        ]
      },
      "properties": {
        "brand": "全家",
        "city": "臺北市",
        "store_name": "富陽店",
        "address": "100004台灣臺北市中正區襄陽路7號1樓",
        "phone": "02-23754181",
        "lng": 121.515884,
        "lat": 25.043516,
        "district": "中正區"
      }
    },
    {
      "type": "Feature",
      "geometry": {
        "type": "Point",
        "coordinates": [
          121.512524,
          25.046063
        ]
      },
      "properties": {
        "brand": "全家",
        "city": "臺北市",
        "store_name": "開封店",
        "address": "臺北市中正區開封街一段41號1樓",
        "phone": "02-23709020",
        "lng": 121.512524,
        "lat": 25.046063,
        "district": "中正區"
      }
    },
    {
      "type": "Feature",
      "geometry": {
        "type": "Point",
        "coordinates": [
          121.501017,
          25.025619
        ]
      },
      "properties": {
        "brand": "全家",
        "city": "臺北市",
        "store_name": "萬大店",
        "address": "臺北市萬華區萬大路64號1樓",
        "phone": "02-23040610",
        "lng": 121.501017,
        "lat": 25.025619,
        "district": "萬華區"
      }
    },
    {
      "type": "Feature",
      "geometry": {
        "type": "Point",
        "coordinates": [
          121.50204,
          25.039631
        ]
      },
      "properties": {
        "brand": "全家",
        "city": "臺北市",
        "store_name": "康陽店",
        "address": "臺北市萬華區康定路99號",
        "phone": "02-23812716",
        "lng": 121.50204,
        "lat": 25.039631,
        "district": "萬華區"
      }
    },
    {
      "type": "Feature",
      "geometry": {
        "type": "Point",
        "coordinates": [
          121.508068,
          25.045282
        ]
      },
      "properties": {
        "brand": "全家",
        "city": "臺北市",
        "store_name": "萬中店",
        "address": "臺北市萬華區漢口街二段22號",
        "phone": "02-23887636",
        "lng": 121.508068,
        "lat": 25.045282,
        "district": "萬華區"
      }
    },
    {
      "type": "Feature",
      "geometry": {
        "type": "Point",
        "coordinates": [
          121.517008,
          25.032493
        ]
      },
      "properties": {
        "brand": "全家",
        "city": "臺北市",
        "store_name": "南海店",
        "address": "100台灣臺北市中正區南海路20號",
        "phone": "02-23564283",
        "lng": 121.517008,
        "lat": 25.032493,
        "district": "中正區"
      }
    },
    {
      "type": "Feature",
      "geometry": {
        "type": "Point",
        "coordinates": [
          121.502905,
          25.025447
        ]
      },
      "properties": {
        "brand": "全家",
        "city": "臺北市",
        "store_name": "公園店",
        "address": "臺北市萬華區青年路48號",
        "phone": "02-23051904",
        "lng": 121.502905,
        "lat": 25.025447,
        "district": "萬華區"
      }
    },
    {
      "type": "Feature",
      "geometry": {
        "type": "Point",
        "coordinates": [
          121.499203,
          25.019009
        ]
      },
      "properties": {
        "brand": "全家",
        "city": "臺北市",
        "store_name": "新富民店",
        "address": "臺北市萬華區富民路91巷8號1樓",
        "phone": "02-23070071",
        "lng": 121.499203,
        "lat": 25.019009,
        "district": "萬華區"
      }
    },
    {
      "type": "Feature",
      "geometry": {
        "type": "Point",
        "coordinates": [
          121.510374,
          25.027234
        ]
      },
      "properties": {
        "brand": "全家",
        "city": "臺北市",
        "store_name": "新龍口店",
        "address": "臺北市中正區汀州路一段244號",
        "phone": "02-23047184",
        "lng": 121.510374,
        "lat": 25.027234,
        "district": "中正區"
      }
    },
    {
      "type": "Feature",
      "geometry": {
        "type": "Point",
        "coordinates": [
          121.504306,
          25.039883
        ]
      },
      "properties": {
        "brand": "全家",
        "city": "臺北市",
        "store_name": "廣明店",
        "address": "臺北市萬華區昆明街173號1樓",
        "phone": "02-23115442",
        "lng": 121.504306,
        "lat": 25.039883,
        "district": "萬華區"
      }
    },
    {
      "type": "Feature",
      "geometry": {
        "type": "Point",
        "coordinates": [
          121.49861,
          25.036789
        ]
      },
      "properties": {
        "brand": "全家",
        "city": "臺北市",
        "store_name": "新廣州店",
        "address": "108台灣臺北市萬華區廣州街235號",
        "phone": "02-23027354",
        "lng": 121.49861,
        "lat": 25.036789,
        "district": "萬華區"
      }
    },
    {
      "type": "Feature",
      "geometry": {
        "type": "Point",
        "coordinates": [
          121.530674,
          25.112438
        ]
      },
      "properties": {
        "brand": "星巴克",
        "city": "臺北市",
        "store_name": "忠誠",
        "address": "臺北市士林區士東路123號",
        "phone": "2873-5815",
        "lng": 121.530674,
        "lat": 25.112438,
        "district": "士林區"
      }
    },
    {
      "type": "Feature",
      "geometry": {
        "type": "Point",
        "coordinates": [
          121.524275,
          25.105008
        ]
      },
      "properties": {
        "brand": "星巴克",
        "city": "臺北市",
        "store_name": "天母崇光",
        "address": "臺北市士林區中山北路六段77號B1",
        "phone": "2834-9068",
        "lng": 121.524275,
        "lat": 25.105008,
        "district": "士林區"
      }
    },
    {
      "type": "Feature",
      "geometry": {
        "type": "Point",
        "coordinates": [
          121.522426,
          25.117708
        ]
      },
      "properties": {
        "brand": "星巴克",
        "city": "臺北市",
        "store_name": "振興",
        "address": "臺北市北投區振興街37號",
        "phone": "2821-6075",
        "lng": 121.522426,
        "lat": 25.117708,
        "district": "北投區"
      }
    },
    {
      "type": "Feature",
      "geometry": {
        "type": "Point",
        "coordinates": [
          121.527589,
          25.115124
        ]
      },
      "properties": {
        "brand": "星巴克",
        "city": "臺北市",
        "store_name": "天母中山",
        "address": "臺北市士林區中山北路六段719號1樓",
        "phone": "2874-1397",
        "lng": 121.527589,
        "lat": 25.115124,
        "district": "士林區"
      }
    },
    {
      "type": "Feature",
      "geometry": {
        "type": "Point",
        "coordinates": [
          121.529405,
          25.120221
        ]
      },
      "properties": {
        "brand": "星巴克",
        "city": "臺北市",
        "store_name": "天玉",
        "address": "臺北市士林區天玉街38巷18弄1號",
        "phone": "2875-1361",
        "lng": 121.529405,
        "lat": 25.120221,
        "district": "士林區"
      }
    },
    {
      "type": "Feature",
      "geometry": {
        "type": "Point",
        "coordinates": [
          121.542944,
          25.136246
        ]
      },
      "properties": {
        "brand": "星巴克",
        "city": "臺北市",
        "store_name": "草山",
        "address": "臺北市士林區國泰街5號",
        "phone": "2862-7317",
        "lng": 121.542944,
        "lat": 25.136246,
        "district": "士林區"
      }
    },
    {
      "type": "Feature",
      "geometry": {
        "type": "Point",
        "coordinates": [
          121.515974,
          25.09599
        ]
      },
      "properties": {
        "brand": "星巴克",
        "city": "臺北市",
        "store_name": "科教館",
        "address": "臺北市士林區士商路189號",
        "phone": "28345813",
        "lng": 121.515974,
        "lat": 25.09599,
        "district": "士林區"
      }
    },
    {
      "type": "Feature",
      "geometry": {
        "type": "Point",
        "coordinates": [
          121.534035,
          25.11708
        ]
      },
      "properties": {
        "brand": "星巴克",
        "city": "臺北市",
        "store_name": "天母三越",
        "address": "臺北市士林區忠誠路二段200號1F",
        "phone": "28742212",
        "lng": 121.534035,
        "lat": 25.11708,
        "district": "士林區"
      }
    },
    {
      "type": "Feature",
      "geometry": {
        "type": "Point",
        "coordinates": [
          121.533498,
          25.110132
        ]
      },
      "properties": {
        "brand": "星巴克",
        "city": "臺北市",
        "store_name": "大葉高島屋",
        "address": "臺北市士林區忠誠路二段55號1樓",
        "phone": "2834-7368",
        "lng": 121.533498,
        "lat": 25.110132,
        "district": "士林區"
      }
    },
    {
      "type": "Feature",
      "geometry": {
        "type": "Point",
        "coordinates": [
          121.525868,
          25.095151
        ]
      },
      "properties": {
        "brand": "星巴克",
        "city": "臺北市",
        "store_name": "士捷",
        "address": "臺北市士林區中正路239號",
        "phone": "2883-1657",
        "lng": 121.525868,
        "lat": 25.095151,
        "district": "士林區"
      }
    },
    {
      "type": "Feature",
      "geometry": {
        "type": "Point",
        "coordinates": [
          121.504293,
          25.136239
        ]
      },
      "properties": {
        "brand": "星巴克",
        "city": "臺北市",
        "store_name": "光明",
        "address": "臺北市北投區光明路218之4號",
        "phone": "2898-1051",
        "lng": 121.504293,
        "lat": 25.136239,
        "district": "北投區"
      }
    },
    {
      "type": "Feature",
      "geometry": {
        "type": "Point",
        "coordinates": [
          121.516201,
          25.116514
        ]
      },
      "properties": {
        "brand": "星巴克",
        "city": "臺北市",
        "store_name": "石牌",
        "address": "臺北市北投區石牌路二段74號1-3樓",
        "phone": "2827-7832",
        "lng": 121.516201,
        "lat": 25.116514,
        "district": "北投區"
      }
    },
    {
      "type": "Feature",
      "geometry": {
        "type": "Point",
        "coordinates": [
          121.523434,
          25.081661
        ]
      },
      "properties": {
        "brand": "星巴克",
        "city": "臺北市",
        "store_name": "士林承德",
        "address": "臺北市士林區承德路四段67號",
        "phone": "2885-1251",
        "lng": 121.523434,
        "lat": 25.081661,
        "district": "士林區"
      }
    },
    {
      "type": "Feature",
      "geometry": {
        "type": "Point",
        "coordinates": [
          121.519025,
          25.072041
        ]
      },
      "properties": {
        "brand": "星巴克",
        "city": "臺北市",
        "store_name": "庫倫承德",
        "address": "臺北市大同區庫倫街51號",
        "phone": "2592-8122",
        "lng": 121.519025,
        "lat": 25.072041,
        "district": "大同區"
      }
    },
    {
      "type": "Feature",
      "geometry": {
        "type": "Point",
        "coordinates": [
          121.498031,
          25.128478
        ]
      },
      "properties": {
        "brand": "星巴克",
        "city": "臺北市",
        "store_name": "北投大業",
        "address": "臺北市北投區大業路302號",
        "phone": "2895-9507",
        "lng": 121.498031,
        "lat": 25.128478,
        "district": "北投區"
      }
    },
    {
      "type": "Feature",
      "geometry": {
        "type": "Point",
        "coordinates": [
          121.525554,
          25.064797
        ]
      },
      "properties": {
        "brand": "星巴克",
        "city": "臺北市",
        "store_name": "林森農安",
        "address": "臺北市中山區林森北路568&568-1號",
        "phone": "2595-1030",
        "lng": 121.525554,
        "lat": 25.064797,
        "district": "中山區"
      }
    },
    {
      "type": "Feature",
      "geometry": {
        "type": "Point",
        "coordinates": [
          121.50949,
          25.112812
        ]
      },
      "properties": {
        "brand": "星巴克",
        "city": "臺北市",
        "store_name": "承德石牌",
        "address": "臺北市北投區承德路七段150號1-2樓",
        "phone": "2821-2362",
        "lng": 121.50949,
        "lat": 25.112812,
        "district": "北投區"
      }
    },
    {
      "type": "Feature",
      "geometry": {
        "type": "Point",
        "coordinates": [
          121.522479,
          25.120637
        ]
      },
      "properties": {
        "brand": "星巴克",
        "city": "臺北市",
        "store_name": "台北榮總",
        "address": "臺北市北投區石牌路二段201號",
        "phone": "2874-6213",
        "lng": 121.522479,
        "lat": 25.120637,
        "district": "北投區"
      }
    },
    {
      "type": "Feature",
      "geometry": {
        "type": "Point",
        "coordinates": [
          121.509236,
          25.056425
        ]
      },
      "properties": {
        "brand": "星巴克",
        "city": "臺北市",
        "store_name": "馬偕",
        "address": "臺北市中山區民生西路7號1樓",
        "phone": "2511-6691",
        "lng": 121.509236,
        "lat": 25.056425,
        "district": "中山區"
      }
    },
    {
      "type": "Feature",
      "geometry": {
        "type": "Point",
        "coordinates": [
          121.525474,
          25.056172
        ]
      },
      "properties": {
        "brand": "星巴克",
        "city": "臺北市",
        "store_name": "林森",
        "address": "臺北市中山區林森北路247號1樓",
        "phone": "2542-8870",
        "lng": 121.525474,
        "lat": 25.056172,
        "district": "中山區"
      }
    },
    {
      "type": "Feature",
      "geometry": {
        "type": "Point",
        "coordinates": [
          121.517734,
          25.052245
        ]
      },
      "properties": {
        "brand": "星巴克",
        "city": "臺北市",
        "store_name": "京站",
        "address": "臺北市大同區承德路一段1號",
        "phone": "2552-7432",
        "lng": 121.517734,
        "lat": 25.052245,
        "district": "大同區"
      }
    },
    {
      "type": "Feature",
      "geometry": {
        "type": "Point",
        "coordinates": [
          121.517734,
          25.052245
        ]
      },
      "properties": {
        "brand": "星巴克",
        "city": "臺北市",
        "store_name": "京站二",
        "address": "臺北市大同區承德路一段1號(京站百貨4樓)",
        "phone": "2552-7178",
        "lng": 121.517734,
        "lat": 25.052245,
        "district": "大同區"
      }
    },
    {
      "type": "Feature",
      "geometry": {
        "type": "Point",
        "coordinates": [
          121.513989,
          25.05391
        ]
      },
      "properties": {
        "brand": "星巴克",
        "city": "臺北市",
        "store_name": "台北圓環",
        "address": "臺北市大同區南京西路288號",
        "phone": "2559-8348",
        "lng": 121.513989,
        "lat": 25.05391,
        "district": "大同區"
      }
    },
    {
      "type": "Feature",
      "geometry": {
        "type": "Point",
        "coordinates": [
          121.51217,
          25.058635
        ]
      },
      "properties": {
        "brand": "星巴克",
        "city": "臺北市",
        "store_name": "保安",
        "address": "臺北市大同區保安街11號",
        "phone": "2557-8493",
        "lng": 121.51217,
        "lat": 25.058635,
        "district": "大同區"
      }
    },
    {
      "type": "Feature",
      "geometry": {
        "type": "Point",
        "coordinates": [
          121.519573,
          25.052675
        ]
      },
      "properties": {
        "brand": "星巴克",
        "city": "臺北市",
        "store_name": "南京西",
        "address": "臺北市大同區南京西路36號1樓",
        "phone": "2549-0886",
        "lng": 121.519573,
        "lat": 25.052675,
        "district": "大同區"
      }
    },
    {
      "type": "Feature",
      "geometry": {
        "type": "Point",
        "coordinates": [
          121.520113,
          25.06265
        ]
      },
      "properties": {
        "brand": "星巴克",
        "city": "臺北市",
        "store_name": "民權西",
        "address": "臺北市中山區民權西路62號",
        "phone": "2541-6234",
        "lng": 121.520113,
        "lat": 25.06265,
        "district": "中山區"
      }
    },
    {
      "type": "Feature",
      "geometry": {
        "type": "Point",
        "coordinates": [
          121.532906,
          25.057748
        ]
      },
      "properties": {
        "brand": "星巴克",
        "city": "臺北市",
        "store_name": "松江",
        "address": "臺北市中山區松江路210號",
        "phone": "2564-2790",
        "lng": 121.532906,
        "lat": 25.057748,
        "district": "中山區"
      }
    },
    {
      "type": "Feature",
      "geometry": {
        "type": "Point",
        "coordinates": [
          121.533452,
          25.059199
        ]
      },
      "properties": {
        "brand": "星巴克",
        "city": "臺北市",
        "store_name": "松江錦州",
        "address": "臺北市中山區松江路239號1樓",
        "phone": "2517-5004",
        "lng": 121.533452,
        "lat": 25.059199,
        "district": "中山區"
      }
    },
    {
      "type": "Feature",
      "geometry": {
        "type": "Point",
        "coordinates": [
          121.576159,
          25.075359
        ]
      },
      "properties": {
        "brand": "星巴克",
        "city": "臺北市",
        "store_name": "港墘",
        "address": "臺北市內湖區瑞光路216號1樓",
        "phone": "8753-5105",
        "lng": 121.576159,
        "lat": 25.075359,
        "district": "內湖區"
      }
    },
    {
      "type": "Feature",
      "geometry": {
        "type": "Point",
        "coordinates": [
          121.56955,
          25.078523
        ]
      },
      "properties": {
        "brand": "星巴克",
        "city": "臺北市",
        "store_name": "瑞傳",
        "address": "臺北市內湖區瑞光路476號1樓",
        "phone": "8798-3266",
        "lng": 121.56955,
        "lat": 25.078523,
        "district": "內湖區"
      }
    },
    {
      "type": "Feature",
      "geometry": {
        "type": "Point",
        "coordinates": [
          121.56713,
          25.082318
        ]
      },
      "properties": {
        "brand": "星巴克",
        "city": "臺北市",
        "store_name": "環山",
        "address": "臺北市內湖區內湖路一段289號",
        "phone": "2799-5897",
        "lng": 121.56713,
        "lat": 25.082318,
        "district": "內湖區"
      }
    },
    {
      "type": "Feature",
      "geometry": {
        "type": "Point",
        "coordinates": [
          121.566783,
          25.080805
        ]
      },
      "properties": {
        "brand": "星巴克",
        "city": "臺北市",
        "store_name": "基湖",
        "address": "臺北市內湖區基湖路25號",
        "phone": "2799-9334",
        "lng": 121.566783,
        "lat": 25.080805,
        "district": "內湖區"
      }
    },
    {
      "type": "Feature",
      "geometry": {
        "type": "Point",
        "coordinates": [
          121.573304,
          25.079042
        ]
      },
      "properties": {
        "brand": "星巴克",
        "city": "臺北市",
        "store_name": "洲子",
        "address": "臺北市內湖區洲子街48號",
        "phone": "2658-9178",
        "lng": 121.573304,
        "lat": 25.079042,
        "district": "內湖區"
      }
    },
    {
      "type": "Feature",
      "geometry": {
        "type": "Point",
        "coordinates": [
          121.56824,
          25.080701
        ]
      },
      "properties": {
        "brand": "星巴克",
        "city": "臺北市",
        "store_name": "瑞洲",
        "address": "臺北市內湖區瑞光路583巷28號1樓",
        "phone": "8751-9538",
        "lng": 121.56824,
        "lat": 25.080701,
        "district": "內湖區"
      }
    },
    {
      "type": "Feature",
      "geometry": {
        "type": "Point",
        "coordinates": [
          121.584186,
          25.078315
        ]
      },
      "properties": {
        "brand": "星巴克",
        "city": "臺北市",
        "store_name": "內湖文德",
        "address": "臺北市內湖區文德路212號",
        "phone": "2656-1173",
        "lng": 121.584186,
        "lat": 25.078315,
        "district": "內湖區"
      }
    },
    {
      "type": "Feature",
      "geometry": {
        "type": "Point",
        "coordinates": [
          121.578844,
          25.062492
        ]
      },
      "properties": {
        "brand": "星巴克",
        "city": "臺北市",
        "store_name": "舊宗新湖",
        "address": "臺北市內湖區新湖二路128號",
        "phone": "2795-3963",
        "lng": 121.578844,
        "lat": 25.062492,
        "district": "內湖區"
      }
    },
    {
      "type": "Feature",
      "geometry": {
        "type": "Point",
        "coordinates": [
          121.589542,
          25.06369
        ]
      },
      "properties": {
        "brand": "星巴克",
        "city": "臺北市",
        "store_name": "內湖數位",
        "address": "臺北市內湖區石潭路153號1樓",
        "phone": "2794-3653",
        "lng": 121.589542,
        "lat": 25.06369,
        "district": "內湖區"
      }
    },
    {
      "type": "Feature",
      "geometry": {
        "type": "Point",
        "coordinates": [
          121.611356,
          25.070142
        ]
      },
      "properties": {
        "brand": "星巴克",
        "city": "臺北市",
        "store_name": "康寧",
        "address": "臺北市內湖區康寧路三段72號1樓",
        "phone": "2633-1621",
        "lng": 121.611356,
        "lat": 25.070142,
        "district": "內湖區"
      }
    },
    {
      "type": "Feature",
      "geometry": {
        "type": "Point",
        "coordinates": [
          121.604375,
          25.071274
        ]
      },
      "properties": {
        "brand": "星巴克",
        "city": "臺北市",
        "store_name": "內湖民權",
        "address": "臺北市內湖區民權東路六段182號",
        "phone": "2793-9550",
        "lng": 121.604375,
        "lat": 25.071274,
        "district": "內湖區"
      }
    },
    {
      "type": "Feature",
      "geometry": {
        "type": "Point",
        "coordinates": [
          121.606041,
          25.072855
        ]
      },
      "properties": {
        "brand": "星巴克",
        "city": "臺北市",
        "store_name": "內湖葫洲",
        "address": "臺北市內湖區民權東路六段312號1樓",
        "phone": "2631-8356",
        "lng": 121.606041,
        "lat": 25.072855,
        "district": "內湖區"
      }
    },
    {
      "type": "Feature",
      "geometry": {
        "type": "Point",
        "coordinates": [
          121.575547,
          25.072837
        ]
      },
      "properties": {
        "brand": "星巴克",
        "city": "臺北市",
        "store_name": "內湖陽光",
        "address": "臺北市內湖區陽光街290號",
        "phone": "8751-9313",
        "lng": 121.575547,
        "lat": 25.072837,
        "district": "內湖區"
      }
    },
    {
      "type": "Feature",
      "geometry": {
        "type": "Point",
        "coordinates": [
          121.594547,
          25.084081
        ]
      },
      "properties": {
        "brand": "星巴克",
        "city": "臺北市",
        "store_name": "潤湖",
        "address": "臺北市內湖區成功路四段188號2F",
        "phone": "8792-2171",
        "lng": 121.594547,
        "lat": 25.084081,
        "district": "內湖區"
      }
    },
    {
      "type": "Feature",
      "geometry": {
        "type": "Point",
        "coordinates": [
          121.591979,
          25.071802
        ]
      },
      "properties": {
        "brand": "星巴克",
        "city": "臺北市",
        "store_name": "新內湖三總",
        "address": "臺北市內湖區成功路二段325號B1",
        "phone": "8791-7982",
        "lng": 121.591979,
        "lat": 25.071802,
        "district": "內湖區"
      }
    },
    {
      "type": "Feature",
      "geometry": {
        "type": "Point",
        "coordinates": [
          121.466853,
          25.124621
        ]
      },
      "properties": {
        "brand": "星巴克",
        "city": "臺北市",
        "store_name": "關渡",
        "address": "臺北市北投區大度路三段296巷45號1樓",
        "phone": "2894-5123",
        "lng": 121.466853,
        "lat": 25.124621,
        "district": "北投區"
      }
    },
    {
      "type": "Feature",
      "geometry": {
        "type": "Point",
        "coordinates": [
          121.470719,
          25.126993
        ]
      },
      "properties": {
        "brand": "星巴克",
        "city": "臺北市",
        "store_name": "華碩二",
        "address": "臺北市北投區立德路115號3樓",
        "phone": "2897-1920",
        "lng": 121.470719,
        "lat": 25.126993,
        "district": "北投區"
      }
    },
    {
      "type": "Feature",
      "geometry": {
        "type": "Point",
        "coordinates": [
          121.543705,
          25.06211
        ]
      },
      "properties": {
        "brand": "星巴克",
        "city": "臺北市",
        "store_name": "民權",
        "address": "臺北市中山區民權東路三段88號",
        "phone": "2504-4751",
        "lng": 121.543705,
        "lat": 25.06211,
        "district": "中山區"
      }
    },
    {
      "type": "Feature",
      "geometry": {
        "type": "Point",
        "coordinates": [
          121.540525,
          25.062136
        ]
      },
      "properties": {
        "brand": "星巴克",
        "city": "臺北市",
        "store_name": "龍權",
        "address": "臺北市中山區民權東路三段22號1樓",
        "phone": "2517-9259",
        "lng": 121.540525,
        "lat": 25.062136,
        "district": "中山區"
      }
    },
    {
      "type": "Feature",
      "geometry": {
        "type": "Point",
        "coordinates": [
          121.54468,
          25.052838
        ]
      },
      "properties": {
        "brand": "星巴克",
        "city": "臺北市",
        "store_name": "慶城",
        "address": "臺北市松山區慶城街1號1樓",
        "phone": "2716-5113",
        "lng": 121.54468,
        "lat": 25.052838,
        "district": "松山區"
      }
    },
    {
      "type": "Feature",
      "geometry": {
        "type": "Point",
        "coordinates": [
          121.539852,
          25.052316
        ]
      },
      "properties": {
        "brand": "星巴克",
        "city": "臺北市",
        "store_name": "南京建國",
        "address": "臺北市中山區南京東路三段1號",
        "phone": "2515-1918",
        "lng": 121.539852,
        "lat": 25.052316,
        "district": "中山區"
      }
    },
    {
      "type": "Feature",
      "geometry": {
        "type": "Point",
        "coordinates": [
          121.543725,
          25.05166
        ]
      },
      "properties": {
        "brand": "星巴克",
        "city": "臺北市",
        "store_name": "南京復興",
        "address": "臺北市中山區南京東路三段224號1F",
        "phone": "2751-5870",
        "lng": 121.543725,
        "lat": 25.05166,
        "district": "中山區"
      }
    },
    {
      "type": "Feature",
      "geometry": {
        "type": "Point",
        "coordinates": [
          121.531131,
          25.057427
        ]
      },
      "properties": {
        "brand": "星巴克",
        "city": "臺北市",
        "store_name": "松江長安",
        "address": "臺北市中山區松江路54號1樓",
        "phone": "2523-5112",
        "lng": 121.531131,
        "lat": 25.057427,
        "district": "中山區"
      }
    },
    {
      "type": "Feature",
      "geometry": {
        "type": "Point",
        "coordinates": [
          121.546231,
          25.083587
        ]
      },
      "properties": {
        "brand": "星巴克",
        "city": "臺北市",
        "store_name": "實踐",
        "address": "臺北市中山區大直街70號1樓",
        "phone": "2532-5223",
        "lng": 121.546231,
        "lat": 25.083587,
        "district": "中山區"
      }
    },
    {
      "type": "Feature",
      "geometry": {
        "type": "Point",
        "coordinates": [
          121.556709,
          25.082926
        ]
      },
      "properties": {
        "brand": "星巴克",
        "city": "臺北市",
        "store_name": "美麗華",
        "address": "臺北市中山區敬業三路20號1樓",
        "phone": "2175-3190",
        "lng": 121.556709,
        "lat": 25.082926,
        "district": "中山區"
      }
    },
    {
      "type": "Feature",
      "geometry": {
        "type": "Point",
        "coordinates": [
          121.552563,
          25.081951
        ]
      },
      "properties": {
        "brand": "星巴克",
        "city": "臺北市",
        "store_name": "大直植福",
        "address": "臺北市中山區敬業二路115號",
        "phone": "8502-7502",
        "lng": 121.552563,
        "lat": 25.081951,
        "district": "中山區"
      }
    },
    {
      "type": "Feature",
      "geometry": {
        "type": "Point",
        "coordinates": [
          121.561741,
          25.076649
        ]
      },
      "properties": {
        "brand": "星巴克",
        "city": "臺北市",
        "store_name": "大直樂群",
        "address": "臺北市中山區樂群二路267號1~2樓",
        "phone": "8501-2733",
        "lng": 121.561741,
        "lat": 25.076649,
        "district": "中山區"
      }
    },
    {
      "type": "Feature",
      "geometry": {
        "type": "Point",
        "coordinates": [
          121.56524,
          25.039516
        ]
      },
      "properties": {
        "brand": "星巴克",
        "city": "臺北市",
        "store_name": "Dream Plaza",
        "address": "臺北市信義區松高路11號6F+7F(戶外區)",
        "phone": "0800-000482",
        "lng": 121.56524,
        "lat": 25.039516,
        "district": "信義區"
      }
    },
    {
      "type": "Feature",
      "geometry": {
        "type": "Point",
        "coordinates": [
          121.549357,
          25.053908
        ]
      },
      "properties": {
        "brand": "星巴克",
        "city": "臺北市",
        "store_name": "敦化",
        "address": "臺北市松山區敦化北路147號",
        "phone": "2718-2750",
        "lng": 121.549357,
        "lat": 25.053908,
        "district": "松山區"
      }
    },
    {
      "type": "Feature",
      "geometry": {
        "type": "Point",
        "coordinates": [
          121.547465,
          25.058957
        ]
      },
      "properties": {
        "brand": "星巴克",
        "city": "臺北市",
        "store_name": "宏泰",
        "address": "臺北市松山區民生東路三段156-1號",
        "phone": "2719-2682",
        "lng": 121.547465,
        "lat": 25.058957,
        "district": "松山區"
      }
    },
    {
      "type": "Feature",
      "geometry": {
        "type": "Point",
        "coordinates": [
          121.553929,
          25.051435
        ]
      },
      "properties": {
        "brand": "星巴克",
        "city": "臺北市",
        "store_name": "北寧",
        "address": "臺北市松山區南京東路四段56號",
        "phone": "2570-6312",
        "lng": 121.553929,
        "lat": 25.051435,
        "district": "松山區"
      }
    },
    {
      "type": "Feature",
      "geometry": {
        "type": "Point",
        "coordinates": [
          121.550332,
          25.047995
        ]
      },
      "properties": {
        "brand": "星巴克",
        "city": "臺北市",
        "store_name": "台視",
        "address": "臺北市松山區八德路三段10號",
        "phone": "2579-3016",
        "lng": 121.550332,
        "lat": 25.047995,
        "district": "松山區"
      }
    },
    {
      "type": "Feature",
      "geometry": {
        "type": "Point",
        "coordinates": [
          121.550395,
          25.061297
        ]
      },
      "properties": {
        "brand": "星巴克",
        "city": "臺北市",
        "store_name": "松山機場",
        "address": "臺北市松山區敦化北路340-9號2樓(一航廈)",
        "phone": "2545-3398",
        "lng": 121.550395,
        "lat": 25.061297,
        "district": "松山區"
      }
    },
    {
      "type": "Feature",
      "geometry": {
        "type": "Point",
        "coordinates": [
          121.547992,
          25.051963
        ]
      },
      "properties": {
        "brand": "星巴克",
        "city": "臺北市",
        "store_name": "微風南京",
        "address": "臺北市松山區南京東路三段337號1樓",
        "phone": "8712-0051",
        "lng": 121.547992,
        "lat": 25.051963,
        "district": "松山區"
      }
    },
    {
      "type": "Feature",
      "geometry": {
        "type": "Point",
        "coordinates": [
          121.549815,
          25.063374
        ]
      },
      "properties": {
        "brand": "星巴克",
        "city": "臺北市",
        "store_name": "松機T2",
        "address": "臺北市松山區敦化北路340之10號2樓(二航廈)",
        "phone": "2546-7840",
        "lng": 121.549815,
        "lat": 25.063374,
        "district": "松山區"
      }
    },
    {
      "type": "Feature",
      "geometry": {
        "type": "Point",
        "coordinates": [
          121.562473,
          25.058554
        ]
      },
      "properties": {
        "brand": "星巴克",
        "city": "臺北市",
        "store_name": "民生三民",
        "address": "臺北市松山區民生東路五段150之1號",
        "phone": "2767-6603",
        "lng": 121.562473,
        "lat": 25.058554,
        "district": "松山區"
      }
    },
    {
      "type": "Feature",
      "geometry": {
        "type": "Point",
        "coordinates": [
          121.514119,
          25.046111
        ]
      },
      "properties": {
        "brand": "星巴克",
        "city": "臺北市",
        "store_name": "懷寧",
        "address": "臺北市中正區懷寧街10號1-3樓",
        "phone": "2389-3776",
        "lng": 121.514119,
        "lat": 25.046111,
        "district": "中正區"
      }
    },
    {
      "type": "Feature",
      "geometry": {
        "type": "Point",
        "coordinates": [
          121.531534,
          25.041071
        ]
      },
      "properties": {
        "brand": "星巴克",
        "city": "臺北市",
        "store_name": "忠新",
        "address": "臺北市中正區忠孝東路二段134巷2號1樓",
        "phone": "2395-7870",
        "lng": 121.531534,
        "lat": 25.041071,
        "district": "中正區"
      }
    },
    {
      "type": "Feature",
      "geometry": {
        "type": "Point",
        "coordinates": [
          121.517055,
          25.047176
        ]
      },
      "properties": {
        "brand": "星巴克",
        "city": "臺北市",
        "store_name": "台鐵一",
        "address": "臺北市中正區北平西路3號2樓 (台北火車站內)",
        "phone": "2331-8012",
        "lng": 121.517055,
        "lat": 25.047176,
        "district": "中正區"
      }
    },
    {
      "type": "Feature",
      "geometry": {
        "type": "Point",
        "coordinates": [
          121.51623,
          25.045716
        ]
      },
      "properties": {
        "brand": "星巴克",
        "city": "臺北市",
        "store_name": "許昌南陽",
        "address": "臺北市中正區南陽街1號2F",
        "phone": "2389-9086",
        "lng": 121.51623,
        "lat": 25.045716,
        "district": "中正區"
      }
    },
    {
      "type": "Feature",
      "geometry": {
        "type": "Point",
        "coordinates": [
          121.525333,
          25.044537
        ]
      },
      "properties": {
        "brand": "星巴克",
        "city": "臺北市",
        "store_name": "紹興",
        "address": "臺北市中正區忠孝東路一段31號1樓",
        "phone": "2395-8127",
        "lng": 121.525333,
        "lat": 25.044537,
        "district": "中正區"
      }
    },
    {
      "type": "Feature",
      "geometry": {
        "type": "Point",
        "coordinates": [
          121.531021,
          25.045633
        ]
      },
      "properties": {
        "brand": "星巴克",
        "city": "臺北市",
        "store_name": "三創",
        "address": "臺北市中正區市民大道三段2號",
        "phone": "2341-8205",
        "lng": 121.531021,
        "lat": 25.045633,
        "district": "中正區"
      }
    },
    {
      "type": "Feature",
      "geometry": {
        "type": "Point",
        "coordinates": [
          121.517244,
          25.046481
        ]
      },
      "properties": {
        "brand": "星巴克",
        "city": "臺北市",
        "store_name": "台北捷運",
        "address": "臺北市中正區忠孝西路一段49號B1F",
        "phone": "2388-8321",
        "lng": 121.517244,
        "lat": 25.046481,
        "district": "中正區"
      }
    },
    {
      "type": "Feature",
      "geometry": {
        "type": "Point",
        "coordinates": [
          121.521542,
          25.038547
        ]
      },
      "properties": {
        "brand": "星巴克",
        "city": "臺北市",
        "store_name": "時代寓所",
        "address": "臺北市中正區林森南路7-1號",
        "phone": "2321-4348",
        "lng": 121.521542,
        "lat": 25.038547,
        "district": "中正區"
      }
    },
    {
      "type": "Feature",
      "geometry": {
        "type": "Point",
        "coordinates": [
          121.548297,
          25.041334
        ]
      },
      "properties": {
        "brand": "星巴克",
        "city": "臺北市",
        "store_name": "龍門",
        "address": "臺北市大安區忠孝東路四段134號1樓",
        "phone": "2740-6782",
        "lng": 121.548297,
        "lat": 25.041334,
        "district": "大安區"
      }
    },
    {
      "type": "Feature",
      "geometry": {
        "type": "Point",
        "coordinates": [
          121.551771,
          25.041679
        ]
      },
      "properties": {
        "brand": "星巴克",
        "city": "臺北市",
        "store_name": "同領",
        "address": "臺北市大安區忠孝東路四段201號",
        "phone": "8771-0612",
        "lng": 121.551771,
        "lat": 25.041679,
        "district": "大安區"
      }
    },
    {
      "type": "Feature",
      "geometry": {
        "type": "Point",
        "coordinates": [
          121.553038,
          25.039053
        ]
      },
      "properties": {
        "brand": "星巴克",
        "city": "臺北市",
        "store_name": "崇光",
        "address": "臺北市大安區忠孝東路四段45號B1",
        "phone": "2771-2826",
        "lng": 121.553038,
        "lat": 25.039053,
        "district": "大安區"
      }
    },
    {
      "type": "Feature",
      "geometry": {
        "type": "Point",
        "coordinates": [
          121.556894,
          25.042531
        ]
      },
      "properties": {
        "brand": "星巴克",
        "city": "臺北市",
        "store_name": "華視",
        "address": "臺北市大安區光復南路180巷14號1樓",
        "phone": "8771-9692",
        "lng": 121.556894,
        "lat": 25.042531,
        "district": "大安區"
      }
    },
    {
      "type": "Feature",
      "geometry": {
        "type": "Point",
        "coordinates": [
          121.543054,
          25.041212
        ]
      },
      "properties": {
        "brand": "星巴克",
        "city": "臺北市",
        "store_name": "崇興",
        "address": "臺北市大安區忠孝東路三段300號B2樓",
        "phone": "8772-5940",
        "lng": 121.543054,
        "lat": 25.041212,
        "district": "大安區"
      }
    },
    {
      "type": "Feature",
      "geometry": {
        "type": "Point",
        "coordinates": [
          121.544822,
          25.042725
        ]
      },
      "properties": {
        "brand": "星巴克",
        "city": "臺北市",
        "store_name": "復安",
        "address": "臺北市大安區復興南路一段135巷9號",
        "phone": "2775-1187",
        "lng": 121.544822,
        "lat": 25.042725,
        "district": "大安區"
      }
    },
    {
      "type": "Feature",
      "geometry": {
        "type": "Point",
        "coordinates": [
          121.553929,
          25.041205
        ]
      },
      "properties": {
        "brand": "星巴克",
        "city": "臺北市",
        "store_name": "忠孝延吉",
        "address": "臺北市大安區忠孝東路四段230號",
        "phone": "2731-9584",
        "lng": 121.553929,
        "lat": 25.041205,
        "district": "大安區"
      }
    },
    {
      "type": "Feature",
      "geometry": {
        "type": "Point",
        "coordinates": [
          121.543054,
          25.041212
        ]
      },
      "properties": {
        "brand": "星巴克",
        "city": "臺北市",
        "store_name": "SOGO復興B1",
        "address": "臺北市大安區忠孝東路三段300號B1",
        "phone": "8772-7909",
        "lng": 121.543054,
        "lat": 25.041212,
        "district": "大安區"
      }
    },
    {
      "type": "Feature",
      "geometry": {
        "type": "Point",
        "coordinates": [
          121.543805,
          25.033761
        ]
      },
      "properties": {
        "brand": "星巴克",
        "city": "臺北市",
        "store_name": "興南",
        "address": "臺北市復興南路一段323號1樓",
        "phone": "2325-9473",
        "lng": 121.543805,
        "lat": 25.033761,
        "district": "大安區"
      }
    },
    {
      "type": "Feature",
      "geometry": {
        "type": "Point",
        "coordinates": [
          121.544716,
          25.024748
        ]
      },
      "properties": {
        "brand": "星巴克",
        "city": "臺北市",
        "store_name": "建和",
        "address": "臺北市大安區和平東路二段42-1號",
        "phone": "2363-9331",
        "lng": 121.544716,
        "lat": 25.024748,
        "district": "大安區"
      }
    },
    {
      "type": "Feature",
      "geometry": {
        "type": "Point",
        "coordinates": [
          121.549179,
          25.028754
        ]
      },
      "properties": {
        "brand": "星巴克",
        "city": "臺北市",
        "store_name": "敦南",
        "address": "臺北市大安區敦化南路二段101號1樓",
        "phone": "2754-9460",
        "lng": 121.549179,
        "lat": 25.028754,
        "district": "大安區"
      }
    },
    {
      "type": "Feature",
      "geometry": {
        "type": "Point",
        "coordinates": [
          121.549191,
          25.031197
        ]
      },
      "properties": {
        "brand": "星巴克",
        "city": "臺北市",
        "store_name": "敦富",
        "address": "臺北市大安區敦化南路二段59號1樓",
        "phone": "2707-4198",
        "lng": 121.549191,
        "lat": 25.031197,
        "district": "大安區"
      }
    },
    {
      "type": "Feature",
      "geometry": {
        "type": "Point",
        "coordinates": [
          121.543645,
          25.025578
        ]
      },
      "properties": {
        "brand": "星巴克",
        "city": "臺北市",
        "store_name": "興和",
        "address": "臺北市大安區復興南路二段275號1樓",
        "phone": "2701-9918",
        "lng": 121.543645,
        "lat": 25.025578,
        "district": "大安區"
      }
    },
    {
      "type": "Feature",
      "geometry": {
        "type": "Point",
        "coordinates": [
          121.549118,
          25.025518
        ]
      },
      "properties": {
        "brand": "星巴克",
        "city": "臺北市",
        "store_name": "敦和",
        "address": "臺北市大安區敦化南路二段263號",
        "phone": "2732-0326",
        "lng": 121.549118,
        "lat": 25.025518,
        "district": "大安區"
      }
    },
    {
      "type": "Feature",
      "geometry": {
        "type": "Point",
        "coordinates": [
          121.554509,
          25.032456
        ]
      },
      "properties": {
        "brand": "星巴克",
        "city": "臺北市",
        "store_name": "通化",
        "address": "臺北市大安區文昌街209號",
        "phone": "2701-8950",
        "lng": 121.554509,
        "lat": 25.032456,
        "district": "大安區"
      }
    },
    {
      "type": "Feature",
      "geometry": {
        "type": "Point",
        "coordinates": [
          121.554538,
          25.037355
        ]
      },
      "properties": {
        "brand": "星巴克",
        "city": "臺北市",
        "store_name": "仁愛國泰",
        "address": "臺北市大安區仁愛路四段304號1樓",
        "phone": "2701-5644",
        "lng": 121.554538,
        "lat": 25.037355,
        "district": "大安區"
      }
    },
    {
      "type": "Feature",
      "geometry": {
        "type": "Point",
        "coordinates": [
          121.507478,
          25.044114
        ]
      },
      "properties": {
        "brand": "星巴克",
        "city": "臺北市",
        "store_name": "漢中",
        "address": "臺北市萬華區漢中街51號",
        "phone": "2370-5893",
        "lng": 121.507478,
        "lat": 25.044114,
        "district": "萬華區"
      }
    },
    {
      "type": "Feature",
      "geometry": {
        "type": "Point",
        "coordinates": [
          121.517729,
          25.030379
        ]
      },
      "properties": {
        "brand": "星巴克",
        "city": "臺北市",
        "store_name": "重慶",
        "address": "臺北市中正區重慶南路一段104號1樓",
        "phone": "2371-3336",
        "lng": 121.517729,
        "lat": 25.030379,
        "district": "中正區"
      }
    },
    {
      "type": "Feature",
      "geometry": {
        "type": "Point",
        "coordinates": [
          121.514904,
          25.044879
        ]
      },
      "properties": {
        "brand": "星巴克",
        "city": "臺北市",
        "store_name": "館前漢口",
        "address": "臺北市中正區館前路26號1樓",
        "phone": "2331-0893",
        "lng": 121.514904,
        "lat": 25.044879,
        "district": "中正區"
      }
    },
    {
      "type": "Feature",
      "geometry": {
        "type": "Point",
        "coordinates": [
          121.505706,
          25.045077
        ]
      },
      "properties": {
        "brand": "星巴克",
        "city": "臺北市",
        "store_name": "西門昆明",
        "address": "臺北市萬華區武昌街二段77號",
        "phone": "2314-8250",
        "lng": 121.505706,
        "lat": 25.045077,
        "district": "萬華區"
      }
    },
    {
      "type": "Feature",
      "geometry": {
        "type": "Point",
        "coordinates": [
          121.502506,
          25.029501
        ]
      },
      "properties": {
        "brand": "星巴克",
        "city": "臺北市",
        "store_name": "萬華西藏",
        "address": "臺北市萬華區西藏路123號",
        "phone": "2303-1368",
        "lng": 121.502506,
        "lat": 25.029501,
        "district": "萬華區"
      }
    },
    {
      "type": "Feature",
      "geometry": {
        "type": "Point",
        "coordinates": [
          121.573499,
          25.034163
        ]
      },
      "properties": {
        "brand": "星巴克",
        "city": "臺北市",
        "store_name": "信義經貿",
        "address": "臺北市信義路五段106號1樓(國泰信義經貿大樓)",
        "phone": "2723-5947",
        "lng": 121.573499,
        "lat": 25.034163,
        "district": "信義區"
      }
    },
    {
      "type": "Feature",
      "geometry": {
        "type": "Point",
        "coordinates": [
          121.567277,
          25.036074
        ]
      },
      "properties": {
        "brand": "星巴克",
        "city": "臺北市",
        "store_name": "新光",
        "address": "臺北市信義區松壽路11號",
        "phone": "8789-4099",
        "lng": 121.567277,
        "lat": 25.036074,
        "district": "信義區"
      }
    },
    {
      "type": "Feature",
      "geometry": {
        "type": "Point",
        "coordinates": [
          121.569219,
          25.024595
        ]
      },
      "properties": {
        "brand": "星巴克",
        "city": "臺北市",
        "store_name": "松仁",
        "address": "臺北市信義區松仁路7號1樓",
        "phone": "2723-1486",
        "lng": 121.569219,
        "lat": 25.024595,
        "district": "信義區"
      }
    },
    {
      "type": "Feature",
      "geometry": {
        "type": "Point",
        "coordinates": [
          121.572847,
          25.041148
        ]
      },
      "properties": {
        "brand": "星巴克",
        "city": "臺北市",
        "store_name": "永春",
        "address": "臺北市信義區忠孝東路五段297號1樓",
        "phone": "2742-5909",
        "lng": 121.572847,
        "lat": 25.041148,
        "district": "信義區"
      }
    },
    {
      "type": "Feature",
      "geometry": {
        "type": "Point",
        "coordinates": [
          121.563518,
          25.051623
        ]
      },
      "properties": {
        "brand": "星巴克",
        "city": "臺北市",
        "store_name": "南京三民",
        "address": "臺北市松山區南京東路五段171號1樓",
        "phone": "3765-2625",
        "lng": 121.563518,
        "lat": 25.051623,
        "district": "松山區"
      }
    },
    {
      "type": "Feature",
      "geometry": {
        "type": "Point",
        "coordinates": [
          121.568122,
          25.039512
        ]
      },
      "properties": {
        "brand": "星巴克",
        "city": "臺北市",
        "store_name": "Bellavita-B1",
        "address": "臺北市信義區松仁路28號B1",
        "phone": "2723-3390",
        "lng": 121.568122,
        "lat": 25.039512,
        "district": "信義區"
      }
    },
    {
      "type": "Feature",
      "geometry": {
        "type": "Point",
        "coordinates": [
          121.567968,
          25.036732
        ]
      },
      "properties": {
        "brand": "星巴克",
        "city": "臺北市",
        "store_name": "遠百A13",
        "address": "臺北市信義區松仁路58號B2",
        "phone": "8786-0374",
        "lng": 121.567968,
        "lat": 25.036732,
        "district": "信義區"
      }
    },
    {
      "type": "Feature",
      "geometry": {
        "type": "Point",
        "coordinates": [
          121.566382,
          25.04801
        ]
      },
      "properties": {
        "brand": "星巴克",
        "city": "臺北市",
        "store_name": "東興",
        "address": "臺北市信義區東興路37號",
        "phone": "2746-8061",
        "lng": 121.566382,
        "lat": 25.04801,
        "district": "信義區"
      }
    },
    {
      "type": "Feature",
      "geometry": {
        "type": "Point",
        "coordinates": [
          121.582177,
          25.044211
        ]
      },
      "properties": {
        "brand": "星巴克",
        "city": "臺北市",
        "store_name": "後山埤",
        "address": "臺北市南港區忠孝東路五段968號",
        "phone": "2653-8532",
        "lng": 121.582177,
        "lat": 25.044211,
        "district": "南港區"
      }
    },
    {
      "type": "Feature",
      "geometry": {
        "type": "Point",
        "coordinates": [
          121.565414,
          25.040865
        ]
      },
      "properties": {
        "brand": "星巴克",
        "city": "臺北市",
        "store_name": "台北時代",
        "address": "臺北市信義區忠孝東路五段8號2樓",
        "phone": "2722-6292",
        "lng": 121.565414,
        "lat": 25.040865,
        "district": "信義區"
      }
    },
    {
      "type": "Feature",
      "geometry": {
        "type": "Point",
        "coordinates": [
          121.565414,
          25.040865
        ]
      },
      "properties": {
        "brand": "星巴克",
        "city": "臺北市",
        "store_name": "時代B2",
        "address": "臺北市信義區忠孝東路五段8號B2",
        "phone": "2723-5871",
        "lng": 121.565414,
        "lat": 25.040865,
        "district": "信義區"
      }
    },
    {
      "type": "Feature",
      "geometry": {
        "type": "Point",
        "coordinates": [
          121.614226,
          25.059276
        ]
      },
      "properties": {
        "brand": "星巴克",
        "city": "臺北市",
        "store_name": "南港",
        "address": "臺北市南港區三重路19-10號",
        "phone": "2655-1456",
        "lng": 121.614226,
        "lat": 25.059276,
        "district": "南港區"
      }
    },
    {
      "type": "Feature",
      "geometry": {
        "type": "Point",
        "coordinates": [
          121.611839,
          25.057765
        ]
      },
      "properties": {
        "brand": "星巴克",
        "city": "臺北市",
        "store_name": "南園",
        "address": "臺北市南港區園區街3號2樓之7",
        "phone": "2785-0096",
        "lng": 121.611839,
        "lat": 25.057765,
        "district": "南港區"
      }
    },
    {
      "type": "Feature",
      "geometry": {
        "type": "Point",
        "coordinates": [
          121.578764,
          25.036732
        ]
      },
      "properties": {
        "brand": "星巴克",
        "city": "臺北市",
        "store_name": "松山車站",
        "address": "臺北市信義區松山路11號1樓",
        "phone": "2742-3361",
        "lng": 121.578764,
        "lat": 25.036732,
        "district": "信義區"
      }
    },
    {
      "type": "Feature",
      "geometry": {
        "type": "Point",
        "coordinates": [
          121.611534,
          25.05317
        ]
      },
      "properties": {
        "brand": "星巴克",
        "city": "臺北市",
        "store_name": "南港車站",
        "address": "臺北市南港區忠孝東路7段359號A棟1樓",
        "phone": "2651-5825",
        "lng": 121.611534,
        "lat": 25.05317,
        "district": "南港區"
      }
    },
    {
      "type": "Feature",
      "geometry": {
        "type": "Point",
        "coordinates": [
          121.614969,
          25.058743
        ]
      },
      "properties": {
        "brand": "星巴克",
        "city": "臺北市",
        "store_name": "南港中信",
        "address": "臺北市南港區經貿二路186號1樓",
        "phone": "2785-2946",
        "lng": 121.614969,
        "lat": 25.058743,
        "district": "南港區"
      }
    },
    {
      "type": "Feature",
      "geometry": {
        "type": "Point",
        "coordinates": [
          121.607496,
          25.052571
        ]
      },
      "properties": {
        "brand": "星巴克",
        "city": "臺北市",
        "store_name": "南港高鐵",
        "address": "臺北市南港區忠孝東路七段371號B2",
        "phone": "2651-8062",
        "lng": 121.607496,
        "lat": 25.052571,
        "district": "南港區"
      }
    },
    {
      "type": "Feature",
      "geometry": {
        "type": "Point",
        "coordinates": [
          121.60389,
          25.057938
        ]
      },
      "properties": {
        "brand": "星巴克",
        "city": "臺北市",
        "store_name": "南港重陽",
        "address": "臺北市南港區重陽路269號一樓",
        "phone": "2783-9619",
        "lng": 121.60389,
        "lat": 25.057938,
        "district": "南港區"
      }
    },
    {
      "type": "Feature",
      "geometry": {
        "type": "Point",
        "coordinates": [
          121.617583,
          25.059345
        ]
      },
      "properties": {
        "brand": "星巴克",
        "city": "臺北市",
        "store_name": "南港LALA",
        "address": "臺北市南港區經貿二路131號2樓",
        "phone": "2783-2932",
        "lng": 121.617583,
        "lat": 25.059345,
        "district": "南港區"
      }
    },
    {
      "type": "Feature",
      "geometry": {
        "type": "Point",
        "coordinates": [
          121.592402,
          25.053096
        ]
      },
      "properties": {
        "brand": "星巴克",
        "city": "臺北市",
        "store_name": "南港昆陽",
        "address": "臺北市南港區昆陽街22號",
        "phone": "2653-3798",
        "lng": 121.592402,
        "lat": 25.053096,
        "district": "南港區"
      }
    },
    {
      "type": "Feature",
      "geometry": {
        "type": "Point",
        "coordinates": [
          121.53216,
          25.016767
        ]
      },
      "properties": {
        "brand": "星巴克",
        "city": "臺北市",
        "store_name": "羅斯福",
        "address": "臺北市中正區羅斯福路三段301號",
        "phone": "2364-6845",
        "lng": 121.53216,
        "lat": 25.016767,
        "district": "中正區"
      }
    },
    {
      "type": "Feature",
      "geometry": {
        "type": "Point",
        "coordinates": [
          121.523332,
          25.02676
        ]
      },
      "properties": {
        "brand": "星巴克",
        "city": "臺北市",
        "store_name": "和平",
        "address": "臺北市大安區和平東路一段2號",
        "phone": "2369-4200",
        "lng": 121.523332,
        "lat": 25.02676,
        "district": "大安區"
      }
    },
    {
      "type": "Feature",
      "geometry": {
        "type": "Point",
        "coordinates": [
          121.525988,
          25.03503
        ]
      },
      "properties": {
        "brand": "星巴克",
        "city": "臺北市",
        "store_name": "杭州",
        "address": "臺北市中正區信義路二段1號之1",
        "phone": "2393-0139",
        "lng": 121.525988,
        "lat": 25.03503,
        "district": "中正區"
      }
    },
    {
      "type": "Feature",
      "geometry": {
        "type": "Point",
        "coordinates": [
          121.517008,
          25.032493
        ]
      },
      "properties": {
        "brand": "星巴克",
        "city": "臺北市",
        "store_name": "南海",
        "address": "臺北市中正區南海路20號",
        "phone": "2396-0860",
        "lng": 121.517008,
        "lat": 25.032493,
        "district": "中正區"
      }
    },
    {
      "type": "Feature",
      "geometry": {
        "type": "Point",
        "coordinates": [
          121.530087,
          25.0146
        ]
      },
      "properties": {
        "brand": "星巴克",
        "city": "臺北市",
        "store_name": "公館水源",
        "address": "臺北市中正區思源街16號",
        "phone": "2368-2805",
        "lng": 121.530087,
        "lat": 25.0146,
        "district": "中正區"
      }
    },
    {
      "type": "Feature",
      "geometry": {
        "type": "Point",
        "coordinates": [
          121.518555,
          25.040776
        ]
      },
      "properties": {
        "brand": "星巴克",
        "city": "臺北市",
        "store_name": "台醫B1",
        "address": "臺北市中正區中山南路7號 B1",
        "phone": "2321-5497",
        "lng": 121.518555,
        "lat": 25.040776,
        "district": "中正區"
      }
    },
    {
      "type": "Feature",
      "geometry": {
        "type": "Point",
        "coordinates": [
          121.529732,
          25.03327
        ]
      },
      "properties": {
        "brand": "星巴克",
        "city": "臺北市",
        "store_name": "永康街2F",
        "address": "臺北市大安區永康街2號2F & 2F-1",
        "phone": "2395-2157",
        "lng": 121.529732,
        "lat": 25.03327,
        "district": "大安區"
      }
    },
    {
      "type": "Feature",
      "geometry": {
        "type": "Point",
        "coordinates": [
          121.531779,
          25.026409
        ]
      },
      "properties": {
        "brand": "星巴克",
        "city": "臺北市",
        "store_name": "師大和平",
        "address": "臺北市大安區和平東路一段129-1號1樓",
        "phone": "2321-3986",
        "lng": 121.531779,
        "lat": 25.026409,
        "district": "大安區"
      }
    },
    {
      "type": "Feature",
      "geometry": {
        "type": "Point",
        "coordinates": [
          121.524585,
          25.024523
        ]
      },
      "properties": {
        "brand": "星巴克",
        "city": "臺北市",
        "store_name": "古亭",
        "address": "臺北市大安區羅斯福路二段109號",
        "phone": "02-23679474",
        "lng": 121.524585,
        "lat": 25.024523,
        "district": "大安區"
      }
    },
    {
      "type": "Feature",
      "geometry": {
        "type": "Point",
        "coordinates": [
          121.541223,
          25.02169
        ]
      },
      "properties": {
        "brand": "星巴克",
        "city": "臺北市",
        "store_name": "辛亥",
        "address": "臺北市大安區辛亥路二段175號",
        "phone": "2738-5799",
        "lng": 121.541223,
        "lat": 25.02169,
        "district": "大安區"
      }
    },
    {
      "type": "Feature",
      "geometry": {
        "type": "Point",
        "coordinates": [
          121.557849,
          25.000833
        ]
      },
      "properties": {
        "brand": "星巴克",
        "city": "臺北市",
        "store_name": "萬芳",
        "address": "臺北市文山區興隆路三段111號",
        "phone": "2933-6950",
        "lng": 121.557849,
        "lat": 25.000833,
        "district": "文山區"
      }
    },
    {
      "type": "Feature",
      "geometry": {
        "type": "Point",
        "coordinates": [
          121.575705,
          24.987832
        ]
      },
      "properties": {
        "brand": "星巴克",
        "city": "臺北市",
        "store_name": "政大",
        "address": "臺北市文山區指南路二段105號",
        "phone": "8661-6613",
        "lng": 121.575705,
        "lat": 24.987832,
        "district": "文山區"
      }
    },
    {
      "type": "Feature",
      "geometry": {
        "type": "Point",
        "coordinates": [
          121.566906,
          24.98872
        ]
      },
      "properties": {
        "brand": "星巴克",
        "city": "臺北市",
        "store_name": "木柵",
        "address": "臺北市文山區木柵路三段75號",
        "phone": "2234-3305",
        "lng": 121.566906,
        "lat": 24.98872,
        "district": "文山區"
      }
    },
    {
      "type": "Feature",
      "geometry": {
        "type": "Point",
        "coordinates": [
          121.561064,
          24.981886
        ]
      },
      "properties": {
        "brand": "星巴克",
        "city": "臺北市",
        "store_name": "木新",
        "address": "臺北市文山區木新路三段162號",
        "phone": "2938-8436",
        "lng": 121.561064,
        "lat": 24.981886,
        "district": "文山區"
      }
    },
    {
      "type": "Feature",
      "geometry": {
        "type": "Point",
        "coordinates": [
          121.544352,
          24.992591
        ]
      },
      "properties": {
        "brand": "星巴克",
        "city": "臺北市",
        "store_name": "景美",
        "address": "臺北市文山區景興路185號1~2樓",
        "phone": "8931-3423",
        "lng": 121.544352,
        "lat": 24.992591,
        "district": "文山區"
      }
    },
    {
      "type": "Feature",
      "geometry": {
        "type": "Point",
        "coordinates": [
          121.545104,
          25.017562
        ]
      },
      "properties": {
        "brand": "星巴克",
        "city": "臺北市",
        "store_name": "長興",
        "address": "臺北市大安區基隆路三段85號",
        "phone": "2732-9834",
        "lng": 121.545104,
        "lat": 25.017562,
        "district": "大安區"
      }
    },
    {
      "type": "Feature",
      "geometry": {
        "type": "Point",
        "coordinates": [
          121.568126,
          25.03446
        ]
      },
      "properties": {
        "brand": "星巴克",
        "city": "臺北市",
        "store_name": "信義南山",
        "address": "臺北市信義區松仁路100號2樓",
        "phone": "2723-3357",
        "lng": 121.568126,
        "lat": 25.03446,
        "district": "信義區"
      }
    },
    {
      "type": "Feature",
      "geometry": {
        "type": "Point",
        "coordinates": [
          121.562337,
          25.033153
        ]
      },
      "properties": {
        "brand": "星巴克",
        "city": "臺北市",
        "store_name": "世貿一館",
        "address": "臺北市信義區信義路五段5號1樓",
        "phone": "2720-4509",
        "lng": 121.562337,
        "lat": 25.033153,
        "district": "信義區"
      }
    },
    {
      "type": "Feature",
      "geometry": {
        "type": "Point",
        "coordinates": [
          121.565775,
          25.034435
        ]
      },
      "properties": {
        "brand": "星巴克",
        "city": "臺北市",
        "store_name": "微風南山",
        "address": "臺北市信義區松智路17號一樓",
        "phone": "2723-5813",
        "lng": 121.565775,
        "lat": 25.034435,
        "district": "信義區"
      }
    },
    {
      "type": "Feature",
      "geometry": {
        "type": "Point",
        "coordinates": [
          121.504742,
          25.043149
        ]
      },
      "properties": {
        "brand": "星巴克",
        "city": "臺北市",
        "store_name": "西門成都",
        "address": "臺北市萬華區成都路87號",
        "phone": "2311-4818",
        "lng": 121.504742,
        "lat": 25.043149,
        "district": "萬華區"
      }
    },
    {
      "type": "Feature",
      "geometry": {
        "type": "Point",
        "coordinates": [
          121.498395,
          25.033534
        ]
      },
      "properties": {
        "brand": "星巴克",
        "city": "臺北市",
        "store_name": "艋舺",
        "address": "臺北市萬華區西園路一段306巷24&26號",
        "phone": "2302-8643",
        "lng": 121.498395,
        "lat": 25.033534,
        "district": "萬華區"
      }
    },
    {
      "type": "Feature",
      "geometry": {
        "type": "Point",
        "coordinates": [
          121.495751,
          25.038089
        ]
      },
      "properties": {
        "brand": "星巴克",
        "city": "臺北市",
        "store_name": "西門桂林",
        "address": "臺北市萬華區桂林路1號",
        "phone": "2361-6931",
        "lng": 121.495751,
        "lat": 25.038089,
        "district": "萬華區"
      }
    },
    {
      "type": "Feature",
      "geometry": {
        "type": "Point",
        "coordinates": [
          121.563901,
          25.034027
        ]
      },
      "properties": {
        "brand": "星巴克",
        "city": "臺北市",
        "store_name": "101",
        "address": "臺北市信義區市府路45號1樓B&C室",
        "phone": "8101-8126",
        "lng": 121.563901,
        "lat": 25.034027,
        "district": "信義區"
      }
    },
    {
      "type": "Feature",
      "geometry": {
        "type": "Point",
        "coordinates": [
          121.561092,
          25.031772
        ]
      },
      "properties": {
        "brand": "星巴克",
        "city": "臺北市",
        "store_name": "南山",
        "address": "臺北市信義區莊敬路168號1樓",
        "phone": "8786-7793",
        "lng": 121.561092,
        "lat": 25.031772,
        "district": "信義區"
      }
    },
    {
      "type": "Feature",
      "geometry": {
        "type": "Point",
        "coordinates": [
          121.563635,
          25.026639
        ]
      },
      "properties": {
        "brand": "星巴克",
        "city": "臺北市",
        "store_name": "北醫",
        "address": "臺北市信義區吳興街252號1樓(第三醫療大樓)",
        "phone": "2732-8509",
        "lng": 121.563635,
        "lat": 25.026639,
        "district": "信義區"
      }
    },
    {
      "type": "Feature",
      "geometry": {
        "type": "Point",
        "coordinates": [
          121.561272,
          25.026634
        ]
      },
      "properties": {
        "brand": "星巴克",
        "city": "臺北市",
        "store_name": "北醫吳興",
        "address": "臺北市信義區吳興街220巷1號",
        "phone": "2377-2279",
        "lng": 121.561272,
        "lat": 25.026634,
        "district": "信義區"
      }
    },
    {
      "type": "Feature",
      "geometry": {
        "type": "Point",
        "coordinates": [
          121.563901,
          25.034027
        ]
      },
      "properties": {
        "brand": "星巴克",
        "city": "臺北市",
        "store_name": "101典藏",
        "address": "臺北市信義區市府路45號B1",
        "phone": "8101-8511",
        "lng": 121.563901,
        "lat": 25.034027,
        "district": "信義區"
      }
    },
    {
      "type": "Feature",
      "geometry": {
        "type": "Point",
        "coordinates": [
          121.555836,
          25.032715
        ]
      },
      "properties": {
        "brand": "subway",
        "city": "臺北市",
        "store_name": "#36667 大安公園餐廳",
        "address": "臺北市大安區信義路3段27號 1樓",
        "phone": "02-2704-9318",
        "lng": 121.555836,
        "lat": 25.032715,
        "district": "大安區"
      }
    },
    {
      "type": "Feature",
      "geometry": {
        "type": "Point",
        "coordinates": [
          121.526363,
          25.041384
        ]
      },
      "properties": {
        "brand": "subway",
        "city": "臺北市",
        "store_name": "#43849 濟南新生餐廳",
        "address": "臺北市中正區濟南路2段58-2號1樓",
        "phone": "02-2327-9318",
        "lng": 121.526363,
        "lat": 25.041384,
        "district": "中正區"
      }
    },
    {
      "type": "Feature",
      "geometry": {
        "type": "Point",
        "coordinates": [
          121.527056,
          25.033822
        ]
      },
      "properties": {
        "brand": "subway",
        "city": "臺北市",
        "store_name": "#26739 師大餐廳",
        "address": "臺北市大安區金山南路2段230號",
        "phone": "02-2322-1767",
        "lng": 121.527056,
        "lat": 25.033822,
        "district": "大安區"
      }
    },
    {
      "type": "Feature",
      "geometry": {
        "type": "Point",
        "coordinates": [
          121.539913,
          25.010588
        ]
      },
      "properties": {
        "brand": "subway",
        "city": "臺北市",
        "store_name": "#32580 台電餐廳",
        "address": "臺北市大安區羅斯福路3段241號1樓",
        "phone": "02-3365-3359",
        "lng": 121.539913,
        "lat": 25.010588,
        "district": "大安區"
      }
    },
    {
      "type": "Feature",
      "geometry": {
        "type": "Point",
        "coordinates": [
          121.507727,
          25.035089
        ]
      },
      "properties": {
        "brand": "subway",
        "city": "臺北市",
        "store_name": "#42689 小南門餐廳",
        "address": "臺北市中正區延平南路165號1樓",
        "phone": "02-2311-4819",
        "lng": 121.507727,
        "lat": 25.035089,
        "district": "中正區"
      }
    },
    {
      "type": "Feature",
      "geometry": {
        "type": "Point",
        "coordinates": [
          121.542442,
          25.025209
        ]
      },
      "properties": {
        "brand": "subway",
        "city": "臺北市",
        "store_name": "#527421復興和平餐廳",
        "address": "臺北市大安區和平東路二段203號1樓",
        "phone": "02-2705-4132",
        "lng": 121.542442,
        "lat": 25.025209,
        "district": "大安區"
      }
    },
    {
      "type": "Feature",
      "geometry": {
        "type": "Point",
        "coordinates": [
          121.5129,
          25.042397
        ]
      },
      "properties": {
        "brand": "subway",
        "city": "臺北市",
        "store_name": "#52742 重慶衡陽餐廳",
        "address": "臺北市中正區衡陽路23號1樓",
        "phone": "02-2311-7907",
        "lng": 121.5129,
        "lat": 25.042397,
        "district": "中正區"
      }
    },
    {
      "type": "Feature",
      "geometry": {
        "type": "Point",
        "coordinates": [
          121.548434,
          25.033025
        ]
      },
      "properties": {
        "brand": "subway",
        "city": "臺北市",
        "store_name": "#34100 敦化和平餐廳",
        "address": "臺北市大安區敦化南路2段150號1樓",
        "phone": "02-2709-2008",
        "lng": 121.548434,
        "lat": 25.033025,
        "district": "大安區"
      }
    },
    {
      "type": "Feature",
      "geometry": {
        "type": "Point",
        "coordinates": [
          121.578764,
          25.036732
        ]
      },
      "properties": {
        "brand": "subway",
        "city": "臺北市",
        "store_name": "#70031 松山車站餐廳",
        "address": "臺北市信義區松山路11號地下1樓",
        "phone": "02-2753-0258",
        "lng": 121.578764,
        "lat": 25.036732,
        "district": "信義區"
      }
    },
    {
      "type": "Feature",
      "geometry": {
        "type": "Point",
        "coordinates": [
          121.585978,
          25.087892
        ]
      },
      "properties": {
        "brand": "肯德基",
        "city": "臺北市",
        "store_name": "內湖金龍",
        "address": "臺北市內湖區金龍路8號",
        "phone": "02-2792-1185",
        "lng": 121.585978,
        "lat": 25.087892,
        "district": "內湖區"
      }
    },
    {
      "type": "Feature",
      "geometry": {
        "type": "Point",
        "coordinates": [
          121.575073,
          25.076115
        ]
      },
      "properties": {
        "brand": "肯德基",
        "city": "臺北市",
        "store_name": "內湖瑞光",
        "address": "臺北市內湖區瑞光路292號",
        "phone": "02-2797-0368",
        "lng": 121.575073,
        "lat": 25.076115,
        "district": "內湖區"
      }
    },
    {
      "type": "Feature",
      "geometry": {
        "type": "Point",
        "coordinates": [
          121.502119,
          25.136651
        ]
      },
      "properties": {
        "brand": "肯德基",
        "city": "臺北市",
        "store_name": "北投光明",
        "address": "臺北市北投區光明路225號(新北投捷運站)",
        "phone": "02-2898-5078",
        "lng": 121.502119,
        "lat": 25.136651,
        "district": "北投區"
      }
    },
    {
      "type": "Feature",
      "geometry": {
        "type": "Point",
        "coordinates": [
          121.52595,
          25.08729
        ]
      },
      "properties": {
        "brand": "肯德基",
        "city": "臺北市",
        "store_name": "台北士林",
        "address": "臺北市士林區文林路88號(劍潭捷運站)",
        "phone": "02-2881-1323",
        "lng": 121.52595,
        "lat": 25.08729,
        "district": "士林區"
      }
    },
    {
      "type": "Feature",
      "geometry": {
        "type": "Point",
        "coordinates": [
          121.515844,
          25.031649
        ]
      },
      "properties": {
        "brand": "肯德基",
        "city": "臺北市",
        "store_name": "台北南昌",
        "address": "臺北市中正區南昌路一段12號",
        "phone": "02-2396-3828",
        "lng": 121.515844,
        "lat": 25.031649,
        "district": "中正區"
      }
    },
    {
      "type": "Feature",
      "geometry": {
        "type": "Point",
        "coordinates": [
          121.520854,
          25.057287
        ]
      },
      "properties": {
        "brand": "肯德基",
        "city": "臺北市",
        "store_name": "台北雙連",
        "address": "臺北市中山區民生西路9號(雙連捷運站)",
        "phone": "02-2562-1959",
        "lng": 121.520854,
        "lat": 25.057287,
        "district": "中山區"
      }
    },
    {
      "type": "Feature",
      "geometry": {
        "type": "Point",
        "coordinates": [
          121.559375,
          24.983129
        ]
      },
      "properties": {
        "brand": "統一超商",
        "city": "臺北市",
        "store_name": "忠順",
        "address": "臺北市文山區忠順街一段26巷22號24號",
        "phone": "02-29379365",
        "lng": 121.559375,
        "lat": 24.983129,
        "district": "文山區"
      }
    },
    {
      "type": "Feature",
      "geometry": {
        "type": "Point",
        "coordinates": [
          121.525358,
          25.035169
        ]
      },
      "properties": {
        "brand": "統一超商",
        "city": "臺北市",
        "store_name": "杭信",
        "address": "臺北市中正區信義路二段15號1樓",
        "phone": "02-23584603",
        "lng": 121.525358,
        "lat": 25.035169,
        "district": "中正區"
      }
    },
    {
      "type": "Feature",
      "geometry": {
        "type": "Point",
        "coordinates": [
          121.530121,
          25.11436
        ]
      },
      "properties": {
        "brand": "統一超商",
        "city": "臺北市",
        "store_name": "天美",
        "address": "臺北市士林區天母東路8巷96號98號",
        "phone": "02-28762701",
        "lng": 121.530121,
        "lat": 25.11436,
        "district": "士林區"
      }
    },
    {
      "type": "Feature",
      "geometry": {
        "type": "Point",
        "coordinates": [
          121.503436,
          25.02962
        ]
      },
      "properties": {
        "brand": "統一超商",
        "city": "臺北市",
        "store_name": "華藏",
        "address": "臺北市萬華區西藏路107號107之1號1樓",
        "phone": "02-23034547",
        "lng": 121.503436,
        "lat": 25.02962,
        "district": "萬華區"
      }
    },
    {
      "type": "Feature",
      "geometry": {
        "type": "Point",
        "coordinates": [
          121.576422,
          25.056833
        ]
      },
      "properties": {
        "brand": "統一超商",
        "city": "臺北市",
        "store_name": "彩龍",
        "address": "臺北市內湖區行善路35號1F",
        "phone": "02-87902990",
        "lng": 121.576422,
        "lat": 25.056833,
        "district": "內湖區"
      }
    },
    {
      "type": "Feature",
      "geometry": {
        "type": "Point",
        "coordinates": [
          121.530275,
          25.055817
        ]
      },
      "properties": {
        "brand": "統一超商",
        "city": "臺北市",
        "store_name": "大吉",
        "address": "臺北市中山區吉林路97號99號1樓",
        "phone": "02-25630883",
        "lng": 121.530275,
        "lat": 25.055817,
        "district": "中山區"
      }
    },
    {
      "type": "Feature",
      "geometry": {
        "type": "Point",
        "coordinates": [
          121.525232,
          25.089475
        ]
      },
      "properties": {
        "brand": "統一超商",
        "city": "臺北市",
        "store_name": "大饌",
        "address": "臺北市士林區大東路35號1樓",
        "phone": "02-28838865",
        "lng": 121.525232,
        "lat": 25.089475,
        "district": "士林區"
      }
    },
    {
      "type": "Feature",
      "geometry": {
        "type": "Point",
        "coordinates": [
          121.506823,
          25.041167
        ]
      },
      "properties": {
        "brand": "統一超商",
        "city": "臺北市",
        "store_name": "漢中",
        "address": "臺北市萬華區漢中街185號187號",
        "phone": "02-23120633",
        "lng": 121.506823,
        "lat": 25.041167,
        "district": "萬華區"
      }
    },
    {
      "type": "Feature",
      "geometry": {
        "type": "Point",
        "coordinates": [
          121.597386,
          25.061422
        ]
      },
      "properties": {
        "brand": "統一超商",
        "city": "臺北市",
        "store_name": "安保",
        "address": "臺北市內湖區安康路28號1樓",
        "phone": "02-27953964",
        "lng": 121.597386,
        "lat": 25.061422,
        "district": "內湖區"
      }
    },
    {
      "type": "Feature",
      "geometry": {
        "type": "Point",
        "coordinates": [
          121.505176,
          25.09232
        ]
      },
      "properties": {
        "brand": "統一超商",
        "city": "臺北市",
        "store_name": "社中",
        "address": "臺北市士林區社中街320號322號1樓",
        "phone": "02-28119270",
        "lng": 121.505176,
        "lat": 25.09232,
        "district": "士林區"
      }
    },
    {
      "type": "Feature",
      "geometry": {
        "type": "Point",
        "coordinates": [
          121.571239,
          25.084363
        ]
      },
      "properties": {
        "brand": "統一超商",
        "city": "臺北市",
        "store_name": "福湖",
        "address": "臺北市內湖區內湖路一段411巷17號19弄1號",
        "phone": "02-26274816",
        "lng": 121.571239,
        "lat": 25.084363,
        "district": "內湖區"
      }
    },
    {
      "type": "Feature",
      "geometry": {
        "type": "Point",
        "coordinates": [
          121.604351,
          25.073337
        ]
      },
      "properties": {
        "brand": "統一超商",
        "city": "臺北市",
        "store_name": "權金",
        "address": "臺北市內湖區金湖路405號1樓",
        "phone": "02-26324440",
        "lng": 121.604351,
        "lat": 25.073337,
        "district": "內湖區"
      }
    },
    {
      "type": "Feature",
      "geometry": {
        "type": "Point",
        "coordinates": [
          121.599995,
          25.084511
        ]
      },
      "properties": {
        "brand": "統一超商",
        "city": "臺北市",
        "store_name": "秀湖",
        "address": "臺北市內湖區成功路四段359號1樓",
        "phone": "02-27960399",
        "lng": 121.599995,
        "lat": 25.084511,
        "district": "內湖區"
      }
    },
    {
      "type": "Feature",
      "geometry": {
        "type": "Point",
        "coordinates": [
          121.533206,
          25.116783
        ]
      },
      "properties": {
        "brand": "統一超商",
        "city": "臺北市",
        "store_name": "天越",
        "address": "臺北市士林區天母東路50巷25號",
        "phone": "02-28724484",
        "lng": 121.533206,
        "lat": 25.116783,
        "district": "士林區"
      }
    },
    {
      "type": "Feature",
      "geometry": {
        "type": "Point",
        "coordinates": [
          121.575081,
          25.077408
        ]
      },
      "properties": {
        "brand": "統一超商",
        "city": "臺北市",
        "store_name": "鴻瑞",
        "address": "臺北市內湖區瑞光路335號1樓",
        "phone": "02-26275241",
        "lng": 121.575081,
        "lat": 25.077408,
        "district": "內湖區"
      }
    },
    {
      "type": "Feature",
      "geometry": {
        "type": "Point",
        "coordinates": [
          121.535914,
          25.061881
        ]
      },
      "properties": {
        "brand": "統一超商",
        "city": "臺北市",
        "store_name": "建欣",
        "address": "臺北市中山區建國北路二段13號1樓",
        "phone": "02-25177302",
        "lng": 121.535914,
        "lat": 25.061881,
        "district": "中山區"
      }
    },
    {
      "type": "Feature",
      "geometry": {
        "type": "Point",
        "coordinates": [
          121.56828,
          25.080769
        ]
      },
      "properties": {
        "brand": "統一超商",
        "city": "臺北市",
        "store_name": "瑞景",
        "address": "臺北市內湖區瑞光路583巷30號1樓",
        "phone": "02-87513436",
        "lng": 121.56828,
        "lat": 25.080769,
        "district": "內湖區"
      }
    },
    {
      "type": "Feature",
      "geometry": {
        "type": "Point",
        "coordinates": [
          121.577701,
          25.057913
        ]
      },
      "properties": {
        "brand": "統一超商",
        "city": "臺北市",
        "store_name": "國企",
        "address": "臺北市內湖區行善路136號1樓",
        "phone": "02-87912530",
        "lng": 121.577701,
        "lat": 25.057913,
        "district": "內湖區"
      }
    },
    {
      "type": "Feature",
      "geometry": {
        "type": "Point",
        "coordinates": [
          121.534364,
          25.110925
        ]
      },
      "properties": {
        "brand": "統一超商",
        "city": "臺北市",
        "store_name": "蘭雅",
        "address": "臺北市士林區德行東路6之2號1樓",
        "phone": "02-28345909",
        "lng": 121.534364,
        "lat": 25.110925,
        "district": "士林區"
      }
    },
    {
      "type": "Feature",
      "geometry": {
        "type": "Point",
        "coordinates": [
          121.518574,
          25.072561
        ]
      },
      "properties": {
        "brand": "統一超商",
        "city": "臺北市",
        "store_name": "德倫",
        "address": "臺北市大同區承德路三段240號242號1樓",
        "phone": "02-25875361",
        "lng": 121.518574,
        "lat": 25.072561,
        "district": "大同區"
      }
    },
    {
      "type": "Feature",
      "geometry": {
        "type": "Point",
        "coordinates": [
          121.565714,
          25.048594
        ]
      },
      "properties": {
        "brand": "統一超商",
        "city": "臺北市",
        "store_name": "統威",
        "address": "臺北市松山區東興路13-1號1樓15巷3號1樓",
        "phone": "02-27481762",
        "lng": 121.565714,
        "lat": 25.048594,
        "district": "松山區"
      }
    },
    {
      "type": "Feature",
      "geometry": {
        "type": "Point",
        "coordinates": [
          121.573991,
          25.045709
        ]
      },
      "properties": {
        "brand": "統一超商",
        "city": "臺北市",
        "store_name": "永吉",
        "address": "臺北市信義區永吉路217號1樓2樓及219號1樓",
        "phone": "02-27563192",
        "lng": 121.573991,
        "lat": 25.045709,
        "district": "信義區"
      }
    },
    {
      "type": "Feature",
      "geometry": {
        "type": "Point",
        "coordinates": [
          121.532331,
          25.118874
        ]
      },
      "properties": {
        "brand": "統一超商",
        "city": "臺北市",
        "store_name": "東洋",
        "address": "臺北市士林區中山北路七段14巷19號Ｂ1",
        "phone": "02-28753409",
        "lng": 121.532331,
        "lat": 25.118874,
        "district": "士林區"
      }
    },
    {
      "type": "Feature",
      "geometry": {
        "type": "Point",
        "coordinates": [
          121.563232,
          25.08068
        ]
      },
      "properties": {
        "brand": "統一超商",
        "city": "臺北市",
        "store_name": "堤頂",
        "address": "臺北市內湖區堤頂大道二段411號1樓",
        "phone": "02-26597738",
        "lng": 121.563232,
        "lat": 25.08068,
        "district": "內湖區"
      }
    },
    {
      "type": "Feature",
      "geometry": {
        "type": "Point",
        "coordinates": [
          121.5256,
          25.067268
        ]
      },
      "properties": {
        "brand": "統一超商",
        "city": "臺北市",
        "store_name": "森吉",
        "address": "臺北市中山區林森北路624號626號1樓",
        "phone": "02-25958727",
        "lng": 121.5256,
        "lat": 25.067268,
        "district": "中山區"
      }
    },
    {
      "type": "Feature",
      "geometry": {
        "type": "Point",
        "coordinates": [
          121.52538,
          25.057014
        ]
      },
      "properties": {
        "brand": "統一超商",
        "city": "臺北市",
        "store_name": "國賓",
        "address": "臺北市中山區中山北路二段71號1樓",
        "phone": "02-25682463",
        "lng": 121.52538,
        "lat": 25.057014,
        "district": "中山區"
      }
    },
    {
      "type": "Feature",
      "geometry": {
        "type": "Point",
        "coordinates": [
          121.570707,
          25.000969
        ]
      },
      "properties": {
        "brand": "統一超商",
        "city": "臺北市",
        "store_name": "萬芳",
        "address": "臺北市文山區萬安街23號25號27號27-1號1樓",
        "phone": "02-22390910",
        "lng": 121.570707,
        "lat": 25.000969,
        "district": "文山區"
      }
    },
    {
      "type": "Feature",
      "geometry": {
        "type": "Point",
        "coordinates": [
          121.541397,
          24.995522
        ]
      },
      "properties": {
        "brand": "統一超商",
        "city": "臺北市",
        "store_name": "羅盛",
        "address": "臺北市文山區羅斯福路六段235號237號1樓2樓",
        "phone": "02-89317088",
        "lng": 121.541397,
        "lat": 24.995522,
        "district": "文山區"
      }
    },
    {
      "type": "Feature",
      "geometry": {
        "type": "Point",
        "coordinates": [
          121.516712,
          25.037326
        ]
      },
      "properties": {
        "brand": "統一超商",
        "city": "臺北市",
        "store_name": "國圖",
        "address": "臺北市中正區中山南路20號B1樓",
        "phone": "02-23141506",
        "lng": 121.516712,
        "lat": 25.037326,
        "district": "中正區"
      }
    },
    {
      "type": "Feature",
      "geometry": {
        "type": "Point",
        "coordinates": [
          121.528122,
          25.021042
        ]
      },
      "properties": {
        "brand": "統一超商",
        "city": "臺北市",
        "store_name": "龍泉",
        "address": "臺北市大安區羅斯福路三段193號1樓",
        "phone": "02-23682936",
        "lng": 121.528122,
        "lat": 25.021042,
        "district": "大安區"
      }
    },
    {
      "type": "Feature",
      "geometry": {
        "type": "Point",
        "coordinates": [
          121.572329,
          25.081237
        ]
      },
      "properties": {
        "brand": "統一超商",
        "city": "臺北市",
        "store_name": "麗安",
        "address": "臺北市內湖區內湖路一段445號1樓",
        "phone": "02-26274284",
        "lng": 121.572329,
        "lat": 25.081237,
        "district": "內湖區"
      }
    },
    {
      "type": "Feature",
      "geometry": {
        "type": "Point",
        "coordinates": [
          121.580264,
          25.050439
        ]
      },
      "properties": {
        "brand": "統一超商",
        "city": "臺北市",
        "store_name": "凱松",
        "address": "臺北市南港區八德路四段778號780號",
        "phone": "02-27886050",
        "lng": 121.580264,
        "lat": 25.050439,
        "district": "南港區"
      }
    },
    {
      "type": "Feature",
      "geometry": {
        "type": "Point",
        "coordinates": [
          121.535863,
          25.111538
        ]
      },
      "properties": {
        "brand": "統一超商",
        "city": "臺北市",
        "store_name": "士東",
        "address": "臺北市士林區士東路42號1樓",
        "phone": "02-28314732",
        "lng": 121.535863,
        "lat": 25.111538,
        "district": "士林區"
      }
    },
    {
      "type": "Feature",
      "geometry": {
        "type": "Point",
        "coordinates": [
          121.523242,
          25.098247
        ]
      },
      "properties": {
        "brand": "統一超商",
        "city": "臺北市",
        "store_name": "冬樂",
        "address": "臺北市士林區美崙街112號一樓",
        "phone": "02-28345642",
        "lng": 121.523242,
        "lat": 25.098247,
        "district": "士林區"
      }
    },
    {
      "type": "Feature",
      "geometry": {
        "type": "Point",
        "coordinates": [
          121.555734,
          24.980318
        ]
      },
      "properties": {
        "brand": "統一超商",
        "city": "臺北市",
        "store_name": "文一",
        "address": "臺北市文山區木新路三段351號353號1樓",
        "phone": "02-29377616",
        "lng": 121.555734,
        "lat": 24.980318,
        "district": "文山區"
      }
    },
    {
      "type": "Feature",
      "geometry": {
        "type": "Point",
        "coordinates": [
          121.548009,
          24.987293
        ]
      },
      "properties": {
        "brand": "統一超商",
        "city": "臺北市",
        "store_name": "世成",
        "address": "臺北市文山區木柵路一段111號1樓(世新大管院)",
        "phone": "02-22363271",
        "lng": 121.548009,
        "lat": 24.987293,
        "district": "文山區"
      }
    },
    {
      "type": "Feature",
      "geometry": {
        "type": "Point",
        "coordinates": [
          121.590351,
          25.06616
        ]
      },
      "properties": {
        "brand": "統一超商",
        "city": "臺北市",
        "store_name": "成功",
        "address": "臺北市內湖區成功路二段252號",
        "phone": "02-27929460",
        "lng": 121.590351,
        "lat": 25.06616,
        "district": "內湖區"
      }
    },
    {
      "type": "Feature",
      "geometry": {
        "type": "Point",
        "coordinates": [
          121.593219,
          25.066934
        ]
      },
      "properties": {
        "brand": "統一超商",
        "city": "臺北市",
        "store_name": "名寶",
        "address": "臺北市內湖區民權東路六段180巷17號19號",
        "phone": "02-87914208",
        "lng": 121.593219,
        "lat": 25.066934,
        "district": "內湖區"
      }
    },
    {
      "type": "Feature",
      "geometry": {
        "type": "Point",
        "coordinates": [
          121.508212,
          25.125527
        ]
      },
      "properties": {
        "brand": "統一超商",
        "city": "臺北市",
        "store_name": "公岩",
        "address": "臺北市北投區公館路259號1樓",
        "phone": "02-28946735",
        "lng": 121.508212,
        "lat": 25.125527,
        "district": "北投區"
      }
    },
    {
      "type": "Feature",
      "geometry": {
        "type": "Point",
        "coordinates": [
          121.519076,
          25.025816
        ]
      },
      "properties": {
        "brand": "統一超商",
        "city": "臺北市",
        "store_name": "牯嶺",
        "address": "臺北市中正區廈門街99巷19-2號1樓",
        "phone": "02-23686248",
        "lng": 121.519076,
        "lat": 25.025816,
        "district": "中正區"
      }
    },
    {
      "type": "Feature",
      "geometry": {
        "type": "Point",
        "coordinates": [
          121.525383,
          25.057276
        ]
      },
      "properties": {
        "brand": "統一超商",
        "city": "臺北市",
        "store_name": "森泰",
        "address": "臺北市中山區林森北路358號360號",
        "phone": "02-25681096",
        "lng": 121.525383,
        "lat": 25.057276,
        "district": "中山區"
      }
    },
    {
      "type": "Feature",
      "geometry": {
        "type": "Point",
        "coordinates": [
          121.581123,
          25.039048
        ]
      },
      "properties": {
        "brand": "統一超商",
        "city": "臺北市",
        "store_name": "廣林",
        "address": "臺北市信義區福德街84巷52號1樓",
        "phone": "02-27590396",
        "lng": 121.581123,
        "lat": 25.039048,
        "district": "信義區"
      }
    },
    {
      "type": "Feature",
      "geometry": {
        "type": "Point",
        "coordinates": [
          121.537328,
          25.059955
        ]
      },
      "properties": {
        "brand": "統一超商",
        "city": "臺北市",
        "store_name": "建錦",
        "address": "臺北市中山區建國北路二段127號1樓B1樓",
        "phone": "02-25080523",
        "lng": 121.537328,
        "lat": 25.059955,
        "district": "中山區"
      }
    },
    {
      "type": "Feature",
      "geometry": {
        "type": "Point",
        "coordinates": [
          121.500317,
          25.024814
        ]
      },
      "properties": {
        "brand": "統一超商",
        "city": "臺北市",
        "store_name": "萬大",
        "address": "臺北市萬華區萬大路245號247號1樓",
        "phone": "02-23057808",
        "lng": 121.500317,
        "lat": 25.024814,
        "district": "萬華區"
      }
    },
    {
      "type": "Feature",
      "geometry": {
        "type": "Point",
        "coordinates": [
          121.529973,
          25.019303
        ]
      },
      "properties": {
        "brand": "統一超商",
        "city": "臺北市",
        "store_name": "溫州",
        "address": "臺北市大安區羅斯福路三段245號",
        "phone": "02-23626249",
        "lng": 121.529973,
        "lat": 25.019303,
        "district": "大安區"
      }
    },
    {
      "type": "Feature",
      "geometry": {
        "type": "Point",
        "coordinates": [
          121.583758,
          25.042931
        ]
      },
      "properties": {
        "brand": "統一超商",
        "city": "臺北市",
        "store_name": "中坡",
        "address": "臺北市南港區中坡南路47號1樓",
        "phone": "02-27864543",
        "lng": 121.583758,
        "lat": 25.042931,
        "district": "南港區"
      }
    },
    {
      "type": "Feature",
      "geometry": {
        "type": "Point",
        "coordinates": [
          121.555546,
          25.00032
        ]
      },
      "properties": {
        "brand": "統一超商",
        "city": "臺北市",
        "store_name": "康喜",
        "address": "臺北市文山區興隆路三段42號",
        "phone": "02-29332978",
        "lng": 121.555546,
        "lat": 25.00032,
        "district": "文山區"
      }
    },
    {
      "type": "Feature",
      "geometry": {
        "type": "Point",
        "coordinates": [
          121.51741,
          25.025557
        ]
      },
      "properties": {
        "brand": "統一超商",
        "city": "臺北市",
        "store_name": "新廈門",
        "address": "臺北市中正區廈門街46號1樓",
        "phone": "02-23677374",
        "lng": 121.51741,
        "lat": 25.025557,
        "district": "中正區"
      }
    },
    {
      "type": "Feature",
      "geometry": {
        "type": "Point",
        "coordinates": [
          121.500587,
          25.036571
        ]
      },
      "properties": {
        "brand": "統一超商",
        "city": "臺北市",
        "store_name": "龍廣",
        "address": "臺北市萬華區廣州街148號",
        "phone": "02-23362548",
        "lng": 121.500587,
        "lat": 25.036571,
        "district": "萬華區"
      }
    },
    {
      "type": "Feature",
      "geometry": {
        "type": "Point",
        "coordinates": [
          121.540959,
          25.065277
        ]
      },
      "properties": {
        "brand": "統一超商",
        "city": "臺北市",
        "store_name": "錦龍",
        "address": "臺北市中山區龍江路281-1號",
        "phone": "02-25080595",
        "lng": 121.540959,
        "lat": 25.065277,
        "district": "中山區"
      }
    },
    {
      "type": "Feature",
      "geometry": {
        "type": "Point",
        "coordinates": [
          121.537172,
          25.007839
        ]
      },
      "properties": {
        "brand": "統一超商",
        "city": "臺北市",
        "store_name": "台師大",
        "address": "臺北市文山區汀州路四段88號行政大樓1樓",
        "phone": "02-86635162",
        "lng": 121.537172,
        "lat": 25.007839,
        "district": "文山區"
      }
    },
    {
      "type": "Feature",
      "geometry": {
        "type": "Point",
        "coordinates": [
          121.541752,
          25.137293
        ]
      },
      "properties": {
        "brand": "統一超商",
        "city": "臺北市",
        "store_name": "華岡",
        "address": "臺北市士林區光華路26巷7-1號",
        "phone": "02-28625528",
        "lng": 121.541752,
        "lat": 25.137293,
        "district": "士林區"
      }
    },
    {
      "type": "Feature",
      "geometry": {
        "type": "Point",
        "coordinates": [
          121.531011,
          25.056896
        ]
      },
      "properties": {
        "brand": "統一超商",
        "city": "臺北市",
        "store_name": "松運",
        "address": "臺北市中山區松江路101號",
        "phone": "02-25179248",
        "lng": 121.531011,
        "lat": 25.056896,
        "district": "中山區"
      }
    },
    {
      "type": "Feature",
      "geometry": {
        "type": "Point",
        "coordinates": [
          121.533966,
          25.051835
        ]
      },
      "properties": {
        "brand": "統一超商",
        "city": "臺北市",
        "store_name": "松京",
        "address": "臺北市中山區南京東路二段144號1樓",
        "phone": "02-25069601",
        "lng": 121.533966,
        "lat": 25.051835,
        "district": "中山區"
      }
    },
    {
      "type": "Feature",
      "geometry": {
        "type": "Point",
        "coordinates": [
          121.519196,
          25.03291
        ]
      },
      "properties": {
        "brand": "統一超商",
        "city": "臺北市",
        "store_name": "中愛",
        "address": "臺北市中正區寧波東街17號1樓",
        "phone": "02-23415461",
        "lng": 121.519196,
        "lat": 25.03291,
        "district": "中正區"
      }
    },
    {
      "type": "Feature",
      "geometry": {
        "type": "Point",
        "coordinates": [
          121.602752,
          25.06772
        ]
      },
      "properties": {
        "brand": "統一超商",
        "city": "臺北市",
        "store_name": "民東",
        "address": "臺北市內湖區民權東路六段82號1樓",
        "phone": "02-27949878",
        "lng": 121.602752,
        "lat": 25.06772,
        "district": "內湖區"
      }
    },
    {
      "type": "Feature",
      "geometry": {
        "type": "Point",
        "coordinates": [
          121.561114,
          25.053862
        ]
      },
      "properties": {
        "brand": "統一超商",
        "city": "臺北市",
        "store_name": "婦聯",
        "address": "臺北市松山區健康路224號",
        "phone": "02-27609484",
        "lng": 121.561114,
        "lat": 25.053862,
        "district": "松山區"
      }
    },
    {
      "type": "Feature",
      "geometry": {
        "type": "Point",
        "coordinates": [
          121.579317,
          25.048427
        ]
      },
      "properties": {
        "brand": "統一超商",
        "city": "臺北市",
        "store_name": "崧站",
        "address": "臺北市信義區松隆路329巷4號",
        "phone": "02-27569945",
        "lng": 121.579317,
        "lat": 25.048427,
        "district": "信義區"
      }
    },
    {
      "type": "Feature",
      "geometry": {
        "type": "Point",
        "coordinates": [
          121.521509,
          25.085741
        ]
      },
      "properties": {
        "brand": "統一超商",
        "city": "臺北市",
        "store_name": "前港",
        "address": "臺北市士林區後港街98之1號2號1樓",
        "phone": "02-28818943",
        "lng": 121.521509,
        "lat": 25.085741,
        "district": "士林區"
      }
    },
    {
      "type": "Feature",
      "geometry": {
        "type": "Point",
        "coordinates": [
          121.570468,
          25.022866
        ]
      },
      "properties": {
        "brand": "統一超商",
        "city": "臺北市",
        "store_name": "宏泰",
        "address": "臺北市信義區松仁路91-1號1樓",
        "phone": "02-87804531",
        "lng": 121.570468,
        "lat": 25.022866,
        "district": "信義區"
      }
    },
    {
      "type": "Feature",
      "geometry": {
        "type": "Point",
        "coordinates": [
          121.538263,
          25.028692
        ]
      },
      "properties": {
        "brand": "統一超商",
        "city": "臺北市",
        "store_name": "建南",
        "address": "臺北市大安區建國南路二段151巷6之8號",
        "phone": "02-27549832",
        "lng": 121.538263,
        "lat": 25.028692,
        "district": "大安區"
      }
    },
    {
      "type": "Feature",
      "geometry": {
        "type": "Point",
        "coordinates": [
          121.524899,
          25.118573
        ]
      },
      "properties": {
        "brand": "統一超商",
        "city": "臺北市",
        "store_name": "齊德",
        "address": "臺北市士林區天母西路85號1樓2樓",
        "phone": "02-28745680",
        "lng": 121.524899,
        "lat": 25.118573,
        "district": "士林區"
      }
    },
    {
      "type": "Feature",
      "geometry": {
        "type": "Point",
        "coordinates": [
          121.546276,
          25.042477
        ]
      },
      "properties": {
        "brand": "統一超商",
        "city": "臺北市",
        "store_name": "頂安",
        "address": "臺北市大安區大安路一段67號1樓",
        "phone": "02-27787790",
        "lng": 121.546276,
        "lat": 25.042477,
        "district": "大安區"
      }
    },
    {
      "type": "Feature",
      "geometry": {
        "type": "Point",
        "coordinates": [
          121.509524,
          25.028045
        ]
      },
      "properties": {
        "brand": "統一超商",
        "city": "臺北市",
        "store_name": "汀州",
        "address": "臺北市中正區汀州路一段127號129號",
        "phone": "02-23098147",
        "lng": 121.509524,
        "lat": 25.028045,
        "district": "中正區"
      }
    },
    {
      "type": "Feature",
      "geometry": {
        "type": "Point",
        "coordinates": [
          121.525517,
          25.050216
        ]
      },
      "properties": {
        "brand": "統一超商",
        "city": "臺北市",
        "store_name": "六條通",
        "address": "臺北市中山區林森北路107巷15號1樓",
        "phone": "02-25239327",
        "lng": 121.525517,
        "lat": 25.050216,
        "district": "中山區"
      }
    },
    {
      "type": "Feature",
      "geometry": {
        "type": "Point",
        "coordinates": [
          121.539216,
          25.079452
        ]
      },
      "properties": {
        "brand": "統一超商",
        "city": "臺北市",
        "store_name": "直安",
        "address": "臺北市中山區北安路649號",
        "phone": "02-25330894",
        "lng": 121.539216,
        "lat": 25.079452,
        "district": "中山區"
      }
    },
    {
      "type": "Feature",
      "geometry": {
        "type": "Point",
        "coordinates": [
          121.562991,
          25.057722
        ]
      },
      "properties": {
        "brand": "統一超商",
        "city": "臺北市",
        "store_name": "松民",
        "address": "臺北市松山區三民路10號",
        "phone": "02-27480323",
        "lng": 121.562991,
        "lat": 25.057722,
        "district": "松山區"
      }
    },
    {
      "type": "Feature",
      "geometry": {
        "type": "Point",
        "coordinates": [
          121.524306,
          25.024037
        ]
      },
      "properties": {
        "brand": "統一超商",
        "city": "臺北市",
        "store_name": "羅昌",
        "address": "臺北市中正區南昌路二段206號1樓",
        "phone": "02-23678289",
        "lng": 121.524306,
        "lat": 25.024037,
        "district": "中正區"
      }
    },
    {
      "type": "Feature",
      "geometry": {
        "type": "Point",
        "coordinates": [
          121.551631,
          25.030229
        ]
      },
      "properties": {
        "brand": "統一超商",
        "city": "臺北市",
        "store_name": "立仁",
        "address": "臺北市大安區安和路二段74巷1號",
        "phone": "02-27066660",
        "lng": 121.551631,
        "lat": 25.030229,
        "district": "大安區"
      }
    },
    {
      "type": "Feature",
      "geometry": {
        "type": "Point",
        "coordinates": [
          121.567321,
          25.001951
        ]
      },
      "properties": {
        "brand": "統一超商",
        "city": "臺北市",
        "store_name": "萬美",
        "address": "臺北市文山區萬和街6號2樓之1",
        "phone": "02-22398986",
        "lng": 121.567321,
        "lat": 25.001951,
        "district": "文山區"
      }
    },
    {
      "type": "Feature",
      "geometry": {
        "type": "Point",
        "coordinates": [
          121.54062,
          25.013743
        ]
      },
      "properties": {
        "brand": "統一超商",
        "city": "臺北市",
        "store_name": "台科一",
        "address": "臺北市大安區基隆路四段43號1樓",
        "phone": "02-27386727",
        "lng": 121.54062,
        "lat": 25.013743,
        "district": "大安區"
      }
    },
    {
      "type": "Feature",
      "geometry": {
        "type": "Point",
        "coordinates": [
          121.573773,
          24.990956
        ]
      },
      "properties": {
        "brand": "統一超商",
        "city": "臺北市",
        "store_name": "莘苑",
        "address": "臺北市文山區新光路一段97號99號",
        "phone": "02-29397962",
        "lng": 121.573773,
        "lat": 24.990956,
        "district": "文山區"
      }
    },
    {
      "type": "Feature",
      "geometry": {
        "type": "Point",
        "coordinates": [
          121.614114,
          25.068904
        ]
      },
      "properties": {
        "brand": "統一超商",
        "city": "臺北市",
        "store_name": "明湖",
        "address": "臺北市內湖區東湖路45號",
        "phone": "02-26323734",
        "lng": 121.614114,
        "lat": 25.068904,
        "district": "內湖區"
      }
    },
    {
      "type": "Feature",
      "geometry": {
        "type": "Point",
        "coordinates": [
          121.532314,
          25.03213
        ]
      },
      "properties": {
        "brand": "統一超商",
        "city": "臺北市",
        "store_name": "永康",
        "address": "臺北市大安區永康街43號",
        "phone": "02-23216948",
        "lng": 121.532314,
        "lat": 25.03213,
        "district": "大安區"
      }
    },
    {
      "type": "Feature",
      "geometry": {
        "type": "Point",
        "coordinates": [
          121.534776,
          25.109853
        ]
      },
      "properties": {
        "brand": "統一超商",
        "city": "臺北市",
        "store_name": "德誠",
        "address": "臺北市士林區德行東路106號108號1樓",
        "phone": "02-28344429",
        "lng": 121.534776,
        "lat": 25.109853,
        "district": "士林區"
      }
    },
    {
      "type": "Feature",
      "geometry": {
        "type": "Point",
        "coordinates": [
          121.540355,
          24.990592
        ]
      },
      "properties": {
        "brand": "統一超商",
        "city": "臺北市",
        "store_name": "景中",
        "address": "臺北市文山區景文里景文街96號98號",
        "phone": "02-86637537",
        "lng": 121.540355,
        "lat": 24.990592,
        "district": "文山區"
      }
    },
    {
      "type": "Feature",
      "geometry": {
        "type": "Point",
        "coordinates": [
          121.54468,
          25.052838
        ]
      },
      "properties": {
        "brand": "統一超商",
        "city": "臺北市",
        "store_name": "松慶",
        "address": "臺北市松山區慶城街1號1樓",
        "phone": "02-25450149",
        "lng": 121.54468,
        "lat": 25.052838,
        "district": "松山區"
      }
    },
    {
      "type": "Feature",
      "geometry": {
        "type": "Point",
        "coordinates": [
          121.553757,
          25.044725
        ]
      },
      "properties": {
        "brand": "統一超商",
        "city": "臺北市",
        "store_name": "吉仁",
        "address": "臺北市松山區延吉街27-1號1樓",
        "phone": "02-25793557",
        "lng": 121.553757,
        "lat": 25.044725,
        "district": "松山區"
      }
    },
    {
      "type": "Feature",
      "geometry": {
        "type": "Point",
        "coordinates": [
          121.52545,
          25.091615
        ]
      },
      "properties": {
        "brand": "統一超商",
        "city": "臺北市",
        "store_name": "新士林",
        "address": "臺北市士林區大東路123號125號1樓",
        "phone": "02-28835732",
        "lng": 121.52545,
        "lat": 25.091615,
        "district": "士林區"
      }
    },
    {
      "type": "Feature",
      "geometry": {
        "type": "Point",
        "coordinates": [
          121.51515,
          25.055222
        ]
      },
      "properties": {
        "brand": "統一超商",
        "city": "臺北市",
        "store_name": "慶寧",
        "address": "臺北市大同區寧夏路23號23之1號",
        "phone": "02-25569881",
        "lng": 121.51515,
        "lat": 25.055222,
        "district": "大同區"
      }
    },
    {
      "type": "Feature",
      "geometry": {
        "type": "Point",
        "coordinates": [
          121.553282,
          25.02064
        ]
      },
      "properties": {
        "brand": "統一超商",
        "city": "臺北市",
        "store_name": "和樂",
        "address": "臺北市大安區和平東路三段228巷45號1樓",
        "phone": "02-27326014",
        "lng": 121.553282,
        "lat": 25.02064,
        "district": "大安區"
      }
    },
    {
      "type": "Feature",
      "geometry": {
        "type": "Point",
        "coordinates": [
          121.520622,
          25.07981
        ]
      },
      "properties": {
        "brand": "統一超商",
        "city": "臺北市",
        "store_name": "新承德",
        "address": "臺北市士林區承德路四段30號",
        "phone": "02-28857157",
        "lng": 121.520622,
        "lat": 25.07981,
        "district": "士林區"
      }
    },
    {
      "type": "Feature",
      "geometry": {
        "type": "Point",
        "coordinates": [
          121.557038,
          25.084576
        ]
      },
      "properties": {
        "brand": "統一超商",
        "city": "臺北市",
        "store_name": "美麗華",
        "address": "臺北市中山區北安路839-1號",
        "phone": "02-85093170",
        "lng": 121.557038,
        "lat": 25.084576,
        "district": "中山區"
      }
    },
    {
      "type": "Feature",
      "geometry": {
        "type": "Point",
        "coordinates": [
          121.54433,
          25.063431
        ]
      },
      "properties": {
        "brand": "統一超商",
        "city": "臺北市",
        "store_name": "復星",
        "address": "臺北市松山區復興北路15-6號1樓",
        "phone": "02-27400103",
        "lng": 121.54433,
        "lat": 25.063431,
        "district": "松山區"
      }
    },
    {
      "type": "Feature",
      "geometry": {
        "type": "Point",
        "coordinates": [
          121.56515,
          25.040867
        ]
      },
      "properties": {
        "brand": "統一超商",
        "city": "臺北市",
        "store_name": "市捷",
        "address": "臺北市信義區忠孝東路五段6號1樓",
        "phone": "02-23453310",
        "lng": 121.56515,
        "lat": 25.040867,
        "district": "信義區"
      }
    },
    {
      "type": "Feature",
      "geometry": {
        "type": "Point",
        "coordinates": [
          121.502369,
          25.133952
        ]
      },
      "properties": {
        "brand": "統一超商",
        "city": "臺北市",
        "store_name": "光寶",
        "address": "臺北市北投區光明路132之2號1.2樓",
        "phone": "02-28911841",
        "lng": 121.502369,
        "lat": 25.133952,
        "district": "北投區"
      }
    },
    {
      "type": "Feature",
      "geometry": {
        "type": "Point",
        "coordinates": [
          121.508885,
          25.050693
        ]
      },
      "properties": {
        "brand": "統一超商",
        "city": "臺北市",
        "store_name": "中興醫",
        "address": "臺北市大同區鄭州路145號B1",
        "phone": "02-25501134",
        "lng": 121.508885,
        "lat": 25.050693,
        "district": "大同區"
      }
    },
    {
      "type": "Feature",
      "geometry": {
        "type": "Point",
        "coordinates": [
          121.507451,
          25.087435
        ]
      },
      "properties": {
        "brand": "統一超商",
        "city": "臺北市",
        "store_name": "社鑫",
        "address": "臺北市士林區社子街42號44號1樓",
        "phone": "02-28136371",
        "lng": 121.507451,
        "lat": 25.087435,
        "district": "士林區"
      }
    },
    {
      "type": "Feature",
      "geometry": {
        "type": "Point",
        "coordinates": [
          121.574859,
          25.083646
        ]
      },
      "properties": {
        "brand": "統一超商",
        "city": "臺北市",
        "store_name": "泰樂",
        "address": "臺北市內湖區安泰街26號28號",
        "phone": "02-26319997",
        "lng": 121.574859,
        "lat": 25.083646,
        "district": "內湖區"
      }
    },
    {
      "type": "Feature",
      "geometry": {
        "type": "Point",
        "coordinates": [
          121.564962,
          25.042395
        ]
      },
      "properties": {
        "brand": "統一超商",
        "city": "臺北市",
        "store_name": "必成",
        "address": "臺北市信義區基隆路一段178號180號1樓",
        "phone": "02-27640912",
        "lng": 121.564962,
        "lat": 25.042395,
        "district": "信義區"
      }
    },
    {
      "type": "Feature",
      "geometry": {
        "type": "Point",
        "coordinates": [
          121.521278,
          25.037089
        ]
      },
      "properties": {
        "brand": "統一超商",
        "city": "臺北市",
        "store_name": "中華電",
        "address": "臺北市中正區信義路一段21-3號B1樓",
        "phone": "02-33433607",
        "lng": 121.521278,
        "lat": 25.037089,
        "district": "中正區"
      }
    },
    {
      "type": "Feature",
      "geometry": {
        "type": "Point",
        "coordinates": [
          121.518555,
          25.040776
        ]
      },
      "properties": {
        "brand": "統一超商",
        "city": "臺北市",
        "store_name": "臺醫東",
        "address": "臺北市中正區中山南路7號1樓",
        "phone": "02-23223460",
        "lng": 121.518555,
        "lat": 25.040776,
        "district": "中正區"
      }
    },
    {
      "type": "Feature",
      "geometry": {
        "type": "Point",
        "coordinates": [
          121.526094,
          25.06675
        ]
      },
      "properties": {
        "brand": "統一超商",
        "city": "臺北市",
        "store_name": "鑫德惠",
        "address": "臺北市中山區德惠街15號1樓",
        "phone": "02-25995347",
        "lng": 121.526094,
        "lat": 25.06675,
        "district": "中山區"
      }
    },
    {
      "type": "Feature",
      "geometry": {
        "type": "Point",
        "coordinates": [
          121.574762,
          25.03288
        ]
      },
      "properties": {
        "brand": "統一超商",
        "city": "臺北市",
        "store_name": "松義",
        "address": "臺北市信義區松德路271號",
        "phone": "02-27274474",
        "lng": 121.574762,
        "lat": 25.03288,
        "district": "信義區"
      }
    },
    {
      "type": "Feature",
      "geometry": {
        "type": "Point",
        "coordinates": [
          121.543936,
          25.059971
        ]
      },
      "properties": {
        "brand": "統一超商",
        "city": "臺北市",
        "store_name": "復錦",
        "address": "臺北市中山區復興北路348號1樓",
        "phone": "02-25160812",
        "lng": 121.543936,
        "lat": 25.059971,
        "district": "中山區"
      }
    },
    {
      "type": "Feature",
      "geometry": {
        "type": "Point",
        "coordinates": [
          121.577816,
          25.039568
        ]
      },
      "properties": {
        "brand": "統一超商",
        "city": "臺北市",
        "store_name": "新東宮",
        "address": "臺北市信義區松山路455號",
        "phone": "02-23466878",
        "lng": 121.577816,
        "lat": 25.039568,
        "district": "信義區"
      }
    },
    {
      "type": "Feature",
      "geometry": {
        "type": "Point",
        "coordinates": [
          121.562362,
          24.984512
        ]
      },
      "properties": {
        "brand": "統一超商",
        "city": "臺北市",
        "store_name": "文忠",
        "address": "臺北市文山區忠順街二段10號1樓",
        "phone": "02-29379722",
        "lng": 121.562362,
        "lat": 24.984512,
        "district": "文山區"
      }
    },
    {
      "type": "Feature",
      "geometry": {
        "type": "Point",
        "coordinates": [
          121.526357,
          25.035854
        ]
      },
      "properties": {
        "brand": "統一超商",
        "city": "臺北市",
        "store_name": "鑫杭",
        "address": "臺北市中正區杭州南路一段23號",
        "phone": "02-23579224",
        "lng": 121.526357,
        "lat": 25.035854,
        "district": "中正區"
      }
    },
    {
      "type": "Feature",
      "geometry": {
        "type": "Point",
        "coordinates": [
          121.616344,
          25.056311
        ]
      },
      "properties": {
        "brand": "統一超商",
        "city": "臺北市",
        "store_name": "港勝",
        "address": "臺北市南港區經貿二路2號B1樓",
        "phone": "02-26519605",
        "lng": 121.616344,
        "lat": 25.056311,
        "district": "南港區"
      }
    },
    {
      "type": "Feature",
      "geometry": {
        "type": "Point",
        "coordinates": [
          121.619705,
          25.073587
        ]
      },
      "properties": {
        "brand": "統一超商",
        "city": "臺北市",
        "store_name": "瓏山林",
        "address": "臺北市內湖區康樂街125巷2號2之1號",
        "phone": "02-26329723",
        "lng": 121.619705,
        "lat": 25.073587,
        "district": "內湖區"
      }
    },
    {
      "type": "Feature",
      "geometry": {
        "type": "Point",
        "coordinates": [
          121.56672,
          25.0575
        ]
      },
      "properties": {
        "brand": "統一超商",
        "city": "臺北市",
        "store_name": "征東",
        "address": "臺北市松山區新東街15巷1號",
        "phone": "02-27534174",
        "lng": 121.56672,
        "lat": 25.0575,
        "district": "松山區"
      }
    },
    {
      "type": "Feature",
      "geometry": {
        "type": "Point",
        "coordinates": [
          121.540816,
          24.992331
        ]
      },
      "properties": {
        "brand": "統一超商",
        "city": "臺北市",
        "store_name": "羅捷",
        "address": "臺北市文山區景行里羅斯福路六段391號",
        "phone": "02-86638381",
        "lng": 121.540816,
        "lat": 24.992331,
        "district": "文山區"
      }
    },
    {
      "type": "Feature",
      "geometry": {
        "type": "Point",
        "coordinates": [
          121.549349,
          25.054042
        ]
      },
      "properties": {
        "brand": "統一超商",
        "city": "臺北市",
        "store_name": "敦北",
        "address": "臺北市松山區敦化北路149號1樓",
        "phone": "02-25472052",
        "lng": 121.549349,
        "lat": 25.054042,
        "district": "松山區"
      }
    },
    {
      "type": "Feature",
      "geometry": {
        "type": "Point",
        "coordinates": [
          121.522938,
          25.04383
        ]
      },
      "properties": {
        "brand": "統一超商",
        "city": "臺北市",
        "store_name": "千成",
        "address": "臺北市中正區林森南路4號之3",
        "phone": "02-23577481",
        "lng": 121.522938,
        "lat": 25.04383,
        "district": "中正區"
      }
    },
    {
      "type": "Feature",
      "geometry": {
        "type": "Point",
        "coordinates": [
          121.587362,
          25.088734
        ]
      },
      "properties": {
        "brand": "統一超商",
        "city": "臺北市",
        "store_name": "金德",
        "address": "臺北市內湖區金龍路5號1F",
        "phone": "02-87923496",
        "lng": 121.587362,
        "lat": 25.088734,
        "district": "內湖區"
      }
    },
    {
      "type": "Feature",
      "geometry": {
        "type": "Point",
        "coordinates": [
          121.533451,
          25.058984
        ]
      },
      "properties": {
        "brand": "統一超商",
        "city": "臺北市",
        "store_name": "統佳",
        "address": "臺北市中山區松江路237號1樓",
        "phone": "02-25175930",
        "lng": 121.533451,
        "lat": 25.058984,
        "district": "中山區"
      }
    },
    {
      "type": "Feature",
      "geometry": {
        "type": "Point",
        "coordinates": [
          121.569422,
          25.024494
        ]
      },
      "properties": {
        "brand": "統一超商",
        "city": "臺北市",
        "store_name": "富比世",
        "address": "臺北市信義區松仁路246號248號1樓",
        "phone": "02-27202571",
        "lng": 121.569422,
        "lat": 25.024494,
        "district": "信義區"
      }
    },
    {
      "type": "Feature",
      "geometry": {
        "type": "Point",
        "coordinates": [
          121.531874,
          25.062329
        ]
      },
      "properties": {
        "brand": "統一超商",
        "city": "臺北市",
        "store_name": "福權",
        "address": "臺北市中山區民權東路二段96號98號1樓",
        "phone": "02-25679782",
        "lng": 121.531874,
        "lat": 25.062329,
        "district": "中山區"
      }
    },
    {
      "type": "Feature",
      "geometry": {
        "type": "Point",
        "coordinates": [
          121.577594,
          25.073065
        ]
      },
      "properties": {
        "brand": "統一超商",
        "city": "臺北市",
        "store_name": "樂陽",
        "address": "臺北市內湖區陽光街349號1樓",
        "phone": "02-26597352",
        "lng": 121.577594,
        "lat": 25.073065,
        "district": "內湖區"
      }
    },
    {
      "type": "Feature",
      "geometry": {
        "type": "Point",
        "coordinates": [
          121.537077,
          25.023068
        ]
      },
      "properties": {
        "brand": "統一超商",
        "city": "臺北市",
        "store_name": "辛亥",
        "address": "臺北市大安區辛亥路二段57號",
        "phone": "02-23630291",
        "lng": 121.537077,
        "lat": 25.023068,
        "district": "大安區"
      }
    },
    {
      "type": "Feature",
      "geometry": {
        "type": "Point",
        "coordinates": [
          121.472008,
          25.128341
        ]
      },
      "properties": {
        "brand": "統一超商",
        "city": "臺北市",
        "store_name": "和信醫",
        "address": "臺北市北投區立德路125號1樓",
        "phone": "02-28936831",
        "lng": 121.472008,
        "lat": 25.128341,
        "district": "北投區"
      }
    },
    {
      "type": "Feature",
      "geometry": {
        "type": "Point",
        "coordinates": [
          121.532308,
          25.064786
        ]
      },
      "properties": {
        "brand": "統一超商",
        "city": "臺北市",
        "store_name": "農安",
        "address": "臺北市中山區農安街28-1號1樓28-2號1樓",
        "phone": "02-25954401",
        "lng": 121.532308,
        "lat": 25.064786,
        "district": "中山區"
      }
    },
    {
      "type": "Feature",
      "geometry": {
        "type": "Point",
        "coordinates": [
          121.471138,
          25.107903
        ]
      },
      "properties": {
        "brand": "統一超商",
        "city": "臺北市",
        "store_name": "社子島",
        "address": "臺北市士林區延平北路九段215號",
        "phone": "02-28108605",
        "lng": 121.471138,
        "lat": 25.107903,
        "district": "士林區"
      }
    },
    {
      "type": "Feature",
      "geometry": {
        "type": "Point",
        "coordinates": [
          121.51618,
          25.068708
        ]
      },
      "properties": {
        "brand": "統一超商",
        "city": "臺北市",
        "store_name": "民族西",
        "address": "臺北市大同區民族西路151號153號155號",
        "phone": "02-25954841",
        "lng": 121.51618,
        "lat": 25.068708,
        "district": "大同區"
      }
    },
    {
      "type": "Feature",
      "geometry": {
        "type": "Point",
        "coordinates": [
          121.47266,
          25.127565
        ]
      },
      "properties": {
        "brand": "統一超商",
        "city": "臺北市",
        "store_name": "新和碩",
        "address": "臺北市北投區立德路150之3號B1F",
        "phone": "02-28916241",
        "lng": 121.47266,
        "lat": 25.127565,
        "district": "北投區"
      }
    },
    {
      "type": "Feature",
      "geometry": {
        "type": "Point",
        "coordinates": [
          121.594643,
          25.083636
        ]
      },
      "properties": {
        "brand": "統一超商",
        "city": "臺北市",
        "store_name": "成竹",
        "address": "臺北市內湖區成功路四段173號1樓",
        "phone": "02-27943201",
        "lng": 121.594643,
        "lat": 25.083636,
        "district": "內湖區"
      }
    },
    {
      "type": "Feature",
      "geometry": {
        "type": "Point",
        "coordinates": [
          121.581227,
          24.998739
        ]
      },
      "properties": {
        "brand": "統一超商",
        "city": "臺北市",
        "store_name": "動物園",
        "address": "臺北市文山區新光路二段30號1樓",
        "phone": "02-86618147",
        "lng": 121.581227,
        "lat": 24.998739,
        "district": "文山區"
      }
    },
    {
      "type": "Feature",
      "geometry": {
        "type": "Point",
        "coordinates": [
          121.53176,
          25.048578
        ]
      },
      "properties": {
        "brand": "統一超商",
        "city": "臺北市",
        "store_name": "江東",
        "address": "臺北市中山區長安東路二段43號45-1號1樓",
        "phone": "02-25223791",
        "lng": 121.53176,
        "lat": 25.048578,
        "district": "中山區"
      }
    },
    {
      "type": "Feature",
      "geometry": {
        "type": "Point",
        "coordinates": [
          121.529487,
          25.043169
        ]
      },
      "properties": {
        "brand": "統一超商",
        "city": "臺北市",
        "store_name": "忠聯",
        "address": "臺北市中正區忠孝東路二段100號1樓",
        "phone": "02-23215793",
        "lng": 121.529487,
        "lat": 25.043169,
        "district": "中正區"
      }
    },
    {
      "type": "Feature",
      "geometry": {
        "type": "Point",
        "coordinates": [
          121.544422,
          25.043725
        ]
      },
      "properties": {
        "brand": "統一超商",
        "city": "臺北市",
        "store_name": "光忠",
        "address": "臺北市大安區復興南路一段107巷5弄1號1樓",
        "phone": "02-27319254",
        "lng": 121.544422,
        "lat": 25.043725,
        "district": "大安區"
      }
    },
    {
      "type": "Feature",
      "geometry": {
        "type": "Point",
        "coordinates": [
          121.537333,
          25.002162
        ]
      },
      "properties": {
        "brand": "統一超商",
        "city": "臺北市",
        "store_name": "隆合",
        "address": "臺北市文山區羅斯福路五段218巷28號30號",
        "phone": "02-29334229",
        "lng": 121.537333,
        "lat": 25.002162,
        "district": "文山區"
      }
    },
    {
      "type": "Feature",
      "geometry": {
        "type": "Point",
        "coordinates": [
          121.604793,
          25.052364
        ]
      },
      "properties": {
        "brand": "統一超商",
        "city": "臺北市",
        "store_name": "港麗",
        "address": "臺北市南港區忠孝東路七段299號",
        "phone": "02-26518390",
        "lng": 121.604793,
        "lat": 25.052364,
        "district": "南港區"
      }
    },
    {
      "type": "Feature",
      "geometry": {
        "type": "Point",
        "coordinates": [
          121.5337,
          25.053331
        ]
      },
      "properties": {
        "brand": "統一超商",
        "city": "臺北市",
        "store_name": "松盛",
        "address": "臺北市中山區南京東路二段115巷1號",
        "phone": "02-25022910",
        "lng": 121.5337,
        "lat": 25.053331,
        "district": "中山區"
      }
    },
    {
      "type": "Feature",
      "geometry": {
        "type": "Point",
        "coordinates": [
          121.557878,
          25.059259
        ]
      },
      "properties": {
        "brand": "統一超商",
        "city": "臺北市",
        "store_name": "民復",
        "address": "臺北市松山區民生東路五段10號1樓",
        "phone": "02-27479963",
        "lng": 121.557878,
        "lat": 25.059259,
        "district": "松山區"
      }
    },
    {
      "type": "Feature",
      "geometry": {
        "type": "Point",
        "coordinates": [
          121.536507,
          25.062205
        ]
      },
      "properties": {
        "brand": "統一超商",
        "city": "臺北市",
        "store_name": "建權",
        "address": "臺北市中山區民權東路二段206號1樓",
        "phone": "02-25176356",
        "lng": 121.536507,
        "lat": 25.062205,
        "district": "中山區"
      }
    },
    {
      "type": "Feature",
      "geometry": {
        "type": "Point",
        "coordinates": [
          121.509644,
          25.037898
        ]
      },
      "properties": {
        "brand": "統一超商",
        "city": "臺北市",
        "store_name": "東成",
        "address": "臺北市中正區延平南路129巷3號1樓",
        "phone": "02-23142583",
        "lng": 121.509644,
        "lat": 25.037898,
        "district": "中正區"
      }
    },
    {
      "type": "Feature",
      "geometry": {
        "type": "Point",
        "coordinates": [
          121.528857,
          25.110994
        ]
      },
      "properties": {
        "brand": "統一超商",
        "city": "臺北市",
        "store_name": "德寶",
        "address": "臺北市士林區德行東路109巷106號",
        "phone": "02-28315462",
        "lng": 121.528857,
        "lat": 25.110994,
        "district": "士林區"
      }
    },
    {
      "type": "Feature",
      "geometry": {
        "type": "Point",
        "coordinates": [
          121.533889,
          25.040109
        ]
      },
      "properties": {
        "brand": "統一超商",
        "city": "臺北市",
        "store_name": "濟南",
        "address": "臺北市大安區濟南路三段12號1樓",
        "phone": "02-27409693",
        "lng": 121.533889,
        "lat": 25.040109,
        "district": "大安區"
      }
    },
    {
      "type": "Feature",
      "geometry": {
        "type": "Point",
        "coordinates": [
          121.561617,
          25.051691
        ]
      },
      "properties": {
        "brand": "統一超商",
        "city": "臺北市",
        "store_name": "京發",
        "address": "臺北市松山區南京東路五段139之4及139之8號",
        "phone": "02-37652632",
        "lng": 121.561617,
        "lat": 25.051691,
        "district": "松山區"
      }
    },
    {
      "type": "Feature",
      "geometry": {
        "type": "Point",
        "coordinates": [
          121.591979,
          25.071802
        ]
      },
      "properties": {
        "brand": "統一超商",
        "city": "臺北市",
        "store_name": "國醫",
        "address": "臺北市內湖區成功路二段325號1樓",
        "phone": "02-87929421",
        "lng": 121.591979,
        "lat": 25.071802,
        "district": "內湖區"
      }
    },
    {
      "type": "Feature",
      "geometry": {
        "type": "Point",
        "coordinates": [
          121.534815,
          25.064565
        ]
      },
      "properties": {
        "brand": "統一超商",
        "city": "臺北市",
        "store_name": "行天",
        "address": "臺北市中山區農安街178號180號",
        "phone": "02-25050197",
        "lng": 121.534815,
        "lat": 25.064565,
        "district": "中山區"
      }
    },
    {
      "type": "Feature",
      "geometry": {
        "type": "Point",
        "coordinates": [
          121.548288,
          25.02094
        ]
      },
      "properties": {
        "brand": "統一超商",
        "city": "臺北市",
        "store_name": "昇隆",
        "address": "臺北市大安區敦化南路二段238號",
        "phone": "02-27328454",
        "lng": 121.548288,
        "lat": 25.02094,
        "district": "大安區"
      }
    },
    {
      "type": "Feature",
      "geometry": {
        "type": "Point",
        "coordinates": [
          121.514578,
          25.051366
        ]
      },
      "properties": {
        "brand": "統一超商",
        "city": "臺北市",
        "store_name": "厚讚",
        "address": "臺北市大同區長安西路228號1樓",
        "phone": "02-25509809",
        "lng": 121.514578,
        "lat": 25.051366,
        "district": "大同區"
      }
    },
    {
      "type": "Feature",
      "geometry": {
        "type": "Point",
        "coordinates": [
          121.517468,
          25.084276
        ]
      },
      "properties": {
        "brand": "統一超商",
        "city": "臺北市",
        "store_name": "新劍潭",
        "address": "臺北市士林區福港街246號248號",
        "phone": "02-28882016",
        "lng": 121.517468,
        "lat": 25.084276,
        "district": "士林區"
      }
    },
    {
      "type": "Feature",
      "geometry": {
        "type": "Point",
        "coordinates": [
          121.546231,
          25.083587
        ]
      },
      "properties": {
        "brand": "統一超商",
        "city": "臺北市",
        "store_name": "實踐大學",
        "address": "臺北市中山區大直街70號1樓",
        "phone": "02-85091737",
        "lng": 121.546231,
        "lat": 25.083587,
        "district": "中山區"
      }
    },
    {
      "type": "Feature",
      "geometry": {
        "type": "Point",
        "coordinates": [
          121.527007,
          25.087199
        ]
      },
      "properties": {
        "brand": "統一超商",
        "city": "臺北市",
        "store_name": "銘傳",
        "address": "臺北市士林區中山北路五段250號",
        "phone": "02-28836632",
        "lng": 121.527007,
        "lat": 25.087199,
        "district": "士林區"
      }
    },
    {
      "type": "Feature",
      "geometry": {
        "type": "Point",
        "coordinates": [
          121.563782,
          25.042672
        ]
      },
      "properties": {
        "brand": "統一超商",
        "city": "臺北市",
        "store_name": "松聯",
        "address": "臺北市信義區忠孝東路四段559巷24號1樓",
        "phone": "02-37621705",
        "lng": 121.563782,
        "lat": 25.042672,
        "district": "信義區"
      }
    },
    {
      "type": "Feature",
      "geometry": {
        "type": "Point",
        "coordinates": [
          121.561074,
          25.029575
        ]
      },
      "properties": {
        "brand": "統一超商",
        "city": "臺北市",
        "store_name": "松敬",
        "address": "臺北市信義區吳興街11號1樓",
        "phone": "02-27580763",
        "lng": 121.561074,
        "lat": 25.029575,
        "district": "信義區"
      }
    },
    {
      "type": "Feature",
      "geometry": {
        "type": "Point",
        "coordinates": [
          121.522673,
          25.084162
        ]
      },
      "properties": {
        "brand": "統一超商",
        "city": "臺北市",
        "store_name": "三樂",
        "address": "臺北市士林區劍潭路21號1樓",
        "phone": "02-28832921",
        "lng": 121.522673,
        "lat": 25.084162,
        "district": "士林區"
      }
    },
    {
      "type": "Feature",
      "geometry": {
        "type": "Point",
        "coordinates": [
          121.541927,
          25.137788
        ]
      },
      "properties": {
        "brand": "統一超商",
        "city": "臺北市",
        "store_name": "太學",
        "address": "臺北市士林區華岡路45之1號1樓",
        "phone": "02-28627655",
        "lng": 121.541927,
        "lat": 25.137788,
        "district": "士林區"
      }
    },
    {
      "type": "Feature",
      "geometry": {
        "type": "Point",
        "coordinates": [
          121.551023,
          25.080243
        ]
      },
      "properties": {
        "brand": "統一超商",
        "city": "臺北市",
        "store_name": "大永",
        "address": "臺北市中山區明水路581巷15號1樓",
        "phone": "02-85098737",
        "lng": 121.551023,
        "lat": 25.080243,
        "district": "中山區"
      }
    },
    {
      "type": "Feature",
      "geometry": {
        "type": "Point",
        "coordinates": [
          121.50776,
          25.089262
        ]
      },
      "properties": {
        "brand": "統一超商",
        "city": "臺北市",
        "store_name": "福氣",
        "address": "臺北市士林區延平北路六段122號124號1樓",
        "phone": "02-28162416",
        "lng": 121.50776,
        "lat": 25.089262,
        "district": "士林區"
      }
    },
    {
      "type": "Feature",
      "geometry": {
        "type": "Point",
        "coordinates": [
          121.503377,
          25.092065
        ]
      },
      "properties": {
        "brand": "統一超商",
        "city": "臺北市",
        "store_name": "永倫",
        "address": "臺北市士林區社中街381號1樓",
        "phone": "02-88115108",
        "lng": 121.503377,
        "lat": 25.092065,
        "district": "士林區"
      }
    },
    {
      "type": "Feature",
      "geometry": {
        "type": "Point",
        "coordinates": [
          121.520403,
          25.081161
        ]
      },
      "properties": {
        "brand": "統一超商",
        "city": "臺北市",
        "store_name": "通河",
        "address": "臺北市士林區通河街151號1樓",
        "phone": "02-28856640",
        "lng": 121.520403,
        "lat": 25.081161,
        "district": "士林區"
      }
    },
    {
      "type": "Feature",
      "geometry": {
        "type": "Point",
        "coordinates": [
          121.527237,
          25.114441
        ]
      },
      "properties": {
        "brand": "統一超商",
        "city": "臺北市",
        "store_name": "日美",
        "address": "臺北市士林區中山北路六段435號437號",
        "phone": "02-28749140",
        "lng": 121.527237,
        "lat": 25.114441,
        "district": "士林區"
      }
    },
    {
      "type": "Feature",
      "geometry": {
        "type": "Point",
        "coordinates": [
          121.508172,
          25.086146
        ]
      },
      "properties": {
        "brand": "統一超商",
        "city": "臺北市",
        "store_name": "社鑽",
        "address": "臺北市士林區中正路639號1樓",
        "phone": "02-28137115",
        "lng": 121.508172,
        "lat": 25.086146,
        "district": "士林區"
      }
    },
    {
      "type": "Feature",
      "geometry": {
        "type": "Point",
        "coordinates": [
          121.61344,
          25.067605
        ]
      },
      "properties": {
        "brand": "統一超商",
        "city": "臺北市",
        "store_name": "克里斯",
        "address": "臺北市內湖區五分街33號35號1樓",
        "phone": "02-26327140",
        "lng": 121.61344,
        "lat": 25.067605,
        "district": "內湖區"
      }
    },
    {
      "type": "Feature",
      "geometry": {
        "type": "Point",
        "coordinates": [
          121.52321,
          25.102762
        ]
      },
      "properties": {
        "brand": "統一超商",
        "city": "臺北市",
        "store_name": "福國路",
        "address": "臺北市士林區福國路17號17之1號19之1號",
        "phone": "02-28318412",
        "lng": 121.52321,
        "lat": 25.102762,
        "district": "士林區"
      }
    },
    {
      "type": "Feature",
      "geometry": {
        "type": "Point",
        "coordinates": [
          121.561497,
          25.084714
        ]
      },
      "properties": {
        "brand": "統一超商",
        "city": "臺北市",
        "store_name": "馨瑩",
        "address": "臺北市內湖區內湖路一段91巷2號",
        "phone": "02-26574995",
        "lng": 121.561497,
        "lat": 25.084714,
        "district": "內湖區"
      }
    },
    {
      "type": "Feature",
      "geometry": {
        "type": "Point",
        "coordinates": [
          121.50881,
          25.053281
        ]
      },
      "properties": {
        "brand": "統一超商",
        "city": "臺北市",
        "store_name": "稻埕",
        "address": "臺北市大同區南京西路436號1F",
        "phone": "02-25525790",
        "lng": 121.50881,
        "lat": 25.053281,
        "district": "大同區"
      }
    },
    {
      "type": "Feature",
      "geometry": {
        "type": "Point",
        "coordinates": [
          121.511029,
          25.065827
        ]
      },
      "properties": {
        "brand": "統一超商",
        "city": "臺北市",
        "store_name": "延年",
        "address": "臺北市大同區延平北路三段61-5號",
        "phone": "02-25978111",
        "lng": 121.511029,
        "lat": 25.065827,
        "district": "大同區"
      }
    },
    {
      "type": "Feature",
      "geometry": {
        "type": "Point",
        "coordinates": [
          121.521257,
          25.053114
        ]
      },
      "properties": {
        "brand": "統一超商",
        "city": "臺北市",
        "store_name": "長中",
        "address": "臺北市中山區中山北路二段40-1號",
        "phone": "02-25676232",
        "lng": 121.521257,
        "lat": 25.053114,
        "district": "中山區"
      }
    },
    {
      "type": "Feature",
      "geometry": {
        "type": "Point",
        "coordinates": [
          121.511471,
          25.073055
        ]
      },
      "properties": {
        "brand": "統一超商",
        "city": "臺北市",
        "store_name": "湧久",
        "address": "臺北市大同區延平北路四段157號159號",
        "phone": "02-25982186",
        "lng": 121.511471,
        "lat": 25.073055,
        "district": "大同區"
      }
    },
    {
      "type": "Feature",
      "geometry": {
        "type": "Point",
        "coordinates": [
          121.522593,
          25.066533
        ]
      },
      "properties": {
        "brand": "統一超商",
        "city": "臺北市",
        "store_name": "麥田",
        "address": "臺北市中山區晴光里中山北路三段47號",
        "phone": "02-25854392",
        "lng": 121.522593,
        "lat": 25.066533,
        "district": "中山區"
      }
    },
    {
      "type": "Feature",
      "geometry": {
        "type": "Point",
        "coordinates": [
          121.521254,
          25.060251
        ]
      },
      "properties": {
        "brand": "統一超商",
        "city": "臺北市",
        "store_name": "新錦祥",
        "address": "臺北市中山區錦西街16號",
        "phone": "02-25311037",
        "lng": 121.521254,
        "lat": 25.060251,
        "district": "中山區"
      }
    },
    {
      "type": "Feature",
      "geometry": {
        "type": "Point",
        "coordinates": [
          121.526535,
          25.055022
        ]
      },
      "properties": {
        "brand": "統一超商",
        "city": "臺北市",
        "store_name": "春森",
        "address": "臺北市中山區長春路67號",
        "phone": "02-25641630",
        "lng": 121.526535,
        "lat": 25.055022,
        "district": "中山區"
      }
    },
    {
      "type": "Feature",
      "geometry": {
        "type": "Point",
        "coordinates": [
          121.530715,
          25.060762
        ]
      },
      "properties": {
        "brand": "統一超商",
        "city": "臺北市",
        "store_name": "錦北",
        "address": "臺北市中山區錦州街8號",
        "phone": "02-25418586",
        "lng": 121.530715,
        "lat": 25.060762,
        "district": "中山區"
      }
    },
    {
      "type": "Feature",
      "geometry": {
        "type": "Point",
        "coordinates": [
          121.51172,
          25.02423
        ]
      },
      "properties": {
        "brand": "統一超商",
        "city": "臺北市",
        "store_name": "萬光",
        "address": "臺北市中正區中華路二段157號",
        "phone": "02-23021224",
        "lng": 121.51172,
        "lat": 25.02423,
        "district": "中正區"
      }
    },
    {
      "type": "Feature",
      "geometry": {
        "type": "Point",
        "coordinates": [
          121.522573,
          25.042666
        ]
      },
      "properties": {
        "brand": "統一超商",
        "city": "臺北市",
        "store_name": "中航",
        "address": "臺北市中正區林森南路12號",
        "phone": "02-23278931",
        "lng": 121.522573,
        "lat": 25.042666,
        "district": "中正區"
      }
    },
    {
      "type": "Feature",
      "geometry": {
        "type": "Point",
        "coordinates": [
          121.571877,
          25.043684
        ]
      },
      "properties": {
        "brand": "統一超商",
        "city": "臺北市",
        "store_name": "松信",
        "address": "臺北市信義區松信路148號1樓",
        "phone": "02-27656147",
        "lng": 121.571877,
        "lat": 25.043684,
        "district": "信義區"
      }
    },
    {
      "type": "Feature",
      "geometry": {
        "type": "Point",
        "coordinates": [
          121.508812,
          25.025275
        ]
      },
      "properties": {
        "brand": "統一超商",
        "city": "臺北市",
        "store_name": "中寧",
        "address": "臺北市萬華區中華路二段602-1、602-2號1樓",
        "phone": "02-23014902",
        "lng": 121.508812,
        "lat": 25.025275,
        "district": "萬華區"
      }
    },
    {
      "type": "Feature",
      "geometry": {
        "type": "Point",
        "coordinates": [
          121.53734,
          25.03639
        ]
      },
      "properties": {
        "brand": "統一超商",
        "city": "臺北市",
        "store_name": "花市",
        "address": "臺北市大安區建國南路一段274號",
        "phone": "02-27552540",
        "lng": 121.53734,
        "lat": 25.03639,
        "district": "大安區"
      }
    },
    {
      "type": "Feature",
      "geometry": {
        "type": "Point",
        "coordinates": [
          121.542919,
          25.038896
        ]
      },
      "properties": {
        "brand": "統一超商",
        "city": "臺北市",
        "store_name": "信仁",
        "address": "臺北市大安區仁愛路三段143巷8號",
        "phone": "02-87717479",
        "lng": 121.542919,
        "lat": 25.038896,
        "district": "大安區"
      }
    },
    {
      "type": "Feature",
      "geometry": {
        "type": "Point",
        "coordinates": [
          121.543825,
          25.040913
        ]
      },
      "properties": {
        "brand": "統一超商",
        "city": "臺北市",
        "store_name": "大安復興",
        "address": "臺北市大安區復興南路一段247號",
        "phone": "02-27016916",
        "lng": 121.543825,
        "lat": 25.040913,
        "district": "大安區"
      }
    },
    {
      "type": "Feature",
      "geometry": {
        "type": "Point",
        "coordinates": [
          121.536074,
          25.035243
        ]
      },
      "properties": {
        "brand": "統一超商",
        "city": "臺北市",
        "store_name": "科建",
        "address": "臺北市大安區建國南路一段28號30號",
        "phone": "02-87721391",
        "lng": 121.536074,
        "lat": 25.035243,
        "district": "大安區"
      }
    },
    {
      "type": "Feature",
      "geometry": {
        "type": "Point",
        "coordinates": [
          121.534621,
          25.033765
        ]
      },
      "properties": {
        "brand": "統一超商",
        "city": "臺北市",
        "store_name": "大信",
        "address": "臺北市大安區信義路三段33號",
        "phone": "02-27096471",
        "lng": 121.534621,
        "lat": 25.033765,
        "district": "大安區"
      }
    },
    {
      "type": "Feature",
      "geometry": {
        "type": "Point",
        "coordinates": [
          121.52343,
          25.050766
        ]
      },
      "properties": {
        "brand": "統一超商",
        "city": "臺北市",
        "store_name": "崑崙",
        "address": "臺北市中山區中山北路一段105巷13號",
        "phone": "02-25604745",
        "lng": 121.52343,
        "lat": 25.050766,
        "district": "中山區"
      }
    },
    {
      "type": "Feature",
      "geometry": {
        "type": "Point",
        "coordinates": [
          121.510488,
          25.08205
        ]
      },
      "properties": {
        "brand": "統一超商",
        "city": "臺北市",
        "store_name": "葫蘆",
        "address": "臺北市士林區延平北路五段134號",
        "phone": "02-28112919",
        "lng": 121.510488,
        "lat": 25.08205,
        "district": "士林區"
      }
    },
    {
      "type": "Feature",
      "geometry": {
        "type": "Point",
        "coordinates": [
          121.540752,
          25.054769
        ]
      },
      "properties": {
        "brand": "統一超商",
        "city": "臺北市",
        "store_name": "春龍",
        "address": "臺北市中山區長春路257號",
        "phone": "02-25021405",
        "lng": 121.540752,
        "lat": 25.054769,
        "district": "中山區"
      }
    },
    {
      "type": "Feature",
      "geometry": {
        "type": "Point",
        "coordinates": [
          121.543017,
          25.055952
        ]
      },
      "properties": {
        "brand": "統一超商",
        "city": "臺北市",
        "store_name": "興復",
        "address": "臺北市中山區興安街112號一樓",
        "phone": "02-25026965",
        "lng": 121.543017,
        "lat": 25.055952,
        "district": "中山區"
      }
    },
    {
      "type": "Feature",
      "geometry": {
        "type": "Point",
        "coordinates": [
          121.53248,
          25.060401
        ]
      },
      "properties": {
        "brand": "統一超商",
        "city": "臺北市",
        "store_name": "錦捷",
        "address": "臺北市中山區錦州街229號1樓",
        "phone": "02-25628396",
        "lng": 121.53248,
        "lat": 25.060401,
        "district": "中山區"
      }
    },
    {
      "type": "Feature",
      "geometry": {
        "type": "Point",
        "coordinates": [
          121.539382,
          25.066006
        ]
      },
      "properties": {
        "brand": "統一超商",
        "city": "臺北市",
        "store_name": "濱江",
        "address": "臺北市中山區龍江路356巷39及41號1樓",
        "phone": "02-25171393",
        "lng": 121.539382,
        "lat": 25.066006,
        "district": "中山區"
      }
    },
    {
      "type": "Feature",
      "geometry": {
        "type": "Point",
        "coordinates": [
          121.540832,
          25.064934
        ]
      },
      "properties": {
        "brand": "統一超商",
        "city": "臺北市",
        "store_name": "榮星",
        "address": "臺北市中山區龍江路322號",
        "phone": "02-25094506",
        "lng": 121.540832,
        "lat": 25.064934,
        "district": "中山區"
      }
    },
    {
      "type": "Feature",
      "geometry": {
        "type": "Point",
        "coordinates": [
          121.508408,
          25.091015
        ]
      },
      "properties": {
        "brand": "統一超商",
        "city": "臺北市",
        "store_name": "友成",
        "address": "臺北市士林區社中街211號1樓",
        "phone": "02-88112514",
        "lng": 121.508408,
        "lat": 25.091015,
        "district": "士林區"
      }
    },
    {
      "type": "Feature",
      "geometry": {
        "type": "Point",
        "coordinates": [
          121.545635,
          25.052012
        ]
      },
      "properties": {
        "brand": "統一超商",
        "city": "臺北市",
        "store_name": "復吉",
        "address": "臺北市松山區南京東路三段275號1樓",
        "phone": "02-25451347",
        "lng": 121.545635,
        "lat": 25.052012,
        "district": "松山區"
      }
    },
    {
      "type": "Feature",
      "geometry": {
        "type": "Point",
        "coordinates": [
          121.544088,
          25.045616
        ]
      },
      "properties": {
        "brand": "統一超商",
        "city": "臺北市",
        "store_name": "風復",
        "address": "臺北市松山區復興南路一段43號1樓",
        "phone": "02-27110868",
        "lng": 121.544088,
        "lat": 25.045616,
        "district": "松山區"
      }
    },
    {
      "type": "Feature",
      "geometry": {
        "type": "Point",
        "coordinates": [
          121.533455,
          25.063826
        ]
      },
      "properties": {
        "brand": "統一超商",
        "city": "臺北市",
        "store_name": "權松",
        "address": "臺北市中山區松江路363號",
        "phone": "02-25184764",
        "lng": 121.533455,
        "lat": 25.063826,
        "district": "中山區"
      }
    },
    {
      "type": "Feature",
      "geometry": {
        "type": "Point",
        "coordinates": [
          121.540959,
          25.065277
        ]
      },
      "properties": {
        "brand": "統一超商",
        "city": "臺北市",
        "store_name": "龍京",
        "address": "臺北市中山區龍江路104號1樓",
        "phone": "02-25079295",
        "lng": 121.540959,
        "lat": 25.065277,
        "district": "中山區"
      }
    },
    {
      "type": "Feature",
      "geometry": {
        "type": "Point",
        "coordinates": [
          121.515902,
          25.029869
        ]
      },
      "properties": {
        "brand": "統一超商",
        "city": "臺北市",
        "store_name": "鑫重寧",
        "address": "臺北市中正區寧波西街86號1樓",
        "phone": "02-33225836",
        "lng": 121.515902,
        "lat": 25.029869,
        "district": "中正區"
      }
    },
    {
      "type": "Feature",
      "geometry": {
        "type": "Point",
        "coordinates": [
          121.494916,
          25.031527
        ]
      },
      "properties": {
        "brand": "統一超商",
        "city": "臺北市",
        "store_name": "園舺",
        "address": "臺北市萬華區西園路二段140巷52號52號之1號",
        "phone": "02-23086420",
        "lng": 121.494916,
        "lat": 25.031527,
        "district": "萬華區"
      }
    },
    {
      "type": "Feature",
      "geometry": {
        "type": "Point",
        "coordinates": [
          121.499457,
          25.035853
        ]
      },
      "properties": {
        "brand": "統一超商",
        "city": "臺北市",
        "store_name": "萬運",
        "address": "臺北市萬華區西園路一段153號地下室",
        "phone": "02-23088704",
        "lng": 121.499457,
        "lat": 25.035853,
        "district": "萬華區"
      }
    },
    {
      "type": "Feature",
      "geometry": {
        "type": "Point",
        "coordinates": [
          121.505898,
          25.044393
        ]
      },
      "properties": {
        "brand": "統一超商",
        "city": "臺北市",
        "store_name": "昆寧",
        "address": "臺北市萬華區西寧南路50巷3號5號",
        "phone": "02-23709656",
        "lng": 121.505898,
        "lat": 25.044393,
        "district": "萬華區"
      }
    },
    {
      "type": "Feature",
      "geometry": {
        "type": "Point",
        "coordinates": [
          121.493028,
          25.034115
        ]
      },
      "properties": {
        "brand": "統一超商",
        "city": "臺北市",
        "store_name": "華江",
        "address": "臺北市萬華區環河南路二段200號1樓",
        "phone": "02-23088154",
        "lng": 121.493028,
        "lat": 25.034115,
        "district": "萬華區"
      }
    },
    {
      "type": "Feature",
      "geometry": {
        "type": "Point",
        "coordinates": [
          121.507478,
          25.044114
        ]
      },
      "properties": {
        "brand": "統一超商",
        "city": "臺北市",
        "store_name": "捷盟",
        "address": "臺北市萬華區漢中街51號",
        "phone": "02-23895672",
        "lng": 121.507478,
        "lat": 25.044114,
        "district": "萬華區"
      }
    },
    {
      "type": "Feature",
      "geometry": {
        "type": "Point",
        "coordinates": [
          121.501135,
          25.025524
        ]
      },
      "properties": {
        "brand": "統一超商",
        "city": "臺北市",
        "store_name": "萬華",
        "address": "臺北市萬華區莒光路216號萬大路57號1樓",
        "phone": "02-23041593",
        "lng": 121.501135,
        "lat": 25.025524,
        "district": "萬華區"
      }
    },
    {
      "type": "Feature",
      "geometry": {
        "type": "Point",
        "coordinates": [
          121.503079,
          25.038279
        ]
      },
      "properties": {
        "brand": "統一超商",
        "city": "臺北市",
        "store_name": "桂明",
        "address": "臺北市萬華區桂林路55號",
        "phone": "02-23892844",
        "lng": 121.503079,
        "lat": 25.038279,
        "district": "萬華區"
      }
    },
    {
      "type": "Feature",
      "geometry": {
        "type": "Point",
        "coordinates": [
          121.501466,
          25.02352
        ]
      },
      "properties": {
        "brand": "統一超商",
        "city": "臺北市",
        "store_name": "克難",
        "address": "臺北市萬華區萬青街168號",
        "phone": "02-23379081",
        "lng": 121.501466,
        "lat": 25.02352,
        "district": "萬華區"
      }
    },
    {
      "type": "Feature",
      "geometry": {
        "type": "Point",
        "coordinates": [
          121.497844,
          25.020015
        ]
      },
      "properties": {
        "brand": "統一超商",
        "city": "臺北市",
        "store_name": "大華",
        "address": "臺北市萬華區萬大路495號497號",
        "phone": "02-23390762",
        "lng": 121.497844,
        "lat": 25.020015,
        "district": "萬華區"
      }
    },
    {
      "type": "Feature",
      "geometry": {
        "type": "Point",
        "coordinates": [
          121.517507,
          25.024648
        ]
      },
      "properties": {
        "brand": "統一超商",
        "city": "臺北市",
        "store_name": "新文華",
        "address": "臺北市中正區廈門街77號77之1號1樓",
        "phone": "02-23658130",
        "lng": 121.517507,
        "lat": 25.024648,
        "district": "中正區"
      }
    },
    {
      "type": "Feature",
      "geometry": {
        "type": "Point",
        "coordinates": [
          121.516607,
          25.044699
        ]
      },
      "properties": {
        "brand": "統一超商",
        "city": "臺北市",
        "store_name": "鑫公信",
        "address": "臺北市中正區信陽街9號11號1樓",
        "phone": "02-23617413",
        "lng": 121.516607,
        "lat": 25.044699,
        "district": "中正區"
      }
    },
    {
      "type": "Feature",
      "geometry": {
        "type": "Point",
        "coordinates": [
          121.575537,
          25.076235
        ]
      },
      "properties": {
        "brand": "統一超商",
        "city": "臺北市",
        "store_name": "瑞湖",
        "address": "臺北市內湖區江南街128號",
        "phone": "02-26588016",
        "lng": 121.575537,
        "lat": 25.076235,
        "district": "內湖區"
      }
    },
    {
      "type": "Feature",
      "geometry": {
        "type": "Point",
        "coordinates": [
          121.576173,
          25.073827
        ]
      },
      "properties": {
        "brand": "統一超商",
        "city": "臺北市",
        "store_name": "瑞富",
        "address": "臺北市內湖區瑞光路188巷51號1樓",
        "phone": "02-26589047",
        "lng": 121.576173,
        "lat": 25.073827,
        "district": "內湖區"
      }
    },
    {
      "type": "Feature",
      "geometry": {
        "type": "Point",
        "coordinates": [
          121.573143,
          25.075464
        ]
      },
      "properties": {
        "brand": "統一超商",
        "city": "臺北市",
        "store_name": "瑞和",
        "address": "臺北市內湖區瑞光路316巷56號1樓",
        "phone": "02-26584041",
        "lng": 121.573143,
        "lat": 25.075464,
        "district": "內湖區"
      }
    },
    {
      "type": "Feature",
      "geometry": {
        "type": "Point",
        "coordinates": [
          121.578941,
          25.076261
        ]
      },
      "properties": {
        "brand": "統一超商",
        "city": "臺北市",
        "store_name": "瑞江",
        "address": "臺北市內湖區瑞陽里江南街71巷16弄76號",
        "phone": "02-26587055",
        "lng": 121.578941,
        "lat": 25.076261,
        "district": "內湖區"
      }
    },
    {
      "type": "Feature",
      "geometry": {
        "type": "Point",
        "coordinates": [
          121.585311,
          25.074943
        ]
      },
      "properties": {
        "brand": "統一超商",
        "city": "臺北市",
        "store_name": "紫陽",
        "address": "臺北市內湖區紫陽里陽光街159號",
        "phone": "02-87512875",
        "lng": 121.585311,
        "lat": 25.074943,
        "district": "內湖區"
      }
    },
    {
      "type": "Feature",
      "geometry": {
        "type": "Point",
        "coordinates": [
          121.615886,
          25.0672
        ]
      },
      "properties": {
        "brand": "統一超商",
        "city": "臺北市",
        "store_name": "東湖",
        "address": "臺北市內湖區五分街62號",
        "phone": "02-26332539",
        "lng": 121.615886,
        "lat": 25.0672,
        "district": "內湖區"
      }
    },
    {
      "type": "Feature",
      "geometry": {
        "type": "Point",
        "coordinates": [
          121.579844,
          25.07812
        ]
      },
      "properties": {
        "brand": "統一超商",
        "city": "臺北市",
        "store_name": "銳陽",
        "address": "臺北市內湖區文德路22巷44弄6號8號1樓",
        "phone": "02-27996570",
        "lng": 121.579844,
        "lat": 25.07812,
        "district": "內湖區"
      }
    },
    {
      "type": "Feature",
      "geometry": {
        "type": "Point",
        "coordinates": [
          121.59833,
          25.078894
        ]
      },
      "properties": {
        "brand": "統一超商",
        "city": "臺北市",
        "store_name": "紫雲",
        "address": "臺北市內湖區康寧路一段263號265號1樓",
        "phone": "02-27932947",
        "lng": 121.59833,
        "lat": 25.078894,
        "district": "內湖區"
      }
    },
    {
      "type": "Feature",
      "geometry": {
        "type": "Point",
        "coordinates": [
          121.584718,
          25.077242
        ]
      },
      "properties": {
        "brand": "統一超商",
        "city": "臺北市",
        "store_name": "紫德",
        "address": "臺北市內湖區文德路210巷30弄32號34號1樓",
        "phone": "02-27993115",
        "lng": 121.584718,
        "lat": 25.077242,
        "district": "內湖區"
      }
    },
    {
      "type": "Feature",
      "geometry": {
        "type": "Point",
        "coordinates": [
          121.566985,
          25.08651
        ]
      },
      "properties": {
        "brand": "統一超商",
        "city": "臺北市",
        "store_name": "環湖",
        "address": "臺北市內湖區環山路一段70號",
        "phone": "02-87974566",
        "lng": 121.566985,
        "lat": 25.08651,
        "district": "內湖區"
      }
    },
    {
      "type": "Feature",
      "geometry": {
        "type": "Point",
        "coordinates": [
          121.59162,
          25.080356
        ]
      },
      "properties": {
        "brand": "統一超商",
        "city": "臺北市",
        "store_name": "紫新",
        "address": "臺北市內湖區康寧路一段34號",
        "phone": "02-27949151",
        "lng": 121.59162,
        "lat": 25.080356,
        "district": "內湖區"
      }
    },
    {
      "type": "Feature",
      "geometry": {
        "type": "Point",
        "coordinates": [
          121.591944,
          25.082357
        ]
      },
      "properties": {
        "brand": "統一超商",
        "city": "臺北市",
        "store_name": "德福",
        "address": "臺北市內湖區成功路四段30巷27號29號31號",
        "phone": "02-27943371",
        "lng": 121.591944,
        "lat": 25.082357,
        "district": "內湖區"
      }
    },
    {
      "type": "Feature",
      "geometry": {
        "type": "Point",
        "coordinates": [
          121.495166,
          25.145286
        ]
      },
      "properties": {
        "brand": "統一超商",
        "city": "臺北市",
        "store_name": "秀山",
        "address": "臺北市北投區中和街476號478號480號1樓",
        "phone": "02-28947141",
        "lng": 121.495166,
        "lat": 25.145286,
        "district": "北投區"
      }
    },
    {
      "type": "Feature",
      "geometry": {
        "type": "Point",
        "coordinates": [
          121.530285,
          25.114608
        ]
      },
      "properties": {
        "brand": "統一超商",
        "city": "臺北市",
        "store_name": "三玉",
        "address": "臺北市士林區天母東路88之1號1樓",
        "phone": "02-28744580",
        "lng": 121.530285,
        "lat": 25.114608,
        "district": "士林區"
      }
    },
    {
      "type": "Feature",
      "geometry": {
        "type": "Point",
        "coordinates": [
          121.500358,
          25.131077
        ]
      },
      "properties": {
        "brand": "統一超商",
        "city": "臺北市",
        "store_name": "大中",
        "address": "臺北市北投區中央南路一段114號",
        "phone": "02-28963137",
        "lng": 121.500358,
        "lat": 25.131077,
        "district": "北投區"
      }
    },
    {
      "type": "Feature",
      "geometry": {
        "type": "Point",
        "coordinates": [
          121.516231,
          25.118702
        ]
      },
      "properties": {
        "brand": "統一超商",
        "city": "臺北市",
        "store_name": "立陽",
        "address": "臺北市北投區立農街二段299號1樓",
        "phone": "02-28213079",
        "lng": 121.516231,
        "lat": 25.118702,
        "district": "北投區"
      }
    },
    {
      "type": "Feature",
      "geometry": {
        "type": "Point",
        "coordinates": [
          121.519677,
          25.114094
        ]
      },
      "properties": {
        "brand": "統一超商",
        "city": "臺北市",
        "store_name": "懷得",
        "address": "臺北市北投區懷德街85號1樓",
        "phone": "02-28279042",
        "lng": 121.519677,
        "lat": 25.114094,
        "district": "北投區"
      }
    },
    {
      "type": "Feature",
      "geometry": {
        "type": "Point",
        "coordinates": [
          121.513657,
          25.111927
        ]
      },
      "properties": {
        "brand": "統一超商",
        "city": "臺北市",
        "store_name": "福致",
        "address": "臺北市北投區致遠一路二段49號51號1樓",
        "phone": "02-28223783",
        "lng": 121.513657,
        "lat": 25.111927,
        "district": "北投區"
      }
    },
    {
      "type": "Feature",
      "geometry": {
        "type": "Point",
        "coordinates": [
          121.467459,
          25.121518
        ]
      },
      "properties": {
        "brand": "統一超商",
        "city": "臺北市",
        "store_name": "關渡",
        "address": "臺北市北投區知行路282號284號1樓",
        "phone": "02-28581719",
        "lng": 121.467459,
        "lat": 25.121518,
        "district": "北投區"
      }
    },
    {
      "type": "Feature",
      "geometry": {
        "type": "Point",
        "coordinates": [
          121.466139,
          25.119085
        ]
      },
      "properties": {
        "brand": "統一超商",
        "city": "臺北市",
        "store_name": "知心",
        "address": "臺北市北投區知行路185號1樓",
        "phone": "02-28585721",
        "lng": 121.466139,
        "lat": 25.119085,
        "district": "北投區"
      }
    },
    {
      "type": "Feature",
      "geometry": {
        "type": "Point",
        "coordinates": [
          121.501836,
          25.133297
        ]
      },
      "properties": {
        "brand": "統一超商",
        "city": "臺北市",
        "store_name": "光中",
        "address": "臺北市北投區光明路122號",
        "phone": "02-28971043",
        "lng": 121.501836,
        "lat": 25.133297,
        "district": "北投區"
      }
    },
    {
      "type": "Feature",
      "geometry": {
        "type": "Point",
        "coordinates": [
          121.512924,
          25.117478
        ]
      },
      "properties": {
        "brand": "統一超商",
        "city": "臺北市",
        "store_name": "安遠",
        "address": "臺北市北投區致遠二路149號",
        "phone": "02-28261043",
        "lng": 121.512924,
        "lat": 25.117478,
        "district": "北投區"
      }
    },
    {
      "type": "Feature",
      "geometry": {
        "type": "Point",
        "coordinates": [
          121.508119,
          25.114927
        ]
      },
      "properties": {
        "brand": "統一超商",
        "city": "臺北市",
        "store_name": "富邦",
        "address": "臺北市北投區實踐街22號24號",
        "phone": "02-28214947",
        "lng": 121.508119,
        "lat": 25.114927,
        "district": "北投區"
      }
    },
    {
      "type": "Feature",
      "geometry": {
        "type": "Point",
        "coordinates": [
          121.556443,
          25.056223
        ]
      },
      "properties": {
        "brand": "統一超商",
        "city": "臺北市",
        "store_name": "延壽",
        "address": "臺北市松山區延壽街422號",
        "phone": "02-27622884",
        "lng": 121.556443,
        "lat": 25.056223,
        "district": "松山區"
      }
    },
    {
      "type": "Feature",
      "geometry": {
        "type": "Point",
        "coordinates": [
          121.5658,
          25.059878
        ]
      },
      "properties": {
        "brand": "統一超商",
        "city": "臺北市",
        "store_name": "征唐",
        "address": "臺北市松山區新東街41-7號",
        "phone": "02-27616499",
        "lng": 121.5658,
        "lat": 25.059878,
        "district": "松山區"
      }
    },
    {
      "type": "Feature",
      "geometry": {
        "type": "Point",
        "coordinates": [
          121.574777,
          25.083022
        ]
      },
      "properties": {
        "brand": "統一超商",
        "city": "臺北市",
        "store_name": "港華",
        "address": "臺北市內湖區港華街46號1樓",
        "phone": "02-27997851",
        "lng": 121.574777,
        "lat": 25.083022,
        "district": "內湖區"
      }
    },
    {
      "type": "Feature",
      "geometry": {
        "type": "Point",
        "coordinates": [
          121.544995,
          25.051628
        ]
      },
      "properties": {
        "brand": "統一超商",
        "city": "臺北市",
        "store_name": "京運",
        "address": "臺北市松山區南京東路三段262號1樓",
        "phone": "02-27716548",
        "lng": 121.544995,
        "lat": 25.051628,
        "district": "松山區"
      }
    },
    {
      "type": "Feature",
      "geometry": {
        "type": "Point",
        "coordinates": [
          121.577857,
          25.043823
        ]
      },
      "properties": {
        "brand": "統一超商",
        "city": "臺北市",
        "store_name": "武松",
        "address": "臺北市信義區松山路121號1樓",
        "phone": "02-27566305",
        "lng": 121.577857,
        "lat": 25.043823,
        "district": "信義區"
      }
    },
    {
      "type": "Feature",
      "geometry": {
        "type": "Point",
        "coordinates": [
          121.550035,
          25.055448
        ]
      },
      "properties": {
        "brand": "統一超商",
        "city": "臺北市",
        "store_name": "庚塑",
        "address": "臺北市松山區敦化北路199巷2弄9號",
        "phone": "02-27120076",
        "lng": 121.550035,
        "lat": 25.055448,
        "district": "松山區"
      }
    },
    {
      "type": "Feature",
      "geometry": {
        "type": "Point",
        "coordinates": [
          121.581699,
          25.059685
        ]
      },
      "properties": {
        "brand": "統一超商",
        "city": "臺北市",
        "store_name": "行美",
        "address": "臺北市內湖區行善路191號193號",
        "phone": "02-87914060",
        "lng": 121.581699,
        "lat": 25.059685,
        "district": "內湖區"
      }
    },
    {
      "type": "Feature",
      "geometry": {
        "type": "Point",
        "coordinates": [
          121.587395,
          25.063221
        ]
      },
      "properties": {
        "brand": "統一超商",
        "city": "臺北市",
        "store_name": "行真",
        "address": "臺北市內湖區金莊路80號1樓",
        "phone": "02-27949908",
        "lng": 121.587395,
        "lat": 25.063221,
        "district": "內湖區"
      }
    },
    {
      "type": "Feature",
      "geometry": {
        "type": "Point",
        "coordinates": [
          121.554141,
          25.042406
        ]
      },
      "properties": {
        "brand": "統一超商",
        "city": "臺北市",
        "store_name": "吉忠",
        "address": "臺北市大安區延吉街72號",
        "phone": "02-87725413",
        "lng": 121.554141,
        "lat": 25.042406,
        "district": "大安區"
      }
    },
    {
      "type": "Feature",
      "geometry": {
        "type": "Point",
        "coordinates": [
          121.568764,
          25.043147
        ]
      },
      "properties": {
        "brand": "統一超商",
        "city": "臺北市",
        "store_name": "敦厚",
        "address": "臺北市信義區永吉路30巷168弄1號1樓",
        "phone": "02-27677884",
        "lng": 121.568764,
        "lat": 25.043147,
        "district": "信義區"
      }
    },
    {
      "type": "Feature",
      "geometry": {
        "type": "Point",
        "coordinates": [
          121.568876,
          25.043478
        ]
      },
      "properties": {
        "brand": "統一超商",
        "city": "臺北市",
        "store_name": "永信",
        "address": "臺北市信義區永吉路30巷103號",
        "phone": "02-27469874",
        "lng": 121.568876,
        "lat": 25.043478,
        "district": "信義區"
      }
    },
    {
      "type": "Feature",
      "geometry": {
        "type": "Point",
        "coordinates": [
          121.56146,
          25.029019
        ]
      },
      "properties": {
        "brand": "統一超商",
        "city": "臺北市",
        "store_name": "三興",
        "address": "臺北市信義區吳興街156巷2弄2號4號1樓",
        "phone": "02-27335027",
        "lng": 121.56146,
        "lat": 25.029019,
        "district": "信義區"
      }
    },
    {
      "type": "Feature",
      "geometry": {
        "type": "Point",
        "coordinates": [
          121.577168,
          25.037221
        ]
      },
      "properties": {
        "brand": "統一超商",
        "city": "臺北市",
        "store_name": "信林",
        "address": "臺北市信義區虎林街222巷7號9號1樓",
        "phone": "02-27278220",
        "lng": 121.577168,
        "lat": 25.037221,
        "district": "信義區"
      }
    },
    {
      "type": "Feature",
      "geometry": {
        "type": "Point",
        "coordinates": [
          121.616812,
          25.038379
        ]
      },
      "properties": {
        "brand": "統一超商",
        "city": "臺北市",
        "store_name": "庄研",
        "address": "臺北市南港區研究院路二段152號1樓",
        "phone": "02-26539357",
        "lng": 121.616812,
        "lat": 25.038379,
        "district": "南港區"
      }
    },
    {
      "type": "Feature",
      "geometry": {
        "type": "Point",
        "coordinates": [
          121.562903,
          25.042221
        ]
      },
      "properties": {
        "brand": "統一超商",
        "city": "臺北市",
        "store_name": "巨東",
        "address": "臺北市信義區忠孝東路四段553巷6弄2號1樓",
        "phone": "02-27658633",
        "lng": 121.562903,
        "lat": 25.042221,
        "district": "信義區"
      }
    },
    {
      "type": "Feature",
      "geometry": {
        "type": "Point",
        "coordinates": [
          121.585266,
          25.0362
        ]
      },
      "properties": {
        "brand": "統一超商",
        "city": "臺北市",
        "store_name": "廣鳴",
        "address": "臺北市信義區福德街88號90號",
        "phone": "02-27598850",
        "lng": 121.585266,
        "lat": 25.0362,
        "district": "信義區"
      }
    },
    {
      "type": "Feature",
      "geometry": {
        "type": "Point",
        "coordinates": [
          121.550159,
          25.034434
        ]
      },
      "properties": {
        "brand": "統一超商",
        "city": "臺北市",
        "store_name": "敦信",
        "address": "臺北市大安區仁愛路四段122巷50號1樓",
        "phone": "02-27556047",
        "lng": 121.550159,
        "lat": 25.034434,
        "district": "大安區"
      }
    },
    {
      "type": "Feature",
      "geometry": {
        "type": "Point",
        "coordinates": [
          121.563541,
          25.024522
        ]
      },
      "properties": {
        "brand": "統一超商",
        "city": "臺北市",
        "store_name": "吳興",
        "address": "臺北市信義區吳興街284巷18弄2號",
        "phone": "02-27388391",
        "lng": 121.563541,
        "lat": 25.024522,
        "district": "信義區"
      }
    },
    {
      "type": "Feature",
      "geometry": {
        "type": "Point",
        "coordinates": [
          121.562337,
          25.033153
        ]
      },
      "properties": {
        "brand": "統一超商",
        "city": "臺北市",
        "store_name": "世貿二",
        "address": "臺北市信義區信義路五段5號2樓",
        "phone": "02-27208253",
        "lng": 121.562337,
        "lat": 25.033153,
        "district": "信義區"
      }
    },
    {
      "type": "Feature",
      "geometry": {
        "type": "Point",
        "coordinates": [
          121.569566,
          25.023435
        ]
      },
      "properties": {
        "brand": "統一超商",
        "city": "臺北市",
        "store_name": "總站",
        "address": "臺北市信義區吳興街486號488號1樓",
        "phone": "02-27585386",
        "lng": 121.569566,
        "lat": 25.023435,
        "district": "信義區"
      }
    },
    {
      "type": "Feature",
      "geometry": {
        "type": "Point",
        "coordinates": [
          121.555454,
          25.038278
        ]
      },
      "properties": {
        "brand": "統一超商",
        "city": "臺北市",
        "store_name": "延仁",
        "address": "臺北市大安區延吉街175號1樓",
        "phone": "02-27753621",
        "lng": 121.555454,
        "lat": 25.038278,
        "district": "大安區"
      }
    },
    {
      "type": "Feature",
      "geometry": {
        "type": "Point",
        "coordinates": [
          121.551141,
          25.038602
        ]
      },
      "properties": {
        "brand": "統一超商",
        "city": "臺北市",
        "store_name": "欣安和",
        "address": "臺北市大安區安和路一段47號",
        "phone": "02-87730039",
        "lng": 121.551141,
        "lat": 25.038602,
        "district": "大安區"
      }
    },
    {
      "type": "Feature",
      "geometry": {
        "type": "Point",
        "coordinates": [
          121.568509,
          25.026838
        ]
      },
      "properties": {
        "brand": "統一超商",
        "city": "臺北市",
        "store_name": "松仁",
        "address": "臺北市信義區松仁路213號",
        "phone": "02-27299057",
        "lng": 121.568509,
        "lat": 25.026838,
        "district": "信義區"
      }
    },
    {
      "type": "Feature",
      "geometry": {
        "type": "Point",
        "coordinates": [
          121.568855,
          25.022107
        ]
      },
      "properties": {
        "brand": "統一超商",
        "city": "臺北市",
        "store_name": "惠安",
        "address": "臺北市信義區惠安里吳興街520號1樓",
        "phone": "02-27582394",
        "lng": 121.568855,
        "lat": 25.022107,
        "district": "信義區"
      }
    },
    {
      "type": "Feature",
      "geometry": {
        "type": "Point",
        "coordinates": [
          121.533674,
          25.025985
        ]
      },
      "properties": {
        "brand": "統一超商",
        "city": "臺北市",
        "store_name": "溫東",
        "address": "臺北市大安區和平東路一段266號",
        "phone": "02-23623019",
        "lng": 121.533674,
        "lat": 25.025985,
        "district": "大安區"
      }
    },
    {
      "type": "Feature",
      "geometry": {
        "type": "Point",
        "coordinates": [
          121.538647,
          25.002259
        ]
      },
      "properties": {
        "brand": "統一超商",
        "city": "臺北市",
        "store_name": "羅斯福",
        "address": "臺北市文山區羅斯福路五段216號",
        "phone": "02-29342178",
        "lng": 121.538647,
        "lat": 25.002259,
        "district": "文山區"
      }
    },
    {
      "type": "Feature",
      "geometry": {
        "type": "Point",
        "coordinates": [
          121.547113,
          24.995786
        ]
      },
      "properties": {
        "brand": "統一超商",
        "city": "臺北市",
        "store_name": "景華",
        "address": "臺北市文山區興東里景華街130號1樓",
        "phone": "02-29314829",
        "lng": 121.547113,
        "lat": 24.995786,
        "district": "文山區"
      }
    },
    {
      "type": "Feature",
      "geometry": {
        "type": "Point",
        "coordinates": [
          121.542116,
          25.002318
        ]
      },
      "properties": {
        "brand": "統一超商",
        "city": "臺北市",
        "store_name": "文森",
        "address": "臺北市文山區興隆路一段125巷1之1號",
        "phone": "02-29302894",
        "lng": 121.542116,
        "lat": 25.002318,
        "district": "文山區"
      }
    },
    {
      "type": "Feature",
      "geometry": {
        "type": "Point",
        "coordinates": [
          121.551355,
          25.002844
        ]
      },
      "properties": {
        "brand": "統一超商",
        "city": "臺北市",
        "store_name": "北福興",
        "address": "臺北市文山區興旺里福興路20號",
        "phone": "02-29350416",
        "lng": 121.551355,
        "lat": 25.002844,
        "district": "文山區"
      }
    },
    {
      "type": "Feature",
      "geometry": {
        "type": "Point",
        "coordinates": [
          121.540869,
          25.022027
        ]
      },
      "properties": {
        "brand": "統一超商",
        "city": "臺北市",
        "store_name": "敦親",
        "address": "臺北市大安區辛亥路二段171巷8號",
        "phone": "02-27366095",
        "lng": 121.540869,
        "lat": 25.022027,
        "district": "大安區"
      }
    },
    {
      "type": "Feature",
      "geometry": {
        "type": "Point",
        "coordinates": [
          121.547634,
          25.024492
        ]
      },
      "properties": {
        "brand": "統一超商",
        "city": "臺北市",
        "store_name": "和鑫",
        "address": "臺北市大安區和平東路三段38號1樓",
        "phone": "02-27326448",
        "lng": 121.547634,
        "lat": 25.024492,
        "district": "大安區"
      }
    },
    {
      "type": "Feature",
      "geometry": {
        "type": "Point",
        "coordinates": [
          121.574386,
          24.999334
        ]
      },
      "properties": {
        "brand": "統一超商",
        "city": "臺北市",
        "store_name": "和家",
        "address": "臺北市文山區和平東路四段383號385號1樓",
        "phone": "02-82300074",
        "lng": 121.574386,
        "lat": 24.999334,
        "district": "文山區"
      }
    },
    {
      "type": "Feature",
      "geometry": {
        "type": "Point",
        "coordinates": [
          121.540149,
          24.993374
        ]
      },
      "properties": {
        "brand": "統一超商",
        "city": "臺北市",
        "store_name": "景捷",
        "address": "臺北市文山區景福街252號",
        "phone": "02-29316909",
        "lng": 121.540149,
        "lat": 24.993374,
        "district": "文山區"
      }
    },
    {
      "type": "Feature",
      "geometry": {
        "type": "Point",
        "coordinates": [
          121.537699,
          25.002024
        ]
      },
      "properties": {
        "brand": "統一超商",
        "city": "臺北市",
        "store_name": "新萬盛",
        "address": "臺北市文山區羅斯福路五段21號1樓",
        "phone": "02-86635872",
        "lng": 121.537699,
        "lat": 25.002024,
        "district": "文山區"
      }
    },
    {
      "type": "Feature",
      "geometry": {
        "type": "Point",
        "coordinates": [
          121.528553,
          25.02321
        ]
      },
      "properties": {
        "brand": "統一超商",
        "city": "臺北市",
        "store_name": "師大",
        "address": "臺北市大安區師大路87號",
        "phone": "02-23693200",
        "lng": 121.528553,
        "lat": 25.02321,
        "district": "大安區"
      }
    },
    {
      "type": "Feature",
      "geometry": {
        "type": "Point",
        "coordinates": [
          121.518949,
          25.022322
        ]
      },
      "properties": {
        "brand": "統一超商",
        "city": "臺北市",
        "store_name": "中正牯嶺",
        "address": "臺北市中正區牯嶺街138號1樓",
        "phone": "02-23684831",
        "lng": 121.518949,
        "lat": 25.022322,
        "district": "中正區"
      }
    },
    {
      "type": "Feature",
      "geometry": {
        "type": "Point",
        "coordinates": [
          121.521914,
          25.027422
        ]
      },
      "properties": {
        "brand": "統一超商",
        "city": "臺北市",
        "store_name": "羅亭",
        "address": "臺北市中正區羅斯福路二段68號",
        "phone": "02-23929446",
        "lng": 121.521914,
        "lat": 25.027422,
        "district": "中正區"
      }
    },
    {
      "type": "Feature",
      "geometry": {
        "type": "Point",
        "coordinates": [
          121.583339,
          25.037691
        ]
      },
      "properties": {
        "brand": "統一超商",
        "city": "臺北市",
        "store_name": "福中",
        "address": "臺北市信義區福德街159號161號1樓",
        "phone": "02-27266631",
        "lng": 121.583339,
        "lat": 25.037691,
        "district": "信義區"
      }
    },
    {
      "type": "Feature",
      "geometry": {
        "type": "Point",
        "coordinates": [
          121.614204,
          25.034682
        ]
      },
      "properties": {
        "brand": "統一超商",
        "city": "臺北市",
        "store_name": "華技",
        "address": "臺北市南港區研究院路三段72號74號1樓",
        "phone": "02-27835010",
        "lng": 121.614204,
        "lat": 25.034682,
        "district": "南港區"
      }
    },
    {
      "type": "Feature",
      "geometry": {
        "type": "Point",
        "coordinates": [
          121.606056,
          25.052513
        ]
      },
      "properties": {
        "brand": "統一超商",
        "city": "臺北市",
        "store_name": "港泰",
        "address": "臺北市南港區忠孝東路七段359號1樓",
        "phone": "02-26512992",
        "lng": 121.606056,
        "lat": 25.052513,
        "district": "南港區"
      }
    },
    {
      "type": "Feature",
      "geometry": {
        "type": "Point",
        "coordinates": [
          121.585417,
          25.053068
        ]
      },
      "properties": {
        "brand": "統一超商",
        "city": "臺北市",
        "store_name": "玉港",
        "address": "臺北市南港區南港路三段8號10號",
        "phone": "02-26534006",
        "lng": 121.585417,
        "lat": 25.053068,
        "district": "南港區"
      }
    },
    {
      "type": "Feature",
      "geometry": {
        "type": "Point",
        "coordinates": [
          121.594122,
          25.050857
        ]
      },
      "properties": {
        "brand": "統一超商",
        "city": "臺北市",
        "store_name": "忠陽",
        "address": "臺北市南港區忠孝東路六段465號1樓",
        "phone": "02-27885107",
        "lng": 121.594122,
        "lat": 25.050857,
        "district": "南港區"
      }
    },
    {
      "type": "Feature",
      "geometry": {
        "type": "Point",
        "coordinates": [
          121.598626,
          25.05665
        ]
      },
      "properties": {
        "brand": "統一超商",
        "city": "臺北市",
        "store_name": "重陽",
        "address": "臺北市南港區重陽路179號181號1樓",
        "phone": "02-27834391",
        "lng": 121.598626,
        "lat": 25.05665,
        "district": "南港區"
      }
    },
    {
      "type": "Feature",
      "geometry": {
        "type": "Point",
        "coordinates": [
          121.60653,
          25.057966
        ]
      },
      "properties": {
        "brand": "統一超商",
        "city": "臺北市",
        "store_name": "港寰",
        "address": "臺北市南港區重陽路336號1樓2樓",
        "phone": "02-27851065",
        "lng": 121.60653,
        "lat": 25.057966,
        "district": "南港區"
      }
    },
    {
      "type": "Feature",
      "geometry": {
        "type": "Point",
        "coordinates": [
          121.581664,
          25.047035
        ]
      },
      "properties": {
        "brand": "統一超商",
        "city": "臺北市",
        "store_name": "港育",
        "address": "臺北市南港區玉成街66號.66之13號",
        "phone": "02-27856298",
        "lng": 121.581664,
        "lat": 25.047035,
        "district": "南港區"
      }
    },
    {
      "type": "Feature",
      "geometry": {
        "type": "Point",
        "coordinates": [
          121.611594,
          25.048752
        ]
      },
      "properties": {
        "brand": "統一超商",
        "city": "臺北市",
        "store_name": "耀港",
        "address": "臺北市南港區研究院路一段99號1樓之14",
        "phone": "02-27881332",
        "lng": 121.611594,
        "lat": 25.048752,
        "district": "南港區"
      }
    },
    {
      "type": "Feature",
      "geometry": {
        "type": "Point",
        "coordinates": [
          121.587106,
          25.046196
        ]
      },
      "properties": {
        "brand": "統一超商",
        "city": "臺北市",
        "store_name": "林坊",
        "address": "臺北市南港區東新街80巷1號108巷2弄30號",
        "phone": "02-27893961",
        "lng": 121.587106,
        "lat": 25.046196,
        "district": "南港區"
      }
    },
    {
      "type": "Feature",
      "geometry": {
        "type": "Point",
        "coordinates": [
          121.558119,
          24.981213
        ]
      },
      "properties": {
        "brand": "統一超商",
        "city": "臺北市",
        "store_name": "文新",
        "address": "臺北市文山區木新路三段276號",
        "phone": "02-22349624",
        "lng": 121.558119,
        "lat": 24.981213,
        "district": "文山區"
      }
    },
    {
      "type": "Feature",
      "geometry": {
        "type": "Point",
        "coordinates": [
          121.607749,
          25.054437
        ]
      },
      "properties": {
        "brand": "統一超商",
        "city": "臺北市",
        "store_name": "佳樂",
        "address": "臺北市南港區南港路一段303號305號307號1樓",
        "phone": "02-26533511",
        "lng": 121.607749,
        "lat": 25.054437,
        "district": "南港區"
      }
    },
    {
      "type": "Feature",
      "geometry": {
        "type": "Point",
        "coordinates": [
          121.558079,
          25.052053
        ]
      },
      "properties": {
        "brand": "統一超商",
        "city": "臺北市",
        "store_name": "東光",
        "address": "臺北市松山區南京東路五段23巷4號1樓",
        "phone": "02-37651752",
        "lng": 121.558079,
        "lat": 25.052053,
        "district": "松山區"
      }
    },
    {
      "type": "Feature",
      "geometry": {
        "type": "Point",
        "coordinates": [
          121.527798,
          25.101561
        ]
      },
      "properties": {
        "brand": "統一超商",
        "city": "臺北市",
        "store_name": "鑫成",
        "address": "臺北市士林區至誠路二段82號1樓",
        "phone": "02-28346370",
        "lng": 121.527798,
        "lat": 25.101561,
        "district": "士林區"
      }
    },
    {
      "type": "Feature",
      "geometry": {
        "type": "Point",
        "coordinates": [
          121.54567,
          25.036722
        ]
      },
      "properties": {
        "brand": "統一超商",
        "city": "臺北市",
        "store_name": "仁愛醫",
        "address": "臺北市大安區復興南路一段253巷52號1樓",
        "phone": "02-23258651",
        "lng": 121.54567,
        "lat": 25.036722,
        "district": "大安區"
      }
    },
    {
      "type": "Feature",
      "geometry": {
        "type": "Point",
        "coordinates": [
          121.576209,
          25.058612
        ]
      },
      "properties": {
        "brand": "統一超商",
        "city": "臺北市",
        "store_name": "參龍",
        "address": "臺北市內湖區新湖一路95號1樓",
        "phone": "02-27935418",
        "lng": 121.576209,
        "lat": 25.058612,
        "district": "內湖區"
      }
    },
    {
      "type": "Feature",
      "geometry": {
        "type": "Point",
        "coordinates": [
          121.565775,
          25.034435
        ]
      },
      "properties": {
        "brand": "統一超商",
        "city": "臺北市",
        "store_name": "微風南山",
        "address": "臺北市信義區松智路17號B2樓",
        "phone": "02-27238553",
        "lng": 121.565775,
        "lat": 25.034435,
        "district": "信義區"
      }
    },
    {
      "type": "Feature",
      "geometry": {
        "type": "Point",
        "coordinates": [
          121.497381,
          25.01941
        ]
      },
      "properties": {
        "brand": "統一超商",
        "city": "臺北市",
        "store_name": "萬和",
        "address": "臺北市萬華區萬大路182號184號",
        "phone": "02-23055379",
        "lng": 121.497381,
        "lat": 25.01941,
        "district": "萬華區"
      }
    },
    {
      "type": "Feature",
      "geometry": {
        "type": "Point",
        "coordinates": [
          121.530884,
          25.019992
        ]
      },
      "properties": {
        "brand": "統一超商",
        "city": "臺北市",
        "store_name": "羅鑫",
        "address": "臺北市大安區羅斯福路三段29號31號1樓",
        "phone": "02-33652502",
        "lng": 121.530884,
        "lat": 25.019992,
        "district": "大安區"
      }
    },
    {
      "type": "Feature",
      "geometry": {
        "type": "Point",
        "coordinates": [
          121.535834,
          25.012968
        ]
      },
      "properties": {
        "brand": "頂呱呱",
        "city": "臺北市",
        "store_name": "公館",
        "address": "臺北市中正區羅斯福路四段134號1樓",
        "phone": "(02)2368-6341",
        "lng": 121.535834,
        "lat": 25.012968,
        "district": "中正區"
      }
    },
    {
      "type": "Feature",
      "geometry": {
        "type": "Point",
        "coordinates": [
          121.61258,
          25.053227
        ]
      },
      "properties": {
        "brand": "頂呱呱",
        "city": "臺北市",
        "store_name": "忠孝旗艦",
        "address": "臺北市大安區忠孝東路4段175之1號",
        "phone": "(02)8771-9940",
        "lng": 121.61258,
        "lat": 25.053227,
        "district": "大安區"
      }
    },
    {
      "type": "Feature",
      "geometry": {
        "type": "Point",
        "coordinates": [
          121.543523,
          25.051192
        ]
      },
      "properties": {
        "brand": "頂呱呱",
        "city": "臺北市",
        "store_name": "建國",
        "address": "臺北市中山區南京東路三段 17 號",
        "phone": "(02)2507-3948",
        "lng": 121.543523,
        "lat": 25.051192,
        "district": "中山區"
      }
    },
    {
      "type": "Feature",
      "geometry": {
        "type": "Point",
        "coordinates": [
          121.543505,
          25.040719
        ]
      },
      "properties": {
        "brand": "頂呱呱",
        "city": "臺北市",
        "store_name": "忠孝復興",
        "address": "臺北市大安區復興南路一段180號1樓",
        "phone": "(02)2711-9738",
        "lng": 121.543505,
        "lat": 25.040719,
        "district": "大安區"
      }
    },
    {
      "type": "Feature",
      "geometry": {
        "type": "Point",
        "coordinates": [
          121.592328,
          25.049876
        ]
      },
      "properties": {
        "brand": "頂呱呱",
        "city": "臺北市",
        "store_name": "昆陽",
        "address": "臺北市南港區忠孝東路六段392號",
        "phone": "(02)2786-3206",
        "lng": 121.592328,
        "lat": 25.049876,
        "district": "南港區"
      }
    },
    {
      "type": "Feature",
      "geometry": {
        "type": "Point",
        "coordinates": [
          121.504502,
          25.041313
        ]
      },
      "properties": {
        "brand": "頂呱呱",
        "city": "臺北市",
        "store_name": "西門",
        "address": "臺北市萬華區昆明街92-2號",
        "phone": "(02)2381-2037",
        "lng": 121.504502,
        "lat": 25.041313,
        "district": "萬華區"
      }
    },
    {
      "type": "Feature",
      "geometry": {
        "type": "Point",
        "coordinates": [
          121.525575,
          25.055446
        ]
      },
      "properties": {
        "brand": "頂呱呱",
        "city": "臺北市",
        "store_name": "林森",
        "address": "臺北市中山區林森北路281號",
        "phone": "(02)2568-1679",
        "lng": 121.525575,
        "lat": 25.055446,
        "district": "中山區"
      }
    },
    {
      "type": "Feature",
      "geometry": {
        "type": "Point",
        "coordinates": [
          121.519521,
          25.028755
        ]
      },
      "properties": {
        "brand": "頂呱呱",
        "city": "臺北市",
        "store_name": "南昌",
        "address": "臺北市中正區南福里4鄰南昌路2段3號1樓",
        "phone": "(02)2341-1428",
        "lng": 121.519521,
        "lat": 25.028755,
        "district": "中正區"
      }
    },
    {
      "type": "Feature",
      "geometry": {
        "type": "Point",
        "coordinates": [
          121.576592,
          25.075497
        ]
      },
      "properties": {
        "brand": "頂呱呱",
        "city": "臺北市",
        "store_name": "瑞光",
        "address": "臺北市內湖區瑞光路283號1樓",
        "phone": "(02)2659-9247",
        "lng": 121.576592,
        "lat": 25.075497,
        "district": "內湖區"
      }
    },
    {
      "type": "Feature",
      "geometry": {
        "type": "Point",
        "coordinates": [
          121.534075,
          25.024603
        ]
      },
      "properties": {
        "brand": "麥當勞",
        "city": "臺北市",
        "store_name": "台北新生",
        "address": "臺北市大安區新生南路3段88之2號",
        "phone": "02-2362-0668",
        "lng": 121.534075,
        "lat": 25.024603,
        "district": "大安區"
      }
    },
    {
      "type": "Feature",
      "geometry": {
        "type": "Point",
        "coordinates": [
          121.55744,
          25.039542
        ]
      },
      "properties": {
        "brand": "麥當勞",
        "city": "臺北市",
        "store_name": "台北光復",
        "address": "臺北市大安區光復南路286號",
        "phone": "02-2741-5210",
        "lng": 121.55744,
        "lat": 25.039542,
        "district": "大安區"
      }
    },
    {
      "type": "Feature",
      "geometry": {
        "type": "Point",
        "coordinates": [
          121.533847,
          25.054692
        ]
      },
      "properties": {
        "brand": "麥當勞",
        "city": "臺北市",
        "store_name": "台北長春",
        "address": "臺北市中山區長春路172號",
        "phone": "02-2504-2797",
        "lng": 121.533847,
        "lat": 25.054692,
        "district": "中山區"
      }
    },
    {
      "type": "Feature",
      "geometry": {
        "type": "Point",
        "coordinates": [
          121.515966,
          25.040898
        ]
      },
      "properties": {
        "brand": "麥當勞",
        "city": "臺北市",
        "store_name": "台北公園",
        "address": "臺北市中正區公園路30-1號",
        "phone": "02-2375-4891",
        "lng": 121.515966,
        "lat": 25.040898,
        "district": "中正區"
      }
    },
    {
      "type": "Feature",
      "geometry": {
        "type": "Point",
        "coordinates": [
          121.554184,
          25.03263
        ]
      },
      "properties": {
        "brand": "麥當勞",
        "city": "臺北市",
        "store_name": "台北信義",
        "address": "臺北市大安區信義路4段273號1樓",
        "phone": "02-2703-8921",
        "lng": 121.554184,
        "lat": 25.03263,
        "district": "大安區"
      }
    },
    {
      "type": "Feature",
      "geometry": {
        "type": "Point",
        "coordinates": [
          121.61258,
          25.053227
        ]
      },
      "properties": {
        "brand": "麥當勞",
        "city": "臺北市",
        "store_name": "忠孝五",
        "address": "臺北市大安區忠孝東路4段73號之-1樓",
        "phone": "02-2772-6530",
        "lng": 121.61258,
        "lat": 25.053227,
        "district": "大安區"
      }
    },
    {
      "type": "Feature",
      "geometry": {
        "type": "Point",
        "coordinates": [
          121.526363,
          25.041384
        ]
      },
      "properties": {
        "brand": "麥當勞",
        "city": "臺北市",
        "store_name": "台北濟南",
        "address": "臺北市中正區濟南路2段66號1樓",
        "phone": "02-2395-8275",
        "lng": 121.526363,
        "lat": 25.041384,
        "district": "中正區"
      }
    },
    {
      "type": "Feature",
      "geometry": {
        "type": "Point",
        "coordinates": [
          121.523115,
          25.025418
        ]
      },
      "properties": {
        "brand": "麥當勞",
        "city": "臺北市",
        "store_name": "台北南昌",
        "address": "臺北市中正區南昌路1段149號1樓",
        "phone": "02-2351-8531",
        "lng": 121.523115,
        "lat": 25.025418,
        "district": "中正區"
      }
    },
    {
      "type": "Feature",
      "geometry": {
        "type": "Point",
        "coordinates": [
          121.519327,
          25.089341
        ]
      },
      "properties": {
        "brand": "麥當勞",
        "city": "臺北市",
        "store_name": "台北承德",
        "address": "臺北市大同區承德路1段34號1樓",
        "phone": "02-2556-3502",
        "lng": 121.519327,
        "lat": 25.089341,
        "district": "大同區"
      }
    },
    {
      "type": "Feature",
      "geometry": {
        "type": "Point",
        "coordinates": [
          121.520351,
          25.057745
        ]
      },
      "properties": {
        "brand": "麥當勞",
        "city": "臺北市",
        "store_name": "台北民生三",
        "address": "臺北市大同區民生西路55號",
        "phone": "02-2557-4627",
        "lng": 121.520351,
        "lat": 25.057745,
        "district": "大同區"
      }
    },
    {
      "type": "Feature",
      "geometry": {
        "type": "Point",
        "coordinates": [
          121.568124,
          25.026855
        ]
      },
      "properties": {
        "brand": "麥當勞",
        "city": "臺北市",
        "store_name": "台北莊敬",
        "address": "臺北市信義區莊敬路475號1樓",
        "phone": "02-8780-0218",
        "lng": 121.568124,
        "lat": 25.026855,
        "district": "信義區"
      }
    },
    {
      "type": "Feature",
      "geometry": {
        "type": "Point",
        "coordinates": [
          121.543646,
          25.025671
        ]
      },
      "properties": {
        "brand": "麥當勞",
        "city": "臺北市",
        "store_name": "台北復興二",
        "address": "臺北市大安區復興南路二段273號",
        "phone": "02-2754-7577",
        "lng": 121.543646,
        "lat": 25.025671,
        "district": "大安區"
      }
    },
    {
      "type": "Feature",
      "geometry": {
        "type": "Point",
        "coordinates": [
          121.538836,
          25.009182
        ]
      },
      "properties": {
        "brand": "麥當勞",
        "city": "臺北市",
        "store_name": "台北台大",
        "address": "臺北市大安區羅斯福路四段1號1樓",
        "phone": "02-2362-1290",
        "lng": 121.538836,
        "lat": 25.009182,
        "district": "大安區"
      }
    },
    {
      "type": "Feature",
      "geometry": {
        "type": "Point",
        "coordinates": [
          121.539086,
          25.009674
        ]
      },
      "properties": {
        "brand": "麥當勞",
        "city": "臺北市",
        "store_name": "台北公館",
        "address": "臺北市大安區羅斯福路四段76-1號1樓及76號B1",
        "phone": "02-2366-1123",
        "lng": 121.539086,
        "lat": 25.009674,
        "district": "大安區"
      }
    },
    {
      "type": "Feature",
      "geometry": {
        "type": "Point",
        "coordinates": [
          121.5337,
          25.053331
        ]
      },
      "properties": {
        "brand": "麥當勞",
        "city": "臺北市",
        "store_name": "台北林森一",
        "address": "臺北市中山區南京東路1段86號",
        "phone": "02-2537-4880",
        "lng": 121.5337,
        "lat": 25.053331,
        "district": "中山區"
      }
    },
    {
      "type": "Feature",
      "geometry": {
        "type": "Point",
        "coordinates": [
          121.558155,
          25.060044
        ]
      },
      "properties": {
        "brand": "麥當勞",
        "city": "臺北市",
        "store_name": "台北民生",
        "address": "臺北市松山區民生東路3段135號",
        "phone": "02-2713-0715",
        "lng": 121.558155,
        "lat": 25.060044,
        "district": "松山區"
      }
    },
    {
      "type": "Feature",
      "geometry": {
        "type": "Point",
        "coordinates": [
          121.505278,
          25.044917
        ]
      },
      "properties": {
        "brand": "麥當勞",
        "city": "臺北市",
        "store_name": "台北昆明",
        "address": "臺北市萬華區昆明街92之4號",
        "phone": "02-2314-6526",
        "lng": 121.505278,
        "lat": 25.044917,
        "district": "萬華區"
      }
    },
    {
      "type": "Feature",
      "geometry": {
        "type": "Point",
        "coordinates": [
          121.514892,
          25.045817
        ]
      },
      "properties": {
        "brand": "麥當勞",
        "city": "臺北市",
        "store_name": "台北館前",
        "address": "臺北市中正區館前路8號",
        "phone": "02-2311-1460",
        "lng": 121.514892,
        "lat": 25.045817,
        "district": "中正區"
      }
    },
    {
      "type": "Feature",
      "geometry": {
        "type": "Point",
        "coordinates": [
          121.421148,
          25.019792
        ]
      },
      "properties": {
        "brand": "摩斯",
        "city": "新北市",
        "store_name": "新莊龍安店",
        "address": "新北市新莊區龍安路 297 號",
        "phone": "(02)2204-6509",
        "lng": 121.421148,
        "lat": 25.019792,
        "district": "新莊區"
      }
    },
    {
      "type": "Feature",
      "geometry": {
        "type": "Point",
        "coordinates": [
          121.530747,
          25.019036
        ]
      },
      "properties": {
        "brand": "麥當勞",
        "city": "臺北市",
        "store_name": "台北羅斯福",
        "address": "臺北市大安區羅斯福路2段45號",
        "phone": "02-2393-0023",
        "lng": 121.530747,
        "lat": 25.019036,
        "district": "大安區"
      }
    },
    {
      "type": "Feature",
      "geometry": {
        "type": "Point",
        "coordinates": [
          121.518647,
          25.033686
        ]
      },
      "properties": {
        "brand": "麥當勞",
        "city": "臺北市",
        "store_name": "台北林森二",
        "address": "臺北市中正區林森南路1號",
        "phone": "02-2391-1196",
        "lng": 121.518647,
        "lat": 25.033686,
        "district": "中正區"
      }
    },
    {
      "type": "Feature",
      "geometry": {
        "type": "Point",
        "coordinates": [
          121.52571,
          25.059775
        ]
      },
      "properties": {
        "brand": "麥當勞",
        "city": "臺北市",
        "store_name": "林森三",
        "address": "臺北市中山區林森北路413號1樓",
        "phone": "02-2567-7038",
        "lng": 121.52571,
        "lat": 25.059775,
        "district": "中山區"
      }
    },
    {
      "type": "Feature",
      "geometry": {
        "type": "Point",
        "coordinates": [
          121.595903,
          25.0645
        ]
      },
      "properties": {
        "brand": "麥當勞",
        "city": "臺北市",
        "store_name": "台北民權",
        "address": "臺北市松山區民權東路3段128號1樓",
        "phone": "02-2717-7152",
        "lng": 121.595903,
        "lat": 25.0645,
        "district": "松山區"
      }
    },
    {
      "type": "Feature",
      "geometry": {
        "type": "Point",
        "coordinates": [
          121.534984,
          25.061897
        ]
      },
      "properties": {
        "brand": "麥當勞",
        "city": "臺北市",
        "store_name": "台北民權二",
        "address": "臺北市中山區民權東路2段43號1樓",
        "phone": "02-2591-0105",
        "lng": 121.534984,
        "lat": 25.061897,
        "district": "中山區"
      }
    },
    {
      "type": "Feature",
      "geometry": {
        "type": "Point",
        "coordinates": [
          121.519935,
          25.062655
        ]
      },
      "properties": {
        "brand": "麥當勞",
        "city": "臺北市",
        "store_name": "台北民權三",
        "address": "臺北市中山區民權西路68號1樓",
        "phone": "02-2511-5655",
        "lng": 121.519935,
        "lat": 25.062655,
        "district": "中山區"
      }
    },
    {
      "type": "Feature",
      "geometry": {
        "type": "Point",
        "coordinates": [
          121.551732,
          25.05883
        ]
      },
      "properties": {
        "brand": "麥當勞",
        "city": "臺北市",
        "store_name": "台北民生二",
        "address": "臺北市松山區民生東路5段234號1樓",
        "phone": "02-2747-1086",
        "lng": 121.551732,
        "lat": 25.05883,
        "district": "松山區"
      }
    },
    {
      "type": "Feature",
      "geometry": {
        "type": "Point",
        "coordinates": [
          121.496511,
          25.03168
        ]
      },
      "properties": {
        "brand": "麥當勞",
        "city": "臺北市",
        "store_name": "台北西園二",
        "address": "臺北市萬華區西園路2段240號",
        "phone": "02-2332-5640",
        "lng": 121.496511,
        "lat": 25.03168,
        "district": "萬華區"
      }
    },
    {
      "type": "Feature",
      "geometry": {
        "type": "Point",
        "coordinates": [
          121.464317,
          25.117852
        ]
      },
      "properties": {
        "brand": "麥當勞",
        "city": "臺北市",
        "store_name": "台北南京五",
        "address": "臺北市中山區南京東路三段210號1樓",
        "phone": "02-2751-5390",
        "lng": 121.464317,
        "lat": 25.117852,
        "district": "中山區"
      }
    },
    {
      "type": "Feature",
      "geometry": {
        "type": "Point",
        "coordinates": [
          121.500315,
          25.024803
        ]
      },
      "properties": {
        "brand": "麥當勞",
        "city": "臺北市",
        "store_name": "台北萬大二",
        "address": "臺北市萬華區萬大路215號",
        "phone": "02-2301-1161",
        "lng": 121.500315,
        "lat": 25.024803,
        "district": "萬華區"
      }
    },
    {
      "type": "Feature",
      "geometry": {
        "type": "Point",
        "coordinates": [
          121.552718,
          25.051853
        ]
      },
      "properties": {
        "brand": "麥當勞",
        "city": "臺北市",
        "store_name": "台北南京六",
        "address": "臺北市松山區南京東路四段57號",
        "phone": "02-2717-0738",
        "lng": 121.552718,
        "lat": 25.051853,
        "district": "松山區"
      }
    },
    {
      "type": "Feature",
      "geometry": {
        "type": "Point",
        "coordinates": [
          121.533367,
          25.125206
        ]
      },
      "properties": {
        "brand": "麥當勞",
        "city": "臺北市",
        "store_name": "台北士林",
        "address": "臺北市士林區中山北路5段602號",
        "phone": "02-2831-3010",
        "lng": 121.533367,
        "lat": 25.125206,
        "district": "士林區"
      }
    },
    {
      "type": "Feature",
      "geometry": {
        "type": "Point",
        "coordinates": [
          121.514191,
          25.064679
        ]
      },
      "properties": {
        "brand": "麥當勞",
        "city": "臺北市",
        "store_name": "台北重北一",
        "address": "臺北市士林區重慶北路4段123號",
        "phone": "02-2816-2230",
        "lng": 121.514191,
        "lat": 25.064679,
        "district": "士林區"
      }
    },
    {
      "type": "Feature",
      "geometry": {
        "type": "Point",
        "coordinates": [
          121.574333,
          25.040053
        ]
      },
      "properties": {
        "brand": "麥當勞",
        "city": "臺北市",
        "store_name": "忠孝四",
        "address": "臺北市信義區忠孝東路5段522號1樓",
        "phone": "02-2759-5793",
        "lng": 121.574333,
        "lat": 25.040053,
        "district": "信義區"
      }
    },
    {
      "type": "Feature",
      "geometry": {
        "type": "Point",
        "coordinates": [
          121.56126,
          24.983436
        ]
      },
      "properties": {
        "brand": "麥當勞",
        "city": "臺北市",
        "store_name": "台北興隆",
        "address": "臺北市文山區興隆路3段54號",
        "phone": "02-2933-6260",
        "lng": 121.56126,
        "lat": 24.983436,
        "district": "文山區"
      }
    },
    {
      "type": "Feature",
      "geometry": {
        "type": "Point",
        "coordinates": [
          121.533035,
          25.109595
        ]
      },
      "properties": {
        "brand": "麥當勞",
        "city": "臺北市",
        "store_name": "台北德行",
        "address": "臺北市士林區德行東路227號1樓",
        "phone": "02-2836-2779",
        "lng": 121.533035,
        "lat": 25.109595,
        "district": "士林區"
      }
    },
    {
      "type": "Feature",
      "geometry": {
        "type": "Point",
        "coordinates": [
          121.575969,
          25.001273
        ]
      },
      "properties": {
        "brand": "麥當勞",
        "city": "臺北市",
        "store_name": "台北木柵",
        "address": "臺北市文山區木柵路3段57號1樓",
        "phone": "02-2939-4168",
        "lng": 121.575969,
        "lat": 25.001273,
        "district": "文山區"
      }
    },
    {
      "type": "Feature",
      "geometry": {
        "type": "Point",
        "coordinates": [
          121.582612,
          25.086044
        ]
      },
      "properties": {
        "brand": "麥當勞",
        "city": "臺北市",
        "store_name": "台北內湖",
        "address": "臺北市內湖區內湖路1段741號1樓",
        "phone": "02-2658-1021",
        "lng": 121.582612,
        "lat": 25.086044,
        "district": "內湖區"
      }
    },
    {
      "type": "Feature",
      "geometry": {
        "type": "Point",
        "coordinates": [
          121.557355,
          25.084566
        ]
      },
      "properties": {
        "brand": "麥當勞",
        "city": "臺北市",
        "store_name": "台北北安",
        "address": "臺北市中山區北安路626號1樓",
        "phone": "02-2533-6263",
        "lng": 121.557355,
        "lat": 25.084566,
        "district": "中山區"
      }
    },
    {
      "type": "Feature",
      "geometry": {
        "type": "Point",
        "coordinates": [
          121.608358,
          25.054164
        ]
      },
      "properties": {
        "brand": "麥當勞",
        "city": "臺北市",
        "store_name": "台北南港",
        "address": "臺北市南港區南港路2段16號1樓",
        "phone": "02-2789-0595",
        "lng": 121.608358,
        "lat": 25.054164,
        "district": "南港區"
      }
    },
    {
      "type": "Feature",
      "geometry": {
        "type": "Point",
        "coordinates": [
          121.610503,
          25.040977
        ]
      },
      "properties": {
        "brand": "麥當勞",
        "city": "臺北市",
        "store_name": "台北研究院",
        "address": "臺北市南港區研究院路1段99號",
        "phone": "02-2653-6369",
        "lng": 121.610503,
        "lat": 25.040977,
        "district": "南港區"
      }
    },
    {
      "type": "Feature",
      "geometry": {
        "type": "Point",
        "coordinates": [
          121.575973,
          25.001248
        ]
      },
      "properties": {
        "brand": "麥當勞",
        "city": "臺北市",
        "store_name": "台北考試院",
        "address": "臺北市文山區木柵路1段137號",
        "phone": "02-2236-2598",
        "lng": 121.575973,
        "lat": 25.001248,
        "district": "文山區"
      }
    },
    {
      "type": "Feature",
      "geometry": {
        "type": "Point",
        "coordinates": [
          121.612714,
          25.053284
        ]
      },
      "properties": {
        "brand": "麥當勞",
        "city": "臺北市",
        "store_name": "忠孝八",
        "address": "臺北市南港區忠孝東路6段438號1樓",
        "phone": "02-2654-6761",
        "lng": 121.612714,
        "lat": 25.053284,
        "district": "南港區"
      }
    },
    {
      "type": "Feature",
      "geometry": {
        "type": "Point",
        "coordinates": [
          121.566196,
          25.082432
        ]
      },
      "properties": {
        "brand": "麥當勞",
        "city": "臺北市",
        "store_name": "台北西湖",
        "address": "臺北市內湖區內湖路一段283號1樓",
        "phone": "02-8751-3326",
        "lng": 121.566196,
        "lat": 25.082432,
        "district": "內湖區"
      }
    },
    {
      "type": "Feature",
      "geometry": {
        "type": "Point",
        "coordinates": [
          121.579241,
          25.060691
        ]
      },
      "properties": {
        "brand": "麥當勞",
        "city": "臺北市",
        "store_name": "台北舊宗",
        "address": "臺北市內湖區舊宗路一段135號",
        "phone": "02-2796-0708",
        "lng": 121.579241,
        "lat": 25.060691,
        "district": "內湖區"
      }
    },
    {
      "type": "Feature",
      "geometry": {
        "type": "Point",
        "coordinates": [
          121.594547,
          25.084081
        ]
      },
      "properties": {
        "brand": "麥當勞",
        "city": "臺北市",
        "store_name": "內湖金龍",
        "address": "臺北市內湖區成功路四段188號",
        "phone": "02-2791-1678",
        "lng": 121.594547,
        "lat": 25.084081,
        "district": "內湖區"
      }
    },
    {
      "type": "Feature",
      "geometry": {
        "type": "Point",
        "coordinates": [
          121.577531,
          25.062981
        ]
      },
      "properties": {
        "brand": "麥當勞",
        "city": "臺北市",
        "store_name": "台北舊宗二",
        "address": "臺北市內湖區舊宗路一段275號",
        "phone": "02-2795-2298",
        "lng": 121.577531,
        "lat": 25.062981,
        "district": "內湖區"
      }
    },
    {
      "type": "Feature",
      "geometry": {
        "type": "Point",
        "coordinates": [
          121.616419,
          25.059324
        ]
      },
      "properties": {
        "brand": "麥當勞",
        "city": "臺北市",
        "store_name": "南港中信",
        "address": "臺北市南港區經貿二路188-1號1樓",
        "phone": "02-2653-0279",
        "lng": 121.616419,
        "lat": 25.059324,
        "district": "南港區"
      }
    },
    {
      "type": "Feature",
      "geometry": {
        "type": "Point",
        "coordinates": [
          121.52507,
          25.106663
        ]
      },
      "properties": {
        "brand": "麥當勞",
        "city": "臺北市",
        "store_name": "台北中山北",
        "address": "臺北市士林區中山北路六段152及154號1樓",
        "phone": "02-2831-0389",
        "lng": 121.52507,
        "lat": 25.106663,
        "district": "士林區"
      }
    },
    {
      "type": "Feature",
      "geometry": {
        "type": "Point",
        "coordinates": [
          121.614897,
          25.068613
        ]
      },
      "properties": {
        "brand": "麥當勞",
        "city": "臺北市",
        "store_name": "台北東湖",
        "address": "臺北市內湖區東湖路1351樓",
        "phone": "02-2632-5199",
        "lng": 121.614897,
        "lat": 25.068613,
        "district": "內湖區"
      }
    },
    {
      "type": "Feature",
      "geometry": {
        "type": "Point",
        "coordinates": [
          121.543364,
          25.025122
        ]
      },
      "properties": {
        "brand": "義美食品",
        "city": "臺北市",
        "store_name": "復興南門市",
        "address": "臺北市大安區復興南路二段33-1號",
        "phone": "05-27085675",
        "lng": 121.543364,
        "lat": 25.025122,
        "district": "大安區"
      }
    },
    {
      "type": "Feature",
      "geometry": {
        "type": "Point",
        "coordinates": [
          121.540385,
          25.058689
        ]
      },
      "properties": {
        "brand": "義美食品",
        "city": "臺北市",
        "store_name": "台北龍江門市",
        "address": "臺北市中山區龍江路240號",
        "phone": "02-25179605",
        "lng": 121.540385,
        "lat": 25.058689,
        "district": "中山區"
      }
    },
    {
      "type": "Feature",
      "geometry": {
        "type": "Point",
        "coordinates": [
          121.548388,
          25.080556
        ]
      },
      "properties": {
        "brand": "義美食品",
        "city": "臺北市",
        "store_name": "台北新北安門市",
        "address": "臺北市中山區北安路558號",
        "phone": "02-85095076",
        "lng": 121.548388,
        "lat": 25.080556,
        "district": "中山區"
      }
    },
    {
      "type": "Feature",
      "geometry": {
        "type": "Point",
        "coordinates": [
          121.554398,
          25.022085
        ]
      },
      "properties": {
        "brand": "義美食品",
        "city": "臺北市",
        "store_name": "六張犁門市",
        "address": "臺北市大安區和平東路三段228巷7號",
        "phone": "02-89795185",
        "lng": 121.554398,
        "lat": 25.022085,
        "district": "大安區"
      }
    },
    {
      "type": "Feature",
      "geometry": {
        "type": "Point",
        "coordinates": [
          121.530386,
          25.018886
        ]
      },
      "properties": {
        "brand": "義美食品",
        "city": "臺北市",
        "store_name": "公館門市",
        "address": "臺北市大安區羅斯福路三段261號",
        "phone": "02-89786121",
        "lng": 121.530386,
        "lat": 25.018886,
        "district": "大安區"
      }
    },
    {
      "type": "Feature",
      "geometry": {
        "type": "Point",
        "coordinates": [
          121.559873,
          25.051709
        ]
      },
      "properties": {
        "brand": "義美食品",
        "city": "臺北市",
        "store_name": "城東門市",
        "address": "臺北市松山區南京東路五段81號",
        "phone": "02-89782915",
        "lng": 121.559873,
        "lat": 25.051709,
        "district": "松山區"
      }
    },
    {
      "type": "Feature",
      "geometry": {
        "type": "Point",
        "coordinates": [
          121.559482,
          25.058821
        ]
      },
      "properties": {
        "brand": "義美食品",
        "city": "臺北市",
        "store_name": "民生東門市",
        "address": "臺北市松山區民生東路五段89號1樓",
        "phone": "02-89789075",
        "lng": 121.559482,
        "lat": 25.058821,
        "district": "松山區"
      }
    },
    {
      "type": "Feature",
      "geometry": {
        "type": "Point",
        "coordinates": [
          121.553715,
          25.052713
        ]
      },
      "properties": {
        "brand": "義美食品",
        "city": "臺北市",
        "store_name": "巨蛋門市",
        "address": "臺北市松山區南京東路四段111號",
        "phone": "02-89781901",
        "lng": 121.553715,
        "lat": 25.052713,
        "district": "松山區"
      }
    },
    {
      "type": "Feature",
      "geometry": {
        "type": "Point",
        "coordinates": [
          121.519935,
          25.062655
        ]
      },
      "properties": {
        "brand": "義美食品",
        "city": "臺北市",
        "store_name": "民權西門市",
        "address": "臺北市中山區民權西路68之1號",
        "phone": "02-89797756",
        "lng": 121.519935,
        "lat": 25.062655,
        "district": "中山區"
      }
    },
    {
      "type": "Feature",
      "geometry": {
        "type": "Point",
        "coordinates": [
          121.565736,
          25.027578
        ]
      },
      "properties": {
        "brand": "義美食品",
        "city": "臺北市",
        "store_name": "台北莊敬門市",
        "address": "臺北市信義區莊敬路395號1樓",
        "phone": "02-8978-1635",
        "lng": 121.565736,
        "lat": 25.027578,
        "district": "信義區"
      }
    },
    {
      "type": "Feature",
      "geometry": {
        "type": "Point",
        "coordinates": [
          121.532047,
          25.026117
        ]
      },
      "properties": {
        "brand": "義美食品",
        "city": "臺北市",
        "store_name": "台師大門市",
        "address": "臺北市大安區和平東路一段218號",
        "phone": "02-89786378",
        "lng": 121.532047,
        "lat": 25.026117,
        "district": "大安區"
      }
    },
    {
      "type": "Feature",
      "geometry": {
        "type": "Point",
        "coordinates": [
          121.505353,
          25.040481
        ]
      },
      "properties": {
        "brand": "義美食品",
        "city": "臺北市",
        "store_name": "台北長沙門市",
        "address": "臺北市萬華區長沙街二段72號",
        "phone": "02-89780881",
        "lng": 121.505353,
        "lat": 25.040481,
        "district": "萬華區"
      }
    },
    {
      "type": "Feature",
      "geometry": {
        "type": "Point",
        "coordinates": [
          121.555907,
          25.083572
        ]
      },
      "properties": {
        "brand": "摩斯",
        "city": "臺北市",
        "store_name": "大直劍南店",
        "address": "臺北市中山區敬業三路 11 號 1 樓",
        "phone": "(02)8502-3757",
        "lng": 121.555907,
        "lat": 25.083572,
        "district": "中山區"
      }
    },
    {
      "type": "Feature",
      "geometry": {
        "type": "Point",
        "coordinates": [
          121.546089,
          25.034047
        ]
      },
      "properties": {
        "brand": "摩斯",
        "city": "臺北市",
        "store_name": "大安店",
        "address": "臺北市大安區大安路一段 237 號",
        "phone": "(02)2703-9611",
        "lng": 121.546089,
        "lat": 25.034047,
        "district": "大安區"
      }
    },
    {
      "type": "Feature",
      "geometry": {
        "type": "Point",
        "coordinates": [
          121.554341,
          25.048257
        ]
      },
      "properties": {
        "brand": "摩斯",
        "city": "臺北市",
        "store_name": "八德店",
        "address": "臺北市松山區八德路三段 123 號",
        "phone": "(02)2579-3650",
        "lng": 121.554341,
        "lat": 25.048257,
        "district": "松山區"
      }
    },
    {
      "type": "Feature",
      "geometry": {
        "type": "Point",
        "coordinates": [
          121.523484,
          25.09461
        ]
      },
      "properties": {
        "brand": "摩斯",
        "city": "臺北市",
        "store_name": "士林中正店",
        "address": "臺北市士林區中正路 313 號",
        "phone": "(02)2881-6817",
        "lng": 121.523484,
        "lat": 25.09461,
        "district": "士林區"
      }
    },
    {
      "type": "Feature",
      "geometry": {
        "type": "Point",
        "coordinates": [
          121.527997,
          25.115229
        ]
      },
      "properties": {
        "brand": "摩斯",
        "city": "臺北市",
        "store_name": "士東店",
        "address": "臺北市士林區中山北路六段 730 號",
        "phone": "(02)2876-7476",
        "lng": 121.527997,
        "lat": 25.115229,
        "district": "士林區"
      }
    },
    {
      "type": "Feature",
      "geometry": {
        "type": "Point",
        "coordinates": [
          121.529778,
          25.019487
        ]
      },
      "properties": {
        "brand": "摩斯",
        "city": "臺北市",
        "store_name": "羅斯福路店",
        "address": "臺北市大安區羅斯福路三段 233 號",
        "phone": "(02)3365-2482",
        "lng": 121.529778,
        "lat": 25.019487,
        "district": "大安區"
      }
    },
    {
      "type": "Feature",
      "geometry": {
        "type": "Point",
        "coordinates": [
          121.617195,
          25.039986
        ]
      },
      "properties": {
        "brand": "摩斯",
        "city": "臺北市",
        "store_name": "中研院店",
        "address": "臺北市南港區研究院路二段 130 號 1 樓",
        "phone": "(02)2783-9223",
        "lng": 121.617195,
        "lat": 25.039986,
        "district": "南港區"
      }
    },
    {
      "type": "Feature",
      "geometry": {
        "type": "Point",
        "coordinates": [
          121.579385,
          25.041851
        ]
      },
      "properties": {
        "brand": "摩斯",
        "city": "臺北市",
        "store_name": "松山店",
        "address": "臺北市信義區忠孝東路五段 629 號",
        "phone": "(02)8785-2550",
        "lng": 121.579385,
        "lat": 25.041851,
        "district": "信義區"
      }
    },
    {
      "type": "Feature",
      "geometry": {
        "type": "Point",
        "coordinates": [
          121.57459,
          25.045375
        ]
      },
      "properties": {
        "brand": "摩斯",
        "city": "臺北市",
        "store_name": "永吉店",
        "address": "臺北市信義區永吉路 292 號",
        "phone": "(02)2760-0069",
        "lng": 121.57459,
        "lat": 25.045375,
        "district": "信義區"
      }
    },
    {
      "type": "Feature",
      "geometry": {
        "type": "Point",
        "coordinates": [
          121.549805,
          25.054298
        ]
      },
      "properties": {
        "brand": "摩斯",
        "city": "臺北市",
        "store_name": "敦北店",
        "address": "臺北市松山區敦化北路 155 巷 1 號",
        "phone": "(02)2514-9424",
        "lng": 121.549805,
        "lat": 25.054298,
        "district": "松山區"
      }
    },
    {
      "type": "Feature",
      "geometry": {
        "type": "Point",
        "coordinates": [
          121.532945,
          25.059747
        ]
      },
      "properties": {
        "brand": "摩斯",
        "city": "臺北市",
        "store_name": "康華店",
        "address": "臺北市中山區松江路 274 號",
        "phone": "(02)2531-0561",
        "lng": 121.532945,
        "lat": 25.059747,
        "district": "中山區"
      }
    },
    {
      "type": "Feature",
      "geometry": {
        "type": "Point",
        "coordinates": [
          121.533551,
          25.048345
        ]
      },
      "properties": {
        "brand": "摩斯",
        "city": "臺北市",
        "store_name": "長安松江店",
        "address": "臺北市中山區長安東路二段 66 號",
        "phone": "(02)2507-7731",
        "lng": 121.533551,
        "lat": 25.048345,
        "district": "中山區"
      }
    },
    {
      "type": "Feature",
      "geometry": {
        "type": "Point",
        "coordinates": [
          121.563525,
          25.027408
        ]
      },
      "properties": {
        "brand": "摩斯",
        "city": "臺北市",
        "store_name": "北醫吳興店",
        "address": "臺北市信義區吳興街 243 號",
        "phone": "(02)2729-4742",
        "lng": 121.563525,
        "lat": 25.027408,
        "district": "信義區"
      }
    },
    {
      "type": "Feature",
      "geometry": {
        "type": "Point",
        "coordinates": [
          121.534163,
          25.025944
        ]
      },
      "properties": {
        "brand": "摩斯",
        "city": "臺北市",
        "store_name": "和平東路店",
        "address": "臺北市大安區和平東路一段 278 號",
        "phone": "(02)3365-3341",
        "lng": 121.534163,
        "lat": 25.025944,
        "district": "大安區"
      }
    },
    {
      "type": "Feature",
      "geometry": {
        "type": "Point",
        "coordinates": [
          121.532501,
          25.016222
        ]
      },
      "properties": {
        "brand": "摩斯",
        "city": "臺北市",
        "store_name": "台大公館店",
        "address": "臺北市中正區羅斯福路三段 306 號 1.2 樓",
        "phone": "(02)2365-6373",
        "lng": 121.532501,
        "lat": 25.016222,
        "district": "中正區"
      }
    },
    {
      "type": "Feature",
      "geometry": {
        "type": "Point",
        "coordinates": [
          121.542602,
          25.033196
        ]
      },
      "properties": {
        "brand": "摩斯",
        "city": "臺北市",
        "store_name": "師大附中店",
        "address": "臺北市大安區信義路三段 184 號 1、2  樓",
        "phone": "(02)2755-6753",
        "lng": 121.542602,
        "lat": 25.033196,
        "district": "大安區"
      }
    },
    {
      "type": "Feature",
      "geometry": {
        "type": "Point",
        "coordinates": [
          121.513737,
          25.114503
        ]
      },
      "properties": {
        "brand": "摩斯",
        "city": "臺北市",
        "store_name": "石牌捷運店",
        "address": "臺北市北投區石牌路一段 174 號",
        "phone": "(02)2821-5724",
        "lng": 121.513737,
        "lat": 25.114503,
        "district": "北投區"
      }
    },
    {
      "type": "Feature",
      "geometry": {
        "type": "Point",
        "coordinates": [
          121.516747,
          25.031703
        ]
      },
      "properties": {
        "brand": "摩斯",
        "city": "臺北市",
        "store_name": "南昌店",
        "address": "臺北市中正區南昌路一段 44 號 1 樓",
        "phone": "(02) 2394-4845",
        "lng": 121.516747,
        "lat": 25.031703,
        "district": "中正區"
      }
    },
    {
      "type": "Feature",
      "geometry": {
        "type": "Point",
        "coordinates": [
          121.521344,
          25.055901
        ]
      },
      "properties": {
        "brand": "摩斯",
        "city": "臺北市",
        "store_name": "台北捷運爵士廣場店",
        "address": "臺北市中山區中山北路二段 48 巷 7 號 B1",
        "phone": "(02)2521-1917",
        "lng": 121.521344,
        "lat": 25.055901,
        "district": "中山區"
      }
    },
    {
      "type": "Feature",
      "geometry": {
        "type": "Point",
        "coordinates": [
          121.595447,
          25.084419
        ]
      },
      "properties": {
        "brand": "摩斯",
        "city": "臺北市",
        "store_name": "內湖店",
        "address": "臺北市內湖區成功路四段 202 號",
        "phone": "(02)8792-2570",
        "lng": 121.595447,
        "lat": 25.084419,
        "district": "內湖區"
      }
    },
    {
      "type": "Feature",
      "geometry": {
        "type": "Point",
        "coordinates": [
          121.57017,
          25.080214
        ]
      },
      "properties": {
        "brand": "摩斯",
        "city": "臺北市",
        "store_name": "瑞光店",
        "address": "臺北市內湖區瑞光路 513 巷 34 號",
        "phone": "(02)2658-7224",
        "lng": 121.57017,
        "lat": 25.080214,
        "district": "內湖區"
      }
    },
    {
      "type": "Feature",
      "geometry": {
        "type": "Point",
        "coordinates": [
          121.580698,
          25.084021
        ]
      },
      "properties": {
        "brand": "摩斯",
        "city": "臺北市",
        "store_name": "東湖店",
        "address": "臺北市內湖區東湖路 110 號",
        "phone": "(02)2631-5273",
        "lng": 121.580698,
        "lat": 25.084021,
        "district": "內湖區"
      }
    },
    {
      "type": "Feature",
      "geometry": {
        "type": "Point",
        "coordinates": [
          121.512482,
          25.05203
        ]
      },
      "properties": {
        "brand": "摩斯",
        "city": "臺北市",
        "store_name": "長安店",
        "address": "臺北市大同區長安西路 219 號",
        "phone": "(02)2549-2749",
        "lng": 121.512482,
        "lat": 25.05203,
        "district": "大同區"
      }
    },
    {
      "type": "Feature",
      "geometry": {
        "type": "Point",
        "coordinates": [
          121.513973,
          25.077118
        ]
      },
      "properties": {
        "brand": "摩斯",
        "city": "臺北市",
        "store_name": "台北重慶店",
        "address": "臺北市大同區重慶北路三段 271 號",
        "phone": "(02)2598-3446",
        "lng": 121.513973,
        "lat": 25.077118,
        "district": "大同區"
      }
    },
    {
      "type": "Feature",
      "geometry": {
        "type": "Point",
        "coordinates": [
          121.525357,
          25.062499
        ]
      },
      "properties": {
        "brand": "摩斯",
        "city": "臺北市",
        "store_name": "民權林森店",
        "address": "臺北市中山區民權東路一段 76 號",
        "phone": "(02)2562-7057",
        "lng": 121.525357,
        "lat": 25.062499,
        "district": "中山區"
      }
    },
    {
      "type": "Feature",
      "geometry": {
        "type": "Point",
        "coordinates": [
          121.526786,
          25.030287
        ]
      },
      "properties": {
        "brand": "摩斯",
        "city": "臺北市",
        "store_name": "金山店",
        "address": "臺北市大安區金山南路二段 121 號",
        "phone": "(02)2394-5709",
        "lng": 121.526786,
        "lat": 25.030287,
        "district": "大安區"
      }
    },
    {
      "type": "Feature",
      "geometry": {
        "type": "Point",
        "coordinates": [
          121.531779,
          25.026409
        ]
      },
      "properties": {
        "brand": "摩斯",
        "city": "臺北市",
        "store_name": "古亭店",
        "address": "臺北市大安區和平東路一段 15-1 號",
        "phone": "(02)2391-0623",
        "lng": 121.531779,
        "lat": 25.026409,
        "district": "大安區"
      }
    },
    {
      "type": "Feature",
      "geometry": {
        "type": "Point",
        "coordinates": [
          121.542747,
          25.061524
        ]
      },
      "properties": {
        "brand": "摩斯",
        "city": "臺北市",
        "store_name": "民權店",
        "address": "臺北市中山區民權東路三段 5 號",
        "phone": "(02)2515-7086",
        "lng": 121.542747,
        "lat": 25.061524,
        "district": "中山區"
      }
    },
    {
      "type": "Feature",
      "geometry": {
        "type": "Point",
        "coordinates": [
          121.538458,
          25.050781
        ]
      },
      "properties": {
        "brand": "摩斯",
        "city": "臺北市",
        "store_name": "南東店",
        "address": "臺北市中山區南京東路三段 116 號",
        "phone": "(02)2508-0365",
        "lng": 121.538458,
        "lat": 25.050781,
        "district": "中山區"
      }
    },
    {
      "type": "Feature",
      "geometry": {
        "type": "Point",
        "coordinates": [
          121.56264,
          25.050477
        ]
      },
      "properties": {
        "brand": "摩斯",
        "city": "臺北市",
        "store_name": "吉祥店",
        "address": "臺北市松山區吉祥路 59 號",
        "phone": "(02)2749-2192",
        "lng": 121.56264,
        "lat": 25.050477,
        "district": "松山區"
      }
    },
    {
      "type": "Feature",
      "geometry": {
        "type": "Point",
        "coordinates": [
          121.529626,
          25.107871
        ]
      },
      "properties": {
        "brand": "摩斯",
        "city": "臺北市",
        "store_name": "忠誠店",
        "address": "臺北市士林區忠誠路一段 188 號",
        "phone": "(02)2833-5867",
        "lng": 121.529626,
        "lat": 25.107871,
        "district": "士林區"
      }
    },
    {
      "type": "Feature",
      "geometry": {
        "type": "Point",
        "coordinates": [
          121.509647,
          25.116337
        ]
      },
      "properties": {
        "brand": "摩斯",
        "city": "臺北市",
        "store_name": "石牌公園店",
        "address": "臺北市北投區石牌路一段 39 巷 100 號",
        "phone": "(02)2823-3473",
        "lng": 121.509647,
        "lat": 25.116337,
        "district": "北投區"
      }
    },
    {
      "type": "Feature",
      "geometry": {
        "type": "Point",
        "coordinates": [
          121.53163,
          25.116447
        ]
      },
      "properties": {
        "brand": "摩斯",
        "city": "臺北市",
        "store_name": "天母東路店",
        "address": "臺北市士林區天母東路 39 號一、二樓",
        "phone": "(02)2871-0318",
        "lng": 121.53163,
        "lat": 25.116447,
        "district": "士林區"
      }
    },
    {
      "type": "Feature",
      "geometry": {
        "type": "Point",
        "coordinates": [
          121.5548,
          25.032943
        ]
      },
      "properties": {
        "brand": "摩斯",
        "city": "臺北市",
        "store_name": "信義通化店",
        "address": "臺北市大安區信義路四段 304 號",
        "phone": "(02)2754-2189",
        "lng": 121.5548,
        "lat": 25.032943,
        "district": "大安區"
      }
    },
    {
      "type": "Feature",
      "geometry": {
        "type": "Point",
        "coordinates": [
          121.499276,
          25.134955
        ]
      },
      "properties": {
        "brand": "摩斯",
        "city": "臺北市",
        "store_name": "北投店",
        "address": "臺北市北投區中央北路一段 42-1 號",
        "phone": "(02)2896-0937",
        "lng": 121.499276,
        "lat": 25.134955,
        "district": "北投區"
      }
    },
    {
      "type": "Feature",
      "geometry": {
        "type": "Point",
        "coordinates": [
          121.504066,
          25.136254
        ]
      },
      "properties": {
        "brand": "摩斯",
        "city": "臺北市",
        "store_name": "北投光明店",
        "address": "臺北市北投區光明路 212 號",
        "phone": "(02)2892-4254",
        "lng": 121.504066,
        "lat": 25.136254,
        "district": "北投區"
      }
    },
    {
      "type": "Feature",
      "geometry": {
        "type": "Point",
        "coordinates": [
          121.526482,
          25.043847
        ]
      },
      "properties": {
        "brand": "摩斯",
        "city": "臺北市",
        "store_name": "善導寺店",
        "address": "臺北市中正區忠孝東路一段 178 號 1 樓",
        "phone": "(02)2351-2809",
        "lng": 121.526482,
        "lat": 25.043847,
        "district": "中正區"
      }
    },
    {
      "type": "Feature",
      "geometry": {
        "type": "Point",
        "coordinates": [
          121.544217,
          24.992286
        ]
      },
      "properties": {
        "brand": "摩斯",
        "city": "臺北市",
        "store_name": "景興店",
        "address": "臺北市文山區景興路 191 號",
        "phone": "(02)8932-1156",
        "lng": 121.544217,
        "lat": 24.992286,
        "district": "文山區"
      }
    },
    {
      "type": "Feature",
      "geometry": {
        "type": "Point",
        "coordinates": [
          121.560786,
          24.981886
        ]
      },
      "properties": {
        "brand": "摩斯",
        "city": "臺北市",
        "store_name": "木新店",
        "address": "臺北市文山區木新路三段 170 號",
        "phone": "(02)2234-9426",
        "lng": 121.560786,
        "lat": 24.981886,
        "district": "文山區"
      }
    },
    {
      "type": "Feature",
      "geometry": {
        "type": "Point",
        "coordinates": [
          121.575966,
          25.072569
        ]
      },
      "properties": {
        "brand": "摩斯",
        "city": "臺北市",
        "store_name": "內湖亞太店",
        "address": "臺北市內湖區瑞湖街 80 號",
        "phone": "(02)2657-4650",
        "lng": 121.575966,
        "lat": 25.072569,
        "district": "內湖區"
      }
    },
    {
      "type": "Feature",
      "geometry": {
        "type": "Point",
        "coordinates": [
          121.513241,
          25.045026
        ]
      },
      "properties": {
        "brand": "德克士",
        "city": "臺北市",
        "store_name": "台北重慶南",
        "address": "臺北市中正區重慶南路一段100號",
        "phone": "02-2311-6368",
        "lng": 121.513241,
        "lat": 25.045026,
        "district": "中正區"
      }
    },
    {
      "type": "Feature",
      "geometry": {
        "type": "Point",
        "coordinates": [
          121.521685,
          25.058063
        ]
      },
      "properties": {
        "brand": "德克士",
        "city": "臺北市",
        "store_name": "台北馬偕",
        "address": "臺北市中山區民生西路2號",
        "phone": "02-2562-0600",
        "lng": 121.521685,
        "lat": 25.058063,
        "district": "中山區"
      }
    },
    {
      "type": "Feature",
      "geometry": {
        "type": "Point",
        "coordinates": [
          121.532185,
          25.015507
        ]
      },
      "properties": {
        "brand": "德克士",
        "city": "臺北市",
        "store_name": "台北台大",
        "address": "臺北市中正區羅斯福路三段316巷16號1樓",
        "phone": "02-2367-0009",
        "lng": 121.532185,
        "lat": 25.015507,
        "district": "中正區"
      }
    },
    {
      "type": "Feature",
      "geometry": {
        "type": "Point",
        "coordinates": [
          121.553715,
          25.052713
        ]
      },
      "properties": {
        "brand": "德克士",
        "city": "臺北市",
        "store_name": "台北小巨蛋",
        "address": "臺北市松山區南京東路四段105號",
        "phone": "02-2712-5237",
        "lng": 121.553715,
        "lat": 25.052713,
        "district": "松山區"
      }
    },
    {
      "type": "Feature",
      "geometry": {
        "type": "Point",
        "coordinates": [
          121.543073,
          24.975525
        ]
      },
      "properties": {
        "brand": "subway",
        "city": "新北市",
        "store_name": "#42313 七張餐廳",
        "address": "新北市新店區北新路二段156號1樓",
        "phone": "02-2918-8004",
        "lng": 121.543073,
        "lat": 24.975525,
        "district": "新店區"
      }
    },
    {
      "type": "Feature",
      "geometry": {
        "type": "Point",
        "coordinates": [
          121.654843,
          25.062917
        ]
      },
      "properties": {
        "brand": "摩斯",
        "city": "新北市",
        "store_name": "汐止台五店",
        "address": "新北市汐止區新台五路一段 171 號",
        "phone": "(02)2691-9967",
        "lng": 121.654843,
        "lat": 25.062917,
        "district": "汐止區"
      }
    },
    {
      "type": "Feature",
      "geometry": {
        "type": "Point",
        "coordinates": [
          121.490315,
          25.067976
        ]
      },
      "properties": {
        "brand": "摩斯",
        "city": "新北市",
        "store_name": "三重重陽店",
        "address": "新北市三重區重陽路三段 97 號",
        "phone": "(02)2986-1575",
        "lng": 121.490315,
        "lat": 25.067976,
        "district": "三重區"
      }
    },
    {
      "type": "Feature",
      "geometry": {
        "type": "Point",
        "coordinates": [
          121.457685,
          25.065495
        ]
      },
      "properties": {
        "brand": "摩斯",
        "city": "新北市",
        "store_name": "新莊五權店",
        "address": "新北市新莊區五權一路 42 號",
        "phone": "(02)2299-2263",
        "lng": 121.457685,
        "lat": 25.065495,
        "district": "新莊區"
      }
    },
    {
      "type": "Feature",
      "geometry": {
        "type": "Point",
        "coordinates": [
          121.464493,
          25.061178
        ]
      },
      "properties": {
        "brand": "摩斯",
        "city": "新北市",
        "store_name": "新莊化成店",
        "address": "新北市新莊區新北大道二段 310 號",
        "phone": "(02)8521-5400",
        "lng": 121.464493,
        "lat": 25.061178,
        "district": "新莊區"
      }
    },
    {
      "type": "Feature",
      "geometry": {
        "type": "Point",
        "coordinates": [
          121.457692,
          25.009668
        ]
      },
      "properties": {
        "brand": "摩斯",
        "city": "新北市",
        "store_name": "板橋新埔店",
        "address": "新北市板橋區文化路 1 段 302 號 1 樓",
        "phone": "(02)8251-3892",
        "lng": 121.457692,
        "lat": 25.009668,
        "district": "板橋區"
      }
    },
    {
      "type": "Feature",
      "geometry": {
        "type": "Point",
        "coordinates": [
          121.632605,
          25.06917
        ]
      },
      "properties": {
        "brand": "摩斯",
        "city": "新北市",
        "store_name": "汐止夢想社區店",
        "address": "新北市汐止區湖前街 32 號",
        "phone": "(02)8695-1282",
        "lng": 121.632605,
        "lat": 25.06917,
        "district": "汐止區"
      }
    },
    {
      "type": "Feature",
      "geometry": {
        "type": "Point",
        "coordinates": [
          121.501914,
          25.063629
        ]
      },
      "properties": {
        "brand": "摩斯",
        "city": "新北市",
        "store_name": "三重台北橋店",
        "address": "新北市三重區重新路一段 104 號",
        "phone": "(02)2976-9910",
        "lng": 121.501914,
        "lat": 25.063629,
        "district": "三重區"
      }
    },
    {
      "type": "Feature",
      "geometry": {
        "type": "Point",
        "coordinates": [
          121.445013,
          25.049557
        ]
      },
      "properties": {
        "brand": "摩斯",
        "city": "新北市",
        "store_name": "新莊中平店",
        "address": "新北市新莊區中平路 256 號",
        "phone": "(02)2996-0737",
        "lng": 121.445013,
        "lat": 25.049557,
        "district": "新莊區"
      }
    },
    {
      "type": "Feature",
      "geometry": {
        "type": "Point",
        "coordinates": [
          121.452506,
          25.044823
        ]
      },
      "properties": {
        "brand": "摩斯",
        "city": "新北市",
        "store_name": "新莊中港店",
        "address": "新北市新莊區中港路 319 號",
        "phone": "(02)2996-6948",
        "lng": 121.452506,
        "lat": 25.044823,
        "district": "新莊區"
      }
    },
    {
      "type": "Feature",
      "geometry": {
        "type": "Point",
        "coordinates": [
          121.448971,
          25.03506
        ]
      },
      "properties": {
        "brand": "摩斯",
        "city": "新北市",
        "store_name": "新莊新泰店",
        "address": "新北市新莊區新泰路 103 號",
        "phone": "(02)2202-5583",
        "lng": 121.448971,
        "lat": 25.03506,
        "district": "新莊區"
      }
    },
    {
      "type": "Feature",
      "geometry": {
        "type": "Point",
        "coordinates": [
          121.519689,
          25.012016
        ]
      },
      "properties": {
        "brand": "摩斯",
        "city": "新北市",
        "store_name": "竹林店",
        "address": "新北市永和區竹林路 199-1 號",
        "phone": "(02)8927-4351",
        "lng": 121.519689,
        "lat": 25.012016,
        "district": "永和區"
      }
    },
    {
      "type": "Feature",
      "geometry": {
        "type": "Point",
        "coordinates": [
          121.487459,
          24.998446
        ]
      },
      "properties": {
        "brand": "摩斯",
        "city": "新北市",
        "store_name": "中和世紀店",
        "address": "新北市中和區建一路 152 號 1 樓(E 棟)",
        "phone": "(02)8226-3727",
        "lng": 121.487459,
        "lat": 24.998446,
        "district": "中和區"
      }
    },
    {
      "type": "Feature",
      "geometry": {
        "type": "Point",
        "coordinates": [
          121.509694,
          25.009151
        ]
      },
      "properties": {
        "brand": "肯德基",
        "city": "新北市",
        "store_name": "永和中山",
        "address": "新北市永和區中山路一段173號",
        "phone": "02-2927-1558",
        "lng": 121.509694,
        "lat": 25.009151,
        "district": "永和區"
      }
    },
    {
      "type": "Feature",
      "geometry": {
        "type": "Point",
        "coordinates": [
          121.517183,
          24.999028
        ]
      },
      "properties": {
        "brand": "肯德基",
        "city": "新北市",
        "store_name": "永和中正",
        "address": "新北市永和區中正路294號",
        "phone": "02-8668-6971",
        "lng": 121.517183,
        "lat": 24.999028,
        "district": "永和區"
      }
    },
    {
      "type": "Feature",
      "geometry": {
        "type": "Point",
        "coordinates": [
          121.444447,
          25.169619
        ]
      },
      "properties": {
        "brand": "肯德基",
        "city": "新北市",
        "store_name": "淡水中山二",
        "address": "新北市淡水區中山路24號",
        "phone": "02-2620-6385",
        "lng": 121.444447,
        "lat": 25.169619,
        "district": "淡水區"
      }
    },
    {
      "type": "Feature",
      "geometry": {
        "type": "Point",
        "coordinates": [
          121.43003,
          25.031198
        ]
      },
      "properties": {
        "brand": "肯德基",
        "city": "新北市",
        "store_name": "新莊輔大",
        "address": "新北市新莊區中正路516-3號",
        "phone": "02-2901-2059",
        "lng": 121.43003,
        "lat": 25.031198,
        "district": "新莊區"
      }
    },
    {
      "type": "Feature",
      "geometry": {
        "type": "Point",
        "coordinates": [
          121.438462,
          25.08461
        ]
      },
      "properties": {
        "brand": "肯德基",
        "city": "新北市",
        "store_name": "五股成泰",
        "address": "新北市五股區成泰路二段113號",
        "phone": "02-2292-0365",
        "lng": 121.438462,
        "lat": 25.08461,
        "district": "五股區"
      }
    },
    {
      "type": "Feature",
      "geometry": {
        "type": "Point",
        "coordinates": [
          121.371851,
          25.069793
        ]
      },
      "properties": {
        "brand": "肯德基",
        "city": "新北市",
        "store_name": "林口文化",
        "address": "新北市林口區文化一路一段78號",
        "phone": "02-2608-1158",
        "lng": 121.371851,
        "lat": 25.069793,
        "district": "林口區"
      }
    },
    {
      "type": "Feature",
      "geometry": {
        "type": "Point",
        "coordinates": [
          121.386038,
          25.136484
        ]
      },
      "properties": {
        "brand": "萊爾富",
        "city": "新北市",
        "store_name": "八里福德新村",
        "address": "新北市八里區福德新村1號1樓",
        "phone": "02-26107915",
        "lng": 121.386038,
        "lat": 25.136484,
        "district": "八里區"
      }
    },
    {
      "type": "Feature",
      "geometry": {
        "type": "Point",
        "coordinates": [
          121.493424,
          25.19402
        ]
      },
      "properties": {
        "brand": "萊爾富",
        "city": "新北市",
        "store_name": "三芝楓愛林",
        "address": "新北市三芝區車埕69之6、7號",
        "phone": "02-26372548",
        "lng": 121.493424,
        "lat": 25.19402,
        "district": "三芝區"
      }
    },
    {
      "type": "Feature",
      "geometry": {
        "type": "Point",
        "coordinates": [
          121.494826,
          25.064737
        ]
      },
      "properties": {
        "brand": "萊爾富",
        "city": "新北市",
        "store_name": "三重自信店",
        "address": "新北市三重區大智街22號及24號",
        "phone": "02-29886906",
        "lng": 121.494826,
        "lat": 25.064737,
        "district": "三重區"
      }
    },
    {
      "type": "Feature",
      "geometry": {
        "type": "Point",
        "coordinates": [
          121.48768,
          25.053788
        ]
      },
      "properties": {
        "brand": "萊爾富",
        "city": "新北市",
        "store_name": "三重重新店",
        "address": "新北市三重區重新路四段244巷40號",
        "phone": "02-29766464",
        "lng": 121.48768,
        "lat": 25.053788,
        "district": "三重區"
      }
    },
    {
      "type": "Feature",
      "geometry": {
        "type": "Point",
        "coordinates": [
          121.470666,
          25.072227
        ]
      },
      "properties": {
        "brand": "萊爾富",
        "city": "新北市",
        "store_name": "三重穀保店",
        "address": "新北市三重區中正北路415號及417號1樓全部",
        "phone": "02-89785492",
        "lng": 121.470666,
        "lat": 25.072227,
        "district": "三重區"
      }
    },
    {
      "type": "Feature",
      "geometry": {
        "type": "Point",
        "coordinates": [
          121.485889,
          25.071847
        ]
      },
      "properties": {
        "brand": "萊爾富",
        "city": "新北市",
        "store_name": "三重薔薇店",
        "address": "新北市三重區後竹圍街177+179號",
        "phone": "02-89780978",
        "lng": 121.485889,
        "lat": 25.071847,
        "district": "三重區"
      }
    },
    {
      "type": "Feature",
      "geometry": {
        "type": "Point",
        "coordinates": [
          121.371591,
          24.925668
        ]
      },
      "properties": {
        "brand": "萊爾富",
        "city": "新北市",
        "store_name": "三峽龍井茶",
        "address": "新北市三峽區中正路一段75-1號",
        "phone": "02-26711069",
        "lng": 121.371591,
        "lat": 24.925668,
        "district": "三峽區"
      }
    },
    {
      "type": "Feature",
      "geometry": {
        "type": "Point",
        "coordinates": [
          121.467672,
          24.992963
        ]
      },
      "properties": {
        "brand": "萊爾富",
        "city": "新北市",
        "store_name": "土城阿城店",
        "address": "新北市土城區延平街71號1樓",
        "phone": "02-82732251",
        "lng": 121.467672,
        "lat": 24.992963,
        "district": "土城區"
      }
    },
    {
      "type": "Feature",
      "geometry": {
        "type": "Point",
        "coordinates": [
          121.459766,
          24.971254
        ]
      },
      "properties": {
        "brand": "萊爾富",
        "city": "新北市",
        "store_name": "土城哲青店",
        "address": "新北市土城區青雲路589號及589之1號",
        "phone": "02-89783133",
        "lng": 121.459766,
        "lat": 24.971254,
        "district": "土城區"
      }
    },
    {
      "type": "Feature",
      "geometry": {
        "type": "Point",
        "coordinates": [
          121.511193,
          24.996879
        ]
      },
      "properties": {
        "brand": "萊爾富",
        "city": "新北市",
        "store_name": "中和嘉德店",
        "address": "新北市中和區安平路89-2、89-3號",
        "phone": "02-86680576",
        "lng": 121.511193,
        "lat": 24.996879,
        "district": "中和區"
      }
    },
    {
      "type": "Feature",
      "geometry": {
        "type": "Point",
        "coordinates": [
          121.448309,
          25.064005
        ]
      },
      "properties": {
        "brand": "萊爾富",
        "city": "新北市",
        "store_name": "五股五工店",
        "address": "新北市五股區五工六路28號",
        "phone": "02-22992945",
        "lng": 121.448309,
        "lat": 25.064005,
        "district": "五股區"
      }
    },
    {
      "type": "Feature",
      "geometry": {
        "type": "Point",
        "coordinates": [
          121.457028,
          25.080922
        ]
      },
      "properties": {
        "brand": "萊爾富",
        "city": "新北市",
        "store_name": "五股更寮店",
        "address": "新北市五股區中興路二段1號一樓全部",
        "phone": "02-29818439",
        "lng": 121.457028,
        "lat": 25.080922,
        "district": "五股區"
      }
    },
    {
      "type": "Feature",
      "geometry": {
        "type": "Point",
        "coordinates": [
          121.431009,
          25.108853
        ]
      },
      "properties": {
        "brand": "萊爾富",
        "city": "新北市",
        "store_name": "五股凌雲店",
        "address": "新北市五股區凌雲路三段46號",
        "phone": "02-22910029",
        "lng": 121.431009,
        "lat": 25.108853,
        "district": "五股區"
      }
    },
    {
      "type": "Feature",
      "geometry": {
        "type": "Point",
        "coordinates": [
          121.493236,
          25.078327
        ]
      },
      "properties": {
        "brand": "萊爾富",
        "city": "新北市",
        "store_name": "北縣三愛三店",
        "address": "新北市三重區仁愛街253號",
        "phone": "02-29714594",
        "lng": 121.493236,
        "lat": 25.078327,
        "district": "三重區"
      }
    },
    {
      "type": "Feature",
      "geometry": {
        "type": "Point",
        "coordinates": [
          121.33831,
          24.978206
        ]
      },
      "properties": {
        "brand": "萊爾富",
        "city": "新北市",
        "store_name": "北縣大湖店",
        "address": "新北市鶯歌區大湖路366號及中湖街2號",
        "phone": "02-86774539",
        "lng": 121.33831,
        "lat": 24.978206,
        "district": "鶯歌區"
      }
    },
    {
      "type": "Feature",
      "geometry": {
        "type": "Point",
        "coordinates": [
          121.472975,
          25.026708
        ]
      },
      "properties": {
        "brand": "萊爾富",
        "city": "新北市",
        "store_name": "北縣板成店",
        "address": "新北市板橋區莊敬路77號",
        "phone": "02-22541240",
        "lng": 121.472975,
        "lat": 25.026708,
        "district": "板橋區"
      }
    },
    {
      "type": "Feature",
      "geometry": {
        "type": "Point",
        "coordinates": [
          121.472052,
          25.049906
        ]
      },
      "properties": {
        "brand": "萊爾富",
        "city": "新北市",
        "store_name": "北縣重富店",
        "address": "新北市三重區光復路一段85、85-2號",
        "phone": "02-29996281",
        "lng": 121.472052,
        "lat": 25.049906,
        "district": "三重區"
      }
    },
    {
      "type": "Feature",
      "geometry": {
        "type": "Point",
        "coordinates": [
          121.508823,
          25.025266
        ]
      },
      "properties": {
        "brand": "萊爾富",
        "city": "新北市",
        "store_name": "北縣重萬店",
        "address": "新北市三重區中華路92號及94號",
        "phone": "02-89827310",
        "lng": 121.508823,
        "lat": 25.025266,
        "district": "三重區"
      }
    },
    {
      "type": "Feature",
      "geometry": {
        "type": "Point",
        "coordinates": [
          121.481021,
          24.995411
        ]
      },
      "properties": {
        "brand": "萊爾富",
        "city": "新北市",
        "store_name": "北縣員山店",
        "address": "新北市中和區員山路502-7號",
        "phone": "02-22216218",
        "lng": 121.481021,
        "lat": 24.995411,
        "district": "中和區"
      }
    },
    {
      "type": "Feature",
      "geometry": {
        "type": "Point",
        "coordinates": [
          121.659453,
          24.991416
        ]
      },
      "properties": {
        "brand": "萊爾富",
        "city": "新北市",
        "store_name": "北縣碇晨店",
        "address": "新北市石碇區碇坪路一段130號1樓",
        "phone": "02-26634141",
        "lng": 121.659453,
        "lat": 24.991416,
        "district": "石碇區"
      }
    },
    {
      "type": "Feature",
      "geometry": {
        "type": "Point",
        "coordinates": [
          121.435112,
          25.032953
        ]
      },
      "properties": {
        "brand": "萊爾富",
        "city": "新北市",
        "store_name": "北縣輔園店",
        "address": "新北市新莊區中正路510號",
        "phone": "02-29017165",
        "lng": 121.435112,
        "lat": 25.032953,
        "district": "新莊區"
      }
    },
    {
      "type": "Feature",
      "geometry": {
        "type": "Point",
        "coordinates": [
          121.421519,
          25.014725
        ]
      },
      "properties": {
        "brand": "萊爾富",
        "city": "新北市",
        "store_name": "北縣樹俊店",
        "address": "新北市樹林區三俊街254號",
        "phone": "02-26763526",
        "lng": 121.421519,
        "lat": 25.014725,
        "district": "樹林區"
      }
    },
    {
      "type": "Feature",
      "geometry": {
        "type": "Point",
        "coordinates": [
          121.479753,
          25.006172
        ]
      },
      "properties": {
        "brand": "萊爾富",
        "city": "新北市",
        "store_name": "北縣橋安店",
        "address": "新北市中和區中山路2段352號",
        "phone": "02-22445156",
        "lng": 121.479753,
        "lat": 25.006172,
        "district": "中和區"
      }
    },
    {
      "type": "Feature",
      "geometry": {
        "type": "Point",
        "coordinates": [
          121.434371,
          25.012591
        ]
      },
      "properties": {
        "brand": "萊爾富",
        "city": "新北市",
        "store_name": "北縣瓊林南店",
        "address": "新北市新莊區瓊林南路133號",
        "phone": "02-22037151",
        "lng": 121.434371,
        "lat": 25.012591,
        "district": "新莊區"
      }
    },
    {
      "type": "Feature",
      "geometry": {
        "type": "Point",
        "coordinates": [
          121.47725,
          25.082866
        ]
      },
      "properties": {
        "brand": "萊爾富",
        "city": "新北市",
        "store_name": "北縣蘆江店",
        "address": "新北市蘆洲區鷺江街69號一樓",
        "phone": "02-22886490",
        "lng": 121.47725,
        "lat": 25.082866,
        "district": "蘆洲區"
      }
    },
    {
      "type": "Feature",
      "geometry": {
        "type": "Point",
        "coordinates": [
          121.540529,
          25.029479
        ]
      },
      "properties": {
        "brand": "萊爾富",
        "city": "新北市",
        "store_name": "北縣蘆信店",
        "address": "新北市蘆洲區信義路35號",
        "phone": "02-22827585",
        "lng": 121.540529,
        "lat": 25.029479,
        "district": "蘆洲區"
      }
    },
    {
      "type": "Feature",
      "geometry": {
        "type": "Point",
        "coordinates": [
          121.525772,
          25.007725
        ]
      },
      "properties": {
        "brand": "萊爾富",
        "city": "新北市",
        "store_name": "永和福和花園",
        "address": "新北市永和區福和路7巷11弄16號",
        "phone": "02-29252655",
        "lng": 121.525772,
        "lat": 25.007725,
        "district": "永和區"
      }
    },
    {
      "type": "Feature",
      "geometry": {
        "type": "Point",
        "coordinates": [
          121.626475,
          25.077307
        ]
      },
      "properties": {
        "brand": "萊爾富",
        "city": "新北市",
        "store_name": "汐止忠三店",
        "address": "新北市汐止區忠三街19號",
        "phone": "02-26903671",
        "lng": 121.626475,
        "lat": 25.077307,
        "district": "汐止區"
      }
    },
    {
      "type": "Feature",
      "geometry": {
        "type": "Point",
        "coordinates": [
          121.356064,
          25.068771
        ]
      },
      "properties": {
        "brand": "萊爾富",
        "city": "新北市",
        "store_name": "林口捷韻店",
        "address": "新北市林口區文化北路一段123號一樓",
        "phone": "02-26080182",
        "lng": 121.356064,
        "lat": 25.068771,
        "district": "林口區"
      }
    },
    {
      "type": "Feature",
      "geometry": {
        "type": "Point",
        "coordinates": [
          121.480956,
          25.023963
        ]
      },
      "properties": {
        "brand": "萊爾富",
        "city": "新北市",
        "store_name": "板橋翠華店",
        "address": "新北市板橋區翠華街6巷1號1樓",
        "phone": "02-29559476",
        "lng": 121.480956,
        "lat": 25.023963,
        "district": "板橋區"
      }
    },
    {
      "type": "Feature",
      "geometry": {
        "type": "Point",
        "coordinates": [
          121.45553,
          25.039223
        ]
      },
      "properties": {
        "brand": "萊爾富",
        "city": "新北市",
        "store_name": "新莊中港店",
        "address": "新北市新莊區中港路84號1樓",
        "phone": "02-29947462",
        "lng": 121.45553,
        "lat": 25.039223,
        "district": "新莊區"
      }
    },
    {
      "type": "Feature",
      "geometry": {
        "type": "Point",
        "coordinates": [
          121.470171,
          25.09366
        ]
      },
      "properties": {
        "brand": "萊爾富",
        "city": "新北市",
        "store_name": "蘆洲水湳店",
        "address": "新北市蘆洲區水湳街150號1樓",
        "phone": "02-82866503",
        "lng": 121.470171,
        "lat": 25.09366,
        "district": "蘆洲區"
      }
    },
    {
      "type": "Feature",
      "geometry": {
        "type": "Point",
        "coordinates": [
          121.329131,
          24.936078
        ]
      },
      "properties": {
        "brand": "萊爾富",
        "city": "新北市",
        "store_name": "鶯歌大哥店",
        "address": "新北市鶯歌區中正三路304、308號、306號、310號",
        "phone": "02-86780691",
        "lng": 121.329131,
        "lat": 24.936078,
        "district": "鶯歌區"
      }
    },
    {
      "type": "Feature",
      "geometry": {
        "type": "Point",
        "coordinates": [
          121.344297,
          24.947394
        ]
      },
      "properties": {
        "brand": "萊爾富",
        "city": "新北市",
        "store_name": "鶯歌龍正店",
        "address": "新北市鶯歌區尖山路188及190號",
        "phone": "02-89796615",
        "lng": 121.344297,
        "lat": 24.947394,
        "district": "鶯歌區"
      }
    },
    {
      "type": "Feature",
      "geometry": {
        "type": "Point",
        "coordinates": [
          121.538605,
          24.96
        ]
      },
      "properties": {
        "brand": "麥當勞",
        "city": "新北市",
        "store_name": "新店北新一",
        "address": "新北市新店區北新路2段102號",
        "phone": "02-2917-0186",
        "lng": 121.538605,
        "lat": 24.96,
        "district": "新店區"
      }
    },
    {
      "type": "Feature",
      "geometry": {
        "type": "Point",
        "coordinates": [
          121.448452,
          25.035391
        ]
      },
      "properties": {
        "brand": "麥當勞",
        "city": "新北市",
        "store_name": "新莊中正",
        "address": "新北市新莊區中正路232號",
        "phone": "02-2276-8295",
        "lng": 121.448452,
        "lat": 25.035391,
        "district": "新莊區"
      }
    },
    {
      "type": "Feature",
      "geometry": {
        "type": "Point",
        "coordinates": [
          121.497065,
          25.062928
        ]
      },
      "properties": {
        "brand": "麥當勞",
        "city": "新北市",
        "store_name": "三重正義",
        "address": "新北市三重區正義北路15號",
        "phone": "02-2986-7525",
        "lng": 121.497065,
        "lat": 25.062928,
        "district": "三重區"
      }
    },
    {
      "type": "Feature",
      "geometry": {
        "type": "Point",
        "coordinates": [
          121.463111,
          25.00415
        ]
      },
      "properties": {
        "brand": "麥當勞",
        "city": "新北市",
        "store_name": "板橋重慶",
        "address": "新北市板橋區重慶路23號",
        "phone": "02-2961-2624",
        "lng": 121.463111,
        "lat": 25.00415,
        "district": "板橋區"
      }
    },
    {
      "type": "Feature",
      "geometry": {
        "type": "Point",
        "coordinates": [
          121.452633,
          25.045094
        ]
      },
      "properties": {
        "brand": "麥當勞",
        "city": "新北市",
        "store_name": "新莊二",
        "address": "新北市新莊區中港路306號",
        "phone": "02-2992-0498",
        "lng": 121.452633,
        "lat": 25.045094,
        "district": "新莊區"
      }
    },
    {
      "type": "Feature",
      "geometry": {
        "type": "Point",
        "coordinates": [
          121.499904,
          25.001527
        ]
      },
      "properties": {
        "brand": "麥當勞",
        "city": "新北市",
        "store_name": "中和",
        "address": "新北市中和區中和路38號",
        "phone": "02-2246-0725",
        "lng": 121.499904,
        "lat": 25.001527,
        "district": "中和區"
      }
    },
    {
      "type": "Feature",
      "geometry": {
        "type": "Point",
        "coordinates": [
          121.541288,
          24.965827
        ]
      },
      "properties": {
        "brand": "麥當勞",
        "city": "新北市",
        "store_name": "新店北新二",
        "address": "新北市新店區北新路3段51號",
        "phone": "02-2910-2062",
        "lng": 121.541288,
        "lat": 24.965827,
        "district": "新店區"
      }
    },
    {
      "type": "Feature",
      "geometry": {
        "type": "Point",
        "coordinates": [
          121.459795,
          25.007518
        ]
      },
      "properties": {
        "brand": "麥當勞",
        "city": "新北市",
        "store_name": "板橋中山",
        "address": "新北市板橋區中山路2段257號1樓",
        "phone": "02-2964-2221",
        "lng": 121.459795,
        "lat": 25.007518,
        "district": "板橋區"
      }
    },
    {
      "type": "Feature",
      "geometry": {
        "type": "Point",
        "coordinates": [
          121.490588,
          25.084762
        ]
      },
      "properties": {
        "brand": "麥當勞",
        "city": "新北市",
        "store_name": "三重五華",
        "address": "新北市三重區五華街89-1號1樓",
        "phone": "02-2986-6855",
        "lng": 121.490588,
        "lat": 25.084762,
        "district": "三重區"
      }
    },
    {
      "type": "Feature",
      "geometry": {
        "type": "Point",
        "coordinates": [
          121.479753,
          25.006172
        ]
      },
      "properties": {
        "brand": "麥當勞",
        "city": "新北市",
        "store_name": "中和中山",
        "address": "新北市中和區中山路2段583號1樓",
        "phone": "02-3234-5535",
        "lng": 121.479753,
        "lat": 25.006172,
        "district": "中和區"
      }
    },
    {
      "type": "Feature",
      "geometry": {
        "type": "Point",
        "coordinates": [
          121.50964,
          24.987822
        ]
      },
      "properties": {
        "brand": "麥當勞",
        "city": "新北市",
        "store_name": "中和興南",
        "address": "新北市中和區興南路1段83號1樓",
        "phone": "02-8668-6975",
        "lng": 121.50964,
        "lat": 24.987822,
        "district": "中和區"
      }
    },
    {
      "type": "Feature",
      "geometry": {
        "type": "Point",
        "coordinates": [
          121.463519,
          25.081149
        ]
      },
      "properties": {
        "brand": "麥當勞",
        "city": "新北市",
        "store_name": "蘆洲長安",
        "address": "新北市蘆洲區長安街127號1樓",
        "phone": "02-8282-5129",
        "lng": 121.463519,
        "lat": 25.081149,
        "district": "蘆洲區"
      }
    },
    {
      "type": "Feature",
      "geometry": {
        "type": "Point",
        "coordinates": [
          121.460651,
          25.024158
        ]
      },
      "properties": {
        "brand": "麥當勞",
        "city": "新北市",
        "store_name": "板橋雨農",
        "address": "新北市板橋區雨農路60號1樓",
        "phone": "02-2250-4605",
        "lng": 121.460651,
        "lat": 25.024158,
        "district": "板橋區"
      }
    },
    {
      "type": "Feature",
      "geometry": {
        "type": "Point",
        "coordinates": [
          121.496441,
          25.066544
        ]
      },
      "properties": {
        "brand": "麥當勞",
        "city": "新北市",
        "store_name": "三重正義二",
        "address": "新北市三重區正義北路176號1樓",
        "phone": "02-2984-0098",
        "lng": 121.496441,
        "lat": 25.066544,
        "district": "三重區"
      }
    },
    {
      "type": "Feature",
      "geometry": {
        "type": "Point",
        "coordinates": [
          121.466954,
          25.02196
        ]
      },
      "properties": {
        "brand": "麥當勞",
        "city": "新北市",
        "store_name": "板橋文化",
        "address": "新北市板橋區文化路2段173號",
        "phone": "02-2250-5065",
        "lng": 121.466954,
        "lat": 25.02196,
        "district": "板橋區"
      }
    },
    {
      "type": "Feature",
      "geometry": {
        "type": "Point",
        "coordinates": [
          121.486118,
          25.076934
        ]
      },
      "properties": {
        "brand": "麥當勞",
        "city": "新北市",
        "store_name": "三重三和",
        "address": "新北市三重區三和路四段392-1號",
        "phone": "02-2280-6398",
        "lng": 121.486118,
        "lat": 25.076934,
        "district": "三重區"
      }
    },
    {
      "type": "Feature",
      "geometry": {
        "type": "Point",
        "coordinates": [
          121.44479,
          25.052982
        ]
      },
      "properties": {
        "brand": "麥當勞",
        "city": "新北市",
        "store_name": "新莊中平",
        "address": "新北市新莊區中平路346,348號",
        "phone": "02-2279-1722",
        "lng": 121.44479,
        "lat": 25.052982,
        "district": "新莊區"
      }
    },
    {
      "type": "Feature",
      "geometry": {
        "type": "Point",
        "coordinates": [
          121.518944,
          25.045547
        ]
      },
      "properties": {
        "brand": "麥當勞",
        "city": "新北市",
        "store_name": "中和景新",
        "address": "新北市中和區景新街430,432號1-2樓",
        "phone": "02-2946-0280",
        "lng": 121.518944,
        "lat": 25.045547,
        "district": "中和區"
      }
    },
    {
      "type": "Feature",
      "geometry": {
        "type": "Point",
        "coordinates": [
          121.511618,
          25.025236
        ]
      },
      "properties": {
        "brand": "麥當勞",
        "city": "新北市",
        "store_name": "三重龍門",
        "address": "新北市三重區龍門路42號1~3樓",
        "phone": "02-2976-3181",
        "lng": 121.511618,
        "lat": 25.025236,
        "district": "三重區"
      }
    },
    {
      "type": "Feature",
      "geometry": {
        "type": "Point",
        "coordinates": [
          121.539085,
          24.969105
        ]
      },
      "properties": {
        "brand": "麥當勞",
        "city": "新北市",
        "store_name": "新店中正二",
        "address": "新北市新店區中正路506號1-2樓",
        "phone": "02-2218-3051",
        "lng": 121.539085,
        "lat": 24.969105,
        "district": "新店區"
      }
    },
    {
      "type": "Feature",
      "geometry": {
        "type": "Point",
        "coordinates": [
          121.539085,
          24.969105
        ]
      },
      "properties": {
        "brand": "麥當勞",
        "city": "新北市",
        "store_name": "新店中正三",
        "address": "新北市新店區中正路331號1-3樓",
        "phone": "02-2910-3935",
        "lng": 121.539085,
        "lat": 24.969105,
        "district": "新店區"
      }
    },
    {
      "type": "Feature",
      "geometry": {
        "type": "Point",
        "coordinates": [
          121.487156,
          25.060402
        ]
      },
      "properties": {
        "brand": "麥當勞",
        "city": "新北市",
        "store_name": "三重重陽",
        "address": "新北市三重區重陽路一段5號",
        "phone": "02-2985-0533",
        "lng": 121.487156,
        "lat": 25.060402,
        "district": "三重區"
      }
    },
    {
      "type": "Feature",
      "geometry": {
        "type": "Point",
        "coordinates": [
          121.459914,
          25.087289
        ]
      },
      "properties": {
        "brand": "麥當勞",
        "city": "新北市",
        "store_name": "蘆洲長榮",
        "address": "新北市蘆洲區長榮路376,378號",
        "phone": "02-2288-5259",
        "lng": 121.459914,
        "lat": 25.087289,
        "district": "蘆洲區"
      }
    },
    {
      "type": "Feature",
      "geometry": {
        "type": "Point",
        "coordinates": [
          121.460254,
          25.050738
        ]
      },
      "properties": {
        "brand": "麥當勞",
        "city": "新北市",
        "store_name": "新莊思源",
        "address": "新北市新莊區思源路330號",
        "phone": "02-2996-7199",
        "lng": 121.460254,
        "lat": 25.050738,
        "district": "新莊區"
      }
    },
    {
      "type": "Feature",
      "geometry": {
        "type": "Point",
        "coordinates": [
          121.469227,
          25.091152
        ]
      },
      "properties": {
        "brand": "麥當勞",
        "city": "新北市",
        "store_name": "蘆洲三民",
        "address": "新北市蘆洲區三民路116號",
        "phone": "02-8286-0209",
        "lng": 121.469227,
        "lat": 25.091152,
        "district": "蘆洲區"
      }
    },
    {
      "type": "Feature",
      "geometry": {
        "type": "Point",
        "coordinates": [
          121.452975,
          24.999591
        ]
      },
      "properties": {
        "brand": "麥當勞",
        "city": "新北市",
        "store_name": "板橋府中",
        "address": "新北市板橋區南雅南路二段122-23號1樓",
        "phone": "02-7717-9297",
        "lng": 121.452975,
        "lat": 24.999591,
        "district": "板橋區"
      }
    },
    {
      "type": "Feature",
      "geometry": {
        "type": "Point",
        "coordinates": [
          121.512747,
          25.004415
        ]
      },
      "properties": {
        "brand": "麥當勞",
        "city": "新北市",
        "store_name": "永和",
        "address": "新北市永和區永和路2段170號",
        "phone": "02-2929-0101",
        "lng": 121.512747,
        "lat": 25.004415,
        "district": "永和區"
      }
    },
    {
      "type": "Feature",
      "geometry": {
        "type": "Point",
        "coordinates": [
          121.517674,
          25.000054
        ]
      },
      "properties": {
        "brand": "麥當勞",
        "city": "新北市",
        "store_name": "永和中正",
        "address": "新北市永和區中正路244號",
        "phone": "02-2945-7965",
        "lng": 121.517674,
        "lat": 25.000054,
        "district": "永和區"
      }
    },
    {
      "type": "Feature",
      "geometry": {
        "type": "Point",
        "coordinates": [
          121.525627,
          24.999323
        ]
      },
      "properties": {
        "brand": "麥當勞",
        "city": "新北市",
        "store_name": "永和得和",
        "address": "新北市永和區得和路405號1樓",
        "phone": "02-8660-7029",
        "lng": 121.525627,
        "lat": 24.999323,
        "district": "永和區"
      }
    },
    {
      "type": "Feature",
      "geometry": {
        "type": "Point",
        "coordinates": [
          121.514314,
          25.010202
        ]
      },
      "properties": {
        "brand": "麥當勞",
        "city": "新北市",
        "store_name": "永和中山",
        "address": "新北市永和區中山路1段214號",
        "phone": "02-8660-2800",
        "lng": 121.514314,
        "lat": 25.010202,
        "district": "永和區"
      }
    },
    {
      "type": "Feature",
      "geometry": {
        "type": "Point",
        "coordinates": [
          121.510711,
          25.002423
        ]
      },
      "properties": {
        "brand": "麥當勞",
        "city": "新北市",
        "store_name": "永和永安",
        "address": "新北市永和區中和路503號",
        "phone": "02-2922-8242",
        "lng": 121.510711,
        "lat": 25.002423,
        "district": "永和區"
      }
    },
    {
      "type": "Feature",
      "geometry": {
        "type": "Point",
        "coordinates": [
          121.519403,
          25.005192
        ]
      },
      "properties": {
        "brand": "麥當勞",
        "city": "新北市",
        "store_name": "永和永利",
        "address": "新北市永和區永利路47號1樓",
        "phone": "02-2926-6279",
        "lng": 121.519403,
        "lat": 25.005192,
        "district": "永和區"
      }
    },
    {
      "type": "Feature",
      "geometry": {
        "type": "Point",
        "coordinates": [
          121.497013,
          25.065672
        ]
      },
      "properties": {
        "brand": "頂呱呱",
        "city": "新北市",
        "store_name": "三重正義",
        "address": "新北市三重區正義北路109號",
        "phone": "(02)8988-1055",
        "lng": 121.497013,
        "lat": 25.065672,
        "district": "三重區"
      }
    },
    {
      "type": "Feature",
      "geometry": {
        "type": "Point",
        "coordinates": [
          121.540845,
          24.966495
        ]
      },
      "properties": {
        "brand": "頂呱呱",
        "city": "新北市",
        "store_name": "新店北新",
        "address": "新北市新店區北新路一段265號1樓",
        "phone": "(02)8911-7851",
        "lng": 121.540845,
        "lat": 24.966495,
        "district": "新店區"
      }
    },
    {
      "type": "Feature",
      "geometry": {
        "type": "Point",
        "coordinates": [
          121.473319,
          25.080529
        ]
      },
      "properties": {
        "brand": "頂呱呱",
        "city": "新北市",
        "store_name": "蘆洲",
        "address": "新北市蘆洲區中山一路124-2號",
        "phone": "(02)8281-3263",
        "lng": 121.473319,
        "lat": 25.080529,
        "district": "蘆洲區"
      }
    },
    {
      "type": "Feature",
      "geometry": {
        "type": "Point",
        "coordinates": [
          121.481835,
          25.067742
        ]
      },
      "properties": {
        "brand": "頂呱呱",
        "city": "新北市",
        "store_name": "三重",
        "address": "新北市三重區忠孝路三段1號",
        "phone": "(02)8981-5455",
        "lng": 121.481835,
        "lat": 25.067742,
        "district": "三重區"
      }
    },
    {
      "type": "Feature",
      "geometry": {
        "type": "Point",
        "coordinates": [
          121.463775,
          25.081901
        ]
      },
      "properties": {
        "brand": "漢堡王",
        "city": "新北市",
        "store_name": "蘆洲店",
        "address": "新北市蘆洲區長榮路1號",
        "phone": "02-28486968",
        "lng": 121.463775,
        "lat": 25.081901,
        "district": "蘆洲區"
      }
    },
    {
      "type": "Feature",
      "geometry": {
        "type": "Point",
        "coordinates": [
          121.477073,
          25.017153
        ]
      },
      "properties": {
        "brand": "漢堡王",
        "city": "新北市",
        "store_name": "板橋埔墘店",
        "address": "新北市板橋區中山路二段168號",
        "phone": "02-29581008",
        "lng": 121.477073,
        "lat": 25.017153,
        "district": "板橋區"
      }
    },
    {
      "type": "Feature",
      "geometry": {
        "type": "Point",
        "coordinates": [
          121.417315,
          24.988771
        ]
      },
      "properties": {
        "brand": "OK",
        "city": "新北市",
        "store_name": "OK樹林文化店",
        "address": "新北市樹林區文化街53號1樓",
        "phone": "02-66372676",
        "lng": 121.417315,
        "lat": 24.988771,
        "district": "樹林區"
      }
    },
    {
      "type": "Feature",
      "geometry": {
        "type": "Point",
        "coordinates": [
          121.810362,
          25.106801
        ]
      },
      "properties": {
        "brand": "OK",
        "city": "新北市",
        "store_name": "OK三爪子坑店",
        "address": "新北市瑞芳區三爪子坑路125號",
        "phone": "02-66372071",
        "lng": 121.810362,
        "lat": 25.106801,
        "district": "瑞芳區"
      }
    },
    {
      "type": "Feature",
      "geometry": {
        "type": "Point",
        "coordinates": [
          121.477889,
          24.999411
        ]
      },
      "properties": {
        "brand": "OK",
        "city": "新北市",
        "store_name": "OK中和民利店",
        "address": "新北市中和區民利街12號",
        "phone": "02-66375018",
        "lng": 121.477889,
        "lat": 24.999411,
        "district": "中和區"
      }
    },
    {
      "type": "Feature",
      "geometry": {
        "type": "Point",
        "coordinates": [
          121.536309,
          24.971563
        ]
      },
      "properties": {
        "brand": "OK",
        "city": "新北市",
        "store_name": "OK新店三民店",
        "address": "新北市新店區三民路38號",
        "phone": "02-66370766",
        "lng": 121.536309,
        "lat": 24.971563,
        "district": "新店區"
      }
    },
    {
      "type": "Feature",
      "geometry": {
        "type": "Point",
        "coordinates": [
          121.510911,
          25.014085
        ]
      },
      "properties": {
        "brand": "OK",
        "city": "新北市",
        "store_name": "OK新莊民安店",
        "address": "新北市新莊區民安東路127號1樓",
        "phone": "02-66371677",
        "lng": 121.510911,
        "lat": 25.014085,
        "district": "新莊區"
      }
    },
    {
      "type": "Feature",
      "geometry": {
        "type": "Point",
        "coordinates": [
          121.504294,
          25.258563
        ]
      },
      "properties": {
        "brand": "OK",
        "city": "新北市",
        "store_name": "OK三芝三民店",
        "address": "新北市三芝區三民街27巷2、4號1樓",
        "phone": "02-66375096",
        "lng": 121.504294,
        "lat": 25.258563,
        "district": "三芝區"
      }
    },
    {
      "type": "Feature",
      "geometry": {
        "type": "Point",
        "coordinates": [
          121.459283,
          25.006942
        ]
      },
      "properties": {
        "brand": "OK",
        "city": "新北市",
        "store_name": "OK板橋四川店",
        "address": "新北市板橋區四川路２段128號1樓",
        "phone": "02-66375059",
        "lng": 121.459283,
        "lat": 25.006942,
        "district": "板橋區"
      }
    },
    {
      "type": "Feature",
      "geometry": {
        "type": "Point",
        "coordinates": [
          121.469512,
          24.978946
        ]
      },
      "properties": {
        "brand": "OK",
        "city": "新北市",
        "store_name": "OK土城永豐店",
        "address": "新北市土城區永豐路149-2號",
        "phone": "02-66376045",
        "lng": 121.469512,
        "lat": 24.978946,
        "district": "土城區"
      }
    },
    {
      "type": "Feature",
      "geometry": {
        "type": "Point",
        "coordinates": [
          121.390012,
          24.970589
        ]
      },
      "properties": {
        "brand": "統一超商",
        "city": "新北市",
        "store_name": "佳政",
        "address": "新北市樹林區中山路三段209-1號211號1樓",
        "phone": "02-26687714",
        "lng": 121.390012,
        "lat": 24.970589,
        "district": "樹林區"
      }
    },
    {
      "type": "Feature",
      "geometry": {
        "type": "Point",
        "coordinates": [
          121.365766,
          24.91444
        ]
      },
      "properties": {
        "brand": "統一超商",
        "city": "新北市",
        "store_name": "三角湧",
        "address": "新北市三峽區中正路二段200號",
        "phone": "02-86722785",
        "lng": 121.365766,
        "lat": 24.91444,
        "district": "三峽區"
      }
    },
    {
      "type": "Feature",
      "geometry": {
        "type": "Point",
        "coordinates": [
          121.416137,
          24.986435
        ]
      },
      "properties": {
        "brand": "統一超商",
        "city": "新北市",
        "store_name": "樹復",
        "address": "新北市樹林區復興路340號",
        "phone": "02-26874232",
        "lng": 121.416137,
        "lat": 24.986435,
        "district": "樹林區"
      }
    },
    {
      "type": "Feature",
      "geometry": {
        "type": "Point",
        "coordinates": [
          121.461075,
          25.028363
        ]
      },
      "properties": {
        "brand": "統一超商",
        "city": "新北市",
        "store_name": "吉翠",
        "address": "新北市板橋區裕民街53號1.2樓和55號",
        "phone": "02-82570537",
        "lng": 121.461075,
        "lat": 25.028363,
        "district": "板橋區"
      }
    },
    {
      "type": "Feature",
      "geometry": {
        "type": "Point",
        "coordinates": [
          121.53938,
          24.961407
        ]
      },
      "properties": {
        "brand": "統一超商",
        "city": "新北市",
        "store_name": "新明",
        "address": "新北市新店區光明街140號",
        "phone": "02-29127361",
        "lng": 121.53938,
        "lat": 24.961407,
        "district": "新店區"
      }
    },
    {
      "type": "Feature",
      "geometry": {
        "type": "Point",
        "coordinates": [
          121.449592,
          25.097338
        ]
      },
      "properties": {
        "brand": "統一超商",
        "city": "新北市",
        "store_name": "利客來",
        "address": "新北市五股區成泰路三段419號",
        "phone": "02-22953384",
        "lng": 121.449592,
        "lat": 25.097338,
        "district": "五股區"
      }
    },
    {
      "type": "Feature",
      "geometry": {
        "type": "Point",
        "coordinates": [
          121.603391,
          25.002741
        ]
      },
      "properties": {
        "brand": "統一超商",
        "city": "新北市",
        "store_name": "深坑",
        "address": "新北市深坑區北深路三段145號",
        "phone": "02-26624509",
        "lng": 121.603391,
        "lat": 25.002741,
        "district": "深坑區"
      }
    },
    {
      "type": "Feature",
      "geometry": {
        "type": "Point",
        "coordinates": [
          121.373984,
          24.92959
        ]
      },
      "properties": {
        "brand": "統一超商",
        "city": "新北市",
        "store_name": "天下",
        "address": "新北市三峽區中正路一段110號112號1樓",
        "phone": "02-26713245",
        "lng": 121.373984,
        "lat": 24.92959,
        "district": "三峽區"
      }
    },
    {
      "type": "Feature",
      "geometry": {
        "type": "Point",
        "coordinates": [
          121.485791,
          25.005049
        ]
      },
      "properties": {
        "brand": "統一超商",
        "city": "新北市",
        "store_name": "正原",
        "address": "新北市中和區中山路二段530號1樓",
        "phone": "02-22281549",
        "lng": 121.485791,
        "lat": 25.005049,
        "district": "中和區"
      }
    },
    {
      "type": "Feature",
      "geometry": {
        "type": "Point",
        "coordinates": [
          121.47999,
          25.023089
        ]
      },
      "properties": {
        "brand": "統一超商",
        "city": "新北市",
        "store_name": "新翠華",
        "address": "新北市板橋區三民路一段31巷14號16號",
        "phone": "02-29547438",
        "lng": 121.47999,
        "lat": 25.023089,
        "district": "板橋區"
      }
    },
    {
      "type": "Feature",
      "geometry": {
        "type": "Point",
        "coordinates": [
          121.518502,
          25.000333
        ]
      },
      "properties": {
        "brand": "統一超商",
        "city": "新北市",
        "store_name": "得和",
        "address": "新北市永和區得和路113號1樓",
        "phone": "02-29282743",
        "lng": 121.518502,
        "lat": 25.000333,
        "district": "永和區"
      }
    },
    {
      "type": "Feature",
      "geometry": {
        "type": "Point",
        "coordinates": [
          121.432678,
          25.072797
        ]
      },
      "properties": {
        "brand": "統一超商",
        "city": "新北市",
        "store_name": "鴻運",
        "address": "新北市五股區水碓一路1號",
        "phone": "02-22953564",
        "lng": 121.432678,
        "lat": 25.072797,
        "district": "五股區"
      }
    },
    {
      "type": "Feature",
      "geometry": {
        "type": "Point",
        "coordinates": [
          121.512362,
          25.138986
        ]
      },
      "properties": {
        "brand": "統一超商",
        "city": "新北市",
        "store_name": "協元",
        "address": "新北市淡水區中山路176之2號1樓",
        "phone": "02-26219045",
        "lng": 121.512362,
        "lat": 25.138986,
        "district": "淡水區"
      }
    },
    {
      "type": "Feature",
      "geometry": {
        "type": "Point",
        "coordinates": [
          121.459214,
          25.064752
        ]
      },
      "properties": {
        "brand": "統一超商",
        "city": "新北市",
        "store_name": "福基",
        "address": "新北市新莊區五工路68巷5.7號1樓",
        "phone": "02-22981438",
        "lng": 121.459214,
        "lat": 25.064752,
        "district": "新莊區"
      }
    },
    {
      "type": "Feature",
      "geometry": {
        "type": "Point",
        "coordinates": [
          121.46772,
          24.996637
        ]
      },
      "properties": {
        "brand": "統一超商",
        "city": "新北市",
        "store_name": "民華",
        "address": "新北市中和區民德路270號272號",
        "phone": "02-29649342",
        "lng": 121.46772,
        "lat": 24.996637,
        "district": "中和區"
      }
    },
    {
      "type": "Feature",
      "geometry": {
        "type": "Point",
        "coordinates": [
          121.43767,
          25.171956
        ]
      },
      "properties": {
        "brand": "統一超商",
        "city": "新北市",
        "store_name": "渡船頭",
        "address": "新北市淡水區中正路號55號及55-1號",
        "phone": "02-26257540",
        "lng": 121.43767,
        "lat": 25.171956,
        "district": "淡水區"
      }
    },
    {
      "type": "Feature",
      "geometry": {
        "type": "Point",
        "coordinates": [
          121.673617,
          25.075925
        ]
      },
      "properties": {
        "brand": "統一超商",
        "city": "新北市",
        "store_name": "保長坑",
        "address": "新北市汐止區大同路三段261號263號1樓",
        "phone": "02-86489674",
        "lng": 121.673617,
        "lat": 25.075925,
        "district": "汐止區"
      }
    },
    {
      "type": "Feature",
      "geometry": {
        "type": "Point",
        "coordinates": [
          121.417744,
          24.998155
        ]
      },
      "properties": {
        "brand": "統一超商",
        "city": "新北市",
        "store_name": "慶嶸",
        "address": "新北市樹林區保安街一段323號323-1號1樓",
        "phone": "02-26853064",
        "lng": 121.417744,
        "lat": 24.998155,
        "district": "樹林區"
      }
    },
    {
      "type": "Feature",
      "geometry": {
        "type": "Point",
        "coordinates": [
          121.459273,
          25.042283
        ]
      },
      "properties": {
        "brand": "統一超商",
        "city": "新北市",
        "store_name": "金座",
        "address": "新北市新莊區長青街5號7號",
        "phone": "02-29927231",
        "lng": 121.459273,
        "lat": 25.042283,
        "district": "新莊區"
      }
    },
    {
      "type": "Feature",
      "geometry": {
        "type": "Point",
        "coordinates": [
          121.447569,
          25.005889
        ]
      },
      "properties": {
        "brand": "統一超商",
        "city": "新北市",
        "store_name": "台藝大",
        "address": "新北市板橋區大觀路一段59號",
        "phone": "02-89654552",
        "lng": 121.447569,
        "lat": 25.005889,
        "district": "板橋區"
      }
    },
    {
      "type": "Feature",
      "geometry": {
        "type": "Point",
        "coordinates": [
          121.417237,
          25.012774
        ]
      },
      "properties": {
        "brand": "統一超商",
        "city": "新北市",
        "store_name": "俊盛",
        "address": "新北市樹林區俊興街156號",
        "phone": "02-26761721",
        "lng": 121.417237,
        "lat": 25.012774,
        "district": "樹林區"
      }
    },
    {
      "type": "Feature",
      "geometry": {
        "type": "Point",
        "coordinates": [
          121.476995,
          25.069154
        ]
      },
      "properties": {
        "brand": "統一超商",
        "city": "新北市",
        "store_name": "陡門頭",
        "address": "新北市三重區三民街329號",
        "phone": "02-29832749",
        "lng": 121.476995,
        "lat": 25.069154,
        "district": "三重區"
      }
    },
    {
      "type": "Feature",
      "geometry": {
        "type": "Point",
        "coordinates": [
          121.463519,
          25.081149
        ]
      },
      "properties": {
        "brand": "統一超商",
        "city": "新北市",
        "store_name": "蘆華",
        "address": "新北市蘆洲區長安街140號1樓",
        "phone": "02-82850614",
        "lng": 121.463519,
        "lat": 25.081149,
        "district": "蘆洲區"
      }
    },
    {
      "type": "Feature",
      "geometry": {
        "type": "Point",
        "coordinates": [
          121.63043,
          25.234514
        ]
      },
      "properties": {
        "brand": "統一超商",
        "city": "新北市",
        "store_name": "金全",
        "address": "新北市金山區清水路52號",
        "phone": "02-24081935",
        "lng": 121.63043,
        "lat": 25.234514,
        "district": "金山區"
      }
    },
    {
      "type": "Feature",
      "geometry": {
        "type": "Point",
        "coordinates": [
          121.360279,
          25.07304
        ]
      },
      "properties": {
        "brand": "統一超商",
        "city": "新北市",
        "store_name": "麗寶",
        "address": "新北市林口區文化北路一段301號1樓",
        "phone": "02-26002592",
        "lng": 121.360279,
        "lat": 25.07304,
        "district": "林口區"
      }
    },
    {
      "type": "Feature",
      "geometry": {
        "type": "Point",
        "coordinates": [
          121.450724,
          25.062059
        ]
      },
      "properties": {
        "brand": "統一超商",
        "city": "新北市",
        "store_name": "新台",
        "address": "新北市五股區五工六路14號",
        "phone": "02-22997131",
        "lng": 121.450724,
        "lat": 25.062059,
        "district": "五股區"
      }
    },
    {
      "type": "Feature",
      "geometry": {
        "type": "Point",
        "coordinates": [
          121.379878,
          24.930086
        ]
      },
      "properties": {
        "brand": "統一超商",
        "city": "新北市",
        "store_name": "福峽",
        "address": "新北市三峽區介壽路一段286號1樓",
        "phone": "02-86720541",
        "lng": 121.379878,
        "lat": 24.930086,
        "district": "三峽區"
      }
    },
    {
      "type": "Feature",
      "geometry": {
        "type": "Point",
        "coordinates": [
          121.341249,
          24.945213
        ]
      },
      "properties": {
        "brand": "統一超商",
        "city": "新北市",
        "store_name": "樂陶",
        "address": "新北市鶯歌區尖山路276號1樓",
        "phone": "02-26775483",
        "lng": 121.341249,
        "lat": 24.945213,
        "district": "鶯歌區"
      }
    },
    {
      "type": "Feature",
      "geometry": {
        "type": "Point",
        "coordinates": [
          121.342577,
          24.945813
        ]
      },
      "properties": {
        "brand": "統一超商",
        "city": "新北市",
        "store_name": "金鶯鎮",
        "address": "新北市鶯歌區尖山路217之3號1樓",
        "phone": "02-86773990",
        "lng": 121.342577,
        "lat": 24.945813,
        "district": "鶯歌區"
      }
    },
    {
      "type": "Feature",
      "geometry": {
        "type": "Point",
        "coordinates": [
          121.47429,
          25.009304
        ]
      },
      "properties": {
        "brand": "統一超商",
        "city": "新北市",
        "store_name": "蘆安",
        "address": "新北市蘆洲區長安街64號1樓",
        "phone": "02-28484952",
        "lng": 121.47429,
        "lat": 25.009304,
        "district": "蘆洲區"
      }
    },
    {
      "type": "Feature",
      "geometry": {
        "type": "Point",
        "coordinates": [
          121.483023,
          25.074496
        ]
      },
      "properties": {
        "brand": "統一超商",
        "city": "新北市",
        "store_name": "勇福",
        "address": "新北市三重區永福街115、117號",
        "phone": "02-82871465",
        "lng": 121.483023,
        "lat": 25.074496,
        "district": "三重區"
      }
    },
    {
      "type": "Feature",
      "geometry": {
        "type": "Point",
        "coordinates": [
          121.459706,
          25.011288
        ]
      },
      "properties": {
        "brand": "統一超商",
        "city": "新北市",
        "store_name": "板中",
        "address": "新北市板橋區府後街4.4-1.4-2號1樓",
        "phone": "02-29672743",
        "lng": 121.459706,
        "lat": 25.011288,
        "district": "板橋區"
      }
    },
    {
      "type": "Feature",
      "geometry": {
        "type": "Point",
        "coordinates": [
          121.530551,
          24.972513
        ]
      },
      "properties": {
        "brand": "統一超商",
        "city": "新北市",
        "store_name": "小碧潭",
        "address": "新北市新店區中央路157號1樓",
        "phone": "02-89136445",
        "lng": 121.530551,
        "lat": 24.972513,
        "district": "新店區"
      }
    },
    {
      "type": "Feature",
      "geometry": {
        "type": "Point",
        "coordinates": [
          121.48774,
          25.080472
        ]
      },
      "properties": {
        "brand": "統一超商",
        "city": "新北市",
        "store_name": "正大",
        "address": "新北市三重區中正北路235號",
        "phone": "02-29841990",
        "lng": 121.48774,
        "lat": 25.080472,
        "district": "三重區"
      }
    },
    {
      "type": "Feature",
      "geometry": {
        "type": "Point",
        "coordinates": [
          121.385188,
          25.073737
        ]
      },
      "properties": {
        "brand": "統一超商",
        "city": "新北市",
        "store_name": "東學",
        "address": "新北市林口區東湖路100號1樓",
        "phone": "02-26016049",
        "lng": 121.385188,
        "lat": 25.073737,
        "district": "林口區"
      }
    },
    {
      "type": "Feature",
      "geometry": {
        "type": "Point",
        "coordinates": [
          121.426917,
          24.925703
        ]
      },
      "properties": {
        "brand": "統一超商",
        "city": "新北市",
        "store_name": "豐康",
        "address": "新北市三峽區成福路241號",
        "phone": "02-26726462",
        "lng": 121.426917,
        "lat": 24.925703,
        "district": "三峽區"
      }
    },
    {
      "type": "Feature",
      "geometry": {
        "type": "Point",
        "coordinates": [
          121.4786,
          25.089132
        ]
      },
      "properties": {
        "brand": "統一超商",
        "city": "新北市",
        "store_name": "陽州",
        "address": "新北市蘆洲區重陽街92.96號1樓",
        "phone": "02-82813743",
        "lng": 121.4786,
        "lat": 25.089132,
        "district": "蘆洲區"
      }
    },
    {
      "type": "Feature",
      "geometry": {
        "type": "Point",
        "coordinates": [
          121.465639,
          25.012118
        ]
      },
      "properties": {
        "brand": "統一超商",
        "city": "新北市",
        "store_name": "新北市",
        "address": "新北市板橋區中山路一段161號B1樓",
        "phone": "02-29645579",
        "lng": 121.465639,
        "lat": 25.012118,
        "district": "板橋區"
      }
    },
    {
      "type": "Feature",
      "geometry": {
        "type": "Point",
        "coordinates": [
          121.478811,
          25.068206
        ]
      },
      "properties": {
        "brand": "統一超商",
        "city": "新北市",
        "store_name": "三田",
        "address": "新北市三重區福田里三民街274號276號1樓",
        "phone": "02-29897011",
        "lng": 121.478811,
        "lat": 25.068206,
        "district": "三重區"
      }
    },
    {
      "type": "Feature",
      "geometry": {
        "type": "Point",
        "coordinates": [
          121.44555,
          25.006506
        ]
      },
      "properties": {
        "brand": "統一超商",
        "city": "新北市",
        "store_name": "僑興",
        "address": "新北市板橋區僑中二街116巷2號.4號",
        "phone": "02-82752965",
        "lng": 121.44555,
        "lat": 25.006506,
        "district": "板橋區"
      }
    },
    {
      "type": "Feature",
      "geometry": {
        "type": "Point",
        "coordinates": [
          121.424621,
          25.159243
        ]
      },
      "properties": {
        "brand": "統一超商",
        "city": "新北市",
        "store_name": "大崁",
        "address": "新北市八里區龍米路三段50號52號56號",
        "phone": "02-26106293",
        "lng": 121.424621,
        "lat": 25.159243,
        "district": "八里區"
      }
    },
    {
      "type": "Feature",
      "geometry": {
        "type": "Point",
        "coordinates": [
          121.388862,
          25.077696
        ]
      },
      "properties": {
        "brand": "統一超商",
        "city": "新北市",
        "store_name": "正翔",
        "address": "新北市林口區中正路285.287號",
        "phone": "02-26014007",
        "lng": 121.388862,
        "lat": 25.077696,
        "district": "林口區"
      }
    },
    {
      "type": "Feature",
      "geometry": {
        "type": "Point",
        "coordinates": [
          121.45181,
          25.225195
        ]
      },
      "properties": {
        "brand": "統一超商",
        "city": "新北市",
        "store_name": "金聖",
        "address": "新北市淡水區淡金路四段493號",
        "phone": "02-28010623",
        "lng": 121.45181,
        "lat": 25.225195,
        "district": "淡水區"
      }
    },
    {
      "type": "Feature",
      "geometry": {
        "type": "Point",
        "coordinates": [
          121.447614,
          25.036906
        ]
      },
      "properties": {
        "brand": "統一超商",
        "city": "新北市",
        "store_name": "全泰",
        "address": "新北市新莊區建中街139.141號1樓",
        "phone": "02-29964246",
        "lng": 121.447614,
        "lat": 25.036906,
        "district": "新莊區"
      }
    },
    {
      "type": "Feature",
      "geometry": {
        "type": "Point",
        "coordinates": [
          121.467744,
          25.031595
        ]
      },
      "properties": {
        "brand": "統一超商",
        "city": "新北市",
        "store_name": "家麒",
        "address": "新北市板橋區宏國路27號",
        "phone": "02-22587476",
        "lng": 121.467744,
        "lat": 25.031595,
        "district": "板橋區"
      }
    },
    {
      "type": "Feature",
      "geometry": {
        "type": "Point",
        "coordinates": [
          121.449033,
          25.206376
        ]
      },
      "properties": {
        "brand": "統一超商",
        "city": "新北市",
        "store_name": "金旦",
        "address": "新北市淡水區淡金路三段254號256號258號",
        "phone": "02-26213108",
        "lng": 121.449033,
        "lat": 25.206376,
        "district": "淡水區"
      }
    },
    {
      "type": "Feature",
      "geometry": {
        "type": "Point",
        "coordinates": [
          121.430801,
          25.062871
        ]
      },
      "properties": {
        "brand": "統一超商",
        "city": "新北市",
        "store_name": "羚陽",
        "address": "新北市泰山區泰林路二段304號1樓",
        "phone": "02-29000858",
        "lng": 121.430801,
        "lat": 25.062871,
        "district": "泰山區"
      }
    },
    {
      "type": "Feature",
      "geometry": {
        "type": "Point",
        "coordinates": [
          121.452844,
          25.12574
        ]
      },
      "properties": {
        "brand": "統一超商",
        "city": "新北市",
        "store_name": "觀海",
        "address": "新北市八里區龍米路一段140、 142號",
        "phone": "02-26185125",
        "lng": 121.452844,
        "lat": 25.12574,
        "district": "八里區"
      }
    },
    {
      "type": "Feature",
      "geometry": {
        "type": "Point",
        "coordinates": [
          121.434944,
          25.076566
        ]
      },
      "properties": {
        "brand": "統一超商",
        "city": "新北市",
        "store_name": "新圓山",
        "address": "新北市五股區成泰路一段191號、193號",
        "phone": "02-22926587",
        "lng": 121.434944,
        "lat": 25.076566,
        "district": "五股區"
      }
    },
    {
      "type": "Feature",
      "geometry": {
        "type": "Point",
        "coordinates": [
          121.6389,
          25.220131
        ]
      },
      "properties": {
        "brand": "統一超商",
        "city": "新北市",
        "store_name": "金美",
        "address": "新北市金山區中山路143號145號",
        "phone": "02-24985386",
        "lng": 121.6389,
        "lat": 25.220131,
        "district": "金山區"
      }
    },
    {
      "type": "Feature",
      "geometry": {
        "type": "Point",
        "coordinates": [
          121.54137,
          24.982461
        ]
      },
      "properties": {
        "brand": "統一超商",
        "city": "新北市",
        "store_name": "新矽谷",
        "address": "新北市新店區北新路三段205-1號",
        "phone": "02-89131481",
        "lng": 121.54137,
        "lat": 24.982461,
        "district": "新店區"
      }
    },
    {
      "type": "Feature",
      "geometry": {
        "type": "Point",
        "coordinates": [
          121.357846,
          25.076248
        ]
      },
      "properties": {
        "brand": "統一超商",
        "city": "新北市",
        "store_name": "興林",
        "address": "新北市林口區南勢村南勢街278號280號",
        "phone": "02-26009072",
        "lng": 121.357846,
        "lat": 25.076248,
        "district": "林口區"
      }
    },
    {
      "type": "Feature",
      "geometry": {
        "type": "Point",
        "coordinates": [
          121.418964,
          25.006639
        ]
      },
      "properties": {
        "brand": "統一超商",
        "city": "新北市",
        "store_name": "樹龍",
        "address": "新北市樹林區中正路222號1樓",
        "phone": "02-26822314",
        "lng": 121.418964,
        "lat": 25.006639,
        "district": "樹林區"
      }
    },
    {
      "type": "Feature",
      "geometry": {
        "type": "Point",
        "coordinates": [
          121.439035,
          25.029512
        ]
      },
      "properties": {
        "brand": "統一超商",
        "city": "新北市",
        "store_name": "品嘉",
        "address": "新北市新莊區新樹路69之4號之5號1樓",
        "phone": "02-29087554",
        "lng": 121.439035,
        "lat": 25.029512,
        "district": "新莊區"
      }
    },
    {
      "type": "Feature",
      "geometry": {
        "type": "Point",
        "coordinates": [
          121.383007,
          25.072349
        ]
      },
      "properties": {
        "brand": "統一超商",
        "city": "新北市",
        "store_name": "至富",
        "address": "新北市林口區中湖里14鄰中湖40號之9",
        "phone": "02-86012128",
        "lng": 121.383007,
        "lat": 25.072349,
        "district": "林口區"
      }
    },
    {
      "type": "Feature",
      "geometry": {
        "type": "Point",
        "coordinates": [
          121.459531,
          25.154796
        ]
      },
      "properties": {
        "brand": "統一超商",
        "city": "新北市",
        "store_name": "紅林站",
        "address": "新北市淡水區中正東路二段65號",
        "phone": "02-26242082",
        "lng": 121.459531,
        "lat": 25.154796,
        "district": "淡水區"
      }
    },
    {
      "type": "Feature",
      "geometry": {
        "type": "Point",
        "coordinates": [
          121.92262,
          25.051427
        ]
      },
      "properties": {
        "brand": "統一超商",
        "city": "新北市",
        "store_name": "貢寮",
        "address": "新北市貢寮區仁和路9號",
        "phone": "02-24903435",
        "lng": 121.92262,
        "lat": 25.051427,
        "district": "貢寮區"
      }
    },
    {
      "type": "Feature",
      "geometry": {
        "type": "Point",
        "coordinates": [
          121.486989,
          25.081491
        ]
      },
      "properties": {
        "brand": "統一超商",
        "city": "新北市",
        "store_name": "幸亞",
        "address": "新北市三重區溪尾街29號",
        "phone": "02-89853160",
        "lng": 121.486989,
        "lat": 25.081491,
        "district": "三重區"
      }
    },
    {
      "type": "Feature",
      "geometry": {
        "type": "Point",
        "coordinates": [
          121.446125,
          25.094342
        ]
      },
      "properties": {
        "brand": "統一超商",
        "city": "新北市",
        "store_name": "成雲",
        "address": "新北市五股區西雲路200.202號1樓",
        "phone": "02-22952594",
        "lng": 121.446125,
        "lat": 25.094342,
        "district": "五股區"
      }
    },
    {
      "type": "Feature",
      "geometry": {
        "type": "Point",
        "coordinates": [
          121.360295,
          25.077812
        ]
      },
      "properties": {
        "brand": "統一超商",
        "city": "新北市",
        "store_name": "南勢埔",
        "address": "新北市林口區忠福路169號",
        "phone": "02-26069542",
        "lng": 121.360295,
        "lat": 25.077812,
        "district": "林口區"
      }
    },
    {
      "type": "Feature",
      "geometry": {
        "type": "Point",
        "coordinates": [
          121.679437,
          25.071043
        ]
      },
      "properties": {
        "brand": "統一超商",
        "city": "新北市",
        "store_name": "旭昇",
        "address": "新北市汐止區大同路三段332號",
        "phone": "02-86478304",
        "lng": 121.679437,
        "lat": 25.071043,
        "district": "汐止區"
      }
    },
    {
      "type": "Feature",
      "geometry": {
        "type": "Point",
        "coordinates": [
          121.655649,
          24.991742
        ]
      },
      "properties": {
        "brand": "統一超商",
        "city": "新北市",
        "store_name": "石錠",
        "address": "新北市石碇區碇坪路一段50之1號50之2號",
        "phone": "02-26631417",
        "lng": 121.655649,
        "lat": 24.991742,
        "district": "石碇區"
      }
    },
    {
      "type": "Feature",
      "geometry": {
        "type": "Point",
        "coordinates": [
          121.460636,
          25.037905
        ]
      },
      "properties": {
        "brand": "統一超商",
        "city": "新北市",
        "store_name": "茂源",
        "address": "新北市新莊區思源路40-1號",
        "phone": "02-29949736",
        "lng": 121.460636,
        "lat": 25.037905,
        "district": "新莊區"
      }
    },
    {
      "type": "Feature",
      "geometry": {
        "type": "Point",
        "coordinates": [
          121.367112,
          25.087962
        ]
      },
      "properties": {
        "brand": "統一超商",
        "city": "新北市",
        "store_name": "貝比",
        "address": "新北市林口區湖南村8鄰頭湖70-9號",
        "phone": "02-86014119",
        "lng": 121.367112,
        "lat": 25.087962,
        "district": "林口區"
      }
    },
    {
      "type": "Feature",
      "geometry": {
        "type": "Point",
        "coordinates": [
          121.475896,
          25.06777
        ]
      },
      "properties": {
        "brand": "統一超商",
        "city": "新北市",
        "store_name": "頂宏",
        "address": "新北市三重區頂崁街210巷23弄1號3號1樓",
        "phone": "02-29869877",
        "lng": 121.475896,
        "lat": 25.06777,
        "district": "三重區"
      }
    },
    {
      "type": "Feature",
      "geometry": {
        "type": "Point",
        "coordinates": [
          121.502746,
          25.068801
        ]
      },
      "properties": {
        "brand": "統一超商",
        "city": "新北市",
        "store_name": "福濱",
        "address": "新北市三重區龍濱路51號53號1樓",
        "phone": "02-29761371",
        "lng": 121.502746,
        "lat": 25.068801,
        "district": "三重區"
      }
    },
    {
      "type": "Feature",
      "geometry": {
        "type": "Point",
        "coordinates": [
          121.350907,
          24.953653
        ]
      },
      "properties": {
        "brand": "統一超商",
        "city": "新北市",
        "store_name": "鶯歌",
        "address": "新北市鶯歌區國慶街139之1號1樓",
        "phone": "02-26798006",
        "lng": 121.350907,
        "lat": 24.953653,
        "district": "鶯歌區"
      }
    },
    {
      "type": "Feature",
      "geometry": {
        "type": "Point",
        "coordinates": [
          121.385986,
          25.079712
        ]
      },
      "properties": {
        "brand": "統一超商",
        "city": "新北市",
        "store_name": "霖口",
        "address": "新北市林口區中山路250號250之3號1樓",
        "phone": "02-26032893",
        "lng": 121.385986,
        "lat": 25.079712,
        "district": "林口區"
      }
    },
    {
      "type": "Feature",
      "geometry": {
        "type": "Point",
        "coordinates": [
          121.518431,
          25.012126
        ]
      },
      "properties": {
        "brand": "統一超商",
        "city": "新北市",
        "store_name": "永樂",
        "address": "新北市蘆洲區永樂街35號37號1樓",
        "phone": "02-82868745",
        "lng": 121.518431,
        "lat": 25.012126,
        "district": "蘆洲區"
      }
    },
    {
      "type": "Feature",
      "geometry": {
        "type": "Point",
        "coordinates": [
          121.477178,
          24.998891
        ]
      },
      "properties": {
        "brand": "統一超商",
        "city": "新北市",
        "store_name": "利穗",
        "address": "新北市中和區民利街38號1樓",
        "phone": "02-22268416",
        "lng": 121.477178,
        "lat": 24.998891,
        "district": "中和區"
      }
    },
    {
      "type": "Feature",
      "geometry": {
        "type": "Point",
        "coordinates": [
          121.542038,
          24.96844
        ]
      },
      "properties": {
        "brand": "統一超商",
        "city": "新北市",
        "store_name": "鑫鋒",
        "address": "新北市新店區北新路一段90號1樓",
        "phone": "02-89147643",
        "lng": 121.542038,
        "lat": 24.96844,
        "district": "新店區"
      }
    },
    {
      "type": "Feature",
      "geometry": {
        "type": "Point",
        "coordinates": [
          121.455322,
          25.036909
        ]
      },
      "properties": {
        "brand": "統一超商",
        "city": "新北市",
        "store_name": "新林口",
        "address": "新北市林口區中正路90號92號1樓",
        "phone": "02-26035613",
        "lng": 121.455322,
        "lat": 25.036909,
        "district": "林口區"
      }
    },
    {
      "type": "Feature",
      "geometry": {
        "type": "Point",
        "coordinates": [
          121.45438,
          25.022538
        ]
      },
      "properties": {
        "brand": "統一超商",
        "city": "新北市",
        "store_name": "中一",
        "address": "新北市板橋區中正路332之5號1樓",
        "phone": "02-29654415",
        "lng": 121.45438,
        "lat": 25.022538,
        "district": "板橋區"
      }
    },
    {
      "type": "Feature",
      "geometry": {
        "type": "Point",
        "coordinates": [
          121.485713,
          25.000561
        ]
      },
      "properties": {
        "brand": "統一超商",
        "city": "新北市",
        "store_name": "景順",
        "address": "新北市中和區中正路778號1樓",
        "phone": "02-22267420",
        "lng": 121.485713,
        "lat": 25.000561,
        "district": "中和區"
      }
    },
    {
      "type": "Feature",
      "geometry": {
        "type": "Point",
        "coordinates": [
          121.456357,
          25.009657
        ]
      },
      "properties": {
        "brand": "統一超商",
        "city": "新北市",
        "store_name": "府中",
        "address": "新北市板橋區府中路82號84號1樓",
        "phone": "02-29654479",
        "lng": 121.456357,
        "lat": 25.009657,
        "district": "板橋區"
      }
    },
    {
      "type": "Feature",
      "geometry": {
        "type": "Point",
        "coordinates": [
          121.522239,
          25.000708
        ]
      },
      "properties": {
        "brand": "統一超商",
        "city": "新北市",
        "store_name": "新永元",
        "address": "新北市永和區永元路28號30號",
        "phone": "02-29273661",
        "lng": 121.522239,
        "lat": 25.000708,
        "district": "永和區"
      }
    },
    {
      "type": "Feature",
      "geometry": {
        "type": "Point",
        "coordinates": [
          121.50913,
          25.0007
        ]
      },
      "properties": {
        "brand": "統一超商",
        "city": "新北市",
        "store_name": "昇陽",
        "address": "新北市永和區雙和里1鄰中和路417號419號",
        "phone": "02-22311802",
        "lng": 121.50913,
        "lat": 25.0007,
        "district": "永和區"
      }
    },
    {
      "type": "Feature",
      "geometry": {
        "type": "Point",
        "coordinates": [
          121.655061,
          25.064042
        ]
      },
      "properties": {
        "brand": "統一超商",
        "city": "新北市",
        "store_name": "潤安",
        "address": "新北市汐止區龍安路32號",
        "phone": "02-26485573",
        "lng": 121.655061,
        "lat": 25.064042,
        "district": "汐止區"
      }
    },
    {
      "type": "Feature",
      "geometry": {
        "type": "Point",
        "coordinates": [
          121.625448,
          25.058993
        ]
      },
      "properties": {
        "brand": "統一超商",
        "city": "新北市",
        "store_name": "建陽",
        "address": "新北市汐止區福德一路452號1樓",
        "phone": "02-26958543",
        "lng": 121.625448,
        "lat": 25.058993,
        "district": "汐止區"
      }
    },
    {
      "type": "Feature",
      "geometry": {
        "type": "Point",
        "coordinates": [
          121.601531,
          25.003773
        ]
      },
      "properties": {
        "brand": "統一超商",
        "city": "新北市",
        "store_name": "萬順",
        "address": "新北市深坑區北深路三段198號200號1樓",
        "phone": "02-26647847",
        "lng": 121.601531,
        "lat": 25.003773,
        "district": "深坑區"
      }
    },
    {
      "type": "Feature",
      "geometry": {
        "type": "Point",
        "coordinates": [
          121.522084,
          24.994084
        ]
      },
      "properties": {
        "brand": "統一超商",
        "city": "新北市",
        "store_name": "秀杉",
        "address": "新北市中和區自立路129號131號",
        "phone": "02-29421382",
        "lng": 121.522084,
        "lat": 24.994084,
        "district": "中和區"
      }
    },
    {
      "type": "Feature",
      "geometry": {
        "type": "Point",
        "coordinates": [
          121.522328,
          24.996766
        ]
      },
      "properties": {
        "brand": "統一超商",
        "city": "新北市",
        "store_name": "邁群",
        "address": "新北市永和區民生路42號",
        "phone": "02-29451487",
        "lng": 121.522328,
        "lat": 24.996766,
        "district": "永和區"
      }
    },
    {
      "type": "Feature",
      "geometry": {
        "type": "Point",
        "coordinates": [
          121.522834,
          24.991621
        ]
      },
      "properties": {
        "brand": "統一超商",
        "city": "新北市",
        "store_name": "自立",
        "address": "新北市中和區自立路15巷13號15號1樓",
        "phone": "02-29419487",
        "lng": 121.522834,
        "lat": 24.991621,
        "district": "中和區"
      }
    },
    {
      "type": "Feature",
      "geometry": {
        "type": "Point",
        "coordinates": [
          121.525245,
          24.999384
        ]
      },
      "properties": {
        "brand": "統一超商",
        "city": "新北市",
        "store_name": "秀朗",
        "address": "新北市永和區得和路389號391號1樓",
        "phone": "02-29299747",
        "lng": 121.525245,
        "lat": 24.999384,
        "district": "永和區"
      }
    },
    {
      "type": "Feature",
      "geometry": {
        "type": "Point",
        "coordinates": [
          121.630127,
          25.070992
        ]
      },
      "properties": {
        "brand": "統一超商",
        "city": "新北市",
        "store_name": "湖前",
        "address": "新北市汐止區明峰街120號1樓",
        "phone": "02-26958128",
        "lng": 121.630127,
        "lat": 25.070992,
        "district": "汐止區"
      }
    },
    {
      "type": "Feature",
      "geometry": {
        "type": "Point",
        "coordinates": [
          121.616368,
          25.003058
        ]
      },
      "properties": {
        "brand": "統一超商",
        "city": "新北市",
        "store_name": "深坑埔新",
        "address": "新北市深坑區北深路二段57.59.61號",
        "phone": "02-26629460",
        "lng": 121.616368,
        "lat": 25.003058,
        "district": "深坑區"
      }
    },
    {
      "type": "Feature",
      "geometry": {
        "type": "Point",
        "coordinates": [
          121.637673,
          25.068226
        ]
      },
      "properties": {
        "brand": "統一超商",
        "city": "新北市",
        "store_name": "勝福",
        "address": "新北市汐止區福德一路98號100號(夾層)樓",
        "phone": "02-86934526",
        "lng": 121.637673,
        "lat": 25.068226,
        "district": "汐止區"
      }
    },
    {
      "type": "Feature",
      "geometry": {
        "type": "Point",
        "coordinates": [
          121.520766,
          25.008885
        ]
      },
      "properties": {
        "brand": "統一超商",
        "city": "新北市",
        "store_name": "竹林",
        "address": "新北市永和區竹林路211號",
        "phone": "02-89251932",
        "lng": 121.520766,
        "lat": 25.008885,
        "district": "永和區"
      }
    },
    {
      "type": "Feature",
      "geometry": {
        "type": "Point",
        "coordinates": [
          121.523879,
          24.991473
        ]
      },
      "properties": {
        "brand": "統一超商",
        "city": "新北市",
        "store_name": "興和",
        "address": "新北市中和區自立路187號189號1樓",
        "phone": "02-29464251",
        "lng": 121.523879,
        "lat": 24.991473,
        "district": "中和區"
      }
    },
    {
      "type": "Feature",
      "geometry": {
        "type": "Point",
        "coordinates": [
          121.448402,
          25.140504
        ]
      },
      "properties": {
        "brand": "統一超商",
        "city": "新北市",
        "store_name": "龍米",
        "address": "新北市八里區龍米路二段46號48號50號",
        "phone": "02-26188711",
        "lng": 121.448402,
        "lat": 25.140504,
        "district": "八里區"
      }
    },
    {
      "type": "Feature",
      "geometry": {
        "type": "Point",
        "coordinates": [
          121.531552,
          25.12115
        ]
      },
      "properties": {
        "brand": "統一超商",
        "city": "新北市",
        "store_name": "金滬",
        "address": "新北市淡水區中山路66號1.2樓.66-1號1樓",
        "phone": "02-26223092",
        "lng": 121.531552,
        "lat": 25.12115,
        "district": "淡水區"
      }
    },
    {
      "type": "Feature",
      "geometry": {
        "type": "Point",
        "coordinates": [
          121.439272,
          24.976946
        ]
      },
      "properties": {
        "brand": "統一超商",
        "city": "新北市",
        "store_name": "土城中華",
        "address": "新北市土城區中華路二段113號115號",
        "phone": "02-82624731",
        "lng": 121.439272,
        "lat": 24.976946,
        "district": "土城區"
      }
    },
    {
      "type": "Feature",
      "geometry": {
        "type": "Point",
        "coordinates": [
          121.451625,
          25.051269
        ]
      },
      "properties": {
        "brand": "統一超商",
        "city": "新北市",
        "store_name": "港義",
        "address": "新北市新莊區中港路527號1樓.中義街2號1樓",
        "phone": "02-22766035",
        "lng": 121.451625,
        "lat": 25.051269,
        "district": "新莊區"
      }
    },
    {
      "type": "Feature",
      "geometry": {
        "type": "Point",
        "coordinates": [
          121.460636,
          25.037905
        ]
      },
      "properties": {
        "brand": "統一超商",
        "city": "新北市",
        "store_name": "源前",
        "address": "新北市新莊區思源路388.390號",
        "phone": "02-29904367",
        "lng": 121.460636,
        "lat": 25.037905,
        "district": "新莊區"
      }
    },
    {
      "type": "Feature",
      "geometry": {
        "type": "Point",
        "coordinates": [
          121.518431,
          25.012126
        ]
      },
      "properties": {
        "brand": "統一超商",
        "city": "新北市",
        "store_name": "德旺",
        "address": "新北市中和區壽德街22號1樓",
        "phone": "02-29648813",
        "lng": 121.518431,
        "lat": 25.012126,
        "district": "中和區"
      }
    },
    {
      "type": "Feature",
      "geometry": {
        "type": "Point",
        "coordinates": [
          121.621221,
          25.067966
        ]
      },
      "properties": {
        "brand": "統一超商",
        "city": "新北市",
        "store_name": "汐湖",
        "address": "新北市汐止區康寧街141巷49號51號1樓",
        "phone": "02-26923147",
        "lng": 121.621221,
        "lat": 25.067966,
        "district": "汐止區"
      }
    },
    {
      "type": "Feature",
      "geometry": {
        "type": "Point",
        "coordinates": [
          121.66625,
          25.074484
        ]
      },
      "properties": {
        "brand": "統一超商",
        "city": "新北市",
        "store_name": "君勻",
        "address": "新北市汐止區忠孝東路495號1樓",
        "phone": "02-86487534",
        "lng": 121.66625,
        "lat": 25.074484,
        "district": "汐止區"
      }
    },
    {
      "type": "Feature",
      "geometry": {
        "type": "Point",
        "coordinates": [
          121.425058,
          24.982005
        ]
      },
      "properties": {
        "brand": "統一超商",
        "city": "新北市",
        "store_name": "彭福",
        "address": "新北市樹林區忠孝街33號35號",
        "phone": "02-86862974",
        "lng": 121.425058,
        "lat": 24.982005,
        "district": "樹林區"
      }
    },
    {
      "type": "Feature",
      "geometry": {
        "type": "Point",
        "coordinates": [
          121.437584,
          25.082408
        ]
      },
      "properties": {
        "brand": "統一超商",
        "city": "新北市",
        "store_name": "成泰",
        "address": "新北市五股區成泰路二段84號1樓",
        "phone": "02-22935446",
        "lng": 121.437584,
        "lat": 25.082408,
        "district": "五股區"
      }
    },
    {
      "type": "Feature",
      "geometry": {
        "type": "Point",
        "coordinates": [
          121.41515,
          25.022539
        ]
      },
      "properties": {
        "brand": "統一超商",
        "city": "新北市",
        "store_name": "捷仕堡",
        "address": "新北市新莊區龍安路15號.龍安路69巷1號",
        "phone": "02-29042442",
        "lng": 121.41515,
        "lat": 25.022539,
        "district": "新莊區"
      }
    },
    {
      "type": "Feature",
      "geometry": {
        "type": "Point",
        "coordinates": [
          121.488375,
          25.005231
        ]
      },
      "properties": {
        "brand": "統一超商",
        "city": "新北市",
        "store_name": "中和",
        "address": "新北市中和區橋和路9號1樓",
        "phone": "02-22265007",
        "lng": 121.488375,
        "lat": 25.005231,
        "district": "中和區"
      }
    },
    {
      "type": "Feature",
      "geometry": {
        "type": "Point",
        "coordinates": [
          121.503876,
          24.999265
        ]
      },
      "properties": {
        "brand": "統一超商",
        "city": "新北市",
        "store_name": "景陽",
        "address": "新北市中和區景新街29號31號33號",
        "phone": "02-22433194",
        "lng": 121.503876,
        "lat": 24.999265,
        "district": "中和區"
      }
    },
    {
      "type": "Feature",
      "geometry": {
        "type": "Point",
        "coordinates": [
          121.373298,
          24.945861
        ]
      },
      "properties": {
        "brand": "統一超商",
        "city": "新北市",
        "store_name": "新北大",
        "address": "新北市三峽區大學路156號1樓",
        "phone": "02-26714880",
        "lng": 121.373298,
        "lat": 24.945861,
        "district": "三峽區"
      }
    },
    {
      "type": "Feature",
      "geometry": {
        "type": "Point",
        "coordinates": [
          121.377448,
          24.938642
        ]
      },
      "properties": {
        "brand": "統一超商",
        "city": "新北市",
        "store_name": "大峽",
        "address": "新北市三峽區大學路13鄰147號1樓",
        "phone": "02-86722354",
        "lng": 121.377448,
        "lat": 24.938642,
        "district": "三峽區"
      }
    },
    {
      "type": "Feature",
      "geometry": {
        "type": "Point",
        "coordinates": [
          121.486949,
          25.008308
        ]
      },
      "properties": {
        "brand": "統一超商",
        "city": "新北市",
        "store_name": "泰隆",
        "address": "新北市中和區立德街102號",
        "phone": "02-32345468",
        "lng": 121.486949,
        "lat": 25.008308,
        "district": "中和區"
      }
    },
    {
      "type": "Feature",
      "geometry": {
        "type": "Point",
        "coordinates": [
          121.526414,
          24.981255
        ]
      },
      "properties": {
        "brand": "統一超商",
        "city": "新北市",
        "store_name": "青新",
        "address": "新北市新店區中山路137號1樓",
        "phone": "02-22185931",
        "lng": 121.526414,
        "lat": 24.981255,
        "district": "新店區"
      }
    },
    {
      "type": "Feature",
      "geometry": {
        "type": "Point",
        "coordinates": [
          121.33346,
          24.957843
        ]
      },
      "properties": {
        "brand": "統一超商",
        "city": "新北市",
        "store_name": "歌德",
        "address": "新北市鶯歌區德昌二街77號之1",
        "phone": "02-86780326",
        "lng": 121.33346,
        "lat": 24.957843,
        "district": "鶯歌區"
      }
    },
    {
      "type": "Feature",
      "geometry": {
        "type": "Point",
        "coordinates": [
          121.490672,
          25.005651
        ]
      },
      "properties": {
        "brand": "統一超商",
        "city": "新北市",
        "store_name": "橋和",
        "address": "新北市中和區橋和路99號1樓",
        "phone": "02-22214135",
        "lng": 121.490672,
        "lat": 25.005651,
        "district": "中和區"
      }
    },
    {
      "type": "Feature",
      "geometry": {
        "type": "Point",
        "coordinates": [
          121.425565,
          24.964222
        ]
      },
      "properties": {
        "brand": "統一超商",
        "city": "新北市",
        "store_name": "祥泰",
        "address": "新北市土城區中山路38號",
        "phone": "02-22679712",
        "lng": 121.425565,
        "lat": 24.964222,
        "district": "土城區"
      }
    },
    {
      "type": "Feature",
      "geometry": {
        "type": "Point",
        "coordinates": [
          121.424569,
          25.037789
        ]
      },
      "properties": {
        "brand": "統一超商",
        "city": "新北市",
        "store_name": "珈多",
        "address": "新北市泰山區台麗街5號7號9號1樓",
        "phone": "02-29082024",
        "lng": 121.424569,
        "lat": 25.037789,
        "district": "泰山區"
      }
    },
    {
      "type": "Feature",
      "geometry": {
        "type": "Point",
        "coordinates": [
          121.39776,
          25.146556
        ]
      },
      "properties": {
        "brand": "統一超商",
        "city": "新北市",
        "store_name": "益彰",
        "address": "新北市八里區中山路二段409號411號",
        "phone": "02-26102771",
        "lng": 121.39776,
        "lat": 25.146556,
        "district": "八里區"
      }
    },
    {
      "type": "Feature",
      "geometry": {
        "type": "Point",
        "coordinates": [
          121.483682,
          24.995519
        ]
      },
      "properties": {
        "brand": "統一超商",
        "city": "新北市",
        "store_name": "全茂",
        "address": "新北市中和區連城路469巷9號11號",
        "phone": "02-82286711",
        "lng": 121.483682,
        "lat": 24.995519,
        "district": "中和區"
      }
    },
    {
      "type": "Feature",
      "geometry": {
        "type": "Point",
        "coordinates": [
          121.462074,
          25.047876
        ]
      },
      "properties": {
        "brand": "統一超商",
        "city": "新北市",
        "store_name": "原成",
        "address": "新北市新莊區化成路305號1樓",
        "phone": "02-85212445",
        "lng": 121.462074,
        "lat": 25.047876,
        "district": "新莊區"
      }
    },
    {
      "type": "Feature",
      "geometry": {
        "type": "Point",
        "coordinates": [
          121.353063,
          24.949367
        ]
      },
      "properties": {
        "brand": "統一超商",
        "city": "新北市",
        "store_name": "聖陶",
        "address": "新北市鶯歌區文化路407號411號",
        "phone": "02-26783246",
        "lng": 121.353063,
        "lat": 24.949367,
        "district": "鶯歌區"
      }
    },
    {
      "type": "Feature",
      "geometry": {
        "type": "Point",
        "coordinates": [
          121.485861,
          24.996729
        ]
      },
      "properties": {
        "brand": "統一超商",
        "city": "新北市",
        "store_name": "世紀",
        "address": "新北市中和區中正路710號1樓K棟",
        "phone": "02-82278576",
        "lng": 121.485861,
        "lat": 24.996729,
        "district": "中和區"
      }
    },
    {
      "type": "Feature",
      "geometry": {
        "type": "Point",
        "coordinates": [
          121.634736,
          25.057478
        ]
      },
      "properties": {
        "brand": "統一超商",
        "city": "新北市",
        "store_name": "矽功",
        "address": "新北市汐止區大同路一段284號",
        "phone": "02-26410436",
        "lng": 121.634736,
        "lat": 25.057478,
        "district": "汐止區"
      }
    },
    {
      "type": "Feature",
      "geometry": {
        "type": "Point",
        "coordinates": [
          121.509835,
          24.961071
        ]
      },
      "properties": {
        "brand": "統一超商",
        "city": "新北市",
        "store_name": "安成",
        "address": "新北市新店區安成街35號29號",
        "phone": "02-86662996",
        "lng": 121.509835,
        "lat": 24.961071,
        "district": "新店區"
      }
    },
    {
      "type": "Feature",
      "geometry": {
        "type": "Point",
        "coordinates": [
          121.441851,
          25.181583
        ]
      },
      "properties": {
        "brand": "統一超商",
        "city": "新北市",
        "store_name": "新春",
        "address": "新北市淡水區新春街142號1樓",
        "phone": "02-26267510",
        "lng": 121.441851,
        "lat": 25.181583,
        "district": "淡水區"
      }
    },
    {
      "type": "Feature",
      "geometry": {
        "type": "Point",
        "coordinates": [
          121.506268,
          25.00989
        ]
      },
      "properties": {
        "brand": "統一超商",
        "city": "新北市",
        "store_name": "園和",
        "address": "新北市永和區仁愛路267號269號",
        "phone": "02-29263845",
        "lng": 121.506268,
        "lat": 25.00989,
        "district": "永和區"
      }
    },
    {
      "type": "Feature",
      "geometry": {
        "type": "Point",
        "coordinates": [
          121.398728,
          25.144901
        ]
      },
      "properties": {
        "brand": "統一超商",
        "city": "新北市",
        "store_name": "喜城",
        "address": "新北市八里區中華路二段562號、560巷1號1樓",
        "phone": "02-26194462",
        "lng": 121.398728,
        "lat": 25.144901,
        "district": "八里區"
      }
    },
    {
      "type": "Feature",
      "geometry": {
        "type": "Point",
        "coordinates": [
          121.498618,
          25.007508
        ]
      },
      "properties": {
        "brand": "統一超商",
        "city": "新北市",
        "store_name": "福勝",
        "address": "新北市中和區福祥路156號158號",
        "phone": "02-22499480",
        "lng": 121.498618,
        "lat": 25.007508,
        "district": "中和區"
      }
    },
    {
      "type": "Feature",
      "geometry": {
        "type": "Point",
        "coordinates": [
          121.517213,
          24.974847
        ]
      },
      "properties": {
        "brand": "統一超商",
        "city": "新北市",
        "store_name": "統和",
        "address": "新北市新店區安和里安民街335號337號",
        "phone": "02-86662431",
        "lng": 121.517213,
        "lat": 24.974847,
        "district": "新店區"
      }
    },
    {
      "type": "Feature",
      "geometry": {
        "type": "Point",
        "coordinates": [
          121.510342,
          25.006153
        ]
      },
      "properties": {
        "brand": "統一超商",
        "city": "新北市",
        "store_name": "保平",
        "address": "新北市永和區保平路135號",
        "phone": "02-29239344",
        "lng": 121.510342,
        "lat": 25.006153,
        "district": "永和區"
      }
    },
    {
      "type": "Feature",
      "geometry": {
        "type": "Point",
        "coordinates": [
          121.333005,
          24.964638
        ]
      },
      "properties": {
        "brand": "統一超商",
        "city": "新北市",
        "store_name": "長虹",
        "address": "新北市鶯歌區鶯桃路432號1樓",
        "phone": "02-26789855",
        "lng": 121.333005,
        "lat": 24.964638,
        "district": "鶯歌區"
      }
    },
    {
      "type": "Feature",
      "geometry": {
        "type": "Point",
        "coordinates": [
          121.443108,
          25.045253
        ]
      },
      "properties": {
        "brand": "統一超商",
        "city": "新北市",
        "store_name": "興洲",
        "address": "新北市新莊區新泰路472號1樓",
        "phone": "02-22765348",
        "lng": 121.443108,
        "lat": 25.045253,
        "district": "新莊區"
      }
    },
    {
      "type": "Feature",
      "geometry": {
        "type": "Point",
        "coordinates": [
          121.484184,
          25.006294
        ]
      },
      "properties": {
        "brand": "統一超商",
        "city": "新北市",
        "store_name": "立言",
        "address": "新北市中和區中正路872號",
        "phone": "02-22287924",
        "lng": 121.484184,
        "lat": 25.006294,
        "district": "中和區"
      }
    },
    {
      "type": "Feature",
      "geometry": {
        "type": "Point",
        "coordinates": [
          121.466262,
          25.032766
        ]
      },
      "properties": {
        "brand": "統一超商",
        "city": "新北市",
        "store_name": "華富",
        "address": "新北市板橋區華江一路501號1.2樓.503號1.2樓",
        "phone": "02-22548927",
        "lng": 121.466262,
        "lat": 25.032766,
        "district": "板橋區"
      }
    },
    {
      "type": "Feature",
      "geometry": {
        "type": "Point",
        "coordinates": [
          121.489463,
          25.052942
        ]
      },
      "properties": {
        "brand": "統一超商",
        "city": "新北市",
        "store_name": "集美",
        "address": "新北市三重區集美街107號",
        "phone": "02-29772012",
        "lng": 121.489463,
        "lat": 25.052942,
        "district": "三重區"
      }
    },
    {
      "type": "Feature",
      "geometry": {
        "type": "Point",
        "coordinates": [
          121.620669,
          25.044952
        ]
      },
      "properties": {
        "brand": "統一超商",
        "city": "新北市",
        "store_name": "富鄰",
        "address": "新北市汐止區宜興街6號8號1樓",
        "phone": "02-26601799",
        "lng": 121.620669,
        "lat": 25.044952,
        "district": "汐止區"
      }
    },
    {
      "type": "Feature",
      "geometry": {
        "type": "Point",
        "coordinates": [
          121.484952,
          24.997843
        ]
      },
      "properties": {
        "brand": "統一超商",
        "city": "新北市",
        "store_name": "景鑫",
        "address": "新北市中和區中正路683號",
        "phone": "02-32349418",
        "lng": 121.484952,
        "lat": 24.997843,
        "district": "中和區"
      }
    },
    {
      "type": "Feature",
      "geometry": {
        "type": "Point",
        "coordinates": [
          121.551537,
          24.98019
        ]
      },
      "properties": {
        "brand": "統一超商",
        "city": "新北市",
        "store_name": "寶科",
        "address": "新北市新店區寶橋路235巷5號1樓",
        "phone": "02-89118174",
        "lng": 121.551537,
        "lat": 24.98019,
        "district": "新店區"
      }
    },
    {
      "type": "Feature",
      "geometry": {
        "type": "Point",
        "coordinates": [
          121.627456,
          25.060454
        ]
      },
      "properties": {
        "brand": "統一超商",
        "city": "新北市",
        "store_name": "建德",
        "address": "新北市汐止區福德一路399號1樓",
        "phone": "02-26932349",
        "lng": 121.627456,
        "lat": 25.060454,
        "district": "汐止區"
      }
    },
    {
      "type": "Feature",
      "geometry": {
        "type": "Point",
        "coordinates": [
          121.537383,
          24.970569
        ]
      },
      "properties": {
        "brand": "統一超商",
        "city": "新北市",
        "store_name": "美河",
        "address": "新北市新店區三民路35巷2號",
        "phone": "02-29182854",
        "lng": 121.537383,
        "lat": 24.970569,
        "district": "新店區"
      }
    },
    {
      "type": "Feature",
      "geometry": {
        "type": "Point",
        "coordinates": [
          121.440588,
          24.972967
        ]
      },
      "properties": {
        "brand": "統一超商",
        "city": "新北市",
        "store_name": "城利",
        "address": "新北市土城區中央路二段223-13.223-15號",
        "phone": "02-82622530",
        "lng": 121.440588,
        "lat": 24.972967,
        "district": "土城區"
      }
    },
    {
      "type": "Feature",
      "geometry": {
        "type": "Point",
        "coordinates": [
          121.524371,
          25.006143
        ]
      },
      "properties": {
        "brand": "統一超商",
        "city": "新北市",
        "store_name": "秀和",
        "address": "新北市永和區國中路99號101號",
        "phone": "02-22323741",
        "lng": 121.524371,
        "lat": 25.006143,
        "district": "永和區"
      }
    },
    {
      "type": "Feature",
      "geometry": {
        "type": "Point",
        "coordinates": [
          121.434879,
          25.191854
        ]
      },
      "properties": {
        "brand": "統一超商",
        "city": "新北市",
        "store_name": "海晴",
        "address": "新北市淡水區濱海路二段202巷69.71號1樓",
        "phone": "02-26258535",
        "lng": 121.434879,
        "lat": 25.191854,
        "district": "淡水區"
      }
    },
    {
      "type": "Feature",
      "geometry": {
        "type": "Point",
        "coordinates": [
          121.517667,
          24.973388
        ]
      },
      "properties": {
        "brand": "統一超商",
        "city": "新北市",
        "store_name": "凡賽絲",
        "address": "新北市新店區安民街290號292號1樓",
        "phone": "02-22120010",
        "lng": 121.517667,
        "lat": 24.973388,
        "district": "新店區"
      }
    },
    {
      "type": "Feature",
      "geometry": {
        "type": "Point",
        "coordinates": [
          121.419453,
          24.987543
        ]
      },
      "properties": {
        "brand": "統一超商",
        "city": "新北市",
        "store_name": "昌聖",
        "address": "新北市樹林區文化街21號23號1樓",
        "phone": "02-86754204",
        "lng": 121.419453,
        "lat": 24.987543,
        "district": "樹林區"
      }
    },
    {
      "type": "Feature",
      "geometry": {
        "type": "Point",
        "coordinates": [
          121.466327,
          25.024576
        ]
      },
      "properties": {
        "brand": "統一超商",
        "city": "新北市",
        "store_name": "有民",
        "address": "新北市永和區民有街9號11號1樓",
        "phone": "02-29495640",
        "lng": 121.466327,
        "lat": 25.024576,
        "district": "永和區"
      }
    },
    {
      "type": "Feature",
      "geometry": {
        "type": "Point",
        "coordinates": [
          121.49873,
          25.057854
        ]
      },
      "properties": {
        "brand": "統一超商",
        "city": "新北市",
        "store_name": "三重一",
        "address": "新北市三重區正義南路133號135號",
        "phone": "02-29747875",
        "lng": 121.49873,
        "lat": 25.057854,
        "district": "三重區"
      }
    },
    {
      "type": "Feature",
      "geometry": {
        "type": "Point",
        "coordinates": [
          121.366095,
          24.925573
        ]
      },
      "properties": {
        "brand": "統一超商",
        "city": "新北市",
        "store_name": "北霆",
        "address": "新北市三峽區大同路244號1樓",
        "phone": "02-26738703",
        "lng": 121.366095,
        "lat": 24.925573,
        "district": "三峽區"
      }
    },
    {
      "type": "Feature",
      "geometry": {
        "type": "Point",
        "coordinates": [
          121.45538,
          25.050843
        ]
      },
      "properties": {
        "brand": "統一超商",
        "city": "新北市",
        "store_name": "昌宏",
        "address": "新北市新莊區昌隆街29、31號1樓",
        "phone": "02-29939148",
        "lng": 121.45538,
        "lat": 25.050843,
        "district": "新莊區"
      }
    },
    {
      "type": "Feature",
      "geometry": {
        "type": "Point",
        "coordinates": [
          121.351918,
          24.954274
        ]
      },
      "properties": {
        "brand": "統一超商",
        "city": "新北市",
        "store_name": "鶯國",
        "address": "新北市鶯歌區建國路126號1樓",
        "phone": "02-26776193",
        "lng": 121.351918,
        "lat": 24.954274,
        "district": "鶯歌區"
      }
    },
    {
      "type": "Feature",
      "geometry": {
        "type": "Point",
        "coordinates": [
          121.51115,
          24.992871
        ]
      },
      "properties": {
        "brand": "統一超商",
        "city": "新北市",
        "store_name": "冠德",
        "address": "新北市中和區景平路71-5號",
        "phone": "02-29405370",
        "lng": 121.51115,
        "lat": 24.992871,
        "district": "中和區"
      }
    },
    {
      "type": "Feature",
      "geometry": {
        "type": "Point",
        "coordinates": [
          121.492997,
          25.000107
        ]
      },
      "properties": {
        "brand": "統一超商",
        "city": "新北市",
        "store_name": "建康",
        "address": "新北市中和區建康路270號",
        "phone": "02-82452425",
        "lng": 121.492997,
        "lat": 25.000107,
        "district": "中和區"
      }
    },
    {
      "type": "Feature",
      "geometry": {
        "type": "Point",
        "coordinates": [
          121.486926,
          25.002154
        ]
      },
      "properties": {
        "brand": "統一超商",
        "city": "新北市",
        "store_name": "建六",
        "address": "新北市中和區建六路62號",
        "phone": "02-22228354",
        "lng": 121.486926,
        "lat": 25.002154,
        "district": "中和區"
      }
    },
    {
      "type": "Feature",
      "geometry": {
        "type": "Point",
        "coordinates": [
          121.511335,
          25.013138
        ]
      },
      "properties": {
        "brand": "統一超商",
        "city": "新北市",
        "store_name": "仁愛",
        "address": "新北市永和區仁愛路128號130號1樓",
        "phone": "02-22316781",
        "lng": 121.511335,
        "lat": 25.013138,
        "district": "永和區"
      }
    },
    {
      "type": "Feature",
      "geometry": {
        "type": "Point",
        "coordinates": [
          121.488117,
          25.006537
        ]
      },
      "properties": {
        "brand": "統一超商",
        "city": "新北市",
        "store_name": "板南",
        "address": "新北市中和區板南路486號",
        "phone": "02-22216293",
        "lng": 121.488117,
        "lat": 25.006537,
        "district": "中和區"
      }
    },
    {
      "type": "Feature",
      "geometry": {
        "type": "Point",
        "coordinates": [
          121.465436,
          25.025541
        ]
      },
      "properties": {
        "brand": "統一超商",
        "city": "新北市",
        "store_name": "維妮",
        "address": "新北市新莊區四維路23號1樓",
        "phone": "02-22037122",
        "lng": 121.465436,
        "lat": 25.025541,
        "district": "新莊區"
      }
    },
    {
      "type": "Feature",
      "geometry": {
        "type": "Point",
        "coordinates": [
          121.46909,
          25.049363
        ]
      },
      "properties": {
        "brand": "統一超商",
        "city": "新北市",
        "store_name": "愛家",
        "address": "新北市三重區中興北街42巷11號",
        "phone": "02-85110144",
        "lng": 121.46909,
        "lat": 25.049363,
        "district": "三重區"
      }
    },
    {
      "type": "Feature",
      "geometry": {
        "type": "Point",
        "coordinates": [
          121.598935,
          25.004382
        ]
      },
      "properties": {
        "brand": "統一超商",
        "city": "新北市",
        "store_name": "真誠",
        "address": "新北市深坑區北深路三段263號",
        "phone": "02-26642915",
        "lng": 121.598935,
        "lat": 25.004382,
        "district": "深坑區"
      }
    },
    {
      "type": "Feature",
      "geometry": {
        "type": "Point",
        "coordinates": [
          121.504663,
          25.255845
        ]
      },
      "properties": {
        "brand": "統一超商",
        "city": "新北市",
        "store_name": "智成",
        "address": "新北市三芝區中正路二段1號智成街79號",
        "phone": "02-86352563",
        "lng": 121.504663,
        "lat": 25.255845,
        "district": "三芝區"
      }
    },
    {
      "type": "Feature",
      "geometry": {
        "type": "Point",
        "coordinates": [
          121.396254,
          24.970722
        ]
      },
      "properties": {
        "brand": "統一超商",
        "city": "新北市",
        "store_name": "樹園",
        "address": "新北市樹林區佳園路一段52號1樓",
        "phone": "02-26806053",
        "lng": 121.396254,
        "lat": 24.970722,
        "district": "樹林區"
      }
    },
    {
      "type": "Feature",
      "geometry": {
        "type": "Point",
        "coordinates": [
          121.52397,
          25.004199
        ]
      },
      "properties": {
        "brand": "統一超商",
        "city": "新北市",
        "store_name": "孟揚",
        "address": "新北市永和區林森路62號",
        "phone": "02-29235080",
        "lng": 121.52397,
        "lat": 25.004199,
        "district": "永和區"
      }
    },
    {
      "type": "Feature",
      "geometry": {
        "type": "Point",
        "coordinates": [
          121.430886,
          25.034449
        ]
      },
      "properties": {
        "brand": "統一超商",
        "city": "新北市",
        "store_name": "輔明",
        "address": "新北市新莊區中正路514巷99號",
        "phone": "02-29028207",
        "lng": 121.430886,
        "lat": 25.034449,
        "district": "新莊區"
      }
    },
    {
      "type": "Feature",
      "geometry": {
        "type": "Point",
        "coordinates": [
          121.546584,
          24.97561
        ]
      },
      "properties": {
        "brand": "統一超商",
        "city": "新北市",
        "store_name": "寶興",
        "address": "新北市新店區寶橋路88號1樓",
        "phone": "02-29162045",
        "lng": 121.546584,
        "lat": 24.97561,
        "district": "新店區"
      }
    },
    {
      "type": "Feature",
      "geometry": {
        "type": "Point",
        "coordinates": [
          121.468381,
          25.012952
        ]
      },
      "properties": {
        "brand": "統一超商",
        "city": "新北市",
        "store_name": "育軒",
        "address": "新北市板橋區漢生東路268號270號1樓",
        "phone": "02-29517986",
        "lng": 121.468381,
        "lat": 25.012952,
        "district": "板橋區"
      }
    },
    {
      "type": "Feature",
      "geometry": {
        "type": "Point",
        "coordinates": [
          121.47948,
          24.944718
        ]
      },
      "properties": {
        "brand": "統一超商",
        "city": "新北市",
        "store_name": "新錦秀",
        "address": "新北市新店區錦秀路13號15號1樓",
        "phone": "02-22141427",
        "lng": 121.47948,
        "lat": 24.944718,
        "district": "新店區"
      }
    },
    {
      "type": "Feature",
      "geometry": {
        "type": "Point",
        "coordinates": [
          121.487168,
          25.085533
        ]
      },
      "properties": {
        "brand": "統一超商",
        "city": "新北市",
        "store_name": "重樂",
        "address": "新北市三重區三信路196號1樓",
        "phone": "02-28559436",
        "lng": 121.487168,
        "lat": 25.085533,
        "district": "三重區"
      }
    },
    {
      "type": "Feature",
      "geometry": {
        "type": "Point",
        "coordinates": [
          121.325383,
          24.972794
        ]
      },
      "properties": {
        "brand": "統一超商",
        "city": "新北市",
        "store_name": "鳳福",
        "address": "新北市鶯歌區鶯桃路二段48號1樓50號1樓",
        "phone": "02-26774207",
        "lng": 121.325383,
        "lat": 24.972794,
        "district": "鶯歌區"
      }
    },
    {
      "type": "Feature",
      "geometry": {
        "type": "Point",
        "coordinates": [
          121.431129,
          25.187944
        ]
      },
      "properties": {
        "brand": "統一超商",
        "city": "新北市",
        "store_name": "金昂",
        "address": "新北市淡水區新市一路一段99巷51.53號1樓",
        "phone": "02-26253846",
        "lng": 121.431129,
        "lat": 25.187944,
        "district": "淡水區"
      }
    },
    {
      "type": "Feature",
      "geometry": {
        "type": "Point",
        "coordinates": [
          121.475652,
          25.071048
        ]
      },
      "properties": {
        "brand": "統一超商",
        "city": "新北市",
        "store_name": "虹諭",
        "address": "新北市三重區中正北路193巷21弄43號",
        "phone": "02-29848146",
        "lng": 121.475652,
        "lat": 25.071048,
        "district": "三重區"
      }
    },
    {
      "type": "Feature",
      "geometry": {
        "type": "Point",
        "coordinates": [
          121.493588,
          24.996794
        ]
      },
      "properties": {
        "brand": "統一超商",
        "city": "新北市",
        "store_name": "板勝",
        "address": "新北市中和區連城路219巷6號8號",
        "phone": "02-22437141",
        "lng": 121.493588,
        "lat": 24.996794,
        "district": "中和區"
      }
    },
    {
      "type": "Feature",
      "geometry": {
        "type": "Point",
        "coordinates": [
          121.478928,
          25.027631
        ]
      },
      "properties": {
        "brand": "統一超商",
        "city": "新北市",
        "store_name": "瑞林",
        "address": "新北市板橋區龍翠里大同街52號",
        "phone": "02-22588414",
        "lng": 121.478928,
        "lat": 25.027631,
        "district": "板橋區"
      }
    },
    {
      "type": "Feature",
      "geometry": {
        "type": "Point",
        "coordinates": [
          121.431081,
          25.186426
        ]
      },
      "properties": {
        "brand": "統一超商",
        "city": "新北市",
        "store_name": "台北灣",
        "address": "新北市淡水區新市一路一段108號1樓",
        "phone": "02-26236308",
        "lng": 121.431081,
        "lat": 25.186426,
        "district": "淡水區"
      }
    },
    {
      "type": "Feature",
      "geometry": {
        "type": "Point",
        "coordinates": [
          121.491712,
          24.990808
        ]
      },
      "properties": {
        "brand": "統一超商",
        "city": "新北市",
        "store_name": "圓通",
        "address": "新北市中和區圓通路280號282號",
        "phone": "02-22452292",
        "lng": 121.491712,
        "lat": 24.990808,
        "district": "中和區"
      }
    },
    {
      "type": "Feature",
      "geometry": {
        "type": "Point",
        "coordinates": [
          121.352145,
          24.956044
        ]
      },
      "properties": {
        "brand": "統一超商",
        "city": "新北市",
        "store_name": "加百列",
        "address": "新北市鶯歌區中正一路131號133號1樓",
        "phone": "02-86777134",
        "lng": 121.352145,
        "lat": 24.956044,
        "district": "鶯歌區"
      }
    },
    {
      "type": "Feature",
      "geometry": {
        "type": "Point",
        "coordinates": [
          121.333404,
          24.968181
        ]
      },
      "properties": {
        "brand": "統一超商",
        "city": "新北市",
        "store_name": "鳳鳴",
        "address": "新北市鶯歌區永和街115巷44.46號1樓",
        "phone": "02-86775974",
        "lng": 121.333404,
        "lat": 24.968181,
        "district": "鶯歌區"
      }
    },
    {
      "type": "Feature",
      "geometry": {
        "type": "Point",
        "coordinates": [
          121.349949,
          24.957128
        ]
      },
      "properties": {
        "brand": "統一超商",
        "city": "新北市",
        "store_name": "國鶯",
        "address": "新北市鶯歌區中山路142號1F",
        "phone": "02-26705843",
        "lng": 121.349949,
        "lat": 24.957128,
        "district": "鶯歌區"
      }
    },
    {
      "type": "Feature",
      "geometry": {
        "type": "Point",
        "coordinates": [
          121.421458,
          25.181225
        ]
      },
      "properties": {
        "brand": "統一超商",
        "city": "新北市",
        "store_name": "金崙",
        "address": "新北市淡水區沙崙路24號1樓",
        "phone": "02-28055104",
        "lng": 121.421458,
        "lat": 25.181225,
        "district": "淡水區"
      }
    },
    {
      "type": "Feature",
      "geometry": {
        "type": "Point",
        "coordinates": [
          121.404387,
          25.148937
        ]
      },
      "properties": {
        "brand": "統一超商",
        "city": "新北市",
        "store_name": "八仙",
        "address": "新北市八里區中華路二段290號292號296號",
        "phone": "02-86302400",
        "lng": 121.404387,
        "lat": 25.148937,
        "district": "八里區"
      }
    },
    {
      "type": "Feature",
      "geometry": {
        "type": "Point",
        "coordinates": [
          121.345364,
          24.955933
        ]
      },
      "properties": {
        "brand": "統一超商",
        "city": "新北市",
        "store_name": "元町",
        "address": "新北市鶯歌區光明街128號130號1樓",
        "phone": "02-26708742",
        "lng": 121.345364,
        "lat": 24.955933,
        "district": "鶯歌區"
      }
    },
    {
      "type": "Feature",
      "geometry": {
        "type": "Point",
        "coordinates": [
          121.499351,
          25.005175
        ]
      },
      "properties": {
        "brand": "統一超商",
        "city": "新北市",
        "store_name": "福泉",
        "address": "新北市中和區福祥路68號70號",
        "phone": "02-22436653",
        "lng": 121.499351,
        "lat": 25.005175,
        "district": "中和區"
      }
    },
    {
      "type": "Feature",
      "geometry": {
        "type": "Point",
        "coordinates": [
          121.512302,
          24.99049
        ]
      },
      "properties": {
        "brand": "統一超商",
        "city": "新北市",
        "store_name": "景鑽",
        "address": "新北市中和區景新街373號373之1號",
        "phone": "02-29435424",
        "lng": 121.512302,
        "lat": 24.99049,
        "district": "中和區"
      }
    },
    {
      "type": "Feature",
      "geometry": {
        "type": "Point",
        "coordinates": [
          121.451549,
          25.102955
        ]
      },
      "properties": {
        "brand": "統一超商",
        "city": "新北市",
        "store_name": "泰股",
        "address": "新北市五股區成泰路三段577巷24號",
        "phone": "02-22936457",
        "lng": 121.451549,
        "lat": 25.102955,
        "district": "五股區"
      }
    },
    {
      "type": "Feature",
      "geometry": {
        "type": "Point",
        "coordinates": [
          121.469726,
          25.01721
        ]
      },
      "properties": {
        "brand": "統一超商",
        "city": "新北市",
        "store_name": "縣道",
        "address": "新北市板橋區縣民大道二段200巷1號3號1樓",
        "phone": "02-89537937",
        "lng": 121.469726,
        "lat": 25.01721,
        "district": "板橋區"
      }
    },
    {
      "type": "Feature",
      "geometry": {
        "type": "Point",
        "coordinates": [
          121.509711,
          24.961666
        ]
      },
      "properties": {
        "brand": "統一超商",
        "city": "新北市",
        "store_name": "安德",
        "address": "新北市新店區安德街8號10號12號1樓",
        "phone": "02-22125348",
        "lng": 121.509711,
        "lat": 24.961666,
        "district": "新店區"
      }
    },
    {
      "type": "Feature",
      "geometry": {
        "type": "Point",
        "coordinates": [
          121.458854,
          25.038172
        ]
      },
      "properties": {
        "brand": "統一超商",
        "city": "新北市",
        "store_name": "保元",
        "address": "新北市新莊區中正路72號",
        "phone": "02-29900472",
        "lng": 121.458854,
        "lat": 25.038172,
        "district": "新莊區"
      }
    },
    {
      "type": "Feature",
      "geometry": {
        "type": "Point",
        "coordinates": [
          121.465862,
          24.997556
        ]
      },
      "properties": {
        "brand": "統一超商",
        "city": "新北市",
        "store_name": "華順",
        "address": "新北市中和區華安街16巷1號",
        "phone": "02-29579425",
        "lng": 121.465862,
        "lat": 24.997556,
        "district": "中和區"
      }
    },
    {
      "type": "Feature",
      "geometry": {
        "type": "Point",
        "coordinates": [
          121.507041,
          25.012703
        ]
      },
      "properties": {
        "brand": "統一超商",
        "city": "新北市",
        "store_name": "新永愛",
        "address": "新北市永和區永平路314號316號1樓",
        "phone": "02-22331578",
        "lng": 121.507041,
        "lat": 25.012703,
        "district": "永和區"
      }
    },
    {
      "type": "Feature",
      "geometry": {
        "type": "Point",
        "coordinates": [
          121.442136,
          25.191535
        ]
      },
      "properties": {
        "brand": "統一超商",
        "city": "新北市",
        "store_name": "和億",
        "address": "新北市淡水區濱海路一段306巷60弄35.41號1樓",
        "phone": "02-26237509",
        "lng": 121.442136,
        "lat": 25.191535,
        "district": "淡水區"
      }
    },
    {
      "type": "Feature",
      "geometry": {
        "type": "Point",
        "coordinates": [
          121.664805,
          25.065853
        ]
      },
      "properties": {
        "brand": "統一超商",
        "city": "新北市",
        "store_name": "汐峰",
        "address": "新北市汐止區仁愛路32號34號1樓",
        "phone": "02-26429873",
        "lng": 121.664805,
        "lat": 25.065853,
        "district": "汐止區"
      }
    },
    {
      "type": "Feature",
      "geometry": {
        "type": "Point",
        "coordinates": [
          121.551233,
          25.018558
        ]
      },
      "properties": {
        "brand": "統一超商",
        "city": "新北市",
        "store_name": "橋安",
        "address": "新北市中和區橋安街20號1樓",
        "phone": "02-22424310",
        "lng": 121.551233,
        "lat": 25.018558,
        "district": "中和區"
      }
    },
    {
      "type": "Feature",
      "geometry": {
        "type": "Point",
        "coordinates": [
          121.437454,
          25.179081
        ]
      },
      "properties": {
        "brand": "統一超商",
        "city": "新北市",
        "store_name": "新淡專",
        "address": "新北市淡水區新民街180巷18號20號1樓",
        "phone": "02-26282814",
        "lng": 121.437454,
        "lat": 25.179081,
        "district": "淡水區"
      }
    },
    {
      "type": "Feature",
      "geometry": {
        "type": "Point",
        "coordinates": [
          121.47948,
          25.008322
        ]
      },
      "properties": {
        "brand": "統一超商",
        "city": "新北市",
        "store_name": "員新",
        "address": "新北市中和區員山路504號",
        "phone": "02-22215243",
        "lng": 121.47948,
        "lat": 25.008322,
        "district": "中和區"
      }
    },
    {
      "type": "Feature",
      "geometry": {
        "type": "Point",
        "coordinates": [
          121.459406,
          25.066538
        ]
      },
      "properties": {
        "brand": "統一超商",
        "city": "新北市",
        "store_name": "五工",
        "address": "新北市新莊區五工二路89號及91號1樓",
        "phone": "02-22999109",
        "lng": 121.459406,
        "lat": 25.066538,
        "district": "新莊區"
      }
    },
    {
      "type": "Feature",
      "geometry": {
        "type": "Point",
        "coordinates": [
          121.452388,
          25.126073
        ]
      },
      "properties": {
        "brand": "統一超商",
        "city": "新北市",
        "store_name": "神州",
        "address": "新北市八里區龍米路一段113號",
        "phone": "02-26184212",
        "lng": 121.452388,
        "lat": 25.126073,
        "district": "八里區"
      }
    },
    {
      "type": "Feature",
      "geometry": {
        "type": "Point",
        "coordinates": [
          121.490833,
          24.998511
        ]
      },
      "properties": {
        "brand": "統一超商",
        "city": "新北市",
        "store_name": "森森",
        "address": "新北市中和區建八路174號1樓",
        "phone": "02-22222891",
        "lng": 121.490833,
        "lat": 24.998511,
        "district": "中和區"
      }
    },
    {
      "type": "Feature",
      "geometry": {
        "type": "Point",
        "coordinates": [
          121.516588,
          24.966663
        ]
      },
      "properties": {
        "brand": "統一超商",
        "city": "新北市",
        "store_name": "及人",
        "address": "新北市新店區安民街72號",
        "phone": "02-86663157",
        "lng": 121.516588,
        "lat": 24.966663,
        "district": "新店區"
      }
    },
    {
      "type": "Feature",
      "geometry": {
        "type": "Point",
        "coordinates": [
          121.518431,
          25.012126
        ]
      },
      "properties": {
        "brand": "統一超商",
        "city": "新北市",
        "store_name": "忠信",
        "address": "新北市永和區中興街97號99號101號",
        "phone": "02-89211344",
        "lng": 121.518431,
        "lat": 25.012126,
        "district": "永和區"
      }
    },
    {
      "type": "Feature",
      "geometry": {
        "type": "Point",
        "coordinates": [
          121.44957,
          25.178931
        ]
      },
      "properties": {
        "brand": "統一超商",
        "city": "新北市",
        "store_name": "君品",
        "address": "新北市淡水區北新路141巷56.58號1樓",
        "phone": "02-26228201",
        "lng": 121.44957,
        "lat": 25.178931,
        "district": "淡水區"
      }
    },
    {
      "type": "Feature",
      "geometry": {
        "type": "Point",
        "coordinates": [
          121.51423,
          25.000261
        ]
      },
      "properties": {
        "brand": "統一超商",
        "city": "新北市",
        "store_name": "保鑽",
        "address": "新北市永和區潭墘里安樂路138號140號",
        "phone": "02-29453250",
        "lng": 121.51423,
        "lat": 25.000261,
        "district": "永和區"
      }
    },
    {
      "type": "Feature",
      "geometry": {
        "type": "Point",
        "coordinates": [
          121.464189,
          25.08759
        ]
      },
      "properties": {
        "brand": "統一超商",
        "city": "新北市",
        "store_name": "民欣",
        "address": "新北市蘆洲區光榮路63號65號67號",
        "phone": "02-28473454",
        "lng": 121.464189,
        "lat": 25.08759,
        "district": "蘆洲區"
      }
    },
    {
      "type": "Feature",
      "geometry": {
        "type": "Point",
        "coordinates": [
          121.465142,
          25.044552
        ]
      },
      "properties": {
        "brand": "統一超商",
        "city": "新北市",
        "store_name": "副都心",
        "address": "新北市新莊區中央路287號289號1樓",
        "phone": "02-85213407",
        "lng": 121.465142,
        "lat": 25.044552,
        "district": "新莊區"
      }
    },
    {
      "type": "Feature",
      "geometry": {
        "type": "Point",
        "coordinates": [
          121.66376,
          25.068184
        ]
      },
      "properties": {
        "brand": "統一超商",
        "city": "新北市",
        "store_name": "汐忠",
        "address": "新北市汐止區忠孝東路282號",
        "phone": "02-86917056",
        "lng": 121.66376,
        "lat": 25.068184,
        "district": "汐止區"
      }
    },
    {
      "type": "Feature",
      "geometry": {
        "type": "Point",
        "coordinates": [
          121.46609,
          25.011706
        ]
      },
      "properties": {
        "brand": "統一超商",
        "city": "新北市",
        "store_name": "板府",
        "address": "新北市板橋區中山路一段158巷4號6號1樓",
        "phone": "02-29625901",
        "lng": 121.46609,
        "lat": 25.011706,
        "district": "板橋區"
      }
    },
    {
      "type": "Feature",
      "geometry": {
        "type": "Point",
        "coordinates": [
          121.510941,
          24.998657
        ]
      },
      "properties": {
        "brand": "統一超商",
        "city": "新北市",
        "store_name": "永宜",
        "address": "新北市中和區宜安路118巷22號24號1樓",
        "phone": "02-32333935",
        "lng": 121.510941,
        "lat": 24.998657,
        "district": "中和區"
      }
    },
    {
      "type": "Feature",
      "geometry": {
        "type": "Point",
        "coordinates": [
          121.531139,
          24.950514
        ]
      },
      "properties": {
        "brand": "統一超商",
        "city": "新北市",
        "store_name": "涵碧",
        "address": "新北市新店區永業路6號6之1號8號",
        "phone": "02-22122274",
        "lng": 121.531139,
        "lat": 24.950514,
        "district": "新店區"
      }
    },
    {
      "type": "Feature",
      "geometry": {
        "type": "Point",
        "coordinates": [
          121.450033,
          25.066818
        ]
      },
      "properties": {
        "brand": "統一超商",
        "city": "新北市",
        "store_name": "富美",
        "address": "新北市五股區五股工業區五權路23號",
        "phone": "02-22981368",
        "lng": 121.450033,
        "lat": 25.066818,
        "district": "五股區"
      }
    },
    {
      "type": "Feature",
      "geometry": {
        "type": "Point",
        "coordinates": [
          121.415036,
          25.021026
        ]
      },
      "properties": {
        "brand": "統一超商",
        "city": "新北市",
        "store_name": "莊龍",
        "address": "新北市新莊區龍安路66號68號",
        "phone": "02-29043056",
        "lng": 121.415036,
        "lat": 25.021026,
        "district": "新莊區"
      }
    },
    {
      "type": "Feature",
      "geometry": {
        "type": "Point",
        "coordinates": [
          121.454846,
          25.066231
        ]
      },
      "properties": {
        "brand": "統一超商",
        "city": "新北市",
        "store_name": "富佑",
        "address": "新北市五股區五工路112號1樓",
        "phone": "02-22984349",
        "lng": 121.454846,
        "lat": 25.066231,
        "district": "五股區"
      }
    },
    {
      "type": "Feature",
      "geometry": {
        "type": "Point",
        "coordinates": [
          121.501246,
          25.066705
        ]
      },
      "properties": {
        "brand": "統一超商",
        "city": "新北市",
        "store_name": "長揚",
        "address": "新北市三重區三和路二段6號之2",
        "phone": "02-29786970",
        "lng": 121.501246,
        "lat": 25.066705,
        "district": "三重區"
      }
    },
    {
      "type": "Feature",
      "geometry": {
        "type": "Point",
        "coordinates": [
          121.399919,
          25.083089
        ]
      },
      "properties": {
        "brand": "統一超商",
        "city": "新北市",
        "store_name": "仁森",
        "address": "新北市林口區粉寮路1段62、64號1樓",
        "phone": "02-26032979",
        "lng": 121.399919,
        "lat": 25.083089,
        "district": "林口區"
      }
    },
    {
      "type": "Feature",
      "geometry": {
        "type": "Point",
        "coordinates": [
          121.333007,
          24.971575
        ]
      },
      "properties": {
        "brand": "統一超商",
        "city": "新北市",
        "store_name": "龍武",
        "address": "新北市鶯歌區龍五路89號",
        "phone": "02-26790702",
        "lng": 121.333007,
        "lat": 24.971575,
        "district": "鶯歌區"
      }
    },
    {
      "type": "Feature",
      "geometry": {
        "type": "Point",
        "coordinates": [
          121.511136,
          24.983647
        ]
      },
      "properties": {
        "brand": "統一超商",
        "city": "新北市",
        "store_name": "孝忠",
        "address": "新北市中和區忠孝街37巷2號",
        "phone": "02-29401045",
        "lng": 121.511136,
        "lat": 24.983647,
        "district": "中和區"
      }
    },
    {
      "type": "Feature",
      "geometry": {
        "type": "Point",
        "coordinates": [
          121.438523,
          24.964784
        ]
      },
      "properties": {
        "brand": "統一超商",
        "city": "新北市",
        "store_name": "忠承",
        "address": "新北市土城區忠承路103號1樓",
        "phone": "02-22696854",
        "lng": 121.438523,
        "lat": 24.964784,
        "district": "土城區"
      }
    },
    {
      "type": "Feature",
      "geometry": {
        "type": "Point",
        "coordinates": [
          121.364925,
          25.067414
        ]
      },
      "properties": {
        "brand": "統一超商",
        "city": "新北市",
        "store_name": "安林",
        "address": "新北市林口區文化二路一段24號26號",
        "phone": "02-26082671",
        "lng": 121.364925,
        "lat": 25.067414,
        "district": "林口區"
      }
    },
    {
      "type": "Feature",
      "geometry": {
        "type": "Point",
        "coordinates": [
          121.44603,
          25.177536
        ]
      },
      "properties": {
        "brand": "統一超商",
        "city": "新北市",
        "store_name": "水鑫",
        "address": "新北市淡水區大忠街83號",
        "phone": "02-26219837",
        "lng": 121.44603,
        "lat": 25.177536,
        "district": "淡水區"
      }
    },
    {
      "type": "Feature",
      "geometry": {
        "type": "Point",
        "coordinates": [
          121.435135,
          25.074374
        ]
      },
      "properties": {
        "brand": "統一超商",
        "city": "新北市",
        "store_name": "來峰",
        "address": "新北市五股區成泰路一段163號165號1樓",
        "phone": "02-82927346",
        "lng": 121.435135,
        "lat": 25.074374,
        "district": "五股區"
      }
    },
    {
      "type": "Feature",
      "geometry": {
        "type": "Point",
        "coordinates": [
          121.4127,
          25.021461
        ]
      },
      "properties": {
        "brand": "統一超商",
        "city": "新北市",
        "store_name": "迴龍站",
        "address": "新北市新莊區中正路895號895號之1號",
        "phone": "02-29015542",
        "lng": 121.4127,
        "lat": 25.021461,
        "district": "新莊區"
      }
    },
    {
      "type": "Feature",
      "geometry": {
        "type": "Point",
        "coordinates": [
          121.638973,
          25.078428
        ]
      },
      "properties": {
        "brand": "統一超商",
        "city": "新北市",
        "store_name": "尊爵",
        "address": "新北市汐止區伯爵街32號",
        "phone": "02-26429012",
        "lng": 121.638973,
        "lat": 25.078428,
        "district": "汐止區"
      }
    },
    {
      "type": "Feature",
      "geometry": {
        "type": "Point",
        "coordinates": [
          121.511345,
          24.957431
        ]
      },
      "properties": {
        "brand": "統一超商",
        "city": "新北市",
        "store_name": "景大",
        "address": "新北市新店區安忠路69號1樓71巷1號1樓",
        "phone": "02-22120371",
        "lng": 121.511345,
        "lat": 24.957431,
        "district": "新店區"
      }
    },
    {
      "type": "Feature",
      "geometry": {
        "type": "Point",
        "coordinates": [
          121.46472,
          25.015304
        ]
      },
      "properties": {
        "brand": "統一超商",
        "city": "新北市",
        "store_name": "板運",
        "address": "新北市板橋區新站路68號1樓",
        "phone": "02-89682594",
        "lng": 121.46472,
        "lat": 25.015304,
        "district": "板橋區"
      }
    },
    {
      "type": "Feature",
      "geometry": {
        "type": "Point",
        "coordinates": [
          121.444406,
          25.180672
        ]
      },
      "properties": {
        "brand": "統一超商",
        "city": "新北市",
        "store_name": "摩天灣",
        "address": "新北市淡水區中山北路一段257號1樓",
        "phone": "02-26252063",
        "lng": 121.444406,
        "lat": 25.180672,
        "district": "淡水區"
      }
    },
    {
      "type": "Feature",
      "geometry": {
        "type": "Point",
        "coordinates": [
          121.547312,
          24.870096
        ]
      },
      "properties": {
        "brand": "統一超商",
        "city": "新北市",
        "store_name": "來鑫",
        "address": "新北市烏來區新烏路五段160號162號",
        "phone": "02-26617621",
        "lng": 121.547312,
        "lat": 24.870096,
        "district": "烏來區"
      }
    },
    {
      "type": "Feature",
      "geometry": {
        "type": "Point",
        "coordinates": [
          121.438071,
          25.08391
        ]
      },
      "properties": {
        "brand": "統一超商",
        "city": "新北市",
        "store_name": "大五股",
        "address": "新北市五股區成泰路二段81號",
        "phone": "02-22953630",
        "lng": 121.438071,
        "lat": 25.08391,
        "district": "五股區"
      }
    },
    {
      "type": "Feature",
      "geometry": {
        "type": "Point",
        "coordinates": [
          121.452562,
          25.177445
        ]
      },
      "properties": {
        "brand": "統一超商",
        "city": "新北市",
        "store_name": "鑫鑫",
        "address": "新北市淡水區水源街二段76號、76-1號",
        "phone": "02-26262742",
        "lng": 121.452562,
        "lat": 25.177445,
        "district": "淡水區"
      }
    },
    {
      "type": "Feature",
      "geometry": {
        "type": "Point",
        "coordinates": [
          121.533748,
          24.9853
        ]
      },
      "properties": {
        "brand": "統一超商",
        "city": "新北市",
        "store_name": "新廣",
        "address": "新北市新店區中正路542之5號1樓",
        "phone": "02-22188613",
        "lng": 121.533748,
        "lat": 24.9853,
        "district": "新店區"
      }
    },
    {
      "type": "Feature",
      "geometry": {
        "type": "Point",
        "coordinates": [
          121.470144,
          25.251247
        ]
      },
      "properties": {
        "brand": "統一超商",
        "city": "新北市",
        "store_name": "芝加灣",
        "address": "新北市三芝區錫板里海尾14-35號1樓2樓3樓",
        "phone": "02-26368212",
        "lng": 121.470144,
        "lat": 25.251247,
        "district": "三芝區"
      }
    },
    {
      "type": "Feature",
      "geometry": {
        "type": "Point",
        "coordinates": [
          121.53548,
          24.976146
        ]
      },
      "properties": {
        "brand": "統一超商",
        "city": "新北市",
        "store_name": "愛莘",
        "address": "新北市新店區民族路112號B1樓",
        "phone": "02-22191951",
        "lng": 121.53548,
        "lat": 24.976146,
        "district": "新店區"
      }
    },
    {
      "type": "Feature",
      "geometry": {
        "type": "Point",
        "coordinates": [
          121.44596,
          24.986986
        ]
      },
      "properties": {
        "brand": "統一超商",
        "city": "新北市",
        "store_name": "央和",
        "address": "新北市土城區中央路一段307.309號1樓",
        "phone": "02-22707885",
        "lng": 121.44596,
        "lat": 24.986986,
        "district": "土城區"
      }
    },
    {
      "type": "Feature",
      "geometry": {
        "type": "Point",
        "coordinates": [
          121.630559,
          25.069198
        ]
      },
      "properties": {
        "brand": "統一超商",
        "city": "新北市",
        "store_name": "湖鑫",
        "address": "新北市汐止區湖前街37號1樓39號1樓",
        "phone": "02-26943740",
        "lng": 121.630559,
        "lat": 25.069198,
        "district": "汐止區"
      }
    },
    {
      "type": "Feature",
      "geometry": {
        "type": "Point",
        "coordinates": [
          121.45973,
          25.013007
        ]
      },
      "properties": {
        "brand": "統一超商",
        "city": "新北市",
        "store_name": "板權",
        "address": "新北市板橋區民權路198、200號",
        "phone": "02-22720703",
        "lng": 121.45973,
        "lat": 25.013007,
        "district": "板橋區"
      }
    },
    {
      "type": "Feature",
      "geometry": {
        "type": "Point",
        "coordinates": [
          121.475125,
          25.016716
        ]
      },
      "properties": {
        "brand": "統一超商",
        "city": "新北市",
        "store_name": "家豐",
        "address": "新北市板橋區中山路二段137號1樓",
        "phone": "02-29573209",
        "lng": 121.475125,
        "lat": 25.016716,
        "district": "板橋區"
      }
    },
    {
      "type": "Feature",
      "geometry": {
        "type": "Point",
        "coordinates": [
          121.459005,
          25.018123
        ]
      },
      "properties": {
        "brand": "統一超商",
        "city": "新北市",
        "store_name": "大庭",
        "address": "新北市板橋區國光里6鄰國光路65號1樓",
        "phone": "02-29607369",
        "lng": 121.459005,
        "lat": 25.018123,
        "district": "板橋區"
      }
    },
    {
      "type": "Feature",
      "geometry": {
        "type": "Point",
        "coordinates": [
          121.523979,
          24.979134
        ]
      },
      "properties": {
        "brand": "統一超商",
        "city": "新北市",
        "store_name": "溪園",
        "address": "新北市新店區溪園路391之1號1樓",
        "phone": "02-86673801",
        "lng": 121.523979,
        "lat": 24.979134,
        "district": "新店區"
      }
    },
    {
      "type": "Feature",
      "geometry": {
        "type": "Point",
        "coordinates": [
          121.4658,
          25.02354
        ]
      },
      "properties": {
        "brand": "統一超商",
        "city": "新北市",
        "store_name": "板耀",
        "address": "新北市板橋區自由路52號54號1樓",
        "phone": "02-22542980",
        "lng": 121.4658,
        "lat": 25.02354,
        "district": "板橋區"
      }
    },
    {
      "type": "Feature",
      "geometry": {
        "type": "Point",
        "coordinates": [
          121.448221,
          25.003596
        ]
      },
      "properties": {
        "brand": "統一超商",
        "city": "新北市",
        "store_name": "興觀",
        "address": "新北市板橋區大觀路二段37巷34號36號1樓",
        "phone": "02-29674208",
        "lng": 121.448221,
        "lat": 25.003596,
        "district": "板橋區"
      }
    },
    {
      "type": "Feature",
      "geometry": {
        "type": "Point",
        "coordinates": [
          121.346014,
          24.973016
        ]
      },
      "properties": {
        "brand": "統一超商",
        "city": "新北市",
        "store_name": "鶯湖",
        "address": "新北市鶯歌區大湖路374號",
        "phone": "02-86776970",
        "lng": 121.346014,
        "lat": 24.973016,
        "district": "鶯歌區"
      }
    },
    {
      "type": "Feature",
      "geometry": {
        "type": "Point",
        "coordinates": [
          121.46623,
          25.084314
        ]
      },
      "properties": {
        "brand": "統一超商",
        "city": "新北市",
        "store_name": "墩璞",
        "address": "新北市板橋區中正路106號1樓",
        "phone": "02-89697016",
        "lng": 121.46623,
        "lat": 25.084314,
        "district": "板橋區"
      }
    },
    {
      "type": "Feature",
      "geometry": {
        "type": "Point",
        "coordinates": [
          121.482207,
          25.060495
        ]
      },
      "properties": {
        "brand": "統一超商",
        "city": "新北市",
        "store_name": "興華",
        "address": "新北市三重區中華路2巷2號4號1樓",
        "phone": "02-29714394",
        "lng": 121.482207,
        "lat": 25.060495,
        "district": "三重區"
      }
    },
    {
      "type": "Feature",
      "geometry": {
        "type": "Point",
        "coordinates": [
          121.347042,
          24.953489
        ]
      },
      "properties": {
        "brand": "統一超商",
        "city": "新北市",
        "store_name": "金億",
        "address": "新北市鶯歌區建國路278號",
        "phone": "02-26777111",
        "lng": 121.347042,
        "lat": 24.953489,
        "district": "鶯歌區"
      }
    },
    {
      "type": "Feature",
      "geometry": {
        "type": "Point",
        "coordinates": [
          121.460977,
          25.01834
        ]
      },
      "properties": {
        "brand": "統一超商",
        "city": "新北市",
        "store_name": "國府",
        "address": "新北市板橋區國光路184號186號1樓",
        "phone": "02-89698428",
        "lng": 121.460977,
        "lat": 25.01834,
        "district": "板橋區"
      }
    },
    {
      "type": "Feature",
      "geometry": {
        "type": "Point",
        "coordinates": [
          121.478898,
          25.027676
        ]
      },
      "properties": {
        "brand": "統一超商",
        "city": "新北市",
        "store_name": "國琪",
        "address": "新北市板橋區大同街29.31號1樓",
        "phone": "02-22500475",
        "lng": 121.478898,
        "lat": 25.027676,
        "district": "板橋區"
      }
    },
    {
      "type": "Feature",
      "geometry": {
        "type": "Point",
        "coordinates": [
          121.640996,
          25.069228
        ]
      },
      "properties": {
        "brand": "統一超商",
        "city": "新北市",
        "store_name": "樟弘",
        "address": "新北市汐止區樟樹二路279號281號1樓",
        "phone": "02-26904118",
        "lng": 121.640996,
        "lat": 25.069228,
        "district": "汐止區"
      }
    },
    {
      "type": "Feature",
      "geometry": {
        "type": "Point",
        "coordinates": [
          121.466967,
          25.031103
        ]
      },
      "properties": {
        "brand": "統一超商",
        "city": "新北市",
        "store_name": "鳳展",
        "address": "新北市板橋區吳鳳路23 及25 號1 樓",
        "phone": "02-22563103",
        "lng": 121.466967,
        "lat": 25.031103,
        "district": "板橋區"
      }
    },
    {
      "type": "Feature",
      "geometry": {
        "type": "Point",
        "coordinates": [
          121.651493,
          25.006215
        ]
      },
      "properties": {
        "brand": "統一超商",
        "city": "新北市",
        "store_name": "錠富",
        "address": "新北市石碇區隆盛里碇坪路一段2號",
        "phone": "02-26633273",
        "lng": 121.651493,
        "lat": 25.006215,
        "district": "石碇區"
      }
    },
    {
      "type": "Feature",
      "geometry": {
        "type": "Point",
        "coordinates": [
          121.495771,
          25.062372
        ]
      },
      "properties": {
        "brand": "統一超商",
        "city": "新北市",
        "store_name": "漢光",
        "address": "新北市板橋區光正街12號1樓",
        "phone": "02-29653875",
        "lng": 121.495771,
        "lat": 25.062372,
        "district": "板橋區"
      }
    },
    {
      "type": "Feature",
      "geometry": {
        "type": "Point",
        "coordinates": [
          121.428748,
          25.05245
        ]
      },
      "properties": {
        "brand": "統一超商",
        "city": "新北市",
        "store_name": "義學",
        "address": "新北市泰山區明志路二段74號76號",
        "phone": "02-29097094",
        "lng": 121.428748,
        "lat": 25.05245,
        "district": "泰山區"
      }
    },
    {
      "type": "Feature",
      "geometry": {
        "type": "Point",
        "coordinates": [
          121.426923,
          25.006493
        ]
      },
      "properties": {
        "brand": "統一超商",
        "city": "新北市",
        "store_name": "俊安",
        "address": "新北市樹林區俊英街156號",
        "phone": "02-26756413",
        "lng": 121.426923,
        "lat": 25.006493,
        "district": "樹林區"
      }
    },
    {
      "type": "Feature",
      "geometry": {
        "type": "Point",
        "coordinates": [
          121.498338,
          25.060173
        ]
      },
      "properties": {
        "brand": "統一超商",
        "city": "新北市",
        "store_name": "正南",
        "address": "新北市三重區正義南路67號69號1樓",
        "phone": "02-29762825",
        "lng": 121.498338,
        "lat": 25.060173,
        "district": "三重區"
      }
    },
    {
      "type": "Feature",
      "geometry": {
        "type": "Point",
        "coordinates": [
          121.496401,
          25.067302
        ]
      },
      "properties": {
        "brand": "統一超商",
        "city": "新北市",
        "store_name": "義強",
        "address": "新北市三重區正義北路131.133號",
        "phone": "02-29813001",
        "lng": 121.496401,
        "lat": 25.067302,
        "district": "三重區"
      }
    },
    {
      "type": "Feature",
      "geometry": {
        "type": "Point",
        "coordinates": [
          121.447023,
          24.998086
        ]
      },
      "properties": {
        "brand": "統一超商",
        "city": "新北市",
        "store_name": "大合宜",
        "address": "新北市板橋區合宜路173號1樓",
        "phone": "02-29685371",
        "lng": 121.447023,
        "lat": 24.998086,
        "district": "板橋區"
      }
    },
    {
      "type": "Feature",
      "geometry": {
        "type": "Point",
        "coordinates": [
          121.492872,
          25.080524
        ]
      },
      "properties": {
        "brand": "統一超商",
        "city": "新北市",
        "store_name": "景愛",
        "address": "新北市中和區仁愛街45號47號1樓",
        "phone": "02-89419312",
        "lng": 121.492872,
        "lat": 25.080524,
        "district": "中和區"
      }
    },
    {
      "type": "Feature",
      "geometry": {
        "type": "Point",
        "coordinates": [
          121.479442,
          25.015088
        ]
      },
      "properties": {
        "brand": "統一超商",
        "city": "新北市",
        "store_name": "板和",
        "address": "新北市板橋區三民路二段145號145-1號153巷1號",
        "phone": "02-29553278",
        "lng": 121.479442,
        "lat": 25.015088,
        "district": "板橋區"
      }
    },
    {
      "type": "Feature",
      "geometry": {
        "type": "Point",
        "coordinates": [
          121.452991,
          25.015761
        ]
      },
      "properties": {
        "brand": "統一超商",
        "city": "新北市",
        "store_name": "板仁",
        "address": "新北市板橋區大智街93號.大仁街101號",
        "phone": "02-89699941",
        "lng": 121.452991,
        "lat": 25.015761,
        "district": "板橋區"
      }
    },
    {
      "type": "Feature",
      "geometry": {
        "type": "Point",
        "coordinates": [
          121.489301,
          25.073424
        ]
      },
      "properties": {
        "brand": "統一超商",
        "city": "新北市",
        "store_name": "重智",
        "address": "新北市三重區大智街195號",
        "phone": "02-29869556",
        "lng": 121.489301,
        "lat": 25.073424,
        "district": "三重區"
      }
    },
    {
      "type": "Feature",
      "geometry": {
        "type": "Point",
        "coordinates": [
          121.45642,
          25.017398
        ]
      },
      "properties": {
        "brand": "統一超商",
        "city": "新北市",
        "store_name": "國庭",
        "address": "新北市板橋區國光路1號3號1樓",
        "phone": "02-29651700",
        "lng": 121.45642,
        "lat": 25.017398,
        "district": "板橋區"
      }
    },
    {
      "type": "Feature",
      "geometry": {
        "type": "Point",
        "coordinates": [
          121.451055,
          25.177727
        ]
      },
      "properties": {
        "brand": "統一超商",
        "city": "新北市",
        "store_name": "巧立",
        "address": "新北市淡水區北新路184巷57號59號1樓",
        "phone": "02-86311635",
        "lng": 121.451055,
        "lat": 25.177727,
        "district": "淡水區"
      }
    },
    {
      "type": "Feature",
      "geometry": {
        "type": "Point",
        "coordinates": [
          121.473491,
          25.019095
        ]
      },
      "properties": {
        "brand": "統一超商",
        "city": "新北市",
        "store_name": "埔墘",
        "address": "新北市板橋區永豐街87號1樓",
        "phone": "02-29614894",
        "lng": 121.473491,
        "lat": 25.019095,
        "district": "板橋區"
      }
    },
    {
      "type": "Feature",
      "geometry": {
        "type": "Point",
        "coordinates": [
          121.482654,
          25.076356
        ]
      },
      "properties": {
        "brand": "統一超商",
        "city": "新北市",
        "store_name": "立行",
        "address": "新北市三重區力行路二段158號160號",
        "phone": "02-82839480",
        "lng": 121.482654,
        "lat": 25.076356,
        "district": "三重區"
      }
    },
    {
      "type": "Feature",
      "geometry": {
        "type": "Point",
        "coordinates": [
          121.433845,
          25.056822
        ]
      },
      "properties": {
        "brand": "統一超商",
        "city": "新北市",
        "store_name": "季欣",
        "address": "新北市泰山區全興路109號",
        "phone": "02-29009494",
        "lng": 121.433845,
        "lat": 25.056822,
        "district": "泰山區"
      }
    },
    {
      "type": "Feature",
      "geometry": {
        "type": "Point",
        "coordinates": [
          121.590381,
          25.05294
        ]
      },
      "properties": {
        "brand": "統一超商",
        "city": "新北市",
        "store_name": "新洛華",
        "address": "新北市三重區中華路113號115號",
        "phone": "02-29844685",
        "lng": 121.590381,
        "lat": 25.05294,
        "district": "三重區"
      }
    },
    {
      "type": "Feature",
      "geometry": {
        "type": "Point",
        "coordinates": [
          121.467479,
          25.024923
        ]
      },
      "properties": {
        "brand": "統一超商",
        "city": "新北市",
        "store_name": "埔運",
        "address": "新北市板橋區民生路三段40號42號1樓",
        "phone": "02-82524260",
        "lng": 121.467479,
        "lat": 25.024923,
        "district": "板橋區"
      }
    },
    {
      "type": "Feature",
      "geometry": {
        "type": "Point",
        "coordinates": [
          121.472652,
          25.026615
        ]
      },
      "properties": {
        "brand": "統一超商",
        "city": "新北市",
        "store_name": "議會",
        "address": "新北市板橋區莊敬路60號",
        "phone": "02-22542852",
        "lng": 121.472652,
        "lat": 25.026615,
        "district": "板橋區"
      }
    },
    {
      "type": "Feature",
      "geometry": {
        "type": "Point",
        "coordinates": [
          121.446774,
          25.002814
        ]
      },
      "properties": {
        "brand": "統一超商",
        "city": "新北市",
        "store_name": "新觀和",
        "address": "新北市板橋區大觀路二段55號57號1樓",
        "phone": "02-22754553",
        "lng": 121.446774,
        "lat": 25.002814,
        "district": "板橋區"
      }
    },
    {
      "type": "Feature",
      "geometry": {
        "type": "Point",
        "coordinates": [
          121.488811,
          25.008379
        ]
      },
      "properties": {
        "brand": "統一超商",
        "city": "新北市",
        "store_name": "立德",
        "address": "新北市中和區立德街103號",
        "phone": "02-32347894",
        "lng": 121.488811,
        "lat": 25.008379,
        "district": "中和區"
      }
    },
    {
      "type": "Feature",
      "geometry": {
        "type": "Point",
        "coordinates": [
          121.503445,
          25.257853
        ]
      },
      "properties": {
        "brand": "統一超商",
        "city": "新北市",
        "store_name": "三芝",
        "address": "新北市三芝區中正路一段61號63號1樓",
        "phone": "02-86353879",
        "lng": 121.503445,
        "lat": 25.257853,
        "district": "三芝區"
      }
    },
    {
      "type": "Feature",
      "geometry": {
        "type": "Point",
        "coordinates": [
          121.445367,
          25.182806
        ]
      },
      "properties": {
        "brand": "統一超商",
        "city": "新北市",
        "store_name": "新市鎮",
        "address": "新北市淡水區新市一路三段18號1樓",
        "phone": "02-26228481",
        "lng": 121.445367,
        "lat": 25.182806,
        "district": "淡水區"
      }
    },
    {
      "type": "Feature",
      "geometry": {
        "type": "Point",
        "coordinates": [
          121.491106,
          25.057391
        ]
      },
      "properties": {
        "brand": "統一超商",
        "city": "新北市",
        "store_name": "重安",
        "address": "新北市三重區重安街60號及60-1號",
        "phone": "02-29724075",
        "lng": 121.491106,
        "lat": 25.057391,
        "district": "三重區"
      }
    },
    {
      "type": "Feature",
      "geometry": {
        "type": "Point",
        "coordinates": [
          121.457558,
          25.087101
        ]
      },
      "properties": {
        "brand": "統一超商",
        "city": "新北市",
        "store_name": "泰星",
        "address": "新北市蘆洲區成功里長安街276號",
        "phone": "02-82853450",
        "lng": 121.457558,
        "lat": 25.087101,
        "district": "蘆洲區"
      }
    },
    {
      "type": "Feature",
      "geometry": {
        "type": "Point",
        "coordinates": [
          121.444975,
          25.042047
        ]
      },
      "properties": {
        "brand": "統一超商",
        "city": "新北市",
        "store_name": "雙泰",
        "address": "新北市新莊區新泰路330號",
        "phone": "02-29971829",
        "lng": 121.444975,
        "lat": 25.042047,
        "district": "新莊區"
      }
    },
    {
      "type": "Feature",
      "geometry": {
        "type": "Point",
        "coordinates": [
          121.49795,
          25.061726
        ]
      },
      "properties": {
        "brand": "統一超商",
        "city": "新北市",
        "store_name": "天台",
        "address": "新北市三重區仁德里正義南路13號15號1樓",
        "phone": "02-29771812",
        "lng": 121.49795,
        "lat": 25.061726,
        "district": "三重區"
      }
    },
    {
      "type": "Feature",
      "geometry": {
        "type": "Point",
        "coordinates": [
          121.438378,
          25.189886
        ]
      },
      "properties": {
        "brand": "統一超商",
        "city": "新北市",
        "store_name": "愛琴灣",
        "address": "新北市淡水區濱海路一段430號432號",
        "phone": "02-26239285",
        "lng": 121.438378,
        "lat": 25.189886,
        "district": "淡水區"
      }
    },
    {
      "type": "Feature",
      "geometry": {
        "type": "Point",
        "coordinates": [
          121.47711,
          25.017191
        ]
      },
      "properties": {
        "brand": "統一超商",
        "city": "新北市",
        "store_name": "佳翰",
        "address": "新北市板橋區中山路二段170號",
        "phone": "02-29635853",
        "lng": 121.47711,
        "lat": 25.017191,
        "district": "板橋區"
      }
    },
    {
      "type": "Feature",
      "geometry": {
        "type": "Point",
        "coordinates": [
          121.463956,
          25.138256
        ]
      },
      "properties": {
        "brand": "統一超商",
        "city": "新北市",
        "store_name": "立飛",
        "address": "新北市淡水區民生路126號128號1樓2樓",
        "phone": "02-88095328",
        "lng": 121.463956,
        "lat": 25.138256,
        "district": "淡水區"
      }
    },
    {
      "type": "Feature",
      "geometry": {
        "type": "Point",
        "coordinates": [
          121.451838,
          25.177077
        ]
      },
      "properties": {
        "brand": "統一超商",
        "city": "新北市",
        "store_name": "金巧",
        "address": "新北市淡水區北新路184巷238號240號及242號1樓",
        "phone": "02-26282947",
        "lng": 121.451838,
        "lat": 25.177077,
        "district": "淡水區"
      }
    },
    {
      "type": "Feature",
      "geometry": {
        "type": "Point",
        "coordinates": [
          121.460253,
          25.137505
        ]
      },
      "properties": {
        "brand": "統一超商",
        "city": "新北市",
        "store_name": "竹圍",
        "address": "新北市淡水區民權路109號111號1樓",
        "phone": "02-28091574",
        "lng": 121.460253,
        "lat": 25.137505,
        "district": "淡水區"
      }
    },
    {
      "type": "Feature",
      "geometry": {
        "type": "Point",
        "coordinates": [
          121.438588,
          25.195651
        ]
      },
      "properties": {
        "brand": "統一超商",
        "city": "新北市",
        "store_name": "揚都",
        "address": "新北市淡水區義山路二段237號",
        "phone": "02-26251750",
        "lng": 121.438588,
        "lat": 25.195651,
        "district": "淡水區"
      }
    },
    {
      "type": "Feature",
      "geometry": {
        "type": "Point",
        "coordinates": [
          121.456828,
          25.160728
        ]
      },
      "properties": {
        "brand": "統一超商",
        "city": "新北市",
        "store_name": "明郎",
        "address": "新北市淡水區淡金路36號、36-1號1樓",
        "phone": "02-86268506",
        "lng": 121.456828,
        "lat": 25.160728,
        "district": "淡水區"
      }
    },
    {
      "type": "Feature",
      "geometry": {
        "type": "Point",
        "coordinates": [
          121.49468,
          25.085028
        ]
      },
      "properties": {
        "brand": "統一超商",
        "city": "新北市",
        "store_name": "伍泉",
        "address": "新北市三重區五華街52.54號1樓",
        "phone": "02-89856781",
        "lng": 121.49468,
        "lat": 25.085028,
        "district": "三重區"
      }
    },
    {
      "type": "Feature",
      "geometry": {
        "type": "Point",
        "coordinates": [
          121.451994,
          25.172598
        ]
      },
      "properties": {
        "brand": "統一超商",
        "city": "新北市",
        "store_name": "財府",
        "address": "新北市淡水區學府路136巷36號、38號1樓",
        "phone": "02-26252125",
        "lng": 121.451994,
        "lat": 25.172598,
        "district": "淡水區"
      }
    },
    {
      "type": "Feature",
      "geometry": {
        "type": "Point",
        "coordinates": [
          121.50101,
          25.069007
        ]
      },
      "properties": {
        "brand": "統一超商",
        "city": "新北市",
        "store_name": "泰福",
        "address": "新北市三重區安和路36、38號",
        "phone": "02-29746401",
        "lng": 121.50101,
        "lat": 25.069007,
        "district": "三重區"
      }
    },
    {
      "type": "Feature",
      "geometry": {
        "type": "Point",
        "coordinates": [
          121.484976,
          25.070636
        ]
      },
      "properties": {
        "brand": "統一超商",
        "city": "新北市",
        "store_name": "健華",
        "address": "新北市三重區忠孝路二段63號",
        "phone": "02-89825067",
        "lng": 121.484976,
        "lat": 25.070636,
        "district": "三重區"
      }
    },
    {
      "type": "Feature",
      "geometry": {
        "type": "Point",
        "coordinates": [
          121.475446,
          25.084261
        ]
      },
      "properties": {
        "brand": "統一超商",
        "city": "新北市",
        "store_name": "蘆三",
        "address": "新北市蘆洲區三民路6號8號",
        "phone": "02-82812524",
        "lng": 121.475446,
        "lat": 25.084261,
        "district": "蘆洲區"
      }
    },
    {
      "type": "Feature",
      "geometry": {
        "type": "Point",
        "coordinates": [
          121.536494,
          24.975475
        ]
      },
      "properties": {
        "brand": "統一超商",
        "city": "新北市",
        "store_name": "百建",
        "address": "新北市新店區民族路239號241號1樓",
        "phone": "02-29184510",
        "lng": 121.536494,
        "lat": 24.975475,
        "district": "新店區"
      }
    },
    {
      "type": "Feature",
      "geometry": {
        "type": "Point",
        "coordinates": [
          121.4239,
          25.038482
        ]
      },
      "properties": {
        "brand": "統一超商",
        "city": "新北市",
        "store_name": "明躍",
        "address": "新北市泰山區明志路三段202號",
        "phone": "02-29042497",
        "lng": 121.4239,
        "lat": 25.038482,
        "district": "泰山區"
      }
    },
    {
      "type": "Feature",
      "geometry": {
        "type": "Point",
        "coordinates": [
          121.48182,
          25.088939
        ]
      },
      "properties": {
        "brand": "統一超商",
        "city": "新北市",
        "store_name": "立竹",
        "address": "新北市淡水區民族路58號1樓2樓",
        "phone": "02-88092553",
        "lng": 121.48182,
        "lat": 25.088939,
        "district": "淡水區"
      }
    },
    {
      "type": "Feature",
      "geometry": {
        "type": "Point",
        "coordinates": [
          121.452032,
          25.226737
        ]
      },
      "properties": {
        "brand": "統一超商",
        "city": "新北市",
        "store_name": "聖約翰",
        "address": "新北市淡水區淡金路四段532號、534號1樓",
        "phone": "02-28010894",
        "lng": 121.452032,
        "lat": 25.226737,
        "district": "淡水區"
      }
    },
    {
      "type": "Feature",
      "geometry": {
        "type": "Point",
        "coordinates": [
          121.453063,
          25.161365
        ]
      },
      "properties": {
        "brand": "統一超商",
        "city": "新北市",
        "store_name": "見欣",
        "address": "新北市淡水區中正東路一段三巷12號1樓",
        "phone": "02-26261243",
        "lng": 121.453063,
        "lat": 25.161365,
        "district": "淡水區"
      }
    },
    {
      "type": "Feature",
      "geometry": {
        "type": "Point",
        "coordinates": [
          121.478639,
          25.088611
        ]
      },
      "properties": {
        "brand": "統一超商",
        "city": "新北市",
        "store_name": "竹捷",
        "address": "新北市淡水區竹圍里民族路10號",
        "phone": "02-28085610",
        "lng": 121.478639,
        "lat": 25.088611,
        "district": "淡水區"
      }
    },
    {
      "type": "Feature",
      "geometry": {
        "type": "Point",
        "coordinates": [
          121.490837,
          25.07101
        ]
      },
      "properties": {
        "brand": "統一超商",
        "city": "新北市",
        "store_name": "三禾",
        "address": "新北市三重區大智街139號139之2號1樓",
        "phone": "02-29818723",
        "lng": 121.490837,
        "lat": 25.07101,
        "district": "三重區"
      }
    },
    {
      "type": "Feature",
      "geometry": {
        "type": "Point",
        "coordinates": [
          121.420625,
          25.184044
        ]
      },
      "properties": {
        "brand": "統一超商",
        "city": "新北市",
        "store_name": "淡海",
        "address": "新北市淡水區淡海路178號1樓",
        "phone": "02-28055394",
        "lng": 121.420625,
        "lat": 25.184044,
        "district": "淡水區"
      }
    },
    {
      "type": "Feature",
      "geometry": {
        "type": "Point",
        "coordinates": [
          121.438969,
          25.182552
        ]
      },
      "properties": {
        "brand": "統一超商",
        "city": "新北市",
        "store_name": "皇后",
        "address": "新北市淡水區新春街87號",
        "phone": "02-26200724",
        "lng": 121.438969,
        "lat": 25.182552,
        "district": "淡水區"
      }
    },
    {
      "type": "Feature",
      "geometry": {
        "type": "Point",
        "coordinates": [
          121.425105,
          25.026196
        ]
      },
      "properties": {
        "brand": "統一超商",
        "city": "新北市",
        "store_name": "后福",
        "address": "新北市新莊區後港一路29號",
        "phone": "02-22051513",
        "lng": 121.425105,
        "lat": 25.026196,
        "district": "新莊區"
      }
    },
    {
      "type": "Feature",
      "geometry": {
        "type": "Point",
        "coordinates": [
          121.42188,
          25.032834
        ]
      },
      "properties": {
        "brand": "統一超商",
        "city": "新北市",
        "store_name": "泰陽",
        "address": "新北市泰山區新北大道六段468號470號",
        "phone": "02-29047256",
        "lng": 121.42188,
        "lat": 25.032834,
        "district": "泰山區"
      }
    },
    {
      "type": "Feature",
      "geometry": {
        "type": "Point",
        "coordinates": [
          121.43003,
          25.031198
        ]
      },
      "properties": {
        "brand": "統一超商",
        "city": "新北市",
        "store_name": "鳳祥",
        "address": "新北市新莊區中正路708-2號",
        "phone": "02-29072129",
        "lng": 121.43003,
        "lat": 25.031198,
        "district": "新莊區"
      }
    },
    {
      "type": "Feature",
      "geometry": {
        "type": "Point",
        "coordinates": [
          121.481902,
          25.090234
        ]
      },
      "properties": {
        "brand": "統一超商",
        "city": "新北市",
        "store_name": "美禎",
        "address": "新北市蘆洲區復興路322號",
        "phone": "02-28473199",
        "lng": 121.481902,
        "lat": 25.090234,
        "district": "蘆洲區"
      }
    },
    {
      "type": "Feature",
      "geometry": {
        "type": "Point",
        "coordinates": [
          121.482749,
          25.026553
        ]
      },
      "properties": {
        "brand": "統一超商",
        "city": "新北市",
        "store_name": "勝多",
        "address": "新北市板橋區縣民大道三段270巷2-6號",
        "phone": "02-29613848",
        "lng": 121.482749,
        "lat": 25.026553,
        "district": "板橋區"
      }
    },
    {
      "type": "Feature",
      "geometry": {
        "type": "Point",
        "coordinates": [
          121.433967,
          25.031223
        ]
      },
      "properties": {
        "brand": "統一超商",
        "city": "新北市",
        "store_name": "福營",
        "address": "新北市新莊區福營里建國一路50號52號",
        "phone": "02-29013274",
        "lng": 121.433967,
        "lat": 25.031223,
        "district": "新莊區"
      }
    },
    {
      "type": "Feature",
      "geometry": {
        "type": "Point",
        "coordinates": [
          121.460374,
          25.030034
        ]
      },
      "properties": {
        "brand": "統一超商",
        "city": "新北市",
        "store_name": "富江",
        "address": "新北市板橋區長江路一段110.112號1樓",
        "phone": "02-22598087",
        "lng": 121.460374,
        "lat": 25.030034,
        "district": "板橋區"
      }
    },
    {
      "type": "Feature",
      "geometry": {
        "type": "Point",
        "coordinates": [
          121.432083,
          25.057667
        ]
      },
      "properties": {
        "brand": "統一超商",
        "city": "新北市",
        "store_name": "十八甲",
        "address": "新北市泰山區福興一街87號",
        "phone": "02-85314338",
        "lng": 121.432083,
        "lat": 25.057667,
        "district": "泰山區"
      }
    },
    {
      "type": "Feature",
      "geometry": {
        "type": "Point",
        "coordinates": [
          121.430296,
          25.053824
        ]
      },
      "properties": {
        "brand": "統一超商",
        "city": "新北市",
        "store_name": "仁泰",
        "address": "新北市泰山區明志路二段1號",
        "phone": "02-29099380",
        "lng": 121.430296,
        "lat": 25.053824,
        "district": "泰山區"
      }
    },
    {
      "type": "Feature",
      "geometry": {
        "type": "Point",
        "coordinates": [
          121.490951,
          24.989805
        ]
      },
      "properties": {
        "brand": "統一超商",
        "city": "新北市",
        "store_name": "和錦",
        "address": "新北市中和區錦和路402號404號1樓",
        "phone": "02-22435251",
        "lng": 121.490951,
        "lat": 24.989805,
        "district": "中和區"
      }
    },
    {
      "type": "Feature",
      "geometry": {
        "type": "Point",
        "coordinates": [
          121.504528,
          24.991672
        ]
      },
      "properties": {
        "brand": "統一超商",
        "city": "新北市",
        "store_name": "景山",
        "address": "新北市中和區景安路211號213號1樓",
        "phone": "02-29469062",
        "lng": 121.504528,
        "lat": 24.991672,
        "district": "中和區"
      }
    },
    {
      "type": "Feature",
      "geometry": {
        "type": "Point",
        "coordinates": [
          121.424176,
          25.063731
        ]
      },
      "properties": {
        "brand": "統一超商",
        "city": "新北市",
        "store_name": "日勝",
        "address": "新北市泰山區山腳里泰林路二段515號517號",
        "phone": "02-29090401",
        "lng": 121.424176,
        "lat": 25.063731,
        "district": "泰山區"
      }
    },
    {
      "type": "Feature",
      "geometry": {
        "type": "Point",
        "coordinates": [
          121.435284,
          25.06874
        ]
      },
      "properties": {
        "brand": "統一超商",
        "city": "新北市",
        "store_name": "欣順",
        "address": "新北市五股區成泰路一段239-9號1.2樓",
        "phone": "02-22951674",
        "lng": 121.435284,
        "lat": 25.06874,
        "district": "五股區"
      }
    },
    {
      "type": "Feature",
      "geometry": {
        "type": "Point",
        "coordinates": [
          121.510911,
          25.014085
        ]
      },
      "properties": {
        "brand": "統一超商",
        "city": "新北市",
        "store_name": "民盛",
        "address": "新北市新莊區民安東路132號1樓",
        "phone": "02-22046400",
        "lng": 121.510911,
        "lat": 25.014085,
        "district": "新莊區"
      }
    },
    {
      "type": "Feature",
      "geometry": {
        "type": "Point",
        "coordinates": [
          121.447668,
          25.034077
        ]
      },
      "properties": {
        "brand": "統一超商",
        "city": "新北市",
        "store_name": "全安",
        "address": "新北市新莊區新豐街46號.48號1樓",
        "phone": "02-22029663",
        "lng": 121.447668,
        "lat": 25.034077,
        "district": "新莊區"
      }
    },
    {
      "type": "Feature",
      "geometry": {
        "type": "Point",
        "coordinates": [
          121.493843,
          25.056307
        ]
      },
      "properties": {
        "brand": "統一超商",
        "city": "新北市",
        "store_name": "里春",
        "address": "新北市三重區中正南路125、127號1樓",
        "phone": "02-29741095",
        "lng": 121.493843,
        "lat": 25.056307,
        "district": "三重區"
      }
    },
    {
      "type": "Feature",
      "geometry": {
        "type": "Point",
        "coordinates": [
          121.50296,
          25.062682
        ]
      },
      "properties": {
        "brand": "統一超商",
        "city": "新北市",
        "store_name": "環德",
        "address": "新北市三重區福德南路38號1樓",
        "phone": "02-29769304",
        "lng": 121.50296,
        "lat": 25.062682,
        "district": "三重區"
      }
    },
    {
      "type": "Feature",
      "geometry": {
        "type": "Point",
        "coordinates": [
          121.416279,
          24.982376
        ]
      },
      "properties": {
        "brand": "統一超商",
        "city": "新北市",
        "store_name": "樹東",
        "address": "新北市樹林區東榮街91巷2弄2、4號1樓",
        "phone": "02-86869571",
        "lng": 121.416279,
        "lat": 24.982376,
        "district": "樹林區"
      }
    },
    {
      "type": "Feature",
      "geometry": {
        "type": "Point",
        "coordinates": [
          121.425632,
          25.021722
        ]
      },
      "properties": {
        "brand": "統一超商",
        "city": "新北市",
        "store_name": "林宏",
        "address": "新北市新莊區成功街1號",
        "phone": "02-22036415",
        "lng": 121.425632,
        "lat": 25.021722,
        "district": "新莊區"
      }
    },
    {
      "type": "Feature",
      "geometry": {
        "type": "Point",
        "coordinates": [
          121.428752,
          25.02706
        ]
      },
      "properties": {
        "brand": "統一超商",
        "city": "新北市",
        "store_name": "新宏盛",
        "address": "新北市新莊區後港一路114號",
        "phone": "02-22064537",
        "lng": 121.428752,
        "lat": 25.02706,
        "district": "新莊區"
      }
    },
    {
      "type": "Feature",
      "geometry": {
        "type": "Point",
        "coordinates": [
          121.44743,
          25.049295
        ]
      },
      "properties": {
        "brand": "統一超商",
        "city": "新北市",
        "store_name": "幸和",
        "address": "新北市新莊區中和街174號176號1樓",
        "phone": "02-22771851",
        "lng": 121.44743,
        "lat": 25.049295,
        "district": "新莊區"
      }
    },
    {
      "type": "Feature",
      "geometry": {
        "type": "Point",
        "coordinates": [
          121.497592,
          25.062709
        ]
      },
      "properties": {
        "brand": "統一超商",
        "city": "新北市",
        "store_name": "義北",
        "address": "新北市三重區正義北路8號1樓",
        "phone": "02-29812234",
        "lng": 121.497592,
        "lat": 25.062709,
        "district": "三重區"
      }
    },
    {
      "type": "Feature",
      "geometry": {
        "type": "Point",
        "coordinates": [
          121.457977,
          25.050647
        ]
      },
      "properties": {
        "brand": "統一超商",
        "city": "新北市",
        "store_name": "昌福",
        "address": "新北市新莊區福壽街101號1樓",
        "phone": "02-29906614",
        "lng": 121.457977,
        "lat": 25.050647,
        "district": "新莊區"
      }
    },
    {
      "type": "Feature",
      "geometry": {
        "type": "Point",
        "coordinates": [
          121.45737,
          25.008688
        ]
      },
      "properties": {
        "brand": "統一超商",
        "city": "新北市",
        "store_name": "坤耀",
        "address": "新北市板橋區南門街39號1F",
        "phone": "02-22723226",
        "lng": 121.45737,
        "lat": 25.008688,
        "district": "板橋區"
      }
    },
    {
      "type": "Feature",
      "geometry": {
        "type": "Point",
        "coordinates": [
          121.442941,
          25.086358
        ]
      },
      "properties": {
        "brand": "統一超商",
        "city": "新北市",
        "store_name": "垶岳",
        "address": "新北市五股區新五路二段281號1樓及夾層",
        "phone": "02-22951274",
        "lng": 121.442941,
        "lat": 25.086358,
        "district": "五股區"
      }
    },
    {
      "type": "Feature",
      "geometry": {
        "type": "Point",
        "coordinates": [
          121.432272,
          25.054853
        ]
      },
      "properties": {
        "brand": "統一超商",
        "city": "新北市",
        "store_name": "公園賞",
        "address": "新北市泰山區仁愛路66號",
        "phone": "02-85315095",
        "lng": 121.432272,
        "lat": 25.054853,
        "district": "泰山區"
      }
    },
    {
      "type": "Feature",
      "geometry": {
        "type": "Point",
        "coordinates": [
          121.450064,
          25.033565
        ]
      },
      "properties": {
        "brand": "統一超商",
        "city": "新北市",
        "store_name": "武聖廟",
        "address": "新北市新莊區新莊路437號1樓",
        "phone": "02-89928410",
        "lng": 121.450064,
        "lat": 25.033565,
        "district": "新莊區"
      }
    },
    {
      "type": "Feature",
      "geometry": {
        "type": "Point",
        "coordinates": [
          121.427202,
          25.025902
        ]
      },
      "properties": {
        "brand": "統一超商",
        "city": "新北市",
        "store_name": "後港",
        "address": "新北市新莊區後港一路76巷14弄1號1樓",
        "phone": "02-22040529",
        "lng": 121.427202,
        "lat": 25.025902,
        "district": "新莊區"
      }
    },
    {
      "type": "Feature",
      "geometry": {
        "type": "Point",
        "coordinates": [
          121.447829,
          25.08516
        ]
      },
      "properties": {
        "brand": "統一超商",
        "city": "新北市",
        "store_name": "水碓",
        "address": "新北市五股區水碓路14號1樓、16巷2號1樓",
        "phone": "02-22917335",
        "lng": 121.447829,
        "lat": 25.08516,
        "district": "五股區"
      }
    },
    {
      "type": "Feature",
      "geometry": {
        "type": "Point",
        "coordinates": [
          121.430063,
          25.069521
        ]
      },
      "properties": {
        "brand": "統一超商",
        "city": "新北市",
        "store_name": "登福",
        "address": "新北市五股區登林路76之3號",
        "phone": "02-82952765",
        "lng": 121.430063,
        "lat": 25.069521,
        "district": "五股區"
      }
    },
    {
      "type": "Feature",
      "geometry": {
        "type": "Point",
        "coordinates": [
          121.518407,
          24.969144
        ]
      },
      "properties": {
        "brand": "統一超商",
        "city": "新北市",
        "store_name": "新安和",
        "address": "新北市新店區安和路二段89號91號",
        "phone": "02-22117680",
        "lng": 121.518407,
        "lat": 24.969144,
        "district": "新店區"
      }
    },
    {
      "type": "Feature",
      "geometry": {
        "type": "Point",
        "coordinates": [
          121.805903,
          25.108193
        ]
      },
      "properties": {
        "brand": "統一超商",
        "city": "新北市",
        "store_name": "瑞明",
        "address": "新北市瑞芳區明燈路三段86號1樓2樓",
        "phone": "02-24061545",
        "lng": 121.805903,
        "lat": 25.108193,
        "district": "瑞芳區"
      }
    },
    {
      "type": "Feature",
      "geometry": {
        "type": "Point",
        "coordinates": [
          121.515278,
          24.993163
        ]
      },
      "properties": {
        "brand": "統一超商",
        "city": "新北市",
        "store_name": "天城",
        "address": "新北市中和區景平路240巷1弄4號",
        "phone": "02-29484876",
        "lng": 121.515278,
        "lat": 24.993163,
        "district": "中和區"
      }
    },
    {
      "type": "Feature",
      "geometry": {
        "type": "Point",
        "coordinates": [
          121.492646,
          25.078666
        ]
      },
      "properties": {
        "brand": "統一超商",
        "city": "新北市",
        "store_name": "高仁",
        "address": "新北市三重區仁愛街274號",
        "phone": "02-29875145",
        "lng": 121.492646,
        "lat": 25.078666,
        "district": "三重區"
      }
    },
    {
      "type": "Feature",
      "geometry": {
        "type": "Point",
        "coordinates": [
          121.538332,
          24.983052
        ]
      },
      "properties": {
        "brand": "統一超商",
        "city": "新北市",
        "store_name": "權強",
        "address": "新北市新店區民權路68號",
        "phone": "02-29184208",
        "lng": 121.538332,
        "lat": 24.983052,
        "district": "新店區"
      }
    },
    {
      "type": "Feature",
      "geometry": {
        "type": "Point",
        "coordinates": [
          121.445415,
          25.168902
        ]
      },
      "properties": {
        "brand": "統一超商",
        "city": "新北市",
        "store_name": "淡水",
        "address": "新北市淡水區中正東路3號",
        "phone": "02-26233091",
        "lng": 121.445415,
        "lat": 25.168902,
        "district": "淡水區"
      }
    },
    {
      "type": "Feature",
      "geometry": {
        "type": "Point",
        "coordinates": [
          121.426426,
          25.024568
        ]
      },
      "properties": {
        "brand": "統一超商",
        "city": "新北市",
        "store_name": "傑出",
        "address": "新北市新莊區昌平街61號63號1樓",
        "phone": "02-29920278",
        "lng": 121.426426,
        "lat": 25.024568,
        "district": "新莊區"
      }
    },
    {
      "type": "Feature",
      "geometry": {
        "type": "Point",
        "coordinates": [
          121.443855,
          25.056184
        ]
      },
      "properties": {
        "brand": "統一超商",
        "city": "新北市",
        "store_name": "中央",
        "address": "新北市新莊區中平路439號B1樓",
        "phone": "02-85217131",
        "lng": 121.443855,
        "lat": 25.056184,
        "district": "新莊區"
      }
    },
    {
      "type": "Feature",
      "geometry": {
        "type": "Point",
        "coordinates": [
          121.379944,
          25.073896
        ]
      },
      "properties": {
        "brand": "統一超商",
        "city": "新北市",
        "store_name": "林旺",
        "address": "新北市林口區仁愛路二段196號1樓",
        "phone": "02-86019016",
        "lng": 121.379944,
        "lat": 25.073896,
        "district": "林口區"
      }
    },
    {
      "type": "Feature",
      "geometry": {
        "type": "Point",
        "coordinates": [
          121.425555,
          25.044952
        ]
      },
      "properties": {
        "brand": "統一超商",
        "city": "新北市",
        "store_name": "明泰",
        "address": "新北市泰山區明志路二段366號368號1樓",
        "phone": "02-29047697",
        "lng": 121.425555,
        "lat": 25.044952,
        "district": "泰山區"
      }
    },
    {
      "type": "Feature",
      "geometry": {
        "type": "Point",
        "coordinates": [
          121.49634,
          25.058398
        ]
      },
      "properties": {
        "brand": "統一超商",
        "city": "新北市",
        "store_name": "興光",
        "address": "新北市三重區大同南路220號",
        "phone": "02-29763955",
        "lng": 121.49634,
        "lat": 25.058398,
        "district": "三重區"
      }
    },
    {
      "type": "Feature",
      "geometry": {
        "type": "Point",
        "coordinates": [
          121.540026,
          24.968108
        ]
      },
      "properties": {
        "brand": "統一超商",
        "city": "新北市",
        "store_name": "華晟",
        "address": "新北市三峽區中華路38之1號38之2號1樓",
        "phone": "02-86720824",
        "lng": 121.540026,
        "lat": 24.968108,
        "district": "三峽區"
      }
    },
    {
      "type": "Feature",
      "geometry": {
        "type": "Point",
        "coordinates": [
          121.465429,
          25.044661
        ]
      },
      "properties": {
        "brand": "統一超商",
        "city": "新北市",
        "store_name": "新茂",
        "address": "新北市新莊區化成路118號120號",
        "phone": "02-29900950",
        "lng": 121.465429,
        "lat": 25.044661,
        "district": "新莊區"
      }
    },
    {
      "type": "Feature",
      "geometry": {
        "type": "Point",
        "coordinates": [
          121.452392,
          25.049372
        ]
      },
      "properties": {
        "brand": "統一超商",
        "city": "新北市",
        "store_name": "福港",
        "address": "新北市新莊區中港路390號",
        "phone": "02-29977091",
        "lng": 121.452392,
        "lat": 25.049372,
        "district": "新莊區"
      }
    },
    {
      "type": "Feature",
      "geometry": {
        "type": "Point",
        "coordinates": [
          121.533918,
          24.982973
        ]
      },
      "properties": {
        "brand": "統一超商",
        "city": "新北市",
        "store_name": "正民",
        "address": "新北市新店區中正路508號1樓",
        "phone": "02-82193475",
        "lng": 121.533918,
        "lat": 24.982973,
        "district": "新店區"
      }
    },
    {
      "type": "Feature",
      "geometry": {
        "type": "Point",
        "coordinates": [
          121.418578,
          24.98892
        ]
      },
      "properties": {
        "brand": "統一超商",
        "city": "新北市",
        "store_name": "綺華",
        "address": "新北市樹林區復興路369.371號1樓",
        "phone": "02-26839499",
        "lng": 121.418578,
        "lat": 24.98892,
        "district": "樹林區"
      }
    },
    {
      "type": "Feature",
      "geometry": {
        "type": "Point",
        "coordinates": [
          121.516076,
          24.96915
        ]
      },
      "properties": {
        "brand": "統一超商",
        "city": "新北市",
        "store_name": "安民",
        "address": "新北市新店區安民街133巷9號11號",
        "phone": "02-86666260",
        "lng": 121.516076,
        "lat": 24.96915,
        "district": "新店區"
      }
    },
    {
      "type": "Feature",
      "geometry": {
        "type": "Point",
        "coordinates": [
          121.496905,
          25.002092
        ]
      },
      "properties": {
        "brand": "統一超商",
        "city": "新北市",
        "store_name": "環和",
        "address": "新北市中和區中山路二段269號1樓2樓",
        "phone": "02-22432839",
        "lng": 121.496905,
        "lat": 25.002092,
        "district": "中和區"
      }
    },
    {
      "type": "Feature",
      "geometry": {
        "type": "Point",
        "coordinates": [
          121.47428,
          25.022616
        ]
      },
      "properties": {
        "brand": "統一超商",
        "city": "新北市",
        "store_name": "萬板",
        "address": "新北市板橋區莒光路221號223號",
        "phone": "02-22519201",
        "lng": 121.47428,
        "lat": 25.022616,
        "district": "板橋區"
      }
    },
    {
      "type": "Feature",
      "geometry": {
        "type": "Point",
        "coordinates": [
          121.458848,
          24.973376
        ]
      },
      "properties": {
        "brand": "統一超商",
        "city": "新北市",
        "store_name": "青雲",
        "address": "新北市土城區青雲路499號501號",
        "phone": "02-22742215",
        "lng": 121.458848,
        "lat": 24.973376,
        "district": "土城區"
      }
    },
    {
      "type": "Feature",
      "geometry": {
        "type": "Point",
        "coordinates": [
          121.446095,
          25.057647
        ]
      },
      "properties": {
        "brand": "統一超商",
        "city": "新北市",
        "store_name": "都峰苑",
        "address": "新北市新莊區中央路686號1樓",
        "phone": "02-85218624",
        "lng": 121.446095,
        "lat": 25.057647,
        "district": "新莊區"
      }
    },
    {
      "type": "Feature",
      "geometry": {
        "type": "Point",
        "coordinates": [
          121.453279,
          25.106424
        ]
      },
      "properties": {
        "brand": "統一超商",
        "city": "新北市",
        "store_name": "泰里",
        "address": "新北市五股區成泰路四段12號1樓",
        "phone": "02-82927574",
        "lng": 121.453279,
        "lat": 25.106424,
        "district": "五股區"
      }
    },
    {
      "type": "Feature",
      "geometry": {
        "type": "Point",
        "coordinates": [
          121.412904,
          24.961244
        ]
      },
      "properties": {
        "brand": "統一超商",
        "city": "新北市",
        "store_name": "中山二",
        "address": "新北市土城區中山路3號B1樓",
        "phone": "02-22695891",
        "lng": 121.412904,
        "lat": 24.961244,
        "district": "土城區"
      }
    },
    {
      "type": "Feature",
      "geometry": {
        "type": "Point",
        "coordinates": [
          121.495234,
          24.946658
        ]
      },
      "properties": {
        "brand": "統一超商",
        "city": "新北市",
        "store_name": "玫瑰",
        "address": "新北市新店區玫瑰路58巷4號地下室",
        "phone": "02-22145677",
        "lng": 121.495234,
        "lat": 24.946658,
        "district": "新店區"
      }
    },
    {
      "type": "Feature",
      "geometry": {
        "type": "Point",
        "coordinates": [
          121.499591,
          25.076037
        ]
      },
      "properties": {
        "brand": "統一超商",
        "city": "新北市",
        "store_name": "仁盛",
        "address": "新北市三重區仁興街39巷14之6.14之7.14之8號",
        "phone": "02-29764336",
        "lng": 121.499591,
        "lat": 25.076037,
        "district": "三重區"
      }
    },
    {
      "type": "Feature",
      "geometry": {
        "type": "Point",
        "coordinates": [
          121.492928,
          24.952769
        ]
      },
      "properties": {
        "brand": "統一超商",
        "city": "新北市",
        "store_name": "康曜",
        "address": "新北市新店區安康路三段41號1樓",
        "phone": "02-22158391",
        "lng": 121.492928,
        "lat": 24.952769,
        "district": "新店區"
      }
    },
    {
      "type": "Feature",
      "geometry": {
        "type": "Point",
        "coordinates": [
          121.373751,
          25.07876
        ]
      },
      "properties": {
        "brand": "統一超商",
        "city": "新北市",
        "store_name": "旺來",
        "address": "新北市林口區文化三路二段20號1樓",
        "phone": "02-86014442",
        "lng": 121.373751,
        "lat": 25.07876,
        "district": "林口區"
      }
    },
    {
      "type": "Feature",
      "geometry": {
        "type": "Point",
        "coordinates": [
          121.490162,
          25.085289
        ]
      },
      "properties": {
        "brand": "統一超商",
        "city": "新北市",
        "store_name": "重華",
        "address": "新北市三重區五華街181號185號1樓",
        "phone": "02-28579451",
        "lng": 121.490162,
        "lat": 25.085289,
        "district": "三重區"
      }
    },
    {
      "type": "Feature",
      "geometry": {
        "type": "Point",
        "coordinates": [
          121.518944,
          25.045547
        ]
      },
      "properties": {
        "brand": "統一超商",
        "city": "新北市",
        "store_name": "赫騰",
        "address": "新北市新莊區思源路593巷6弄23號1+2樓",
        "phone": "02-85211834",
        "lng": 121.518944,
        "lat": 25.045547,
        "district": "新莊區"
      }
    },
    {
      "type": "Feature",
      "geometry": {
        "type": "Point",
        "coordinates": [
          121.37888,
          25.068322
        ]
      },
      "properties": {
        "brand": "統一超商",
        "city": "新北市",
        "store_name": "忠柯",
        "address": "新北市林口區忠孝路642號",
        "phone": "02-26080054",
        "lng": 121.37888,
        "lat": 25.068322,
        "district": "林口區"
      }
    },
    {
      "type": "Feature",
      "geometry": {
        "type": "Point",
        "coordinates": [
          121.636326,
          25.06636
        ]
      },
      "properties": {
        "brand": "統一超商",
        "city": "新北市",
        "store_name": "福百",
        "address": "新北市汐止區福德一路161號163號1樓",
        "phone": "02-26933348",
        "lng": 121.636326,
        "lat": 25.06636,
        "district": "汐止區"
      }
    },
    {
      "type": "Feature",
      "geometry": {
        "type": "Point",
        "coordinates": [
          121.621101,
          25.045373
        ]
      },
      "properties": {
        "brand": "統一超商",
        "city": "新北市",
        "store_name": "埔昇",
        "address": "新北市深坑區埔新街63號65號1樓",
        "phone": "02-26645677",
        "lng": 121.621101,
        "lat": 25.045373,
        "district": "深坑區"
      }
    },
    {
      "type": "Feature",
      "geometry": {
        "type": "Point",
        "coordinates": [
          121.684814,
          25.176547
        ]
      },
      "properties": {
        "brand": "統一超商",
        "city": "新北市",
        "store_name": "北基",
        "address": "新北市萬里區忠六街2號3號1樓",
        "phone": "02-24924550",
        "lng": 121.684814,
        "lat": 25.176547,
        "district": "萬里區"
      }
    },
    {
      "type": "Feature",
      "geometry": {
        "type": "Point",
        "coordinates": [
          121.526787,
          24.979746
        ]
      },
      "properties": {
        "brand": "統一超商",
        "city": "新北市",
        "store_name": "新店寶",
        "address": "新北市新店區央北二路61、63、65號",
        "phone": "02-22183693",
        "lng": 121.526787,
        "lat": 24.979746,
        "district": "新店區"
      }
    },
    {
      "type": "Feature",
      "geometry": {
        "type": "Point",
        "coordinates": [
          121.506474,
          25.007144
        ]
      },
      "properties": {
        "brand": "統一超商",
        "city": "新北市",
        "store_name": "保生",
        "address": "新北市永和區保安里保生路1號1樓",
        "phone": "02-22314015",
        "lng": 121.506474,
        "lat": 25.007144,
        "district": "永和區"
      }
    },
    {
      "type": "Feature",
      "geometry": {
        "type": "Point",
        "coordinates": [
          121.543262,
          24.975408
        ]
      },
      "properties": {
        "brand": "統一超商",
        "city": "新北市",
        "store_name": "七張站",
        "address": "新北市新店區北新路二段152巷2號",
        "phone": "02-89147446",
        "lng": 121.543262,
        "lat": 24.975408,
        "district": "新店區"
      }
    },
    {
      "type": "Feature",
      "geometry": {
        "type": "Point",
        "coordinates": [
          121.510757,
          25.002113
        ]
      },
      "properties": {
        "brand": "統一超商",
        "city": "新北市",
        "store_name": "日福",
        "address": "新北市中和區中和路380號",
        "phone": "02-29209816",
        "lng": 121.510757,
        "lat": 25.002113,
        "district": "中和區"
      }
    },
    {
      "type": "Feature",
      "geometry": {
        "type": "Point",
        "coordinates": [
          121.52601,
          24.991052
        ]
      },
      "properties": {
        "brand": "統一超商",
        "city": "新北市",
        "store_name": "秀景",
        "address": "新北市中和區成功路115號117號",
        "phone": "02-29438436",
        "lng": 121.52601,
        "lat": 24.991052,
        "district": "中和區"
      }
    },
    {
      "type": "Feature",
      "geometry": {
        "type": "Point",
        "coordinates": [
          121.479468,
          24.962043
        ]
      },
      "properties": {
        "brand": "統一超商",
        "city": "新北市",
        "store_name": "益嘉",
        "address": "新北市新店區安祥路101號103之1號1樓",
        "phone": "02-22008219",
        "lng": 121.479468,
        "lat": 24.962043,
        "district": "新店區"
      }
    },
    {
      "type": "Feature",
      "geometry": {
        "type": "Point",
        "coordinates": [
          121.546292,
          24.977831
        ]
      },
      "properties": {
        "brand": "統一超商",
        "city": "新北市",
        "store_name": "裕隆城",
        "address": "新北市新店區中興路三段70號",
        "phone": "02-89145047",
        "lng": 121.546292,
        "lat": 24.977831,
        "district": "新店區"
      }
    },
    {
      "type": "Feature",
      "geometry": {
        "type": "Point",
        "coordinates": [
          121.491595,
          24.951972
        ]
      },
      "properties": {
        "brand": "統一超商",
        "city": "新北市",
        "store_name": "新店雙城",
        "address": "新北市新店區安康路三段96號",
        "phone": "02-22151078",
        "lng": 121.491595,
        "lat": 24.951972,
        "district": "新店區"
      }
    },
    {
      "type": "Feature",
      "geometry": {
        "type": "Point",
        "coordinates": [
          121.549669,
          25.035061
        ]
      },
      "properties": {
        "brand": "統一超商",
        "city": "新北市",
        "store_name": "麗金",
        "address": "新北市永和區成功路一段85號1樓",
        "phone": "02-29267956",
        "lng": 121.549669,
        "lat": 25.035061,
        "district": "永和區"
      }
    },
    {
      "type": "Feature",
      "geometry": {
        "type": "Point",
        "coordinates": [
          121.53727,
          24.961724
        ]
      },
      "properties": {
        "brand": "統一超商",
        "city": "新北市",
        "store_name": "天闊",
        "address": "新北市新店區環河路16號1樓",
        "phone": "02-89123449",
        "lng": 121.53727,
        "lat": 24.961724,
        "district": "新店區"
      }
    },
    {
      "type": "Feature",
      "geometry": {
        "type": "Point",
        "coordinates": [
          121.761808,
          25.100779
        ]
      },
      "properties": {
        "brand": "統一超商",
        "city": "新北市",
        "store_name": "新建興",
        "address": "新北市瑞芳區大埔路138號",
        "phone": "02-24570184",
        "lng": 121.761808,
        "lat": 25.100779,
        "district": "瑞芳區"
      }
    },
    {
      "type": "Feature",
      "geometry": {
        "type": "Point",
        "coordinates": [
          121.558949,
          24.954266
        ]
      },
      "properties": {
        "brand": "統一超商",
        "city": "新北市",
        "store_name": "北宜",
        "address": "新北市新店區北宜路二段82-2號82-3號1樓",
        "phone": "02-22174891",
        "lng": 121.558949,
        "lat": 24.954266,
        "district": "新店區"
      }
    },
    {
      "type": "Feature",
      "geometry": {
        "type": "Point",
        "coordinates": [
          121.645655,
          25.060953
        ]
      },
      "properties": {
        "brand": "統一超商",
        "city": "新北市",
        "store_name": "遠東",
        "address": "新北市汐止區新台五路一段75號1樓之2",
        "phone": "02-86981019",
        "lng": 121.645655,
        "lat": 25.060953,
        "district": "汐止區"
      }
    },
    {
      "type": "Feature",
      "geometry": {
        "type": "Point",
        "coordinates": [
          121.449399,
          25.03897
        ]
      },
      "properties": {
        "brand": "統一超商",
        "city": "新北市",
        "store_name": "建中",
        "address": "新北市新莊區建中街6號8號",
        "phone": "02-29961326",
        "lng": 121.449399,
        "lat": 25.03897,
        "district": "新莊區"
      }
    },
    {
      "type": "Feature",
      "geometry": {
        "type": "Point",
        "coordinates": [
          121.537434,
          24.974654
        ]
      },
      "properties": {
        "brand": "統一超商",
        "city": "新北市",
        "store_name": "百和",
        "address": "新北市新店區中正路306號308號1樓",
        "phone": "02-29128626",
        "lng": 121.537434,
        "lat": 24.974654,
        "district": "新店區"
      }
    },
    {
      "type": "Feature",
      "geometry": {
        "type": "Point",
        "coordinates": [
          121.50777,
          24.979925
        ]
      },
      "properties": {
        "brand": "統一超商",
        "city": "新北市",
        "store_name": "華夏",
        "address": "新北市中和區工專路110號112號1樓112號2樓",
        "phone": "02-89434958",
        "lng": 121.50777,
        "lat": 24.979925,
        "district": "中和區"
      }
    },
    {
      "type": "Feature",
      "geometry": {
        "type": "Point",
        "coordinates": [
          121.514661,
          24.990221
        ]
      },
      "properties": {
        "brand": "統一超商",
        "city": "新北市",
        "store_name": "中景",
        "address": "新北市中和區景新街383巷66號68號1樓",
        "phone": "02-29471525",
        "lng": 121.514661,
        "lat": 24.990221,
        "district": "中和區"
      }
    },
    {
      "type": "Feature",
      "geometry": {
        "type": "Point",
        "coordinates": [
          121.446565,
          25.030471
        ]
      },
      "properties": {
        "brand": "統一超商",
        "city": "新北市",
        "store_name": "莊年",
        "address": "新北市新莊區豐年街55號之8、55之9號",
        "phone": "02-22049926",
        "lng": 121.446565,
        "lat": 25.030471,
        "district": "新莊區"
      }
    },
    {
      "type": "Feature",
      "geometry": {
        "type": "Point",
        "coordinates": [
          121.414826,
          24.960352
        ]
      },
      "properties": {
        "brand": "統一超商",
        "city": "新北市",
        "store_name": "民生廠",
        "address": "新北市土城區民生街4號1樓",
        "phone": "02-22677917",
        "lng": 121.414826,
        "lat": 24.960352,
        "district": "土城區"
      }
    },
    {
      "type": "Feature",
      "geometry": {
        "type": "Point",
        "coordinates": [
          121.654123,
          25.058588
        ]
      },
      "properties": {
        "brand": "統一超商",
        "city": "新北市",
        "store_name": "汐水",
        "address": "新北市汐止區水源路一段272號274號一樓",
        "phone": "02-26489175",
        "lng": 121.654123,
        "lat": 25.058588,
        "district": "汐止區"
      }
    },
    {
      "type": "Feature",
      "geometry": {
        "type": "Point",
        "coordinates": [
          121.417886,
          24.979136
        ]
      },
      "properties": {
        "brand": "統一超商",
        "city": "新北市",
        "store_name": "太順",
        "address": "新北市樹林區太順街49巷2號",
        "phone": "02-86847720",
        "lng": 121.417886,
        "lat": 24.979136,
        "district": "樹林區"
      }
    },
    {
      "type": "Feature",
      "geometry": {
        "type": "Point",
        "coordinates": [
          121.457857,
          25.051888
        ]
      },
      "properties": {
        "brand": "統一超商",
        "city": "新北市",
        "store_name": "福壽",
        "address": "新北市新莊區福壽街140號",
        "phone": "02-22761740",
        "lng": 121.457857,
        "lat": 25.051888,
        "district": "新莊區"
      }
    },
    {
      "type": "Feature",
      "geometry": {
        "type": "Point",
        "coordinates": [
          121.413491,
          25.011817
        ]
      },
      "properties": {
        "brand": "統一超商",
        "city": "新北市",
        "store_name": "樹躍",
        "address": "新北市樹林區中正路438號.440號",
        "phone": "02-86887073",
        "lng": 121.413491,
        "lat": 25.011817,
        "district": "樹林區"
      }
    },
    {
      "type": "Feature",
      "geometry": {
        "type": "Point",
        "coordinates": [
          121.493818,
          25.078746
        ]
      },
      "properties": {
        "brand": "統一超商",
        "city": "新北市",
        "store_name": "竑嘉",
        "address": "新北市三重區仁愛街32號之1",
        "phone": "02-29752331",
        "lng": 121.493818,
        "lat": 25.078746,
        "district": "三重區"
      }
    },
    {
      "type": "Feature",
      "geometry": {
        "type": "Point",
        "coordinates": [
          121.640748,
          25.060917
        ]
      },
      "properties": {
        "brand": "統一超商",
        "city": "新北市",
        "store_name": "聯合報",
        "address": "新北市汐止區大同路一段369號1樓",
        "phone": "02-26484793",
        "lng": 121.640748,
        "lat": 25.060917,
        "district": "汐止區"
      }
    },
    {
      "type": "Feature",
      "geometry": {
        "type": "Point",
        "coordinates": [
          121.494584,
          25.068217
        ]
      },
      "properties": {
        "brand": "統一超商",
        "city": "新北市",
        "store_name": "雙福",
        "address": "新北市三重區雙園街57巷2.4號",
        "phone": "02-29824882",
        "lng": 121.494584,
        "lat": 25.068217,
        "district": "三重區"
      }
    },
    {
      "type": "Feature",
      "geometry": {
        "type": "Point",
        "coordinates": [
          121.483892,
          24.998851
        ]
      },
      "properties": {
        "brand": "統一超商",
        "city": "新北市",
        "store_name": "新生",
        "address": "新北市中和區新生街243號245號1樓",
        "phone": "02-22225809",
        "lng": 121.483892,
        "lat": 24.998851,
        "district": "中和區"
      }
    },
    {
      "type": "Feature",
      "geometry": {
        "type": "Point",
        "coordinates": [
          121.538447,
          24.959178
        ]
      },
      "properties": {
        "brand": "統一超商",
        "city": "新北市",
        "store_name": "能仁",
        "address": "新北市新店區光明街38號",
        "phone": "02-29106181",
        "lng": 121.538447,
        "lat": 24.959178,
        "district": "新店區"
      }
    },
    {
      "type": "Feature",
      "geometry": {
        "type": "Point",
        "coordinates": [
          121.37779,
          25.084183
        ]
      },
      "properties": {
        "brand": "統一超商",
        "city": "新北市",
        "store_name": "幸福市",
        "address": "新北市林口區文化三路二段302號1樓",
        "phone": "02-26022319",
        "lng": 121.37779,
        "lat": 25.084183,
        "district": "林口區"
      }
    },
    {
      "type": "Feature",
      "geometry": {
        "type": "Point",
        "coordinates": [
          121.944521,
          25.01677
        ]
      },
      "properties": {
        "brand": "統一超商",
        "city": "新北市",
        "store_name": "新福隆",
        "address": "新北市貢寮區福隆里興隆街24之1號1樓",
        "phone": "02-24992350",
        "lng": 121.944521,
        "lat": 25.01677,
        "district": "貢寮區"
      }
    },
    {
      "type": "Feature",
      "geometry": {
        "type": "Point",
        "coordinates": [
          121.642596,
          25.067329
        ]
      },
      "properties": {
        "brand": "統一超商",
        "city": "新北市",
        "store_name": "樟福",
        "address": "新北市汐止區樟樹一路256號258號1樓",
        "phone": "02-26434449",
        "lng": 121.642596,
        "lat": 25.067329,
        "district": "汐止區"
      }
    },
    {
      "type": "Feature",
      "geometry": {
        "type": "Point",
        "coordinates": [
          121.662267,
          25.072467
        ]
      },
      "properties": {
        "brand": "統一超商",
        "city": "新北市",
        "store_name": "旭泰",
        "address": "新北市汐止區建成路57巷1號3號",
        "phone": "02-26414436",
        "lng": 121.662267,
        "lat": 25.072467,
        "district": "汐止區"
      }
    },
    {
      "type": "Feature",
      "geometry": {
        "type": "Point",
        "coordinates": [
          121.387491,
          25.082469
        ]
      },
      "properties": {
        "brand": "統一超商",
        "city": "新北市",
        "store_name": "佳林",
        "address": "新北市林口區林口路197號",
        "phone": "02-26020865",
        "lng": 121.387491,
        "lat": 25.082469,
        "district": "林口區"
      }
    },
    {
      "type": "Feature",
      "geometry": {
        "type": "Point",
        "coordinates": [
          121.658147,
          25.061029
        ]
      },
      "properties": {
        "brand": "統一超商",
        "city": "新北市",
        "store_name": "青山",
        "address": "新北市汐止區新興路83-2號",
        "phone": "02-86423480",
        "lng": 121.658147,
        "lat": 25.061029,
        "district": "汐止區"
      }
    },
    {
      "type": "Feature",
      "geometry": {
        "type": "Point",
        "coordinates": [
          121.379029,
          25.09359
        ]
      },
      "properties": {
        "brand": "統一超商",
        "city": "新北市",
        "store_name": "丰富",
        "address": "新北市林口區中華路511號1樓",
        "phone": "02-86019001",
        "lng": 121.379029,
        "lat": 25.09359,
        "district": "林口區"
      }
    },
    {
      "type": "Feature",
      "geometry": {
        "type": "Point",
        "coordinates": [
          121.371172,
          25.079567
        ]
      },
      "properties": {
        "brand": "統一超商",
        "city": "新北市",
        "store_name": "仁仁愛",
        "address": "新北市林口區仁愛路二段634號636號1樓",
        "phone": "02-26088149",
        "lng": 121.371172,
        "lat": 25.079567,
        "district": "林口區"
      }
    },
    {
      "type": "Feature",
      "geometry": {
        "type": "Point",
        "coordinates": [
          121.654757,
          25.071714
        ]
      },
      "properties": {
        "brand": "統一超商",
        "city": "新北市",
        "store_name": "新盛昌",
        "address": "新北市汐止區長江街13巷1號",
        "phone": "02-26486529",
        "lng": 121.654757,
        "lat": 25.071714,
        "district": "汐止區"
      }
    },
    {
      "type": "Feature",
      "geometry": {
        "type": "Point",
        "coordinates": [
          121.805272,
          25.107102
        ]
      },
      "properties": {
        "brand": "統一超商",
        "city": "新北市",
        "store_name": "瑞信",
        "address": "新北市瑞芳區民生街23號1樓",
        "phone": "02-24063884",
        "lng": 121.805272,
        "lat": 25.107102,
        "district": "瑞芳區"
      }
    },
    {
      "type": "Feature",
      "geometry": {
        "type": "Point",
        "coordinates": [
          121.40018,
          25.07724
        ]
      },
      "properties": {
        "brand": "統一超商",
        "city": "新北市",
        "store_name": "工林",
        "address": "新北市林口區工六路76號",
        "phone": "02-26012135",
        "lng": 121.40018,
        "lat": 25.07724,
        "district": "林口區"
      }
    },
    {
      "type": "Feature",
      "geometry": {
        "type": "Point",
        "coordinates": [
          121.500013,
          25.062254
        ]
      },
      "properties": {
        "brand": "統一超商",
        "city": "新北市",
        "store_name": "文興",
        "address": "新北市三重區文化南路7號",
        "phone": "02-89727842",
        "lng": 121.500013,
        "lat": 25.062254,
        "district": "三重區"
      }
    },
    {
      "type": "Feature",
      "geometry": {
        "type": "Point",
        "coordinates": [
          121.488064,
          25.072257
        ]
      },
      "properties": {
        "brand": "統一超商",
        "city": "新北市",
        "store_name": "鑫強",
        "address": "新北市三重區自強路三段30號32號",
        "phone": "02-29869271",
        "lng": 121.488064,
        "lat": 25.072257,
        "district": "三重區"
      }
    },
    {
      "type": "Feature",
      "geometry": {
        "type": "Point",
        "coordinates": [
          121.36973,
          24.934212
        ]
      },
      "properties": {
        "brand": "統一超商",
        "city": "新北市",
        "store_name": "山富",
        "address": "新北市三峽區中山路9號1.2樓",
        "phone": "02-86714574",
        "lng": 121.36973,
        "lat": 24.934212,
        "district": "三峽區"
      }
    },
    {
      "type": "Feature",
      "geometry": {
        "type": "Point",
        "coordinates": [
          121.376493,
          24.943563
        ]
      },
      "properties": {
        "brand": "統一超商",
        "city": "新北市",
        "store_name": "學鼎",
        "address": "新北市三峽區學成路333號1樓",
        "phone": "02-86726408",
        "lng": 121.376493,
        "lat": 24.943563,
        "district": "三峽區"
      }
    },
    {
      "type": "Feature",
      "geometry": {
        "type": "Point",
        "coordinates": [
          121.372962,
          24.942093
        ]
      },
      "properties": {
        "brand": "統一超商",
        "city": "新北市",
        "store_name": "龍恩",
        "address": "新北市三峽區國學街13號",
        "phone": "02-86715410",
        "lng": 121.372962,
        "lat": 24.942093,
        "district": "三峽區"
      }
    },
    {
      "type": "Feature",
      "geometry": {
        "type": "Point",
        "coordinates": [
          121.373163,
          24.945136
        ]
      },
      "properties": {
        "brand": "統一超商",
        "city": "新北市",
        "store_name": "台北大",
        "address": "新北市三峽區大學路151號",
        "phone": "02-35012751",
        "lng": 121.373163,
        "lat": 24.945136,
        "district": "三峽區"
      }
    },
    {
      "type": "Feature",
      "geometry": {
        "type": "Point",
        "coordinates": [
          121.539875,
          24.968024
        ]
      },
      "properties": {
        "brand": "統一超商",
        "city": "新北市",
        "store_name": "冠綸",
        "address": "新北市三峽區中華路59號61號1樓",
        "phone": "02-86721694",
        "lng": 121.539875,
        "lat": 24.968024,
        "district": "三峽區"
      }
    },
    {
      "type": "Feature",
      "geometry": {
        "type": "Point",
        "coordinates": [
          121.472441,
          25.001236
        ]
      },
      "properties": {
        "brand": "統一超商",
        "city": "新北市",
        "store_name": "莒光",
        "address": "新北市中和區莒光路138號1樓",
        "phone": "02-29641491",
        "lng": 121.472441,
        "lat": 25.001236,
        "district": "中和區"
      }
    },
    {
      "type": "Feature",
      "geometry": {
        "type": "Point",
        "coordinates": [
          121.434131,
          24.972259
        ]
      },
      "properties": {
        "brand": "統一超商",
        "city": "新北市",
        "store_name": "新亞洲",
        "address": "新北市土城區亞洲路110號112號1樓",
        "phone": "02-22693503",
        "lng": 121.434131,
        "lat": 24.972259,
        "district": "土城區"
      }
    },
    {
      "type": "Feature",
      "geometry": {
        "type": "Point",
        "coordinates": [
          121.459012,
          24.983386
        ]
      },
      "properties": {
        "brand": "統一超商",
        "city": "新北市",
        "store_name": "佳福",
        "address": "新北市土城區青雲路152號",
        "phone": "02-22644239",
        "lng": 121.459012,
        "lat": 24.983386,
        "district": "土城區"
      }
    },
    {
      "type": "Feature",
      "geometry": {
        "type": "Point",
        "coordinates": [
          121.443144,
          24.981657
        ]
      },
      "properties": {
        "brand": "統一超商",
        "city": "新北市",
        "store_name": "福祥",
        "address": "新北市土城區中央路一段320號322號",
        "phone": "02-82613294",
        "lng": 121.443144,
        "lat": 24.981657,
        "district": "土城區"
      }
    },
    {
      "type": "Feature",
      "geometry": {
        "type": "Point",
        "coordinates": [
          121.467198,
          24.984739
        ]
      },
      "properties": {
        "brand": "統一超商",
        "city": "新北市",
        "store_name": "利吉",
        "address": "新北市土城區延吉街261號",
        "phone": "02-82731949",
        "lng": 121.467198,
        "lat": 24.984739,
        "district": "土城區"
      }
    },
    {
      "type": "Feature",
      "geometry": {
        "type": "Point",
        "coordinates": [
          121.449598,
          24.986369
        ]
      },
      "properties": {
        "brand": "統一超商",
        "city": "新北市",
        "store_name": "海廷",
        "address": "新北市土城區裕民路92巷22弄2號1樓",
        "phone": "02-22707430",
        "lng": 121.449598,
        "lat": 24.986369,
        "district": "土城區"
      }
    },
    {
      "type": "Feature",
      "geometry": {
        "type": "Point",
        "coordinates": [
          121.43589,
          24.966285
        ]
      },
      "properties": {
        "brand": "統一超商",
        "city": "新北市",
        "store_name": "承天",
        "address": "新北市土城區承天路1號",
        "phone": "02-22687436",
        "lng": 121.43589,
        "lat": 24.966285,
        "district": "土城區"
      }
    },
    {
      "type": "Feature",
      "geometry": {
        "type": "Point",
        "coordinates": [
          121.469113,
          24.986996
        ]
      },
      "properties": {
        "brand": "統一超商",
        "city": "新北市",
        "store_name": "楓橘",
        "address": "新北市土城區峯廷街3、5號1樓",
        "phone": "02-22701437",
        "lng": 121.469113,
        "lat": 24.986996,
        "district": "土城區"
      }
    },
    {
      "type": "Feature",
      "geometry": {
        "type": "Point",
        "coordinates": [
          121.445124,
          24.97734
        ]
      },
      "properties": {
        "brand": "統一超商",
        "city": "新北市",
        "store_name": "展龍",
        "address": "新北市土城區學府路二段265號、學海街307號",
        "phone": "02-82732504",
        "lng": 121.445124,
        "lat": 24.97734,
        "district": "土城區"
      }
    },
    {
      "type": "Feature",
      "geometry": {
        "type": "Point",
        "coordinates": [
          121.45369,
          24.982818
        ]
      },
      "properties": {
        "brand": "統一超商",
        "city": "新北市",
        "store_name": "隆城",
        "address": "新北市土城區學士路15巷2號17號1樓",
        "phone": "02-22647617",
        "lng": 121.45369,
        "lat": 24.982818,
        "district": "土城區"
      }
    },
    {
      "type": "Feature",
      "geometry": {
        "type": "Point",
        "coordinates": [
          121.3837,
          24.948265
        ]
      },
      "properties": {
        "brand": "統一超商",
        "city": "新北市",
        "store_name": "友勤",
        "address": "新北市樹林區大有路65號1樓",
        "phone": "02-89701627",
        "lng": 121.3837,
        "lat": 24.948265,
        "district": "樹林區"
      }
    },
    {
      "type": "Feature",
      "geometry": {
        "type": "Point",
        "coordinates": [
          121.433102,
          24.965514
        ]
      },
      "properties": {
        "brand": "統一超商",
        "city": "新北市",
        "store_name": "土城",
        "address": "新北市土城區中央路三段42-1號1樓",
        "phone": "02-22678704",
        "lng": 121.433102,
        "lat": 24.965514,
        "district": "土城區"
      }
    },
    {
      "type": "Feature",
      "geometry": {
        "type": "Point",
        "coordinates": [
          121.455492,
          24.98762
        ]
      },
      "properties": {
        "brand": "統一超商",
        "city": "新北市",
        "store_name": "學城",
        "address": "新北市土城區學府路一段118號",
        "phone": "02-22652690",
        "lng": 121.455492,
        "lat": 24.98762,
        "district": "土城區"
      }
    },
    {
      "type": "Feature",
      "geometry": {
        "type": "Point",
        "coordinates": [
          121.467827,
          24.985139
        ]
      },
      "properties": {
        "brand": "統一超商",
        "city": "新北市",
        "store_name": "祥吉",
        "address": "新北市土城區延吉街194號",
        "phone": "02-82602068",
        "lng": 121.467827,
        "lat": 24.985139,
        "district": "土城區"
      }
    },
    {
      "type": "Feature",
      "geometry": {
        "type": "Point",
        "coordinates": [
          121.444878,
          24.973959
        ]
      },
      "properties": {
        "brand": "統一超商",
        "city": "新北市",
        "store_name": "員信",
        "address": "新北市土城區金城路一段131號1樓",
        "phone": "02-82733614",
        "lng": 121.444878,
        "lat": 24.973959,
        "district": "土城區"
      }
    },
    {
      "type": "Feature",
      "geometry": {
        "type": "Point",
        "coordinates": [
          121.412309,
          24.953277
        ]
      },
      "properties": {
        "brand": "統一超商",
        "city": "新北市",
        "store_name": "太陽城",
        "address": "新北市土城區中央路四段281之8號281之9號",
        "phone": "02-22677452",
        "lng": 121.412309,
        "lat": 24.953277,
        "district": "土城區"
      }
    },
    {
      "type": "Feature",
      "geometry": {
        "type": "Point",
        "coordinates": [
          121.449076,
          24.987949
        ]
      },
      "properties": {
        "brand": "統一超商",
        "city": "新北市",
        "store_name": "新裕生",
        "address": "新北市土城區裕民路57號及55巷2號",
        "phone": "02-22632523",
        "lng": 121.449076,
        "lat": 24.987949,
        "district": "土城區"
      }
    },
    {
      "type": "Feature",
      "geometry": {
        "type": "Point",
        "coordinates": [
          121.437331,
          24.964675
        ]
      },
      "properties": {
        "brand": "統一超商",
        "city": "新北市",
        "store_name": "城運",
        "address": "新北市土城區承天路10號、10-1號1樓",
        "phone": "02-22688683",
        "lng": 121.437331,
        "lat": 24.964675,
        "district": "土城區"
      }
    },
    {
      "type": "Feature",
      "geometry": {
        "type": "Point",
        "coordinates": [
          121.469691,
          25.01195
        ]
      },
      "properties": {
        "brand": "統一超商",
        "city": "新北市",
        "store_name": "雅盛",
        "address": "新北市板橋區漢生東路181號183號1樓",
        "phone": "02-29568540",
        "lng": 121.469691,
        "lat": 25.01195,
        "district": "板橋區"
      }
    },
    {
      "type": "Feature",
      "geometry": {
        "type": "Point",
        "coordinates": [
          121.478837,
          25.013534
        ]
      },
      "properties": {
        "brand": "統一超商",
        "city": "新北市",
        "store_name": "正泰",
        "address": "新北市板橋區三民路二段202之20、202之21號1樓",
        "phone": "02-29622750",
        "lng": 121.478837,
        "lat": 25.013534,
        "district": "板橋區"
      }
    },
    {
      "type": "Feature",
      "geometry": {
        "type": "Point",
        "coordinates": [
          121.470829,
          25.017924
        ]
      },
      "properties": {
        "brand": "統一超商",
        "city": "新北市",
        "store_name": "縣東",
        "address": "新北市板橋區縣民大道二段108號1樓",
        "phone": "02-29628655",
        "lng": 121.470829,
        "lat": 25.017924,
        "district": "板橋區"
      }
    },
    {
      "type": "Feature",
      "geometry": {
        "type": "Point",
        "coordinates": [
          121.480947,
          25.003312
        ]
      },
      "properties": {
        "brand": "統一超商",
        "city": "新北市",
        "store_name": "嘉新",
        "address": "新北市中和區員山路419號421號1樓",
        "phone": "02-22220392",
        "lng": 121.480947,
        "lat": 25.003312,
        "district": "中和區"
      }
    },
    {
      "type": "Feature",
      "geometry": {
        "type": "Point",
        "coordinates": [
          121.472828,
          25.010165
        ]
      },
      "properties": {
        "brand": "統一超商",
        "city": "新北市",
        "store_name": "板安",
        "address": "新北市板橋區長安街202.204號",
        "phone": "02-29514455",
        "lng": 121.472828,
        "lat": 25.010165,
        "district": "板橋區"
      }
    },
    {
      "type": "Feature",
      "geometry": {
        "type": "Point",
        "coordinates": [
          121.476711,
          25.031386
        ]
      },
      "properties": {
        "brand": "統一超商",
        "city": "新北市",
        "store_name": "懷民",
        "address": "新北市板橋區民治街111號",
        "phone": "02-22504664",
        "lng": 121.476711,
        "lat": 25.031386,
        "district": "板橋區"
      }
    },
    {
      "type": "Feature",
      "geometry": {
        "type": "Point",
        "coordinates": [
          121.452904,
          25.001913
        ]
      },
      "properties": {
        "brand": "統一超商",
        "city": "新北市",
        "store_name": "華雅",
        "address": "新北市板橋區華東街270號1樓",
        "phone": "02-29645242",
        "lng": 121.452904,
        "lat": 25.001913,
        "district": "板橋區"
      }
    },
    {
      "type": "Feature",
      "geometry": {
        "type": "Point",
        "coordinates": [
          121.466487,
          25.010266
        ]
      },
      "properties": {
        "brand": "統一超商",
        "city": "新北市",
        "store_name": "幸運",
        "address": "新北市板橋區區運路78號80號1樓",
        "phone": "02-29627165",
        "lng": 121.466487,
        "lat": 25.010266,
        "district": "板橋區"
      }
    },
    {
      "type": "Feature",
      "geometry": {
        "type": "Point",
        "coordinates": [
          121.480175,
          25.017896
        ]
      },
      "properties": {
        "brand": "統一超商",
        "city": "新北市",
        "store_name": "板樂",
        "address": "新北市板橋區三民路二段35巷11號1樓",
        "phone": "02-29640581",
        "lng": 121.480175,
        "lat": 25.017896,
        "district": "板橋區"
      }
    },
    {
      "type": "Feature",
      "geometry": {
        "type": "Point",
        "coordinates": [
          121.471326,
          25.008679
        ]
      },
      "properties": {
        "brand": "統一超商",
        "city": "新北市",
        "store_name": "海山",
        "address": "新北市板橋區漢生東路310號",
        "phone": "02-89611889",
        "lng": 121.471326,
        "lat": 25.008679,
        "district": "板橋區"
      }
    },
    {
      "type": "Feature",
      "geometry": {
        "type": "Point",
        "coordinates": [
          121.47157,
          25.022276
        ]
      },
      "properties": {
        "brand": "統一超商",
        "city": "新北市",
        "store_name": "萬鄰",
        "address": "新北市板橋區華江里民生路二段226巷46號1樓",
        "phone": "02-22588121",
        "lng": 121.47157,
        "lat": 25.022276,
        "district": "板橋區"
      }
    },
    {
      "type": "Feature",
      "geometry": {
        "type": "Point",
        "coordinates": [
          121.450915,
          24.995868
        ]
      },
      "properties": {
        "brand": "統一超商",
        "city": "新北市",
        "store_name": "秋雅",
        "address": "新北市板橋區南雅南路二段144巷14號1樓",
        "phone": "02-89669323",
        "lng": 121.450915,
        "lat": 24.995868,
        "district": "板橋區"
      }
    },
    {
      "type": "Feature",
      "geometry": {
        "type": "Point",
        "coordinates": [
          121.468806,
          25.003652
        ]
      },
      "properties": {
        "brand": "統一超商",
        "city": "新北市",
        "store_name": "吉客",
        "address": "新北市中和區德光路90號92號1樓",
        "phone": "02-89535763",
        "lng": 121.468806,
        "lat": 25.003652,
        "district": "中和區"
      }
    },
    {
      "type": "Feature",
      "geometry": {
        "type": "Point",
        "coordinates": [
          121.470043,
          25.006038
        ]
      },
      "properties": {
        "brand": "統一超商",
        "city": "新北市",
        "store_name": "沅氣",
        "address": "新北市中和區中山路三段29號31號1樓",
        "phone": "02-22263294",
        "lng": 121.470043,
        "lat": 25.006038,
        "district": "中和區"
      }
    },
    {
      "type": "Feature",
      "geometry": {
        "type": "Point",
        "coordinates": [
          121.484585,
          25.002379
        ]
      },
      "properties": {
        "brand": "統一超商",
        "city": "新北市",
        "store_name": "宏鑫",
        "address": "新北市中和區中正路837號",
        "phone": "02-82282070",
        "lng": 121.484585,
        "lat": 25.002379,
        "district": "中和區"
      }
    },
    {
      "type": "Feature",
      "geometry": {
        "type": "Point",
        "coordinates": [
          121.459861,
          24.995622
        ]
      },
      "properties": {
        "brand": "統一超商",
        "city": "新北市",
        "store_name": "國和",
        "address": "新北市板橋區和平路29號",
        "phone": "02-89526934",
        "lng": 121.459861,
        "lat": 24.995622,
        "district": "板橋區"
      }
    },
    {
      "type": "Feature",
      "geometry": {
        "type": "Point",
        "coordinates": [
          121.468728,
          25.001014
        ]
      },
      "properties": {
        "brand": "統一超商",
        "city": "新北市",
        "store_name": "佳客",
        "address": "新北市中和區民德路126號126之1號",
        "phone": "02-29633321",
        "lng": 121.468728,
        "lat": 25.001014,
        "district": "中和區"
      }
    },
    {
      "type": "Feature",
      "geometry": {
        "type": "Point",
        "coordinates": [
          121.462039,
          25.01528
        ]
      },
      "properties": {
        "brand": "統一超商",
        "city": "新北市",
        "store_name": "新板橋",
        "address": "新北市板橋區文化路一段135號",
        "phone": "02-29686041",
        "lng": 121.462039,
        "lat": 25.01528,
        "district": "板橋區"
      }
    },
    {
      "type": "Feature",
      "geometry": {
        "type": "Point",
        "coordinates": [
          121.463036,
          25.031049
        ]
      },
      "properties": {
        "brand": "統一超商",
        "city": "新北市",
        "store_name": "新巨蛋",
        "address": "新北市板橋區長江路一段419號421號423號",
        "phone": "02-22561484",
        "lng": 121.463036,
        "lat": 25.031049,
        "district": "板橋區"
      }
    },
    {
      "type": "Feature",
      "geometry": {
        "type": "Point",
        "coordinates": [
          121.366397,
          25.073805
        ]
      },
      "properties": {
        "brand": "統一超商",
        "city": "新北市",
        "store_name": "新林",
        "address": "新北市林口區忠孝路128號130號",
        "phone": "02-26002472",
        "lng": 121.366397,
        "lat": 25.073805,
        "district": "林口區"
      }
    },
    {
      "type": "Feature",
      "geometry": {
        "type": "Point",
        "coordinates": [
          121.468761,
          25.031913
        ]
      },
      "properties": {
        "brand": "統一超商",
        "city": "新北市",
        "store_name": "板宏",
        "address": "新北市板橋區宏國路109.111號",
        "phone": "02-22597549",
        "lng": 121.468761,
        "lat": 25.031913,
        "district": "板橋區"
      }
    },
    {
      "type": "Feature",
      "geometry": {
        "type": "Point",
        "coordinates": [
          121.54542,
          24.975182
        ]
      },
      "properties": {
        "brand": "統一超商",
        "city": "新北市",
        "store_name": "寶隆",
        "address": "新北市新店區寶橋路69號1樓",
        "phone": "02-29175990",
        "lng": 121.54542,
        "lat": 24.975182,
        "district": "新店區"
      }
    },
    {
      "type": "Feature",
      "geometry": {
        "type": "Point",
        "coordinates": [
          121.451679,
          25.045742
        ]
      },
      "properties": {
        "brand": "統一超商",
        "city": "新北市",
        "store_name": "中泰",
        "address": "新北市新莊區中港一街10號10-1號",
        "phone": "02-22762842",
        "lng": 121.451679,
        "lat": 25.045742,
        "district": "新莊區"
      }
    },
    {
      "type": "Feature",
      "geometry": {
        "type": "Point",
        "coordinates": [
          121.452504,
          25.043835
        ]
      },
      "properties": {
        "brand": "統一超商",
        "city": "新北市",
        "store_name": "安復",
        "address": "新北市新莊區復興路一段213號",
        "phone": "02-29971153",
        "lng": 121.452504,
        "lat": 25.043835,
        "district": "新莊區"
      }
    },
    {
      "type": "Feature",
      "geometry": {
        "type": "Point",
        "coordinates": [
          121.432547,
          24.99005
        ]
      },
      "properties": {
        "brand": "統一超商",
        "city": "新北市",
        "store_name": "金園",
        "address": "新北市板橋區金門街175號",
        "phone": "02-26864776",
        "lng": 121.432547,
        "lat": 24.99005,
        "district": "板橋區"
      }
    },
    {
      "type": "Feature",
      "geometry": {
        "type": "Point",
        "coordinates": [
          121.518431,
          25.012126
        ]
      },
      "properties": {
        "brand": "統一超商",
        "city": "新北市",
        "store_name": "時安",
        "address": "新北市新莊區建安街95號97號1樓",
        "phone": "02-22041891",
        "lng": 121.518431,
        "lat": 25.012126,
        "district": "新莊區"
      }
    },
    {
      "type": "Feature",
      "geometry": {
        "type": "Point",
        "coordinates": [
          121.430163,
          24.99321
        ]
      },
      "properties": {
        "brand": "統一超商",
        "city": "新北市",
        "store_name": "溪崑",
        "address": "新北市板橋區大觀路三段212巷70號72號1樓",
        "phone": "02-26829303",
        "lng": 121.430163,
        "lat": 24.99321,
        "district": "板橋區"
      }
    },
    {
      "type": "Feature",
      "geometry": {
        "type": "Point",
        "coordinates": [
          121.418451,
          25.023614
        ]
      },
      "properties": {
        "brand": "統一超商",
        "city": "新北市",
        "store_name": "民裕",
        "address": "新北市新莊區裕民街102.104號",
        "phone": "02-29017820",
        "lng": 121.418451,
        "lat": 25.023614,
        "district": "新莊區"
      }
    },
    {
      "type": "Feature",
      "geometry": {
        "type": "Point",
        "coordinates": [
          121.418411,
          24.979797
        ]
      },
      "properties": {
        "brand": "統一超商",
        "city": "新北市",
        "store_name": "太元",
        "address": "新北市樹林區太元街31號33號1樓",
        "phone": "02-86843340",
        "lng": 121.418411,
        "lat": 24.979797,
        "district": "樹林區"
      }
    },
    {
      "type": "Feature",
      "geometry": {
        "type": "Point",
        "coordinates": [
          121.412453,
          25.009955
        ]
      },
      "properties": {
        "brand": "統一超商",
        "city": "新北市",
        "store_name": "樹保",
        "address": "新北市樹林區保安街二段357號",
        "phone": "02-86884493",
        "lng": 121.412453,
        "lat": 25.009955,
        "district": "樹林區"
      }
    },
    {
      "type": "Feature",
      "geometry": {
        "type": "Point",
        "coordinates": [
          121.425551,
          24.998738
        ]
      },
      "properties": {
        "brand": "統一超商",
        "city": "新北市",
        "store_name": "文潭",
        "address": "新北市樹林區千歲街61巷44號1.2樓和46號",
        "phone": "02-86873573",
        "lng": 121.425551,
        "lat": 24.998738,
        "district": "樹林區"
      }
    },
    {
      "type": "Feature",
      "geometry": {
        "type": "Point",
        "coordinates": [
          121.404989,
          25.016306
        ]
      },
      "properties": {
        "brand": "統一超商",
        "city": "新北市",
        "store_name": "合喬",
        "address": "新北市樹林區三福街68號",
        "phone": "02-86882331",
        "lng": 121.404989,
        "lat": 25.016306,
        "district": "樹林區"
      }
    },
    {
      "type": "Feature",
      "geometry": {
        "type": "Point",
        "coordinates": [
          121.423316,
          24.991473
        ]
      },
      "properties": {
        "brand": "統一超商",
        "city": "新北市",
        "store_name": "統友",
        "address": "新北市樹林區中山路一段86號",
        "phone": "02-26866259",
        "lng": 121.423316,
        "lat": 24.991473,
        "district": "樹林區"
      }
    },
    {
      "type": "Feature",
      "geometry": {
        "type": "Point",
        "coordinates": [
          121.417774,
          24.98058
        ]
      },
      "properties": {
        "brand": "統一超商",
        "city": "新北市",
        "store_name": "樹英",
        "address": "新北市樹林區大同里中華路120號",
        "phone": "02-86866284",
        "lng": 121.417774,
        "lat": 24.98058,
        "district": "樹林區"
      }
    },
    {
      "type": "Feature",
      "geometry": {
        "type": "Point",
        "coordinates": [
          121.48902,
          25.082175
        ]
      },
      "properties": {
        "brand": "統一超商",
        "city": "新北市",
        "store_name": "分子尾",
        "address": "新北市三重區仁愛街479號479之1號",
        "phone": "02-89857944",
        "lng": 121.48902,
        "lat": 25.082175,
        "district": "三重區"
      }
    },
    {
      "type": "Feature",
      "geometry": {
        "type": "Point",
        "coordinates": [
          121.471659,
          25.093973
        ]
      },
      "properties": {
        "brand": "統一超商",
        "city": "新北市",
        "store_name": "民仁",
        "address": "新北市蘆洲區仁愛街58號60號1樓",
        "phone": "02-82868495",
        "lng": 121.471659,
        "lat": 25.093973,
        "district": "蘆洲區"
      }
    },
    {
      "type": "Feature",
      "geometry": {
        "type": "Point",
        "coordinates": [
          121.481938,
          25.071647
        ]
      },
      "properties": {
        "brand": "統一超商",
        "city": "新北市",
        "store_name": "大立",
        "address": "新北市三重區力行路一段184號186號1樓",
        "phone": "02-29860146",
        "lng": 121.481938,
        "lat": 25.071647,
        "district": "三重區"
      }
    },
    {
      "type": "Feature",
      "geometry": {
        "type": "Point",
        "coordinates": [
          121.482066,
          25.081011
        ]
      },
      "properties": {
        "brand": "統一超商",
        "city": "新北市",
        "store_name": "樂林",
        "address": "新北市三重區永安北路二段15號",
        "phone": "02-28572043",
        "lng": 121.482066,
        "lat": 25.081011,
        "district": "三重區"
      }
    },
    {
      "type": "Feature",
      "geometry": {
        "type": "Point",
        "coordinates": [
          121.487894,
          25.084347
        ]
      },
      "properties": {
        "brand": "統一超商",
        "city": "新北市",
        "store_name": "重富",
        "address": "新北市三重區溪尾街321號323號1樓",
        "phone": "02-28571641",
        "lng": 121.487894,
        "lat": 25.084347,
        "district": "三重區"
      }
    },
    {
      "type": "Feature",
      "geometry": {
        "type": "Point",
        "coordinates": [
          121.467139,
          25.084908
        ]
      },
      "properties": {
        "brand": "統一超商",
        "city": "新北市",
        "store_name": "前進",
        "address": "新北市蘆洲區中正路185巷50號52號1樓",
        "phone": "02-82812439",
        "lng": 121.467139,
        "lat": 25.084908,
        "district": "蘆洲區"
      }
    },
    {
      "type": "Feature",
      "geometry": {
        "type": "Point",
        "coordinates": [
          121.474502,
          25.091486
        ]
      },
      "properties": {
        "brand": "統一超商",
        "city": "新北市",
        "store_name": "蘆民",
        "address": "新北市蘆洲區民族路387.389號1樓",
        "phone": "02-82866705",
        "lng": 121.474502,
        "lat": 25.091486,
        "district": "蘆洲區"
      }
    },
    {
      "type": "Feature",
      "geometry": {
        "type": "Point",
        "coordinates": [
          121.481948,
          25.079021
        ]
      },
      "properties": {
        "brand": "統一超商",
        "city": "新北市",
        "store_name": "匯和",
        "address": "新北市三重區三和路四段390巷2號",
        "phone": "02-22865428",
        "lng": 121.481948,
        "lat": 25.079021,
        "district": "三重區"
      }
    },
    {
      "type": "Feature",
      "geometry": {
        "type": "Point",
        "coordinates": [
          121.45877,
          25.083721
        ]
      },
      "properties": {
        "brand": "統一超商",
        "city": "新北市",
        "store_name": "長洲",
        "address": "新北市蘆洲區長安街25.27號1樓",
        "phone": "02-28483381",
        "lng": 121.45877,
        "lat": 25.083721,
        "district": "蘆洲區"
      }
    },
    {
      "type": "Feature",
      "geometry": {
        "type": "Point",
        "coordinates": [
          121.416451,
          25.159331
        ]
      },
      "properties": {
        "brand": "統一超商",
        "city": "新北市",
        "store_name": "海王",
        "address": "新北市八里區中山路一段143.145號1樓",
        "phone": "02-26105172",
        "lng": 121.416451,
        "lat": 25.159331,
        "district": "八里區"
      }
    },
    {
      "type": "Feature",
      "geometry": {
        "type": "Point",
        "coordinates": [
          121.470903,
          25.083782
        ]
      },
      "properties": {
        "brand": "統一超商",
        "city": "新北市",
        "store_name": "憲金",
        "address": "新北市蘆洲區光華路22巷1號",
        "phone": "02-22857237",
        "lng": 121.470903,
        "lat": 25.083782,
        "district": "蘆洲區"
      }
    },
    {
      "type": "Feature",
      "geometry": {
        "type": "Point",
        "coordinates": [
          121.484416,
          25.08397
        ]
      },
      "properties": {
        "brand": "統一超商",
        "city": "新北市",
        "store_name": "大興",
        "address": "新北市三重區仁華街80巷27號1樓",
        "phone": "02-28577324",
        "lng": 121.484416,
        "lat": 25.08397,
        "district": "三重區"
      }
    },
    {
      "type": "Feature",
      "geometry": {
        "type": "Point",
        "coordinates": [
          121.474183,
          25.091175
        ]
      },
      "properties": {
        "brand": "統一超商",
        "city": "新北市",
        "store_name": "蘆義",
        "address": "新北市蘆洲區民義街1.3.5號",
        "phone": "02-82854299",
        "lng": 121.474183,
        "lat": 25.091175,
        "district": "蘆洲區"
      }
    },
    {
      "type": "Feature",
      "geometry": {
        "type": "Point",
        "coordinates": [
          121.402214,
          25.15361
        ]
      },
      "properties": {
        "brand": "統一超商",
        "city": "新北市",
        "store_name": "里商",
        "address": "新北市八里區商港三路99、101號",
        "phone": "02-26195223",
        "lng": 121.402214,
        "lat": 25.15361,
        "district": "八里區"
      }
    },
    {
      "type": "Feature",
      "geometry": {
        "type": "Point",
        "coordinates": [
          121.459305,
          25.091486
        ]
      },
      "properties": {
        "brand": "統一超商",
        "city": "新北市",
        "store_name": "統吉",
        "address": "新北市蘆洲區永平街32巷12弄1號",
        "phone": "02-22897033",
        "lng": 121.459305,
        "lat": 25.091486,
        "district": "蘆洲區"
      }
    },
    {
      "type": "Feature",
      "geometry": {
        "type": "Point",
        "coordinates": [
          121.480976,
          25.087994
        ]
      },
      "properties": {
        "brand": "統一超商",
        "city": "新北市",
        "store_name": "領袖",
        "address": "新北市蘆洲區集賢路224巷60號62號",
        "phone": "02-82863383",
        "lng": 121.480976,
        "lat": 25.087994,
        "district": "蘆洲區"
      }
    },
    {
      "type": "Feature",
      "geometry": {
        "type": "Point",
        "coordinates": [
          121.494514,
          25.085081
        ]
      },
      "properties": {
        "brand": "統一超商",
        "city": "新北市",
        "store_name": "百義",
        "address": "新北市三重區仁義街232號",
        "phone": "02-89859414",
        "lng": 121.494514,
        "lat": 25.085081,
        "district": "三重區"
      }
    },
    {
      "type": "Feature",
      "geometry": {
        "type": "Point",
        "coordinates": [
          121.492591,
          25.078989
        ]
      },
      "properties": {
        "brand": "統一超商",
        "city": "新北市",
        "store_name": "天勝",
        "address": "新北市三重區仁愛街687、689號1樓",
        "phone": "02-28571747",
        "lng": 121.492591,
        "lat": 25.078989,
        "district": "三重區"
      }
    },
    {
      "type": "Feature",
      "geometry": {
        "type": "Point",
        "coordinates": [
          121.449514,
          25.052582
        ]
      },
      "properties": {
        "brand": "統一超商",
        "city": "新北市",
        "store_name": "榮和",
        "address": "新北市新莊區中和街191巷1號3號5號",
        "phone": "02-29919383",
        "lng": 121.449514,
        "lat": 25.052582,
        "district": "新莊區"
      }
    },
    {
      "type": "Feature",
      "geometry": {
        "type": "Point",
        "coordinates": [
          121.488344,
          25.000392
        ]
      },
      "properties": {
        "brand": "統一超商",
        "city": "新北市",
        "store_name": "建一",
        "address": "新北市中和區建康路101號",
        "phone": "02-32343779",
        "lng": 121.488344,
        "lat": 25.000392,
        "district": "中和區"
      }
    },
    {
      "type": "Feature",
      "geometry": {
        "type": "Point",
        "coordinates": [
          121.487804,
          24.997049
        ]
      },
      "properties": {
        "brand": "統一超商",
        "city": "新北市",
        "store_name": "芯建",
        "address": "新北市中和區建一路182號1樓",
        "phone": "02-82280959",
        "lng": 121.487804,
        "lat": 24.997049,
        "district": "中和區"
      }
    },
    {
      "type": "Feature",
      "geometry": {
        "type": "Point",
        "coordinates": [
          121.427418,
          24.989734
        ]
      },
      "properties": {
        "brand": "統一超商",
        "city": "新北市",
        "store_name": "溪州",
        "address": "新北市板橋區溪崑二街108.110號1樓",
        "phone": "02-86873740",
        "lng": 121.427418,
        "lat": 24.989734,
        "district": "板橋區"
      }
    },
    {
      "type": "Feature",
      "geometry": {
        "type": "Point",
        "coordinates": [
          121.515447,
          25.014829
        ]
      },
      "properties": {
        "brand": "統一超商",
        "city": "新北市",
        "store_name": "永和",
        "address": "新北市永和區文化路7號",
        "phone": "02-29291091",
        "lng": 121.515447,
        "lat": 25.014829,
        "district": "永和區"
      }
    },
    {
      "type": "Feature",
      "geometry": {
        "type": "Point",
        "coordinates": [
          121.430215,
          25.03072
        ]
      },
      "properties": {
        "brand": "統一超商",
        "city": "新北市",
        "store_name": "新遠",
        "address": "新北市新莊區中正路651號之8號",
        "phone": "02-29088727",
        "lng": 121.430215,
        "lat": 25.03072,
        "district": "新莊區"
      }
    },
    {
      "type": "Feature",
      "geometry": {
        "type": "Point",
        "coordinates": [
          121.435112,
          25.032953
        ]
      },
      "properties": {
        "brand": "統一超商",
        "city": "新北市",
        "store_name": "理園",
        "address": "新北市新莊區中正路510號",
        "phone": "02-29056678",
        "lng": 121.435112,
        "lat": 25.032953,
        "district": "新莊區"
      }
    },
    {
      "type": "Feature",
      "geometry": {
        "type": "Point",
        "coordinates": [
          121.49705,
          25.081129
        ]
      },
      "properties": {
        "brand": "統一超商",
        "city": "新北市",
        "store_name": "元富",
        "address": "新北市三重區仁義街106、108、110號",
        "phone": "02-29869074",
        "lng": 121.49705,
        "lat": 25.081129,
        "district": "三重區"
      }
    },
    {
      "type": "Feature",
      "geometry": {
        "type": "Point",
        "coordinates": [
          121.481454,
          25.014798
        ]
      },
      "properties": {
        "brand": "統一超商",
        "city": "新北市",
        "store_name": "光環",
        "address": "新北市板橋區光環路二段68號70號1樓",
        "phone": "02-29647641",
        "lng": 121.481454,
        "lat": 25.014798,
        "district": "板橋區"
      }
    },
    {
      "type": "Feature",
      "geometry": {
        "type": "Point",
        "coordinates": [
          121.501943,
          25.071751
        ]
      },
      "properties": {
        "brand": "統一超商",
        "city": "新北市",
        "store_name": "龍濱",
        "address": "新北市三重區龍濱路207號209號",
        "phone": "02-29769472",
        "lng": 121.501943,
        "lat": 25.071751,
        "district": "三重區"
      }
    },
    {
      "type": "Feature",
      "geometry": {
        "type": "Point",
        "coordinates": [
          121.454199,
          25.1599
        ]
      },
      "properties": {
        "brand": "統一超商",
        "city": "新北市",
        "store_name": "海正",
        "address": "新北市淡水區中正東路一段113號115號115-1號",
        "phone": "02-26256490",
        "lng": 121.454199,
        "lat": 25.1599,
        "district": "淡水區"
      }
    },
    {
      "type": "Feature",
      "geometry": {
        "type": "Point",
        "coordinates": [
          121.540428,
          24.967696
        ]
      },
      "properties": {
        "brand": "統一超商",
        "city": "新北市",
        "store_name": "楓華",
        "address": "新北市新店區中華路20號1樓",
        "phone": "02-89115356",
        "lng": 121.540428,
        "lat": 24.967696,
        "district": "新店區"
      }
    },
    {
      "type": "Feature",
      "geometry": {
        "type": "Point",
        "coordinates": [
          121.48869,
          25.080601
        ]
      },
      "properties": {
        "brand": "統一超商",
        "city": "新北市",
        "store_name": "慈佑",
        "address": "新北市三重區溪尾街189號191號",
        "phone": "02-89852194",
        "lng": 121.48869,
        "lat": 25.080601,
        "district": "三重區"
      }
    },
    {
      "type": "Feature",
      "geometry": {
        "type": "Point",
        "coordinates": [
          121.446664,
          25.036566
        ]
      },
      "properties": {
        "brand": "統一超商",
        "city": "新北市",
        "store_name": "新統義",
        "address": "新北市新莊區建中街91號93號1樓",
        "phone": "02-29960564",
        "lng": 121.446664,
        "lat": 25.036566,
        "district": "新莊區"
      }
    },
    {
      "type": "Feature",
      "geometry": {
        "type": "Point",
        "coordinates": [
          121.493934,
          25.002015
        ]
      },
      "properties": {
        "brand": "統一超商",
        "city": "新北市",
        "store_name": "家美",
        "address": "新北市中和區中山路二段317號之1",
        "phone": "02-22420594",
        "lng": 121.493934,
        "lat": 25.002015,
        "district": "中和區"
      }
    },
    {
      "type": "Feature",
      "geometry": {
        "type": "Point",
        "coordinates": [
          121.545482,
          24.9688
        ]
      },
      "properties": {
        "brand": "統一超商",
        "city": "新北市",
        "store_name": "鎮鑫",
        "address": "新北市新店區中興路一段289號",
        "phone": "02-89146427",
        "lng": 121.545482,
        "lat": 24.9688,
        "district": "新店區"
      }
    },
    {
      "type": "Feature",
      "geometry": {
        "type": "Point",
        "coordinates": [
          121.421425,
          25.03131
        ]
      },
      "properties": {
        "brand": "統一超商",
        "city": "新北市",
        "store_name": "貴鳳",
        "address": "新北市泰山區貴鳳街2號",
        "phone": "02-29044794",
        "lng": 121.421425,
        "lat": 25.03131,
        "district": "泰山區"
      }
    },
    {
      "type": "Feature",
      "geometry": {
        "type": "Point",
        "coordinates": [
          121.325994,
          24.971914
        ]
      },
      "properties": {
        "brand": "統一超商",
        "city": "新北市",
        "store_name": "鶯桃",
        "address": "新北市鶯歌區鶯桃路二段7號1樓",
        "phone": "02-26782143",
        "lng": 121.325994,
        "lat": 24.971914,
        "district": "鶯歌區"
      }
    },
    {
      "type": "Feature",
      "geometry": {
        "type": "Point",
        "coordinates": [
          121.331218,
          24.972874
        ]
      },
      "properties": {
        "brand": "統一超商",
        "city": "新北市",
        "store_name": "鳳龍",
        "address": "新北市鶯歌區鳳鳴路541號543號1樓",
        "phone": "02-86777645",
        "lng": 121.331218,
        "lat": 24.972874,
        "district": "鶯歌區"
      }
    },
    {
      "type": "Feature",
      "geometry": {
        "type": "Point",
        "coordinates": [
          121.33839,
          24.973745
        ]
      },
      "properties": {
        "brand": "統一超商",
        "city": "新北市",
        "store_name": "新城",
        "address": "新北市鶯歌區國際二路6巷3號5號1樓",
        "phone": "02-86780704",
        "lng": 121.33839,
        "lat": 24.973745,
        "district": "鶯歌區"
      }
    },
    {
      "type": "Feature",
      "geometry": {
        "type": "Point",
        "coordinates": [
          121.499474,
          25.000068
        ]
      },
      "properties": {
        "brand": "統一超商",
        "city": "新北市",
        "store_name": "杰明",
        "address": "新北市中和區泰和街25號1樓",
        "phone": "02-22425701",
        "lng": 121.499474,
        "lat": 25.000068,
        "district": "中和區"
      }
    },
    {
      "type": "Feature",
      "geometry": {
        "type": "Point",
        "coordinates": [
          121.507621,
          24.999791
        ]
      },
      "properties": {
        "brand": "統一超商",
        "city": "新北市",
        "store_name": "界和",
        "address": "新北市永和區中和路339號1樓",
        "phone": "02-29211350",
        "lng": 121.507621,
        "lat": 24.999791,
        "district": "永和區"
      }
    },
    {
      "type": "Feature",
      "geometry": {
        "type": "Point",
        "coordinates": [
          121.514871,
          25.010898
        ]
      },
      "properties": {
        "brand": "統一超商",
        "city": "新北市",
        "store_name": "一新",
        "address": "新北市中和區永和路56號58號1樓",
        "phone": "02-22468497",
        "lng": 121.514871,
        "lat": 25.010898,
        "district": "中和區"
      }
    },
    {
      "type": "Feature",
      "geometry": {
        "type": "Point",
        "coordinates": [
          121.543762,
          25.03115
        ]
      },
      "properties": {
        "brand": "統一超商",
        "city": "新北市",
        "store_name": "頂新",
        "address": "新北市中和區興南路二段49號51號1樓",
        "phone": "02-29493001",
        "lng": 121.543762,
        "lat": 25.03115,
        "district": "中和區"
      }
    },
    {
      "type": "Feature",
      "geometry": {
        "type": "Point",
        "coordinates": [
          121.496507,
          25.002898
        ]
      },
      "properties": {
        "brand": "統一超商",
        "city": "新北市",
        "store_name": "福真",
        "address": "新北市中和區景平路679號681號",
        "phone": "02-82452305",
        "lng": 121.496507,
        "lat": 25.002898,
        "district": "中和區"
      }
    },
    {
      "type": "Feature",
      "geometry": {
        "type": "Point",
        "coordinates": [
          121.503544,
          24.996541
        ]
      },
      "properties": {
        "brand": "統一超商",
        "city": "新北市",
        "store_name": "永華",
        "address": "新北市中和區南山路127巷18弄42號1樓",
        "phone": "02-22433147",
        "lng": 121.503544,
        "lat": 24.996541,
        "district": "中和區"
      }
    },
    {
      "type": "Feature",
      "geometry": {
        "type": "Point",
        "coordinates": [
          121.486842,
          24.998233
        ]
      },
      "properties": {
        "brand": "統一超商",
        "city": "新北市",
        "store_name": "天綻",
        "address": "新北市中和區建八路16號1樓",
        "phone": "02-82265399",
        "lng": 121.486842,
        "lat": 24.998233,
        "district": "中和區"
      }
    },
    {
      "type": "Feature",
      "geometry": {
        "type": "Point",
        "coordinates": [
          121.501334,
          24.995421
        ]
      },
      "properties": {
        "brand": "統一超商",
        "city": "新北市",
        "store_name": "宏禧",
        "address": "新北市中和區景平路429號1樓2樓",
        "phone": "02-22483082",
        "lng": 121.501334,
        "lat": 24.995421,
        "district": "中和區"
      }
    },
    {
      "type": "Feature",
      "geometry": {
        "type": "Point",
        "coordinates": [
          121.500969,
          25.00995
        ]
      },
      "properties": {
        "brand": "統一超商",
        "city": "新北市",
        "store_name": "環永",
        "address": "新北市永和區環河西路二段231號233號1樓",
        "phone": "02-22326083",
        "lng": 121.500969,
        "lat": 25.00995,
        "district": "永和區"
      }
    },
    {
      "type": "Feature",
      "geometry": {
        "type": "Point",
        "coordinates": [
          121.509091,
          24.982417
        ]
      },
      "properties": {
        "brand": "統一超商",
        "city": "新北市",
        "store_name": "華欣",
        "address": "新北市中和區華新街109巷1之2號1樓",
        "phone": "02-89417603",
        "lng": 121.509091,
        "lat": 24.982417,
        "district": "中和區"
      }
    },
    {
      "type": "Feature",
      "geometry": {
        "type": "Point",
        "coordinates": [
          121.503902,
          24.990827
        ]
      },
      "properties": {
        "brand": "統一超商",
        "city": "新北市",
        "store_name": "景安",
        "address": "新北市中和區景安路210號1樓",
        "phone": "02-22453094",
        "lng": 121.503902,
        "lat": 24.990827,
        "district": "中和區"
      }
    },
    {
      "type": "Feature",
      "geometry": {
        "type": "Point",
        "coordinates": [
          121.507555,
          24.982452
        ]
      },
      "properties": {
        "brand": "統一超商",
        "city": "新北市",
        "store_name": "禧緻",
        "address": "新北市中和區華新街156號",
        "phone": "02-29448161",
        "lng": 121.507555,
        "lat": 24.982452,
        "district": "中和區"
      }
    },
    {
      "type": "Feature",
      "geometry": {
        "type": "Point",
        "coordinates": [
          121.513049,
          24.988344
        ]
      },
      "properties": {
        "brand": "統一超商",
        "city": "新北市",
        "store_name": "景新",
        "address": "新北市中和區景新街436號",
        "phone": "02-29472362",
        "lng": 121.513049,
        "lat": 24.988344,
        "district": "中和區"
      }
    },
    {
      "type": "Feature",
      "geometry": {
        "type": "Point",
        "coordinates": [
          121.487899,
          24.995898
        ]
      },
      "properties": {
        "brand": "統一超商",
        "city": "新北市",
        "store_name": "新連正",
        "address": "新北市中和區連城路347巷2號1樓",
        "phone": "02-22281985",
        "lng": 121.487899,
        "lat": 24.995898,
        "district": "中和區"
      }
    },
    {
      "type": "Feature",
      "geometry": {
        "type": "Point",
        "coordinates": [
          121.505105,
          24.999832
        ]
      },
      "properties": {
        "brand": "統一超商",
        "city": "新北市",
        "store_name": "南谷",
        "address": "新北市中和區中和路257號1樓",
        "phone": "02-22493893",
        "lng": 121.505105,
        "lat": 24.999832,
        "district": "中和區"
      }
    },
    {
      "type": "Feature",
      "geometry": {
        "type": "Point",
        "coordinates": [
          121.503934,
          25.004805
        ]
      },
      "properties": {
        "brand": "統一超商",
        "city": "新北市",
        "store_name": "水源",
        "address": "新北市中和區中山路二段62號",
        "phone": "02-22477245",
        "lng": 121.503934,
        "lat": 25.004805,
        "district": "中和區"
      }
    },
    {
      "type": "Feature",
      "geometry": {
        "type": "Point",
        "coordinates": [
          121.50989,
          24.995446
        ]
      },
      "properties": {
        "brand": "統一超商",
        "city": "新北市",
        "store_name": "椰城",
        "address": "新北市中和區安平路61號",
        "phone": "02-29478067",
        "lng": 121.50989,
        "lat": 24.995446,
        "district": "中和區"
      }
    },
    {
      "type": "Feature",
      "geometry": {
        "type": "Point",
        "coordinates": [
          121.465353,
          25.005176
        ]
      },
      "properties": {
        "brand": "統一超商",
        "city": "新北市",
        "store_name": "新兆圓",
        "address": "新北市板橋區實踐路34號34-1號1樓",
        "phone": "02-89646258",
        "lng": 121.465353,
        "lat": 25.005176,
        "district": "板橋區"
      }
    },
    {
      "type": "Feature",
      "geometry": {
        "type": "Point",
        "coordinates": [
          121.554735,
          24.953674
        ]
      },
      "properties": {
        "brand": "統一超商",
        "city": "新北市",
        "store_name": "銀河",
        "address": "新北市新店區北宜路二段269號271號",
        "phone": "02-22179313",
        "lng": 121.554735,
        "lat": 24.953674,
        "district": "新店區"
      }
    },
    {
      "type": "Feature",
      "geometry": {
        "type": "Point",
        "coordinates": [
          121.519876,
          25.014398
        ]
      },
      "properties": {
        "brand": "統一超商",
        "city": "新北市",
        "store_name": "竹勝",
        "address": "新北市永和區竹林路39巷21之1號1樓",
        "phone": "02-89258441",
        "lng": 121.519876,
        "lat": 25.014398,
        "district": "永和區"
      }
    },
    {
      "type": "Feature",
      "geometry": {
        "type": "Point",
        "coordinates": [
          121.396507,
          24.971254
        ]
      },
      "properties": {
        "brand": "統一超商",
        "city": "新北市",
        "store_name": "慶斌",
        "address": "新北市樹林區中洲街51巷1號",
        "phone": "02-26684258",
        "lng": 121.396507,
        "lat": 24.971254,
        "district": "樹林區"
      }
    },
    {
      "type": "Feature",
      "geometry": {
        "type": "Point",
        "coordinates": [
          121.500538,
          25.000898
        ]
      },
      "properties": {
        "brand": "統一超商",
        "city": "新北市",
        "store_name": "廣美",
        "address": "新北市中和區中和路52號1.2樓",
        "phone": "02-82458352",
        "lng": 121.500538,
        "lat": 25.000898,
        "district": "中和區"
      }
    },
    {
      "type": "Feature",
      "geometry": {
        "type": "Point",
        "coordinates": [
          121.375674,
          24.933215
        ]
      },
      "properties": {
        "brand": "統一超商",
        "city": "新北市",
        "store_name": "金銘",
        "address": "新北市三峽區介壽路一段27號",
        "phone": "02-86741722",
        "lng": 121.375674,
        "lat": 24.933215,
        "district": "三峽區"
      }
    },
    {
      "type": "Feature",
      "geometry": {
        "type": "Point",
        "coordinates": [
          121.540927,
          25.028117
        ]
      },
      "properties": {
        "brand": "統一超商",
        "city": "新北市",
        "store_name": "瑞新",
        "address": "新北市板橋區瑞安街75號",
        "phone": "02-89683252",
        "lng": 121.540927,
        "lat": 25.028117,
        "district": "板橋區"
      }
    },
    {
      "type": "Feature",
      "geometry": {
        "type": "Point",
        "coordinates": [
          121.452261,
          25.174452
        ]
      },
      "properties": {
        "brand": "統一超商",
        "city": "新北市",
        "store_name": "淡欣",
        "address": "新北市淡水區水源街二段104號",
        "phone": "02-26210745",
        "lng": 121.452261,
        "lat": 25.174452,
        "district": "淡水區"
      }
    },
    {
      "type": "Feature",
      "geometry": {
        "type": "Point",
        "coordinates": [
          121.465017,
          25.025378
        ]
      },
      "properties": {
        "brand": "統一超商",
        "city": "新北市",
        "store_name": "維群",
        "address": "新北市板橋區四維路139號",
        "phone": "02-22596008",
        "lng": 121.465017,
        "lat": 25.025378,
        "district": "板橋區"
      }
    },
    {
      "type": "Feature",
      "geometry": {
        "type": "Point",
        "coordinates": [
          121.499341,
          24.998691
        ]
      },
      "properties": {
        "brand": "統一超商",
        "city": "新北市",
        "store_name": "連勝",
        "address": "新北市中和區景平路513號連勝街1號",
        "phone": "02-22423559",
        "lng": 121.499341,
        "lat": 24.998691,
        "district": "中和區"
      }
    },
    {
      "type": "Feature",
      "geometry": {
        "type": "Point",
        "coordinates": [
          121.438204,
          25.177163
        ]
      },
      "properties": {
        "brand": "統一超商",
        "city": "新北市",
        "store_name": "新真理",
        "address": "新北市淡水區新民街102號104號",
        "phone": "02-26292848",
        "lng": 121.438204,
        "lat": 25.177163,
        "district": "淡水區"
      }
    },
    {
      "type": "Feature",
      "geometry": {
        "type": "Point",
        "coordinates": [
          121.634846,
          25.058039
        ]
      },
      "properties": {
        "brand": "統一超商",
        "city": "新北市",
        "store_name": "汐園",
        "address": "新北市汐止區大同路一段237之7號1樓",
        "phone": "02-26902446",
        "lng": 121.634846,
        "lat": 25.058039,
        "district": "汐止區"
      }
    },
    {
      "type": "Feature",
      "geometry": {
        "type": "Point",
        "coordinates": [
          121.487974,
          24.998804
        ]
      },
      "properties": {
        "brand": "統一超商",
        "city": "新北市",
        "store_name": "春吉",
        "address": "新北市中和區建一路148號1樓",
        "phone": "02-32340711",
        "lng": 121.487974,
        "lat": 24.998804,
        "district": "中和區"
      }
    },
    {
      "type": "Feature",
      "geometry": {
        "type": "Point",
        "coordinates": [
          121.481164,
          24.995774
        ]
      },
      "properties": {
        "brand": "統一超商",
        "city": "新北市",
        "store_name": "員和",
        "address": "新北市中和區員山路118號120號1樓",
        "phone": "02-22214419",
        "lng": 121.481164,
        "lat": 24.995774,
        "district": "中和區"
      }
    },
    {
      "type": "Feature",
      "geometry": {
        "type": "Point",
        "coordinates": [
          121.468395,
          25.021675
        ]
      },
      "properties": {
        "brand": "統一超商",
        "city": "新北市",
        "store_name": "埔站",
        "address": "新北市板橋區民生路二段237號1樓",
        "phone": "02-22555748",
        "lng": 121.468395,
        "lat": 25.021675,
        "district": "板橋區"
      }
    },
    {
      "type": "Feature",
      "geometry": {
        "type": "Point",
        "coordinates": [
          121.548628,
          24.98036
        ]
      },
      "properties": {
        "brand": "統一超商",
        "city": "新北市",
        "store_name": "寶強",
        "address": "新北市新店區寶中路88號1樓",
        "phone": "02-89145258",
        "lng": 121.548628,
        "lat": 24.98036,
        "district": "新店區"
      }
    },
    {
      "type": "Feature",
      "geometry": {
        "type": "Point",
        "coordinates": [
          121.65341,
          25.062359
        ]
      },
      "properties": {
        "brand": "統一超商",
        "city": "新北市",
        "store_name": "登峰",
        "address": "新北市汐止區新台五路一段149號1樓",
        "phone": "02-26919970",
        "lng": 121.65341,
        "lat": 25.062359,
        "district": "汐止區"
      }
    },
    {
      "type": "Feature",
      "geometry": {
        "type": "Point",
        "coordinates": [
          121.486583,
          25.060554
        ]
      },
      "properties": {
        "brand": "統一超商",
        "city": "新北市",
        "store_name": "興園",
        "address": "新北市三重區重陽路一段132號134號1樓",
        "phone": "02-29846951",
        "lng": 121.486583,
        "lat": 25.060554,
        "district": "三重區"
      }
    },
    {
      "type": "Feature",
      "geometry": {
        "type": "Point",
        "coordinates": [
          121.42459,
          25.010969
        ]
      },
      "properties": {
        "brand": "統一超商",
        "city": "新北市",
        "store_name": "大展",
        "address": "新北市樹林區俊英街252號1樓",
        "phone": "02-26876584",
        "lng": 121.42459,
        "lat": 25.010969,
        "district": "樹林區"
      }
    },
    {
      "type": "Feature",
      "geometry": {
        "type": "Point",
        "coordinates": [
          121.450474,
          25.052673
        ]
      },
      "properties": {
        "brand": "統一超商",
        "city": "新北市",
        "store_name": "榮信",
        "address": "新北市新莊區中原里中榮街25鄰90號92號1樓",
        "phone": "02-29963682",
        "lng": 121.450474,
        "lat": 25.052673,
        "district": "新莊區"
      }
    },
    {
      "type": "Feature",
      "geometry": {
        "type": "Point",
        "coordinates": [
          121.434172,
          25.056089
        ]
      },
      "properties": {
        "brand": "統一超商",
        "city": "新北市",
        "store_name": "福興",
        "address": "新北市泰山區全興路165號",
        "phone": "02-22979975",
        "lng": 121.434172,
        "lat": 25.056089,
        "district": "泰山區"
      }
    },
    {
      "type": "Feature",
      "geometry": {
        "type": "Point",
        "coordinates": [
          121.664918,
          25.065555
        ]
      },
      "properties": {
        "brand": "統一超商",
        "city": "新北市",
        "store_name": "福安",
        "address": "新北市汐止區仁愛路178號180號1樓",
        "phone": "02-86919702",
        "lng": 121.664918,
        "lat": 25.065555,
        "district": "汐止區"
      }
    },
    {
      "type": "Feature",
      "geometry": {
        "type": "Point",
        "coordinates": [
          121.445506,
          25.172247
        ]
      },
      "properties": {
        "brand": "統一超商",
        "city": "新北市",
        "store_name": "源德",
        "address": "新北市淡水區水源街一段75-2號1樓",
        "phone": "02-26265872",
        "lng": 121.445506,
        "lat": 25.172247,
        "district": "淡水區"
      }
    },
    {
      "type": "Feature",
      "geometry": {
        "type": "Point",
        "coordinates": [
          121.670198,
          25.069049
        ]
      },
      "properties": {
        "brand": "統一超商",
        "city": "新北市",
        "store_name": "艾科卡",
        "address": "新北市汐止區茄苳路196號",
        "phone": "02-86489199",
        "lng": 121.670198,
        "lat": 25.069049,
        "district": "汐止區"
      }
    },
    {
      "type": "Feature",
      "geometry": {
        "type": "Point",
        "coordinates": [
          121.510911,
          25.014085
        ]
      },
      "properties": {
        "brand": "統一超商",
        "city": "新北市",
        "store_name": "元坊",
        "address": "新北市永和區保安路134號136號",
        "phone": "02-29285539",
        "lng": 121.510911,
        "lat": 25.014085,
        "district": "永和區"
      }
    },
    {
      "type": "Feature",
      "geometry": {
        "type": "Point",
        "coordinates": [
          121.51653,
          24.998612
        ]
      },
      "properties": {
        "brand": "統一超商",
        "city": "新北市",
        "store_name": "潭安",
        "address": "新北市永和區中正路167號",
        "phone": "02-29476442",
        "lng": 121.51653,
        "lat": 24.998612,
        "district": "永和區"
      }
    },
    {
      "type": "Feature",
      "geometry": {
        "type": "Point",
        "coordinates": [
          121.516741,
          25.008458
        ]
      },
      "properties": {
        "brand": "統一超商",
        "city": "新北市",
        "store_name": "大正",
        "address": "新北市永和區中正路559號561號1樓",
        "phone": "02-89213847",
        "lng": 121.516741,
        "lat": 25.008458,
        "district": "永和區"
      }
    },
    {
      "type": "Feature",
      "geometry": {
        "type": "Point",
        "coordinates": [
          121.523259,
          25.008345
        ]
      },
      "properties": {
        "brand": "統一超商",
        "city": "新北市",
        "store_name": "宗美",
        "address": "新北市永和區福和路76巷2號4號1樓",
        "phone": "02-89255722",
        "lng": 121.523259,
        "lat": 25.008345,
        "district": "永和區"
      }
    },
    {
      "type": "Feature",
      "geometry": {
        "type": "Point",
        "coordinates": [
          121.503935,
          25.002143
        ]
      },
      "properties": {
        "brand": "統一超商",
        "city": "新北市",
        "store_name": "寶瑩",
        "address": "新北市中和區廣福路50號1樓52號1樓",
        "phone": "02-22465083",
        "lng": 121.503935,
        "lat": 25.002143,
        "district": "中和區"
      }
    },
    {
      "type": "Feature",
      "geometry": {
        "type": "Point",
        "coordinates": [
          121.471562,
          25.025484
        ]
      },
      "properties": {
        "brand": "統一超商",
        "city": "新北市",
        "store_name": "成金",
        "address": "新北市永和區成功路二段147號149號1樓",
        "phone": "02-29407020",
        "lng": 121.471562,
        "lat": 25.025484,
        "district": "永和區"
      }
    },
    {
      "type": "Feature",
      "geometry": {
        "type": "Point",
        "coordinates": [
          121.522292,
          25.001705
        ]
      },
      "properties": {
        "brand": "統一超商",
        "city": "新北市",
        "store_name": "永利",
        "address": "新北市永和區永元里永元路93號1樓",
        "phone": "02-86605379",
        "lng": 121.522292,
        "lat": 25.001705,
        "district": "永和區"
      }
    },
    {
      "type": "Feature",
      "geometry": {
        "type": "Point",
        "coordinates": [
          121.508737,
          24.989838
        ]
      },
      "properties": {
        "brand": "統一超商",
        "city": "新北市",
        "store_name": "捷南",
        "address": "新北市中和區捷運路69號71號1樓",
        "phone": "02-29410793",
        "lng": 121.508737,
        "lat": 24.989838,
        "district": "中和區"
      }
    },
    {
      "type": "Feature",
      "geometry": {
        "type": "Point",
        "coordinates": [
          121.374106,
          25.077427
        ]
      },
      "properties": {
        "brand": "統一超商",
        "city": "新北市",
        "store_name": "遠來",
        "address": "新北市林口區仁愛路二段510號1樓",
        "phone": "02-26017102",
        "lng": 121.374106,
        "lat": 25.077427,
        "district": "林口區"
      }
    },
    {
      "type": "Feature",
      "geometry": {
        "type": "Point",
        "coordinates": [
          121.635734,
          25.223947
        ]
      },
      "properties": {
        "brand": "全家",
        "city": "新北市",
        "store_name": "金山金美店",
        "address": "208台灣新北市金山區中山路252號",
        "phone": "02-24081821",
        "lng": 121.635734,
        "lat": 25.223947,
        "district": "金山區"
      }
    },
    {
      "type": "Feature",
      "geometry": {
        "type": "Point",
        "coordinates": [
          121.656868,
          25.209887
        ]
      },
      "properties": {
        "brand": "全家",
        "city": "新北市",
        "store_name": "萬里頂社店",
        "address": "207新北市萬里區大鵬里頂社1號",
        "phone": "02-24081473",
        "lng": 121.656868,
        "lat": 25.209887,
        "district": "萬里區"
      }
    },
    {
      "type": "Feature",
      "geometry": {
        "type": "Point",
        "coordinates": [
          121.447099,
          25.173829
        ]
      },
      "properties": {
        "brand": "全家",
        "city": "新北市",
        "store_name": "淡水校園店",
        "address": "251台灣新北市淡水區英專路151號",
        "phone": "02-26209881",
        "lng": 121.447099,
        "lat": 25.173829,
        "district": "淡水區"
      }
    },
    {
      "type": "Feature",
      "geometry": {
        "type": "Point",
        "coordinates": [
          121.444463,
          25.17025
        ]
      },
      "properties": {
        "brand": "全家",
        "city": "新北市",
        "store_name": "淡水青水店",
        "address": "251006台灣新北市淡水區清水街9-5號一樓",
        "phone": "02-26209862",
        "lng": 121.444463,
        "lat": 25.17025,
        "district": "淡水區"
      }
    },
    {
      "type": "Feature",
      "geometry": {
        "type": "Point",
        "coordinates": [
          121.437444,
          25.197772
        ]
      },
      "properties": {
        "brand": "全家",
        "city": "新北市",
        "store_name": "淡水海都店",
        "address": "251台灣新北市淡水區新市五路三段312號",
        "phone": "02-26238741",
        "lng": 121.437444,
        "lat": 25.197772,
        "district": "淡水區"
      }
    },
    {
      "type": "Feature",
      "geometry": {
        "type": "Point",
        "coordinates": [
          121.502044,
          25.258676
        ]
      },
      "properties": {
        "brand": "全家",
        "city": "新北市",
        "store_name": "三芝吉祥店",
        "address": "252台灣新北市三芝區淡金路一段73號号",
        "phone": "02-26361917",
        "lng": 121.502044,
        "lat": 25.258676,
        "district": "三芝區"
      }
    },
    {
      "type": "Feature",
      "geometry": {
        "type": "Point",
        "coordinates": [
          121.45425,
          25.179857
        ]
      },
      "properties": {
        "brand": "全家",
        "city": "新北市",
        "store_name": "淡水新莊店",
        "address": "251台灣新北市淡水區淡金路一段166號",
        "phone": "02-26227867",
        "lng": 121.45425,
        "lat": 25.179857,
        "district": "淡水區"
      }
    },
    {
      "type": "Feature",
      "geometry": {
        "type": "Point",
        "coordinates": [
          121.451644,
          25.174249
        ]
      },
      "properties": {
        "brand": "全家",
        "city": "新北市",
        "store_name": "淡水五虎崗店",
        "address": "251新北市淡水區水源街二段86號",
        "phone": "02-26224612",
        "lng": 121.451644,
        "lat": 25.174249,
        "district": "淡水區"
      }
    },
    {
      "type": "Feature",
      "geometry": {
        "type": "Point",
        "coordinates": [
          121.447099,
          25.173829
        ]
      },
      "properties": {
        "brand": "全家",
        "city": "新北市",
        "store_name": "淡水大學店",
        "address": "251台灣新北市淡水區英專路151號",
        "phone": "02-26226380",
        "lng": 121.447099,
        "lat": 25.173829,
        "district": "淡水區"
      }
    },
    {
      "type": "Feature",
      "geometry": {
        "type": "Point",
        "coordinates": [
          121.459692,
          25.156865
        ]
      },
      "properties": {
        "brand": "全家",
        "city": "新北市",
        "store_name": "淡水登峰店",
        "address": "251台灣新北市淡水區中正東路二段27號, 2樓",
        "phone": "02-28085461",
        "lng": 121.459692,
        "lat": 25.156865,
        "district": "淡水區"
      }
    },
    {
      "type": "Feature",
      "geometry": {
        "type": "Point",
        "coordinates": [
          121.460228,
          25.154734
        ]
      },
      "properties": {
        "brand": "全家",
        "city": "新北市",
        "store_name": "淡水紅林店",
        "address": "251台灣新北市淡水區中正東路二段69號號1樓",
        "phone": "02-28092016",
        "lng": 121.460228,
        "lat": 25.154734,
        "district": "淡水區"
      }
    },
    {
      "type": "Feature",
      "geometry": {
        "type": "Point",
        "coordinates": [
          121.437349,
          25.182908
        ]
      },
      "properties": {
        "brand": "全家",
        "city": "新北市",
        "store_name": "淡水水源店",
        "address": "新北市淡水區水源一街124號1樓",
        "phone": "02-26291496",
        "lng": 121.437349,
        "lat": 25.182908,
        "district": "淡水區"
      }
    },
    {
      "type": "Feature",
      "geometry": {
        "type": "Point",
        "coordinates": [
          121.56805,
          25.292075
        ]
      },
      "properties": {
        "brand": "全家",
        "city": "新北市",
        "store_name": "石門粽香店",
        "address": "253台灣新北市石門區中央路24號",
        "phone": "02-26382011",
        "lng": 121.56805,
        "lat": 25.292075,
        "district": "石門區"
      }
    },
    {
      "type": "Feature",
      "geometry": {
        "type": "Point",
        "coordinates": [
          121.443493,
          25.180877
        ]
      },
      "properties": {
        "brand": "全家",
        "city": "新北市",
        "store_name": "淡水新摩天店",
        "address": "新北市淡水區新春街184號",
        "phone": "02-26255587",
        "lng": 121.443493,
        "lat": 25.180877,
        "district": "淡水區"
      }
    },
    {
      "type": "Feature",
      "geometry": {
        "type": "Point",
        "coordinates": [
          121.462109,
          25.137889
        ]
      },
      "properties": {
        "brand": "全家",
        "city": "新北市",
        "store_name": "淡水竹圍店",
        "address": "新北市淡水區民生路58號",
        "phone": "02-28099936",
        "lng": 121.462109,
        "lat": 25.137889,
        "district": "淡水區"
      }
    },
    {
      "type": "Feature",
      "geometry": {
        "type": "Point",
        "coordinates": [
          121.645396,
          25.008922
        ]
      },
      "properties": {
        "brand": "全家",
        "city": "新北市",
        "store_name": "石碇國道店",
        "address": "新北市石碇區文山路一段6號",
        "phone": "02-26633428",
        "lng": 121.645396,
        "lat": 25.008922,
        "district": "石碇區"
      }
    },
    {
      "type": "Feature",
      "geometry": {
        "type": "Point",
        "coordinates": [
          121.661818,
          25.073069
        ]
      },
      "properties": {
        "brand": "全家",
        "city": "新北市",
        "store_name": "汐止建安店",
        "address": "新北市汐止區建成路59巷9號.15號",
        "phone": "02-26418761",
        "lng": 121.661818,
        "lat": 25.073069,
        "district": "汐止區"
      }
    },
    {
      "type": "Feature",
      "geometry": {
        "type": "Point",
        "coordinates": [
          121.637777,
          25.067972
        ]
      },
      "properties": {
        "brand": "全家",
        "city": "新北市",
        "store_name": "汐止福旺店",
        "address": "221台灣新北市汐止區福德一路109號",
        "phone": "02-86933934",
        "lng": 121.637777,
        "lat": 25.067972,
        "district": "汐止區"
      }
    },
    {
      "type": "Feature",
      "geometry": {
        "type": "Point",
        "coordinates": [
          121.62895,
          25.064817
        ]
      },
      "properties": {
        "brand": "全家",
        "city": "新北市",
        "store_name": "汐止長虹店",
        "address": "新北市汐止區福德二路81-1號",
        "phone": "02-26948906",
        "lng": 121.62895,
        "lat": 25.064817,
        "district": "汐止區"
      }
    },
    {
      "type": "Feature",
      "geometry": {
        "type": "Point",
        "coordinates": [
          121.673772,
          25.07577
        ]
      },
      "properties": {
        "brand": "全家",
        "city": "新北市",
        "store_name": "汐止大同店",
        "address": "221台灣新北市汐止區大同路三段269號",
        "phone": "02-86486545",
        "lng": 121.673772,
        "lat": 25.07577,
        "district": "汐止區"
      }
    },
    {
      "type": "Feature",
      "geometry": {
        "type": "Point",
        "coordinates": [
          121.647852,
          25.061608
        ]
      },
      "properties": {
        "brand": "全家",
        "city": "新北市",
        "store_name": "汐止新遠雄店",
        "address": "新北市汐止區新台五路一段93號地下一層之2",
        "phone": "02-26971106",
        "lng": 121.647852,
        "lat": 25.061608,
        "district": "汐止區"
      }
    },
    {
      "type": "Feature",
      "geometry": {
        "type": "Point",
        "coordinates": [
          121.632339,
          25.064999
        ]
      },
      "properties": {
        "brand": "全家",
        "city": "新北市",
        "store_name": "汐止興中店",
        "address": "新北市汐止區中興路158號",
        "phone": "02-86933681",
        "lng": 121.632339,
        "lat": 25.064999,
        "district": "汐止區"
      }
    },
    {
      "type": "Feature",
      "geometry": {
        "type": "Point",
        "coordinates": [
          121.6227,
          25.068322
        ]
      },
      "properties": {
        "brand": "全家",
        "city": "新北市",
        "store_name": "汐止康寧店",
        "address": "新北市汐止區康寧街169巷23號1樓",
        "phone": "02-26959946",
        "lng": 121.6227,
        "lat": 25.068322,
        "district": "汐止區"
      }
    },
    {
      "type": "Feature",
      "geometry": {
        "type": "Point",
        "coordinates": [
          121.631563,
          25.069821
        ]
      },
      "properties": {
        "brand": "全家",
        "city": "新北市",
        "store_name": "汐止東城店",
        "address": "221台灣新北市汐止區康寧街459巷１０號１樓",
        "phone": "02-86951885",
        "lng": 121.631563,
        "lat": 25.069821,
        "district": "汐止區"
      }
    },
    {
      "type": "Feature",
      "geometry": {
        "type": "Point",
        "coordinates": [
          121.654439,
          25.06075
        ]
      },
      "properties": {
        "brand": "全家",
        "city": "新北市",
        "store_name": "汐止莊敬店",
        "address": "221台灣新北市汐止區莊敬街139號",
        "phone": "02-26435764",
        "lng": 121.654439,
        "lat": 25.06075,
        "district": "汐止區"
      }
    },
    {
      "type": "Feature",
      "geometry": {
        "type": "Point",
        "coordinates": [
          121.661084,
          25.072872
        ]
      },
      "properties": {
        "brand": "全家",
        "city": "新北市",
        "store_name": "汐止建泰店",
        "address": "221台灣新北市汐止區建成路59巷2號",
        "phone": "02-26902115",
        "lng": 121.661084,
        "lat": 25.072872,
        "district": "汐止區"
      }
    },
    {
      "type": "Feature",
      "geometry": {
        "type": "Point",
        "coordinates": [
          121.653685,
          25.063524
        ]
      },
      "properties": {
        "brand": "全家",
        "city": "新北市",
        "store_name": "汐止龍安店",
        "address": "221台灣新北市汐止區大同路二段184巷11號",
        "phone": "02-26490723",
        "lng": 121.653685,
        "lat": 25.063524,
        "district": "汐止區"
      }
    },
    {
      "type": "Feature",
      "geometry": {
        "type": "Point",
        "coordinates": [
          121.653326,
          25.064649
        ]
      },
      "properties": {
        "brand": "全家",
        "city": "新北市",
        "store_name": "汐止智興店",
        "address": "新北市汐止區大同路二段200號",
        "phone": "02-26490742",
        "lng": 121.653326,
        "lat": 25.064649,
        "district": "汐止區"
      }
    },
    {
      "type": "Feature",
      "geometry": {
        "type": "Point",
        "coordinates": [
          121.625626,
          25.05864
        ]
      },
      "properties": {
        "brand": "全家",
        "city": "新北市",
        "store_name": "汐止南陽店",
        "address": "新北市汐止區南陽街185號",
        "phone": "02-87807876",
        "lng": 121.625626,
        "lat": 25.05864,
        "district": "汐止區"
      }
    },
    {
      "type": "Feature",
      "geometry": {
        "type": "Point",
        "coordinates": [
          121.662392,
          25.066771
        ]
      },
      "properties": {
        "brand": "全家",
        "city": "新北市",
        "store_name": "汐止秀峰店",
        "address": "221台灣新北市汐止區忠孝東路228號",
        "phone": "02-26919425",
        "lng": 121.662392,
        "lat": 25.066771,
        "district": "汐止區"
      }
    },
    {
      "type": "Feature",
      "geometry": {
        "type": "Point",
        "coordinates": [
          121.64726,
          25.060304
        ]
      },
      "properties": {
        "brand": "全家",
        "city": "新北市",
        "store_name": "汐止宏碁店",
        "address": "新北市汐止區新台五路一段82號部份",
        "phone": "02-26960486",
        "lng": 121.64726,
        "lat": 25.060304,
        "district": "汐止區"
      }
    },
    {
      "type": "Feature",
      "geometry": {
        "type": "Point",
        "coordinates": [
          121.648151,
          25.061618
        ]
      },
      "properties": {
        "brand": "全家",
        "city": "新北市",
        "store_name": "新遠雄二店",
        "address": "新北市汐止區新台五路一段97號地下一層之6",
        "phone": "02-26975513",
        "lng": 121.648151,
        "lat": 25.061618,
        "district": "汐止區"
      }
    },
    {
      "type": "Feature",
      "geometry": {
        "type": "Point",
        "coordinates": [
          121.517488,
          25.008255
        ]
      },
      "properties": {
        "brand": "全家",
        "city": "新北市",
        "store_name": "永和新樂新店",
        "address": "新北市永和區大新街3號1樓",
        "phone": "02-86607125",
        "lng": 121.517488,
        "lat": 25.008255,
        "district": "永和區"
      }
    },
    {
      "type": "Feature",
      "geometry": {
        "type": "Point",
        "coordinates": [
          121.504636,
          24.997477
        ]
      },
      "properties": {
        "brand": "全家",
        "city": "新北市",
        "store_name": "中和勝華店",
        "address": "新北市中和區南華路67號壹樓",
        "phone": "02-22425933",
        "lng": 121.504636,
        "lat": 24.997477,
        "district": "中和區"
      }
    },
    {
      "type": "Feature",
      "geometry": {
        "type": "Point",
        "coordinates": [
          121.523137,
          25.009065
        ]
      },
      "properties": {
        "brand": "全家",
        "city": "新北市",
        "store_name": "永和御林店",
        "address": "新北市永和區竹林路213巷44號1樓",
        "phone": "02-89250327",
        "lng": 121.523137,
        "lat": 25.009065,
        "district": "永和區"
      }
    },
    {
      "type": "Feature",
      "geometry": {
        "type": "Point",
        "coordinates": [
          121.520039,
          25.007584
        ]
      },
      "properties": {
        "brand": "全家",
        "city": "新北市",
        "store_name": "永和福和店",
        "address": "234台灣新北市永和區福和路173號",
        "phone": "02-29213528",
        "lng": 121.520039,
        "lat": 25.007584,
        "district": "永和區"
      }
    },
    {
      "type": "Feature",
      "geometry": {
        "type": "Point",
        "coordinates": [
          121.526917,
          25.001599
        ]
      },
      "properties": {
        "brand": "全家",
        "city": "新北市",
        "store_name": "永和秀成店",
        "address": "新北市永和區成功路一段137,139號",
        "phone": "02-29215822",
        "lng": 121.526917,
        "lat": 25.001599,
        "district": "永和區"
      }
    },
    {
      "type": "Feature",
      "geometry": {
        "type": "Point",
        "coordinates": [
          121.47948,
          25.008322
        ]
      },
      "properties": {
        "brand": "全家",
        "city": "新北市",
        "store_name": "中和員科店",
        "address": "新北市中和區員山路504之1號1樓",
        "phone": "02-22221264",
        "lng": 121.47948,
        "lat": 25.008322,
        "district": "中和區"
      }
    },
    {
      "type": "Feature",
      "geometry": {
        "type": "Point",
        "coordinates": [
          121.508864,
          25.010907
        ]
      },
      "properties": {
        "brand": "全家",
        "city": "新北市",
        "store_name": "永和永平店",
        "address": "234台灣新北市永和區永平路232號",
        "phone": "02-86603548",
        "lng": 121.508864,
        "lat": 25.010907,
        "district": "永和區"
      }
    },
    {
      "type": "Feature",
      "geometry": {
        "type": "Point",
        "coordinates": [
          121.474918,
          25.08469
        ]
      },
      "properties": {
        "brand": "全家",
        "city": "新北市",
        "store_name": "永和騎士店",
        "address": "234台灣新北市永和區民權路53號1 樓",
        "phone": "02-89433594",
        "lng": 121.474918,
        "lat": 25.08469,
        "district": "永和區"
      }
    },
    {
      "type": "Feature",
      "geometry": {
        "type": "Point",
        "coordinates": [
          121.513519,
          25.007586
        ]
      },
      "properties": {
        "brand": "全家",
        "city": "新北市",
        "store_name": "永和永福店",
        "address": "234台灣新北市永和區永和路一段93號",
        "phone": "02-29234354",
        "lng": 121.513519,
        "lat": 25.007586,
        "district": "永和區"
      }
    },
    {
      "type": "Feature",
      "geometry": {
        "type": "Point",
        "coordinates": [
          121.515702,
          25.007369
        ]
      },
      "properties": {
        "brand": "全家",
        "city": "新北市",
        "store_name": "永和新廷店",
        "address": "新北市永和區福和路320號1樓",
        "phone": "02-29203971",
        "lng": 121.515702,
        "lat": 25.007369,
        "district": "永和區"
      }
    },
    {
      "type": "Feature",
      "geometry": {
        "type": "Point",
        "coordinates": [
          121.516983,
          24.998797
        ]
      },
      "properties": {
        "brand": "全家",
        "city": "新北市",
        "store_name": "永和正新店",
        "address": "234台灣新北市永和區中正路278號1",
        "phone": "02-29464214",
        "lng": 121.516983,
        "lat": 24.998797,
        "district": "永和區"
      }
    },
    {
      "type": "Feature",
      "geometry": {
        "type": "Point",
        "coordinates": [
          121.513856,
          25.016001
        ]
      },
      "properties": {
        "brand": "全家",
        "city": "新北市",
        "store_name": "永和文化店",
        "address": "新北市永和區文化路18,20,22號1樓",
        "phone": "02-86604492",
        "lng": 121.513856,
        "lat": 25.016001,
        "district": "永和區"
      }
    },
    {
      "type": "Feature",
      "geometry": {
        "type": "Point",
        "coordinates": [
          121.502329,
          25.003463
        ]
      },
      "properties": {
        "brand": "全家",
        "city": "新北市",
        "store_name": "中和佳和店",
        "address": "235台灣新北市中和區中山路二段132號1",
        "phone": "02-22450773",
        "lng": 121.502329,
        "lat": 25.003463,
        "district": "中和區"
      }
    },
    {
      "type": "Feature",
      "geometry": {
        "type": "Point",
        "coordinates": [
          121.507017,
          24.995166
        ]
      },
      "properties": {
        "brand": "全家",
        "city": "新北市",
        "store_name": "中和景明店",
        "address": "新北市中和區景新街212號1樓",
        "phone": "02-29466803",
        "lng": 121.507017,
        "lat": 24.995166,
        "district": "中和區"
      }
    },
    {
      "type": "Feature",
      "geometry": {
        "type": "Point",
        "coordinates": [
          121.516495,
          24.993879
        ]
      },
      "properties": {
        "brand": "全家",
        "city": "新北市",
        "store_name": "中和仁勇店",
        "address": "235008台灣新北市中和區大勇街20號, 1樓",
        "phone": "02-29400962",
        "lng": 121.516495,
        "lat": 24.993879,
        "district": "中和區"
      }
    },
    {
      "type": "Feature",
      "geometry": {
        "type": "Point",
        "coordinates": [
          121.516453,
          24.992377
        ]
      },
      "properties": {
        "brand": "全家",
        "city": "新北市",
        "store_name": "中和摩天店",
        "address": "新北市中和區景平路182號1樓",
        "phone": "02-89423447",
        "lng": 121.516453,
        "lat": 24.992377,
        "district": "中和區"
      }
    },
    {
      "type": "Feature",
      "geometry": {
        "type": "Point",
        "coordinates": [
          121.502658,
          24.990193
        ]
      },
      "properties": {
        "brand": "全家",
        "city": "新北市",
        "store_name": "中和秀欣店",
        "address": "新北市中和區復興路267號",
        "phone": "02-22432645",
        "lng": 121.502658,
        "lat": 24.990193,
        "district": "中和區"
      }
    },
    {
      "type": "Feature",
      "geometry": {
        "type": "Point",
        "coordinates": [
          121.514601,
          24.991127
        ]
      },
      "properties": {
        "brand": "全家",
        "city": "新北市",
        "store_name": "中和朕新店",
        "address": "新北市中和區景德街124號1樓",
        "phone": "02-29426294",
        "lng": 121.514601,
        "lat": 24.991127,
        "district": "中和區"
      }
    },
    {
      "type": "Feature",
      "geometry": {
        "type": "Point",
        "coordinates": [
          121.518729,
          24.991513
        ]
      },
      "properties": {
        "brand": "全家",
        "city": "新北市",
        "store_name": "中和景秀店",
        "address": "新北市中和區景平路71—2號",
        "phone": "02-86680018",
        "lng": 121.518729,
        "lat": 24.991513,
        "district": "中和區"
      }
    },
    {
      "type": "Feature",
      "geometry": {
        "type": "Point",
        "coordinates": [
          121.493294,
          24.990746
        ]
      },
      "properties": {
        "brand": "全家",
        "city": "新北市",
        "store_name": "中和圓通店",
        "address": "新北市中和區圓通路307之5號",
        "phone": "02-22454902",
        "lng": 121.493294,
        "lat": 24.990746,
        "district": "中和區"
      }
    },
    {
      "type": "Feature",
      "geometry": {
        "type": "Point",
        "coordinates": [
          121.514908,
          24.99255
        ]
      },
      "properties": {
        "brand": "全家",
        "city": "新北市",
        "store_name": "東森一號店",
        "address": "235台灣新北市中和區景平路258號1 樓",
        "phone": "02-89434426",
        "lng": 121.514908,
        "lat": 24.99255,
        "district": "中和區"
      }
    },
    {
      "type": "Feature",
      "geometry": {
        "type": "Point",
        "coordinates": [
          121.509091,
          24.982417
        ]
      },
      "properties": {
        "brand": "全家",
        "city": "新北市",
        "store_name": "中和華隆店",
        "address": "235台灣新北市中和區華新街109巷1號",
        "phone": "02-29414221",
        "lng": 121.509091,
        "lat": 24.982417,
        "district": "中和區"
      }
    },
    {
      "type": "Feature",
      "geometry": {
        "type": "Point",
        "coordinates": [
          121.470202,
          25.000525
        ]
      },
      "properties": {
        "brand": "全家",
        "city": "新北市",
        "store_name": "中和興國店",
        "address": "新北市中和區國光街104號1樓",
        "phone": "02-29635114",
        "lng": 121.470202,
        "lat": 25.000525,
        "district": "中和區"
      }
    },
    {
      "type": "Feature",
      "geometry": {
        "type": "Point",
        "coordinates": [
          121.485804,
          25.011121
        ]
      },
      "properties": {
        "brand": "全家",
        "city": "新北市",
        "store_name": "中和金原店",
        "address": "新北市中和區中原街126號1樓",
        "phone": "02-82211769",
        "lng": 121.485804,
        "lat": 25.011121,
        "district": "中和區"
      }
    },
    {
      "type": "Feature",
      "geometry": {
        "type": "Point",
        "coordinates": [
          121.472822,
          25.006503
        ]
      },
      "properties": {
        "brand": "全家",
        "city": "新北市",
        "store_name": "中和漢陽店",
        "address": "235011台灣新北市中和區中山路三段172號1樓",
        "phone": "02-22230343",
        "lng": 121.472822,
        "lat": 25.006503,
        "district": "中和區"
      }
    },
    {
      "type": "Feature",
      "geometry": {
        "type": "Point",
        "coordinates": [
          121.472638,
          25.001794
        ]
      },
      "properties": {
        "brand": "全家",
        "city": "新北市",
        "store_name": "中和自強店",
        "address": "新北市中和區莒光路131號",
        "phone": "02-32346883",
        "lng": 121.472638,
        "lat": 25.001794,
        "district": "中和區"
      }
    },
    {
      "type": "Feature",
      "geometry": {
        "type": "Point",
        "coordinates": [
          121.490107,
          24.995593
        ]
      },
      "properties": {
        "brand": "全家",
        "city": "新北市",
        "store_name": "中和錦福店",
        "address": "新北市中和區錦和路95號1樓",
        "phone": "02-82453548",
        "lng": 121.490107,
        "lat": 24.995593,
        "district": "中和區"
      }
    },
    {
      "type": "Feature",
      "geometry": {
        "type": "Point",
        "coordinates": [
          121.483666,
          24.995021
        ]
      },
      "properties": {
        "brand": "全家",
        "city": "新北市",
        "store_name": "中和新后店",
        "address": "新北市中和區連城路469巷23號1樓",
        "phone": "02-22216706",
        "lng": 121.483666,
        "lat": 24.995021,
        "district": "中和區"
      }
    },
    {
      "type": "Feature",
      "geometry": {
        "type": "Point",
        "coordinates": [
          121.499158,
          24.998844
        ]
      },
      "properties": {
        "brand": "全家",
        "city": "新北市",
        "store_name": "中和勝平店",
        "address": "235台灣新北市中和區景平路517號",
        "phone": "02-22474417",
        "lng": 121.499158,
        "lat": 24.998844,
        "district": "中和區"
      }
    },
    {
      "type": "Feature",
      "geometry": {
        "type": "Point",
        "coordinates": [
          121.466354,
          24.998437
        ]
      },
      "properties": {
        "brand": "全家",
        "city": "新北市",
        "store_name": "中和華順店",
        "address": "235001台灣新北市中和區華順街59號1樓",
        "phone": "02-29542123",
        "lng": 121.466354,
        "lat": 24.998437,
        "district": "中和區"
      }
    },
    {
      "type": "Feature",
      "geometry": {
        "type": "Point",
        "coordinates": [
          121.488247,
          25.000705
        ]
      },
      "properties": {
        "brand": "全家",
        "city": "新北市",
        "store_name": "中和圓順店",
        "address": "新北市中和區建一路141號",
        "phone": "02-22289923",
        "lng": 121.488247,
        "lat": 25.000705,
        "district": "中和區"
      }
    },
    {
      "type": "Feature",
      "geometry": {
        "type": "Point",
        "coordinates": [
          121.518431,
          25.012126
        ]
      },
      "properties": {
        "brand": "全家",
        "city": "新北市",
        "store_name": "中和民德店",
        "address": "235001台灣新北市中和區壽德街26號1樓",
        "phone": "02-29640401",
        "lng": 121.518431,
        "lat": 25.012126,
        "district": "中和區"
      }
    },
    {
      "type": "Feature",
      "geometry": {
        "type": "Point",
        "coordinates": [
          121.49766,
          24.997074
        ]
      },
      "properties": {
        "brand": "全家",
        "city": "新北市",
        "store_name": "中和安勝店",
        "address": "235台灣新北市中和區連勝街59號",
        "phone": "02-22430244",
        "lng": 121.49766,
        "lat": 24.997074,
        "district": "中和區"
      }
    },
    {
      "type": "Feature",
      "geometry": {
        "type": "Point",
        "coordinates": [
          121.486849,
          25.062871
        ]
      },
      "properties": {
        "brand": "全家",
        "city": "新北市",
        "store_name": "三重九陽店",
        "address": "新北市三重區重陽路二段30號1樓",
        "phone": "02-29845805",
        "lng": 121.486849,
        "lat": 25.062871,
        "district": "三重區"
      }
    },
    {
      "type": "Feature",
      "geometry": {
        "type": "Point",
        "coordinates": [
          121.470511,
          25.053894
        ]
      },
      "properties": {
        "brand": "全家",
        "city": "新北市",
        "store_name": "三重興德店",
        "address": "241台灣新北市三重區興德路123號",
        "phone": "02-85124015",
        "lng": 121.470511,
        "lat": 25.053894,
        "district": "三重區"
      }
    },
    {
      "type": "Feature",
      "geometry": {
        "type": "Point",
        "coordinates": [
          121.481842,
          25.071955
        ]
      },
      "properties": {
        "brand": "全家",
        "city": "新北市",
        "store_name": "三重大勇店",
        "address": "新北市三重區永發里力行路二段2號一樓",
        "phone": "02-29829253",
        "lng": 121.481842,
        "lat": 25.071955,
        "district": "三重區"
      }
    },
    {
      "type": "Feature",
      "geometry": {
        "type": "Point",
        "coordinates": [
          121.502761,
          25.063435
        ]
      },
      "properties": {
        "brand": "全家",
        "city": "新北市",
        "store_name": "三重大橋店",
        "address": "241台灣新北市三重區福德南路10號1",
        "phone": "02-29769363",
        "lng": 121.502761,
        "lat": 25.063435,
        "district": "三重區"
      }
    },
    {
      "type": "Feature",
      "geometry": {
        "type": "Point",
        "coordinates": [
          121.490693,
          25.059089
        ]
      },
      "properties": {
        "brand": "全家",
        "city": "新北市",
        "store_name": "三重重光店",
        "address": "新北市三重區重新路三段176號1樓",
        "phone": "02-29746074",
        "lng": 121.490693,
        "lat": 25.059089,
        "district": "三重區"
      }
    },
    {
      "type": "Feature",
      "geometry": {
        "type": "Point",
        "coordinates": [
          121.495401,
          25.062046
        ]
      },
      "properties": {
        "brand": "全家",
        "city": "新北市",
        "store_name": "三重大同店",
        "address": "241台灣新北市三重區大同北路6號1",
        "phone": "02-29841445",
        "lng": 121.495401,
        "lat": 25.062046,
        "district": "三重區"
      }
    },
    {
      "type": "Feature",
      "geometry": {
        "type": "Point",
        "coordinates": [
          121.484831,
          25.074983
        ]
      },
      "properties": {
        "brand": "全家",
        "city": "新北市",
        "store_name": "三重新永福店",
        "address": "新北市三重區永福街126號1樓",
        "phone": "02-22800071",
        "lng": 121.484831,
        "lat": 25.074983,
        "district": "三重區"
      }
    },
    {
      "type": "Feature",
      "geometry": {
        "type": "Point",
        "coordinates": [
          121.486128,
          25.05558
        ]
      },
      "properties": {
        "brand": "全家",
        "city": "新北市",
        "store_name": "三重國泰店",
        "address": "241台灣新北市三重區重新路四段89號",
        "phone": "02-29720115",
        "lng": 121.486128,
        "lat": 25.05558,
        "district": "三重區"
      }
    },
    {
      "type": "Feature",
      "geometry": {
        "type": "Point",
        "coordinates": [
          121.486878,
          25.058928
        ]
      },
      "properties": {
        "brand": "全家",
        "city": "新北市",
        "store_name": "三重金陽店",
        "address": "241台灣新北市三重區重陽路一段79號1",
        "phone": "02-89859597",
        "lng": 121.486878,
        "lat": 25.058928,
        "district": "三重區"
      }
    },
    {
      "type": "Feature",
      "geometry": {
        "type": "Point",
        "coordinates": [
          121.493174,
          25.053685
        ]
      },
      "properties": {
        "brand": "全家",
        "city": "新北市",
        "store_name": "三重新集明店",
        "address": "新北市三重區集美街116號1樓",
        "phone": "02-29742458",
        "lng": 121.493174,
        "lat": 25.053685,
        "district": "三重區"
      }
    },
    {
      "type": "Feature",
      "geometry": {
        "type": "Point",
        "coordinates": [
          121.463519,
          25.081149
        ]
      },
      "properties": {
        "brand": "全家",
        "city": "新北市",
        "store_name": "蘆洲長興店",
        "address": "新北市蘆洲區長安街168號1樓",
        "phone": "02-28481192",
        "lng": 121.463519,
        "lat": 25.081149,
        "district": "蘆洲區"
      }
    },
    {
      "type": "Feature",
      "geometry": {
        "type": "Point",
        "coordinates": [
          121.480422,
          25.083728
        ]
      },
      "properties": {
        "brand": "全家",
        "city": "新北市",
        "store_name": "蘆洲花園店",
        "address": "新北市蘆洲區集賢路269巷10號1樓",
        "phone": "02-82863423",
        "lng": 121.480422,
        "lat": 25.083728,
        "district": "蘆洲區"
      }
    },
    {
      "type": "Feature",
      "geometry": {
        "type": "Point",
        "coordinates": [
          121.501383,
          25.067374
        ]
      },
      "properties": {
        "brand": "全家",
        "city": "新北市",
        "store_name": "蘆洲安宅店",
        "address": "新北市蘆洲區長安街71號1樓",
        "phone": "02-28481650",
        "lng": 121.501383,
        "lat": 25.067374,
        "district": "蘆洲區"
      }
    },
    {
      "type": "Feature",
      "geometry": {
        "type": "Point",
        "coordinates": [
          121.488796,
          25.080175
        ]
      },
      "properties": {
        "brand": "全家",
        "city": "新北市",
        "store_name": "三重溪尾店",
        "address": "24103-6台灣新北市三重區溪尾街160號, 1樓",
        "phone": "02-22867450",
        "lng": 121.488796,
        "lat": 25.080175,
        "district": "三重區"
      }
    },
    {
      "type": "Feature",
      "geometry": {
        "type": "Point",
        "coordinates": [
          121.487587,
          25.072896
        ]
      },
      "properties": {
        "brand": "全家",
        "city": "新北市",
        "store_name": "三重自立店",
        "address": "新北市三重區自強路三段15號1樓",
        "phone": "02-29863917",
        "lng": 121.487587,
        "lat": 25.072896,
        "district": "三重區"
      }
    },
    {
      "type": "Feature",
      "geometry": {
        "type": "Point",
        "coordinates": [
          121.481991,
          25.087606
        ]
      },
      "properties": {
        "brand": "全家",
        "city": "新北市",
        "store_name": "蘆洲興賢店",
        "address": "247018台灣新北市蘆洲區中興街60號, 1樓",
        "phone": "02-82866445",
        "lng": 121.481991,
        "lat": 25.087606,
        "district": "蘆洲區"
      }
    },
    {
      "type": "Feature",
      "geometry": {
        "type": "Point",
        "coordinates": [
          121.475765,
          25.088909
        ]
      },
      "properties": {
        "brand": "全家",
        "city": "新北市",
        "store_name": "蘆洲名族店",
        "address": "新北市蘆洲區民族路251號1樓",
        "phone": "02-82852406",
        "lng": 121.475765,
        "lat": 25.088909,
        "district": "蘆洲區"
      }
    },
    {
      "type": "Feature",
      "geometry": {
        "type": "Point",
        "coordinates": [
          121.551099,
          25.006385
        ]
      },
      "properties": {
        "brand": "全家",
        "city": "新北市",
        "store_name": "蘆洲中原店",
        "address": "新北市蘆洲區中原路3號1樓",
        "phone": "02-22850171",
        "lng": 121.551099,
        "lat": 25.006385,
        "district": "蘆洲區"
      }
    },
    {
      "type": "Feature",
      "geometry": {
        "type": "Point",
        "coordinates": [
          121.484881,
          25.085272
        ]
      },
      "properties": {
        "brand": "全家",
        "city": "新北市",
        "store_name": "三重集勇店",
        "address": "241台灣新北市三重區集勇街19號",
        "phone": "02-28570741",
        "lng": 121.484881,
        "lat": 25.085272,
        "district": "三重區"
      }
    },
    {
      "type": "Feature",
      "geometry": {
        "type": "Point",
        "coordinates": [
          121.473401,
          25.083661
        ]
      },
      "properties": {
        "brand": "全家",
        "city": "新北市",
        "store_name": "蘆洲中央店",
        "address": "247台灣新北市蘆洲區中央路56號",
        "phone": "02-82850698",
        "lng": 121.473401,
        "lat": 25.083661,
        "district": "蘆洲區"
      }
    },
    {
      "type": "Feature",
      "geometry": {
        "type": "Point",
        "coordinates": [
          121.492,
          25.073452
        ]
      },
      "properties": {
        "brand": "全家",
        "city": "新北市",
        "store_name": "三重厚德店",
        "address": "24103-6台灣新北市三重區三和路三段186號1樓",
        "phone": "02-29815241",
        "lng": 121.492,
        "lat": 25.073452,
        "district": "三重區"
      }
    },
    {
      "type": "Feature",
      "geometry": {
        "type": "Point",
        "coordinates": [
          121.3978,
          25.145771
        ]
      },
      "properties": {
        "brand": "全家",
        "city": "新北市",
        "store_name": "八里富塘店",
        "address": "新北市八里區訊塘路62號1樓",
        "phone": "02-86303914",
        "lng": 121.3978,
        "lat": 25.145771,
        "district": "八里區"
      }
    },
    {
      "type": "Feature",
      "geometry": {
        "type": "Point",
        "coordinates": [
          121.449738,
          25.098513
        ]
      },
      "properties": {
        "brand": "全家",
        "city": "新北市",
        "store_name": "五股御雲店",
        "address": "新北市五股區西雲路2號1樓",
        "phone": "02-22931757",
        "lng": 121.449738,
        "lat": 25.098513,
        "district": "五股區"
      }
    },
    {
      "type": "Feature",
      "geometry": {
        "type": "Point",
        "coordinates": [
          121.453371,
          25.106598
        ]
      },
      "properties": {
        "brand": "全家",
        "city": "新北市",
        "store_name": "五股青水店",
        "address": "24805台灣新北市五股區成泰路四段16號1樓",
        "phone": "02-82923238",
        "lng": 121.453371,
        "lat": 25.106598,
        "district": "五股區"
      }
    },
    {
      "type": "Feature",
      "geometry": {
        "type": "Point",
        "coordinates": [
          121.448003,
          25.104087
        ]
      },
      "properties": {
        "brand": "全家",
        "city": "新北市",
        "store_name": "五股成泰店",
        "address": "新北市五股區成泰路三段577巷138號1樓",
        "phone": "02-22931703",
        "lng": 121.448003,
        "lat": 25.104087,
        "district": "五股區"
      }
    },
    {
      "type": "Feature",
      "geometry": {
        "type": "Point",
        "coordinates": [
          121.45877,
          25.083721
        ]
      },
      "properties": {
        "brand": "全家",
        "city": "新北市",
        "store_name": "蘆洲成功店",
        "address": "新北市蘆洲區長安街248號",
        "phone": "02-82831373",
        "lng": 121.45877,
        "lat": 25.083721,
        "district": "蘆洲區"
      }
    },
    {
      "type": "Feature",
      "geometry": {
        "type": "Point",
        "coordinates": [
          121.436171,
          25.079718
        ]
      },
      "properties": {
        "brand": "全家",
        "city": "新北市",
        "store_name": "五股蓬萊店",
        "address": "248台灣新北市五股區成泰路一段235號",
        "phone": "02-82921512",
        "lng": 121.436171,
        "lat": 25.079718,
        "district": "五股區"
      }
    },
    {
      "type": "Feature",
      "geometry": {
        "type": "Point",
        "coordinates": [
          121.473901,
          25.093771
        ]
      },
      "properties": {
        "brand": "全家",
        "city": "新北市",
        "store_name": "蘆洲民華店",
        "address": "247台灣新北市蘆洲區民族路422巷82弄14號",
        "phone": "02-82831441",
        "lng": 121.473901,
        "lat": 25.093771,
        "district": "蘆洲區"
      }
    },
    {
      "type": "Feature",
      "geometry": {
        "type": "Point",
        "coordinates": [
          121.479906,
          25.086734
        ]
      },
      "properties": {
        "brand": "全家",
        "city": "新北市",
        "store_name": "蘆洲玉清店",
        "address": "新北市蘆洲區民族路178號,180號一樓",
        "phone": "02-82822002",
        "lng": 121.479906,
        "lat": 25.086734,
        "district": "蘆洲區"
      }
    },
    {
      "type": "Feature",
      "geometry": {
        "type": "Point",
        "coordinates": [
          121.473913,
          25.091892
        ]
      },
      "properties": {
        "brand": "全家",
        "city": "新北市",
        "store_name": "蘆洲民星店",
        "address": "247台灣新北市蘆洲區民族路424號",
        "phone": "02-28472257",
        "lng": 121.473913,
        "lat": 25.091892,
        "district": "蘆洲區"
      }
    },
    {
      "type": "Feature",
      "geometry": {
        "type": "Point",
        "coordinates": [
          121.471291,
          25.088479
        ]
      },
      "properties": {
        "brand": "全家",
        "city": "新北市",
        "store_name": "蘆洲新虹展店",
        "address": "新北市蘆洲區民義街22巷18號",
        "phone": "02-82862521",
        "lng": 121.471291,
        "lat": 25.088479,
        "district": "蘆洲區"
      }
    },
    {
      "type": "Feature",
      "geometry": {
        "type": "Point",
        "coordinates": [
          121.46962,
          25.090503
        ]
      },
      "properties": {
        "brand": "全家",
        "city": "新北市",
        "store_name": "蘆洲水湳店",
        "address": "247台灣新北市蘆洲區民族路500號1",
        "phone": "02-28489350",
        "lng": 121.46962,
        "lat": 25.090503,
        "district": "蘆洲區"
      }
    },
    {
      "type": "Feature",
      "geometry": {
        "type": "Point",
        "coordinates": [
          121.472518,
          25.092018
        ]
      },
      "properties": {
        "brand": "全家",
        "city": "新北市",
        "store_name": "蘆洲民仁店",
        "address": "新北市蘆洲區民族路448號",
        "phone": "02-82835024",
        "lng": 121.472518,
        "lat": 25.092018,
        "district": "蘆洲區"
      }
    },
    {
      "type": "Feature",
      "geometry": {
        "type": "Point",
        "coordinates": [
          121.475819,
          25.086519
        ]
      },
      "properties": {
        "brand": "全家",
        "city": "新北市",
        "store_name": "蘆洲新鷺江店",
        "address": "新北市蘆洲區民權路35號1樓",
        "phone": "02-82851197",
        "lng": 121.475819,
        "lat": 25.086519,
        "district": "蘆洲區"
      }
    },
    {
      "type": "Feature",
      "geometry": {
        "type": "Point",
        "coordinates": [
          121.414624,
          25.046919
        ]
      },
      "properties": {
        "brand": "全家",
        "city": "新北市",
        "store_name": "泰山南亞店",
        "address": "243台灣新北市泰山區南林路98號8",
        "phone": "02-29045869",
        "lng": 121.414624,
        "lat": 25.046919,
        "district": "泰山區"
      }
    },
    {
      "type": "Feature",
      "geometry": {
        "type": "Point",
        "coordinates": [
          121.414624,
          25.046919
        ]
      },
      "properties": {
        "brand": "全家",
        "city": "新北市",
        "store_name": "泰山南科店",
        "address": "243台灣新北市泰山區南林路98號二 6",
        "phone": "02-29045893",
        "lng": 121.414624,
        "lat": 25.046919,
        "district": "泰山區"
      }
    },
    {
      "type": "Feature",
      "geometry": {
        "type": "Point",
        "coordinates": [
          121.360962,
          25.066698
        ]
      },
      "properties": {
        "brand": "全家",
        "city": "新北市",
        "store_name": "林口幸福店",
        "address": "新北市林口區文化三路一段35號1樓",
        "phone": "02-26098325",
        "lng": 121.360962,
        "lat": 25.066698,
        "district": "林口區"
      }
    },
    {
      "type": "Feature",
      "geometry": {
        "type": "Point",
        "coordinates": [
          121.375357,
          25.082012
        ]
      },
      "properties": {
        "brand": "全家",
        "city": "新北市",
        "store_name": "林口文義店",
        "address": "新北市林口區湖南里信義路289號",
        "phone": "02-26090866",
        "lng": 121.375357,
        "lat": 25.082012,
        "district": "林口區"
      }
    },
    {
      "type": "Feature",
      "geometry": {
        "type": "Point",
        "coordinates": [
          121.37585,
          25.071881
        ]
      },
      "properties": {
        "brand": "全家",
        "city": "新北市",
        "store_name": "林口國宅店",
        "address": "新北市林口區麗園一街4巷1號1之4",
        "phone": "02-26081140",
        "lng": 121.37585,
        "lat": 25.071881,
        "district": "林口區"
      }
    },
    {
      "type": "Feature",
      "geometry": {
        "type": "Point",
        "coordinates": [
          121.388481,
          25.081683
        ]
      },
      "properties": {
        "brand": "全家",
        "city": "新北市",
        "store_name": "林口竹林店",
        "address": "新北市林口區林口路１２６號１Ｆ",
        "phone": "02-26024731",
        "lng": 121.388481,
        "lat": 25.081683,
        "district": "林口區"
      }
    },
    {
      "type": "Feature",
      "geometry": {
        "type": "Point",
        "coordinates": [
          121.424262,
          25.039143
        ]
      },
      "properties": {
        "brand": "全家",
        "city": "新北市",
        "store_name": "泰山工專店",
        "address": "243台灣新北市泰山區明志路三段170號",
        "phone": "02-29046856",
        "lng": 121.424262,
        "lat": 25.039143,
        "district": "泰山區"
      }
    },
    {
      "type": "Feature",
      "geometry": {
        "type": "Point",
        "coordinates": [
          121.433447,
          25.055469
        ]
      },
      "properties": {
        "brand": "全家",
        "city": "新北市",
        "store_name": "泰山白金店",
        "address": "243301台灣新北市泰山區仁愛路108號, 1樓",
        "phone": "02-22979409",
        "lng": 121.433447,
        "lat": 25.055469,
        "district": "泰山區"
      }
    },
    {
      "type": "Feature",
      "geometry": {
        "type": "Point",
        "coordinates": [
          121.430677,
          25.057788
        ]
      },
      "properties": {
        "brand": "全家",
        "city": "新北市",
        "store_name": "泰山辭修店",
        "address": "243301台灣新北市泰山區明志路一段374號1樓",
        "phone": "02-22971269",
        "lng": 121.430677,
        "lat": 25.057788,
        "district": "泰山區"
      }
    },
    {
      "type": "Feature",
      "geometry": {
        "type": "Point",
        "coordinates": [
          121.429307,
          25.052712
        ]
      },
      "properties": {
        "brand": "全家",
        "city": "新北市",
        "store_name": "泰山新義學店",
        "address": "243台灣新北市泰山區明志路二段53號1",
        "phone": "02-29097397",
        "lng": 121.429307,
        "lat": 25.052712,
        "district": "泰山區"
      }
    },
    {
      "type": "Feature",
      "geometry": {
        "type": "Point",
        "coordinates": [
          121.430799,
          25.039676
        ]
      },
      "properties": {
        "brand": "全家",
        "city": "新北市",
        "store_name": "泰山新輔醫店",
        "address": "新北市泰山區貴子路69號B1",
        "phone": "02-29014162",
        "lng": 121.430799,
        "lat": 25.039676,
        "district": "泰山區"
      }
    },
    {
      "type": "Feature",
      "geometry": {
        "type": "Point",
        "coordinates": [
          121.378726,
          25.083612
        ]
      },
      "properties": {
        "brand": "全家",
        "city": "新北市",
        "store_name": "林口麗林店",
        "address": "新北市林口區中山路522號1樓",
        "phone": "02-26024790",
        "lng": 121.378726,
        "lat": 25.083612,
        "district": "林口區"
      }
    },
    {
      "type": "Feature",
      "geometry": {
        "type": "Point",
        "coordinates": [
          121.41468,
          25.021475
        ]
      },
      "properties": {
        "brand": "全家",
        "city": "新北市",
        "store_name": "林口正新店",
        "address": "新北市林口區中正路51號1樓",
        "phone": "02-26017615",
        "lng": 121.41468,
        "lat": 25.021475,
        "district": "林口區"
      }
    },
    {
      "type": "Feature",
      "geometry": {
        "type": "Point",
        "coordinates": [
          121.392641,
          25.076271
        ]
      },
      "properties": {
        "brand": "全家",
        "city": "新北市",
        "store_name": "林口菁埔店",
        "address": "244台灣新北市林口區仁愛路一段292號",
        "phone": "02-26017544",
        "lng": 121.392641,
        "lat": 25.076271,
        "district": "林口區"
      }
    },
    {
      "type": "Feature",
      "geometry": {
        "type": "Point",
        "coordinates": [
          121.375044,
          25.072406
        ]
      },
      "properties": {
        "brand": "全家",
        "city": "新北市",
        "store_name": "林口住都店",
        "address": "新北市林口區文化一路一段166-1號",
        "phone": "02-26068053",
        "lng": 121.375044,
        "lat": 25.072406,
        "district": "林口區"
      }
    },
    {
      "type": "Feature",
      "geometry": {
        "type": "Point",
        "coordinates": [
          121.459623,
          25.043241
        ]
      },
      "properties": {
        "brand": "全家",
        "city": "新北市",
        "store_name": "新莊北醫店",
        "address": "242台灣新北市新莊區思源路127號",
        "phone": "02-29944981",
        "lng": 121.459623,
        "lat": 25.043241,
        "district": "新莊區"
      }
    },
    {
      "type": "Feature",
      "geometry": {
        "type": "Point",
        "coordinates": [
          121.454956,
          25.050028
        ]
      },
      "properties": {
        "brand": "全家",
        "city": "新北市",
        "store_name": "新莊昌盛店",
        "address": "24203-2台灣新北市新莊區昌盛街67號, 一樓",
        "phone": "02-22764464",
        "lng": 121.454956,
        "lat": 25.050028,
        "district": "新莊區"
      }
    },
    {
      "type": "Feature",
      "geometry": {
        "type": "Point",
        "coordinates": [
          121.459826,
          25.06621
        ]
      },
      "properties": {
        "brand": "全家",
        "city": "新北市",
        "store_name": "新莊新工店",
        "address": "24203-2台灣新北市新莊區五工二路81號, 一樓",
        "phone": "02-22989786",
        "lng": 121.459826,
        "lat": 25.06621,
        "district": "新莊區"
      }
    },
    {
      "type": "Feature",
      "geometry": {
        "type": "Point",
        "coordinates": [
          121.463922,
          25.054604
        ]
      },
      "properties": {
        "brand": "全家",
        "city": "新北市",
        "store_name": "新莊福前店",
        "address": "24203-2台灣新北市新莊區中原東路56號, 1樓",
        "phone": "02-85218649",
        "lng": 121.463922,
        "lat": 25.054604,
        "district": "新莊區"
      }
    },
    {
      "type": "Feature",
      "geometry": {
        "type": "Point",
        "coordinates": [
          121.452642,
          25.041963
        ]
      },
      "properties": {
        "brand": "全家",
        "city": "新北市",
        "store_name": "新莊華寧店",
        "address": "242台灣新北市新莊區中華路一段182-1號1",
        "phone": "02-29946014",
        "lng": 121.452642,
        "lat": 25.041963,
        "district": "新莊區"
      }
    },
    {
      "type": "Feature",
      "geometry": {
        "type": "Point",
        "coordinates": [
          121.459581,
          25.059867
        ]
      },
      "properties": {
        "brand": "全家",
        "city": "新北市",
        "store_name": "新莊新頭前店",
        "address": "242台灣新北市新莊區思源路597號1",
        "phone": "02-85219644",
        "lng": 121.459581,
        "lat": 25.059867,
        "district": "新莊區"
      }
    },
    {
      "type": "Feature",
      "geometry": {
        "type": "Point",
        "coordinates": [
          121.458277,
          25.048422
        ]
      },
      "properties": {
        "brand": "全家",
        "city": "新北市",
        "store_name": "新莊仁義店",
        "address": "242台灣新北市新莊區福壽街38號1f",
        "phone": "02-29962848",
        "lng": 121.458277,
        "lat": 25.048422,
        "district": "新莊區"
      }
    },
    {
      "type": "Feature",
      "geometry": {
        "type": "Point",
        "coordinates": [
          121.509413,
          25.025432
        ]
      },
      "properties": {
        "brand": "全家",
        "city": "新北市",
        "store_name": "新莊首富店",
        "address": "242台灣新北市新莊區中華路二段5號",
        "phone": "02-29902685",
        "lng": 121.509413,
        "lat": 25.025432,
        "district": "新莊區"
      }
    },
    {
      "type": "Feature",
      "geometry": {
        "type": "Point",
        "coordinates": [
          121.457761,
          25.051673
        ]
      },
      "properties": {
        "brand": "全家",
        "city": "新北市",
        "store_name": "新莊新福義店",
        "address": "242台灣新北市新莊區福壽街132號1",
        "phone": "02-29964281",
        "lng": 121.457761,
        "lat": 25.051673,
        "district": "新莊區"
      }
    },
    {
      "type": "Feature",
      "geometry": {
        "type": "Point",
        "coordinates": [
          121.444403,
          25.052657
        ]
      },
      "properties": {
        "brand": "全家",
        "city": "新北市",
        "store_name": "新莊忠承店",
        "address": "新北市新莊區中平路377巷2號1樓",
        "phone": "02-29906231",
        "lng": 121.444403,
        "lat": 25.052657,
        "district": "新莊區"
      }
    },
    {
      "type": "Feature",
      "geometry": {
        "type": "Point",
        "coordinates": [
          121.465653,
          25.057438
        ]
      },
      "properties": {
        "brand": "全家",
        "city": "新北市",
        "store_name": "新莊樹成店",
        "address": "242台灣新北市新莊區化成路738號",
        "phone": "02-85214163",
        "lng": 121.465653,
        "lat": 25.057438,
        "district": "新莊區"
      }
    },
    {
      "type": "Feature",
      "geometry": {
        "type": "Point",
        "coordinates": [
          121.444872,
          25.044459
        ]
      },
      "properties": {
        "brand": "全家",
        "city": "新北市",
        "store_name": "新莊中永店",
        "address": "242台灣新北市新莊區中平路66號",
        "phone": "02-89920165",
        "lng": 121.444872,
        "lat": 25.044459,
        "district": "新莊區"
      }
    },
    {
      "type": "Feature",
      "geometry": {
        "type": "Point",
        "coordinates": [
          121.481192,
          25.018605
        ]
      },
      "properties": {
        "brand": "全家",
        "city": "新北市",
        "store_name": "板橋新光仁店",
        "address": "220台灣新北市板橋區中山路二段25號5",
        "phone": "02-89539335",
        "lng": 121.481192,
        "lat": 25.018605,
        "district": "板橋區"
      }
    },
    {
      "type": "Feature",
      "geometry": {
        "type": "Point",
        "coordinates": [
          121.465548,
          25.031532
        ]
      },
      "properties": {
        "brand": "全家",
        "city": "新北市",
        "store_name": "板橋漢江店",
        "address": "新北市板橋區長江路二段120號1樓",
        "phone": "02-22593499",
        "lng": 121.465548,
        "lat": 25.031532,
        "district": "板橋區"
      }
    },
    {
      "type": "Feature",
      "geometry": {
        "type": "Point",
        "coordinates": [
          121.468684,
          25.026732
        ]
      },
      "properties": {
        "brand": "全家",
        "city": "新北市",
        "store_name": "板橋松翠店",
        "address": "新北市板橋區松江街25號1樓",
        "phone": "02-22542581",
        "lng": 121.468684,
        "lat": 25.026732,
        "district": "板橋區"
      }
    },
    {
      "type": "Feature",
      "geometry": {
        "type": "Point",
        "coordinates": [
          121.481741,
          25.023358
        ]
      },
      "properties": {
        "brand": "全家",
        "city": "新北市",
        "store_name": "板橋振興店",
        "address": "新北市板橋區三民路一段31巷89弄3號",
        "phone": "02-89612085",
        "lng": 121.481741,
        "lat": 25.023358,
        "district": "板橋區"
      }
    },
    {
      "type": "Feature",
      "geometry": {
        "type": "Point",
        "coordinates": [
          121.476901,
          25.026176
        ]
      },
      "properties": {
        "brand": "全家",
        "city": "新北市",
        "store_name": "板橋雙十店",
        "address": "新北市板橋區雙十路二段6—8號,6—9號,6—10",
        "phone": "02-22546231",
        "lng": 121.476901,
        "lat": 25.026176,
        "district": "板橋區"
      }
    },
    {
      "type": "Feature",
      "geometry": {
        "type": "Point",
        "coordinates": [
          121.479226,
          25.021653
        ]
      },
      "properties": {
        "brand": "全家",
        "city": "新北市",
        "store_name": "板橋富山店",
        "address": "220台灣新北市板橋區三民路一段94號",
        "phone": "02-89641541",
        "lng": 121.479226,
        "lat": 25.021653,
        "district": "板橋區"
      }
    },
    {
      "type": "Feature",
      "geometry": {
        "type": "Point",
        "coordinates": [
          121.478915,
          25.030909
        ]
      },
      "properties": {
        "brand": "全家",
        "city": "新北市",
        "store_name": "板橋江翠店",
        "address": "新北市板橋區懷德街127巷1號及3號1F",
        "phone": "02-22525104",
        "lng": 121.478915,
        "lat": 25.030909,
        "district": "板橋區"
      }
    },
    {
      "type": "Feature",
      "geometry": {
        "type": "Point",
        "coordinates": [
          121.475885,
          25.030062
        ]
      },
      "properties": {
        "brand": "全家",
        "city": "新北市",
        "store_name": "板橋松柏店",
        "address": "新北市板橋區松柏街13號",
        "phone": "02-82520901",
        "lng": 121.475885,
        "lat": 25.030062,
        "district": "板橋區"
      }
    },
    {
      "type": "Feature",
      "geometry": {
        "type": "Point",
        "coordinates": [
          121.478997,
          25.015982
        ]
      },
      "properties": {
        "brand": "全家",
        "city": "新北市",
        "store_name": "板橋天和店",
        "address": "220台灣新北市板橋區三民路二段140號, １樓",
        "phone": "02-29556108",
        "lng": 121.478997,
        "lat": 25.015982,
        "district": "板橋區"
      }
    },
    {
      "type": "Feature",
      "geometry": {
        "type": "Point",
        "coordinates": [
          121.479683,
          25.018136
        ]
      },
      "properties": {
        "brand": "全家",
        "city": "新北市",
        "store_name": "板橋樂福店",
        "address": "220台灣新北市板橋區三民路二段21巷6號, 1樓",
        "phone": "02-29636100",
        "lng": 121.479683,
        "lat": 25.018136,
        "district": "板橋區"
      }
    },
    {
      "type": "Feature",
      "geometry": {
        "type": "Point",
        "coordinates": [
          121.45854,
          25.008327
        ]
      },
      "properties": {
        "brand": "全家",
        "city": "新北市",
        "store_name": "板橋板農店",
        "address": "220台灣新北市板橋區府中路29號",
        "phone": "02-22723346",
        "lng": 121.45854,
        "lat": 25.008327,
        "district": "板橋區"
      }
    },
    {
      "type": "Feature",
      "geometry": {
        "type": "Point",
        "coordinates": [
          121.467638,
          25.004282
        ]
      },
      "properties": {
        "brand": "全家",
        "city": "新北市",
        "store_name": "板橋國泰店",
        "address": "22003-6台灣新北市板橋區國泰街37號, 1樓",
        "phone": "02-29596571",
        "lng": 121.467638,
        "lat": 25.004282,
        "district": "板橋區"
      }
    },
    {
      "type": "Feature",
      "geometry": {
        "type": "Point",
        "coordinates": [
          121.467266,
          25.021263
        ]
      },
      "properties": {
        "brand": "全家",
        "city": "新北市",
        "store_name": "板橋文化店",
        "address": "220台灣新北市板橋區文化路一段280號",
        "phone": "02-22544632",
        "lng": 121.467266,
        "lat": 25.021263,
        "district": "板橋區"
      }
    },
    {
      "type": "Feature",
      "geometry": {
        "type": "Point",
        "coordinates": [
          121.450754,
          24.9934
        ]
      },
      "properties": {
        "brand": "全家",
        "city": "新北市",
        "store_name": "板橋板川店",
        "address": "220046台灣新北市板橋區四川路二段245巷7號1樓",
        "phone": "02-89674495",
        "lng": 121.450754,
        "lat": 24.9934,
        "district": "板橋區"
      }
    },
    {
      "type": "Feature",
      "geometry": {
        "type": "Point",
        "coordinates": [
          121.464851,
          25.013499
        ]
      },
      "properties": {
        "brand": "全家",
        "city": "新北市",
        "store_name": "板橋市民店",
        "address": "220台灣新北市板橋區縣民大道二段22號b1",
        "phone": "02-29641484",
        "lng": 121.464851,
        "lat": 25.013499,
        "district": "板橋區"
      }
    },
    {
      "type": "Feature",
      "geometry": {
        "type": "Point",
        "coordinates": [
          121.475934,
          25.012013
        ]
      },
      "properties": {
        "brand": "全家",
        "city": "新北市",
        "store_name": "板橋廣榮店",
        "address": "220台灣新北市板橋區民生路一段33-4號1",
        "phone": "02-29648983",
        "lng": 121.475934,
        "lat": 25.012013,
        "district": "板橋區"
      }
    },
    {
      "type": "Feature",
      "geometry": {
        "type": "Point",
        "coordinates": [
          121.473251,
          25.016538
        ]
      },
      "properties": {
        "brand": "全家",
        "city": "新北市",
        "store_name": "板橋金典店",
        "address": "220台灣新北市板橋區民生路二段16號1",
        "phone": "02-29642035",
        "lng": 121.473251,
        "lat": 25.016538,
        "district": "板橋區"
      }
    },
    {
      "type": "Feature",
      "geometry": {
        "type": "Point",
        "coordinates": [
          121.466433,
          25.011948
        ]
      },
      "properties": {
        "brand": "全家",
        "city": "新北市",
        "store_name": "板橋新府店",
        "address": "220台灣新北市板橋區中山路一段160號",
        "phone": "02-29510276",
        "lng": 121.466433,
        "lat": 25.011948,
        "district": "板橋區"
      }
    },
    {
      "type": "Feature",
      "geometry": {
        "type": "Point",
        "coordinates": [
          121.463636,
          25.014331
        ]
      },
      "properties": {
        "brand": "全家",
        "city": "新北市",
        "store_name": "板橋東站店",
        "address": "220台灣新北市板橋區縣民大道二段7號",
        "phone": "02-29650450",
        "lng": 121.463636,
        "lat": 25.014331,
        "district": "板橋區"
      }
    },
    {
      "type": "Feature",
      "geometry": {
        "type": "Point",
        "coordinates": [
          121.456652,
          25.018633
        ]
      },
      "properties": {
        "brand": "全家",
        "city": "新北市",
        "store_name": "板橋美庭店",
        "address": "220台灣新北市板橋區中正路216巷21號1",
        "phone": "02-29607413",
        "lng": 121.456652,
        "lat": 25.018633,
        "district": "板橋區"
      }
    },
    {
      "type": "Feature",
      "geometry": {
        "type": "Point",
        "coordinates": [
          121.463636,
          25.014331
        ]
      },
      "properties": {
        "brand": "全家",
        "city": "新北市",
        "store_name": "板橋北站店",
        "address": "220台灣新北市板橋區縣民大道二段7號",
        "phone": "02-29657973",
        "lng": 121.463636,
        "lat": 25.014331,
        "district": "板橋區"
      }
    },
    {
      "type": "Feature",
      "geometry": {
        "type": "Point",
        "coordinates": [
          121.457121,
          25.023969
        ]
      },
      "properties": {
        "brand": "全家",
        "city": "新北市",
        "store_name": "板橋新泉店",
        "address": "220台灣新北市板橋區龍泉街126號",
        "phone": "02-82573744",
        "lng": 121.457121,
        "lat": 25.023969,
        "district": "板橋區"
      }
    },
    {
      "type": "Feature",
      "geometry": {
        "type": "Point",
        "coordinates": [
          121.456174,
          25.01244
        ]
      },
      "properties": {
        "brand": "全家",
        "city": "新北市",
        "store_name": "板橋花園店",
        "address": "新北市板橋區中正路一巷14號1樓",
        "phone": "02-29679720",
        "lng": 121.456174,
        "lat": 25.01244,
        "district": "板橋區"
      }
    },
    {
      "type": "Feature",
      "geometry": {
        "type": "Point",
        "coordinates": [
          121.454087,
          25.019599
        ]
      },
      "properties": {
        "brand": "全家",
        "city": "新北市",
        "store_name": "板橋香社店",
        "address": "220台灣新北市板橋區中正路325巷25號號1樓",
        "phone": "02-89658681",
        "lng": 121.454087,
        "lat": 25.019599,
        "district": "板橋區"
      }
    },
    {
      "type": "Feature",
      "geometry": {
        "type": "Point",
        "coordinates": [
          121.540529,
          25.029479
        ]
      },
      "properties": {
        "brand": "全家",
        "city": "新北市",
        "store_name": "板橋信陽店",
        "address": "新北市板橋區信義里信義路72號一樓",
        "phone": "02-29506920",
        "lng": 121.540529,
        "lat": 25.029479,
        "district": "板橋區"
      }
    },
    {
      "type": "Feature",
      "geometry": {
        "type": "Point",
        "coordinates": [
          121.458306,
          24.999578
        ]
      },
      "properties": {
        "brand": "全家",
        "city": "新北市",
        "store_name": "板橋新遠店",
        "address": "22003-5台灣新北市板橋區四川路一段371號, 1樓",
        "phone": "02-89539873",
        "lng": 121.458306,
        "lat": 24.999578,
        "district": "板橋區"
      }
    },
    {
      "type": "Feature",
      "geometry": {
        "type": "Point",
        "coordinates": [
          121.462244,
          25.028978
        ]
      },
      "properties": {
        "brand": "全家",
        "city": "新北市",
        "store_name": "板橋富裕店",
        "address": "22003-7台灣新北市板橋區裕民街11號1樓",
        "phone": "02-82529995",
        "lng": 121.462244,
        "lat": 25.028978,
        "district": "板橋區"
      }
    },
    {
      "type": "Feature",
      "geometry": {
        "type": "Point",
        "coordinates": [
          121.462139,
          24.994735
        ]
      },
      "properties": {
        "brand": "全家",
        "city": "新北市",
        "store_name": "板橋和平店",
        "address": "220台灣新北市板橋區和平路100號",
        "phone": "02-29535609",
        "lng": 121.462139,
        "lat": 24.994735,
        "district": "板橋區"
      }
    },
    {
      "type": "Feature",
      "geometry": {
        "type": "Point",
        "coordinates": [
          121.427418,
          24.989734
        ]
      },
      "properties": {
        "brand": "全家",
        "city": "新北市",
        "store_name": "板橋溪崑店",
        "address": "新北市板橋區溪崑二街134、136、138號1樓",
        "phone": "02-26876563",
        "lng": 121.427418,
        "lat": 24.989734,
        "district": "板橋區"
      }
    },
    {
      "type": "Feature",
      "geometry": {
        "type": "Point",
        "coordinates": [
          121.453012,
          25.015982
        ]
      },
      "properties": {
        "brand": "全家",
        "city": "新北市",
        "store_name": "板橋大仁店",
        "address": "新北市板橋區大仁街108之1號",
        "phone": "02-29660911",
        "lng": 121.453012,
        "lat": 25.015982,
        "district": "板橋區"
      }
    },
    {
      "type": "Feature",
      "geometry": {
        "type": "Point",
        "coordinates": [
          121.545671,
          25.033526
        ]
      },
      "properties": {
        "brand": "全家",
        "city": "新北市",
        "store_name": "板橋信義店",
        "address": "220台灣新北市板橋區信義路71號號1樓",
        "phone": "02-29536686",
        "lng": 121.545671,
        "lat": 25.033526,
        "district": "板橋區"
      }
    },
    {
      "type": "Feature",
      "geometry": {
        "type": "Point",
        "coordinates": [
          121.445531,
          25.006378
        ]
      },
      "properties": {
        "brand": "全家",
        "city": "新北市",
        "store_name": "板橋僑二店",
        "address": "新北市板橋區僑中二街116巷1號1樓",
        "phone": "02-89699174",
        "lng": 121.445531,
        "lat": 25.006378,
        "district": "板橋區"
      }
    },
    {
      "type": "Feature",
      "geometry": {
        "type": "Point",
        "coordinates": [
          121.457395,
          25.003332
        ]
      },
      "properties": {
        "brand": "全家",
        "city": "新北市",
        "store_name": "板橋貴興店",
        "address": "220台灣新北市板橋區貴興路49號",
        "phone": "02-29597811",
        "lng": 121.457395,
        "lat": 25.003332,
        "district": "板橋區"
      }
    },
    {
      "type": "Feature",
      "geometry": {
        "type": "Point",
        "coordinates": [
          121.454173,
          25.021982
        ]
      },
      "properties": {
        "brand": "全家",
        "city": "新北市",
        "store_name": "板橋瑞安店",
        "address": "新北市板橋區中正路395號1樓",
        "phone": "02-29677282",
        "lng": 121.454173,
        "lat": 25.021982,
        "district": "板橋區"
      }
    },
    {
      "type": "Feature",
      "geometry": {
        "type": "Point",
        "coordinates": [
          121.427668,
          25.012796
        ]
      },
      "properties": {
        "brand": "全家",
        "city": "新北市",
        "store_name": "新莊盛華店",
        "address": "新北市新莊區西盛街390號1樓",
        "phone": "02-22046755",
        "lng": 121.427668,
        "lat": 25.012796,
        "district": "新莊區"
      }
    },
    {
      "type": "Feature",
      "geometry": {
        "type": "Point",
        "coordinates": [
          121.4261,
          25.02628
        ]
      },
      "properties": {
        "brand": "全家",
        "city": "新北市",
        "store_name": "新莊新建明店",
        "address": "新北市新莊區後港一路48號1樓",
        "phone": "02-22048981",
        "lng": 121.4261,
        "lat": 25.02628,
        "district": "新莊區"
      }
    },
    {
      "type": "Feature",
      "geometry": {
        "type": "Point",
        "coordinates": [
          121.413681,
          25.030086
        ]
      },
      "properties": {
        "brand": "全家",
        "city": "新北市",
        "store_name": "新莊天成店",
        "address": "新北市新莊區新北大道七段219號",
        "phone": "02-29018545",
        "lng": 121.413681,
        "lat": 25.030086,
        "district": "新莊區"
      }
    },
    {
      "type": "Feature",
      "geometry": {
        "type": "Point",
        "coordinates": [
          121.449826,
          25.035444
        ]
      },
      "properties": {
        "brand": "全家",
        "city": "新北市",
        "store_name": "新莊新正店",
        "address": "新北市新莊區中正路261號全部",
        "phone": "02-29900756",
        "lng": 121.449826,
        "lat": 25.035444,
        "district": "新莊區"
      }
    },
    {
      "type": "Feature",
      "geometry": {
        "type": "Point",
        "coordinates": [
          121.4127,
          25.021461
        ]
      },
      "properties": {
        "brand": "全家",
        "city": "新北市",
        "store_name": "新莊迴龍店",
        "address": "242台灣新北市新莊區中正路895號",
        "phone": "02-29011240",
        "lng": 121.4127,
        "lat": 25.021461,
        "district": "新莊區"
      }
    },
    {
      "type": "Feature",
      "geometry": {
        "type": "Point",
        "coordinates": [
          121.431614,
          24.999407
        ]
      },
      "properties": {
        "brand": "全家",
        "city": "新北市",
        "store_name": "新莊超級店",
        "address": "新北市新莊區莊崑路25號1樓",
        "phone": "02-22045567",
        "lng": 121.431614,
        "lat": 24.999407,
        "district": "新莊區"
      }
    },
    {
      "type": "Feature",
      "geometry": {
        "type": "Point",
        "coordinates": [
          121.445131,
          25.03931
        ]
      },
      "properties": {
        "brand": "全家",
        "city": "新北市",
        "store_name": "新莊新立店",
        "address": "242台灣新北市新莊區新泰路225巷1號1",
        "phone": "02-29922460",
        "lng": 121.445131,
        "lat": 25.03931,
        "district": "新莊區"
      }
    },
    {
      "type": "Feature",
      "geometry": {
        "type": "Point",
        "coordinates": [
          121.443149,
          25.028909
        ]
      },
      "properties": {
        "brand": "全家",
        "city": "新北市",
        "store_name": "新莊瓊泰店",
        "address": "24204-7台灣新北市新莊區瓊泰路71號1樓",
        "phone": "02-22049577",
        "lng": 121.443149,
        "lat": 25.028909,
        "district": "新莊區"
      }
    },
    {
      "type": "Feature",
      "geometry": {
        "type": "Point",
        "coordinates": [
          121.422857,
          25.028864
        ]
      },
      "properties": {
        "brand": "全家",
        "city": "新北市",
        "store_name": "新莊龍鳳店",
        "address": "242台灣新北市新莊區中正路729號",
        "phone": "02-29017635",
        "lng": 121.422857,
        "lat": 25.028864,
        "district": "新莊區"
      }
    },
    {
      "type": "Feature",
      "geometry": {
        "type": "Point",
        "coordinates": [
          121.468279,
          24.988247
        ]
      },
      "properties": {
        "brand": "全家",
        "city": "新北市",
        "store_name": "土城大城店",
        "address": "新北市土城區金城路三段141號1樓",
        "phone": "02-82620927",
        "lng": 121.468279,
        "lat": 24.988247,
        "district": "土城區"
      }
    },
    {
      "type": "Feature",
      "geometry": {
        "type": "Point",
        "coordinates": [
          121.504231,
          25.004685
        ]
      },
      "properties": {
        "brand": "全家",
        "city": "新北市",
        "store_name": "土城工業店",
        "address": "236台灣新北市土城區中山路61號1",
        "phone": "02-22678853",
        "lng": 121.504231,
        "lat": 25.004685,
        "district": "土城區"
      }
    },
    {
      "type": "Feature",
      "geometry": {
        "type": "Point",
        "coordinates": [
          121.457362,
          24.983356
        ]
      },
      "properties": {
        "brand": "全家",
        "city": "新北市",
        "store_name": "土城立雲店",
        "address": "新北市土城區金城路二段258之5號",
        "phone": "02-22643909",
        "lng": 121.457362,
        "lat": 24.983356,
        "district": "土城區"
      }
    },
    {
      "type": "Feature",
      "geometry": {
        "type": "Point",
        "coordinates": [
          121.459306,
          24.982569
        ]
      },
      "properties": {
        "brand": "全家",
        "city": "新北市",
        "store_name": "土城雲陽店",
        "address": "236013台灣新北市土城區青雲路185號, 1樓",
        "phone": "02-22740328",
        "lng": 121.459306,
        "lat": 24.982569,
        "district": "土城區"
      }
    },
    {
      "type": "Feature",
      "geometry": {
        "type": "Point",
        "coordinates": [
          121.424112,
          24.966318
        ]
      },
      "properties": {
        "brand": "全家",
        "city": "新北市",
        "store_name": "土城虎躍店",
        "address": "236043台灣新北市土城區自由街2號, 1樓",
        "phone": "02-22695054",
        "lng": 121.424112,
        "lat": 24.966318,
        "district": "土城區"
      }
    },
    {
      "type": "Feature",
      "geometry": {
        "type": "Point",
        "coordinates": [
          121.452623,
          24.987348
        ]
      },
      "properties": {
        "brand": "全家",
        "city": "新北市",
        "store_name": "土城學林店",
        "address": "23602-2台灣新北市土城區學成路36號, 1樓",
        "phone": "02-82620694",
        "lng": 121.452623,
        "lat": 24.987348,
        "district": "土城區"
      }
    },
    {
      "type": "Feature",
      "geometry": {
        "type": "Point",
        "coordinates": [
          121.433366,
          24.97119
        ]
      },
      "properties": {
        "brand": "全家",
        "city": "新北市",
        "store_name": "土城新亞店",
        "address": "236台灣新北市土城區亞洲路57號",
        "phone": "02-22697840",
        "lng": 121.433366,
        "lat": 24.97119,
        "district": "土城區"
      }
    },
    {
      "type": "Feature",
      "geometry": {
        "type": "Point",
        "coordinates": [
          121.448241,
          24.987606
        ]
      },
      "properties": {
        "brand": "全家",
        "city": "新北市",
        "store_name": "土城御昇店",
        "address": "236台灣新北市土城區裕生路12號1",
        "phone": "02-22629626",
        "lng": 121.448241,
        "lat": 24.987606,
        "district": "土城區"
      }
    },
    {
      "type": "Feature",
      "geometry": {
        "type": "Point",
        "coordinates": [
          121.444447,
          24.984757
        ]
      },
      "properties": {
        "brand": "全家",
        "city": "新北市",
        "store_name": "土城新德店",
        "address": "新北市土城區中央路一段248之2號",
        "phone": "02-22644631",
        "lng": 121.444447,
        "lat": 24.984757,
        "district": "土城區"
      }
    },
    {
      "type": "Feature",
      "geometry": {
        "type": "Point",
        "coordinates": [
          121.41513,
          25.015388
        ]
      },
      "properties": {
        "brand": "全家",
        "city": "新北市",
        "store_name": "樹林新三俊店",
        "address": "新北市樹林區三俊街112號",
        "phone": "02-26761569",
        "lng": 121.41513,
        "lat": 25.015388,
        "district": "樹林區"
      }
    },
    {
      "type": "Feature",
      "geometry": {
        "type": "Point",
        "coordinates": [
          121.397277,
          24.970361
        ]
      },
      "properties": {
        "brand": "全家",
        "city": "新北市",
        "store_name": "樹林德園店",
        "address": "新北市樹林區八德街600號",
        "phone": "02-26807279",
        "lng": 121.397277,
        "lat": 24.970361,
        "district": "樹林區"
      }
    },
    {
      "type": "Feature",
      "geometry": {
        "type": "Point",
        "coordinates": [
          121.41807,
          25.015634
        ]
      },
      "properties": {
        "brand": "全家",
        "city": "新北市",
        "store_name": "樹林俊興店",
        "address": "238台灣新北市樹林區三俊街127號1f",
        "phone": "02-26887701",
        "lng": 121.41807,
        "lat": 25.015634,
        "district": "樹林區"
      }
    },
    {
      "type": "Feature",
      "geometry": {
        "type": "Point",
        "coordinates": [
          121.424452,
          24.980972
        ]
      },
      "properties": {
        "brand": "全家",
        "city": "新北市",
        "store_name": "樹林五圓店",
        "address": "238台灣新北市樹林區忠孝街99號1樓",
        "phone": "02-86850375",
        "lng": 121.424452,
        "lat": 24.980972,
        "district": "樹林區"
      }
    },
    {
      "type": "Feature",
      "geometry": {
        "type": "Point",
        "coordinates": [
          121.394946,
          24.970076
        ]
      },
      "properties": {
        "brand": "全家",
        "city": "新北市",
        "store_name": "樹林新育園店",
        "address": "238台灣新北市樹林區佳園路一段45號",
        "phone": "02-26685274",
        "lng": 121.394946,
        "lat": 24.970076,
        "district": "樹林區"
      }
    },
    {
      "type": "Feature",
      "geometry": {
        "type": "Point",
        "coordinates": [
          121.388765,
          24.956188
        ]
      },
      "properties": {
        "brand": "全家",
        "city": "新北市",
        "store_name": "樹林新柑園店",
        "address": "23803-9台灣新北市樹林區柑園街一段302號, 1樓",
        "phone": "02-26684823",
        "lng": 121.388765,
        "lat": 24.956188,
        "district": "樹林區"
      }
    },
    {
      "type": "Feature",
      "geometry": {
        "type": "Point",
        "coordinates": [
          121.415597,
          24.974553
        ]
      },
      "properties": {
        "brand": "全家",
        "city": "新北市",
        "store_name": "樹林東豐店",
        "address": "新北市樹林區東豐街51號",
        "phone": "02-86849952",
        "lng": 121.415597,
        "lat": 24.974553,
        "district": "樹林區"
      }
    },
    {
      "type": "Feature",
      "geometry": {
        "type": "Point",
        "coordinates": [
          121.417042,
          24.980134
        ]
      },
      "properties": {
        "brand": "全家",
        "city": "新北市",
        "store_name": "樹林新全球店",
        "address": "238台灣新北市樹林區中華路291號",
        "phone": "02-86862215",
        "lng": 121.417042,
        "lat": 24.980134,
        "district": "樹林區"
      }
    },
    {
      "type": "Feature",
      "geometry": {
        "type": "Point",
        "coordinates": [
          121.424808,
          24.99122
        ]
      },
      "properties": {
        "brand": "全家",
        "city": "新北市",
        "store_name": "樹林台鐵店",
        "address": "238台灣新北市樹林區鎮前街112號",
        "phone": "02-26817735",
        "lng": 121.424808,
        "lat": 24.99122,
        "district": "樹林區"
      }
    },
    {
      "type": "Feature",
      "geometry": {
        "type": "Point",
        "coordinates": [
          121.412602,
          25.012958
        ]
      },
      "properties": {
        "brand": "全家",
        "city": "新北市",
        "store_name": "樹林三德店",
        "address": "238台灣新北市樹林區中正路482號1樓",
        "phone": "02-26763033",
        "lng": 121.412602,
        "lat": 25.012958,
        "district": "樹林區"
      }
    },
    {
      "type": "Feature",
      "geometry": {
        "type": "Point",
        "coordinates": [
          121.381736,
          24.946259
        ]
      },
      "properties": {
        "brand": "全家",
        "city": "新北市",
        "store_name": "樹林學園店",
        "address": "238606台灣新北市樹林區學成路601號1樓",
        "phone": "02-35019721",
        "lng": 121.381736,
        "lat": 24.946259,
        "district": "樹林區"
      }
    },
    {
      "type": "Feature",
      "geometry": {
        "type": "Point",
        "coordinates": [
          121.48568,
          24.951489
        ]
      },
      "properties": {
        "brand": "全家",
        "city": "新北市",
        "store_name": "新店城泰店",
        "address": "新北市新店區安康路三段311號1樓",
        "phone": "02-22143601",
        "lng": 121.48568,
        "lat": 24.951489,
        "district": "新店區"
      }
    },
    {
      "type": "Feature",
      "geometry": {
        "type": "Point",
        "coordinates": [
          121.510316,
          24.961485
        ]
      },
      "properties": {
        "brand": "全家",
        "city": "新北市",
        "store_name": "新店康德店",
        "address": "231台灣新北市新店區安德街71巷2號1",
        "phone": "02-22121574",
        "lng": 121.510316,
        "lat": 24.961485,
        "district": "新店區"
      }
    },
    {
      "type": "Feature",
      "geometry": {
        "type": "Point",
        "coordinates": [
          121.375701,
          24.946058
        ]
      },
      "properties": {
        "brand": "全家",
        "city": "新北市",
        "store_name": "三峽學勝店",
        "address": "新北市三峽區學勤路162號1樓",
        "phone": "02-86716146",
        "lng": 121.375701,
        "lat": 24.946058,
        "district": "三峽區"
      }
    },
    {
      "type": "Feature",
      "geometry": {
        "type": "Point",
        "coordinates": [
          121.355128,
          24.954921
        ]
      },
      "properties": {
        "brand": "全家",
        "city": "新北市",
        "store_name": "鶯歌站前店",
        "address": "新北市鶯歌區建國路53之5號、、53之6號1樓",
        "phone": "02-86774875",
        "lng": 121.355128,
        "lat": 24.954921,
        "district": "鶯歌區"
      }
    },
    {
      "type": "Feature",
      "geometry": {
        "type": "Point",
        "coordinates": [
          121.373361,
          24.945709
        ]
      },
      "properties": {
        "brand": "全家",
        "city": "新北市",
        "store_name": "三峽大學店",
        "address": "新北市三峽區學勤路1號1樓",
        "phone": "02-86721732",
        "lng": 121.373361,
        "lat": 24.945709,
        "district": "三峽區"
      }
    },
    {
      "type": "Feature",
      "geometry": {
        "type": "Point",
        "coordinates": [
          121.371133,
          24.927165
        ]
      },
      "properties": {
        "brand": "全家",
        "city": "新北市",
        "store_name": "三峽金同店",
        "address": "237台灣新北市三峽區大同路196號1",
        "phone": "02-86721784",
        "lng": 121.371133,
        "lat": 24.927165,
        "district": "三峽區"
      }
    },
    {
      "type": "Feature",
      "geometry": {
        "type": "Point",
        "coordinates": [
          121.373163,
          24.945136
        ]
      },
      "properties": {
        "brand": "全家",
        "city": "新北市",
        "store_name": "三峽心湖店",
        "address": "新北市三峽區大學路151號1樓",
        "phone": "02-35012534",
        "lng": 121.373163,
        "lat": 24.945136,
        "district": "三峽區"
      }
    },
    {
      "type": "Feature",
      "geometry": {
        "type": "Point",
        "coordinates": [
          121.364827,
          24.938814
        ]
      },
      "properties": {
        "brand": "全家",
        "city": "新北市",
        "store_name": "三峽恩主店",
        "address": "新北市三峽區復興路373、375號1樓",
        "phone": "02-26714305",
        "lng": 121.364827,
        "lat": 24.938814,
        "district": "三峽區"
      }
    },
    {
      "type": "Feature",
      "geometry": {
        "type": "Point",
        "coordinates": [
          121.372794,
          24.942295
        ]
      },
      "properties": {
        "brand": "全家",
        "city": "新北市",
        "store_name": "三峽國寧店",
        "address": "237台灣新北市三峽區國學街31號",
        "phone": "02-86721143",
        "lng": 121.372794,
        "lat": 24.942295,
        "district": "三峽區"
      }
    },
    {
      "type": "Feature",
      "geometry": {
        "type": "Point",
        "coordinates": [
          121.355341,
          24.95435
        ]
      },
      "properties": {
        "brand": "全家",
        "city": "新北市",
        "store_name": "鶯歌車站店",
        "address": "新北市鶯歌區文化路68號之1",
        "phone": "02-86777836",
        "lng": 121.355341,
        "lat": 24.95435,
        "district": "鶯歌區"
      }
    },
    {
      "type": "Feature",
      "geometry": {
        "type": "Point",
        "coordinates": [
          121.346167,
          24.953949
        ]
      },
      "properties": {
        "brand": "全家",
        "city": "新北市",
        "store_name": "鶯歌新南雅店",
        "address": "239台灣新北市鶯歌區南雅路442號",
        "phone": "02-26704972",
        "lng": 121.346167,
        "lat": 24.953949,
        "district": "鶯歌區"
      }
    },
    {
      "type": "Feature",
      "geometry": {
        "type": "Point",
        "coordinates": [
          121.551461,
          24.983705
        ]
      },
      "properties": {
        "brand": "全家",
        "city": "新北市",
        "store_name": "新店橋興店",
        "address": "231台灣新北市新店區寶橋路235巷129號",
        "phone": "02-89192388",
        "lng": 121.551461,
        "lat": 24.983705,
        "district": "新店區"
      }
    },
    {
      "type": "Feature",
      "geometry": {
        "type": "Point",
        "coordinates": [
          121.542447,
          24.965484
        ]
      },
      "properties": {
        "brand": "全家",
        "city": "新北市",
        "store_name": "新店統寶店",
        "address": "新北市新店區寶興路47號",
        "phone": "02-89147339",
        "lng": 121.542447,
        "lat": 24.965484,
        "district": "新店區"
      }
    },
    {
      "type": "Feature",
      "geometry": {
        "type": "Point",
        "coordinates": [
          121.54023,
          24.982657
        ]
      },
      "properties": {
        "brand": "全家",
        "city": "新北市",
        "store_name": "新店慶民店",
        "address": "231台灣新北市新店區二十張路3-4號",
        "phone": "02-89193666",
        "lng": 121.54023,
        "lat": 24.982657,
        "district": "新店區"
      }
    },
    {
      "type": "Feature",
      "geometry": {
        "type": "Point",
        "coordinates": [
          121.534817,
          24.982917
        ]
      },
      "properties": {
        "brand": "全家",
        "city": "新北市",
        "store_name": "新店復興店",
        "address": "新北市新店區民權路132號1樓",
        "phone": "02-22184982",
        "lng": 121.534817,
        "lat": 24.982917,
        "district": "新店區"
      }
    },
    {
      "type": "Feature",
      "geometry": {
        "type": "Point",
        "coordinates": [
          121.523932,
          24.977823
        ]
      },
      "properties": {
        "brand": "全家",
        "city": "新北市",
        "store_name": "新店鑫泉店",
        "address": "新北市新店區溪園路401號",
        "phone": "02-86677615",
        "lng": 121.523932,
        "lat": 24.977823,
        "district": "新店區"
      }
    },
    {
      "type": "Feature",
      "geometry": {
        "type": "Point",
        "coordinates": [
          121.542755,
          24.974935
        ]
      },
      "properties": {
        "brand": "全家",
        "city": "新北市",
        "store_name": "新店忠誠店",
        "address": "新北市新店區北新路二段119號1樓",
        "phone": "02-29158815",
        "lng": 121.542755,
        "lat": 24.974935,
        "district": "新店區"
      }
    },
    {
      "type": "Feature",
      "geometry": {
        "type": "Point",
        "coordinates": [
          121.541554,
          24.971515
        ]
      },
      "properties": {
        "brand": "全家",
        "city": "新北市",
        "store_name": "新店華盛店",
        "address": "新北市新店區中正路143號1樓",
        "phone": "02-86658387",
        "lng": 121.541554,
        "lat": 24.971515,
        "district": "新店區"
      }
    },
    {
      "type": "Feature",
      "geometry": {
        "type": "Point",
        "coordinates": [
          121.530171,
          24.973422
        ]
      },
      "properties": {
        "brand": "全家",
        "city": "新北市",
        "store_name": "新店福民店",
        "address": "新北市新店區中央路145號",
        "phone": "02-22194351",
        "lng": 121.530171,
        "lat": 24.973422,
        "district": "新店區"
      }
    },
    {
      "type": "Feature",
      "geometry": {
        "type": "Point",
        "coordinates": [
          121.539297,
          24.96126
        ]
      },
      "properties": {
        "brand": "全家",
        "city": "新北市",
        "store_name": "新店光明店",
        "address": "新北市新店區光明街136號",
        "phone": "02-86654542",
        "lng": 121.539297,
        "lat": 24.96126,
        "district": "新店區"
      }
    },
    {
      "type": "Feature",
      "geometry": {
        "type": "Point",
        "coordinates": [
          121.535295,
          24.9762
        ]
      },
      "properties": {
        "brand": "全家",
        "city": "新北市",
        "store_name": "新店正中店",
        "address": "231台灣新北市新店區中正路366號",
        "phone": "02-22195702",
        "lng": 121.535295,
        "lat": 24.9762,
        "district": "新店區"
      }
    },
    {
      "type": "Feature",
      "geometry": {
        "type": "Point",
        "coordinates": [
          121.540177,
          24.97282
        ]
      },
      "properties": {
        "brand": "全家",
        "city": "新北市",
        "store_name": "新店正民店",
        "address": "231台灣新北市新店區中正路224號",
        "phone": "02-29137185",
        "lng": 121.540177,
        "lat": 24.97282,
        "district": "新店區"
      }
    },
    {
      "type": "Feature",
      "geometry": {
        "type": "Point",
        "coordinates": [
          121.546235,
          24.975878
        ]
      },
      "properties": {
        "brand": "全家",
        "city": "新北市",
        "store_name": "新店鑫峰店",
        "address": "新北市新店區中興路1段282號1樓",
        "phone": "02-29184798",
        "lng": 121.546235,
        "lat": 24.975878,
        "district": "新店區"
      }
    },
    {
      "type": "Feature",
      "geometry": {
        "type": "Point",
        "coordinates": [
          121.544884,
          24.974835
        ]
      },
      "properties": {
        "brand": "全家",
        "city": "新北市",
        "store_name": "新店新寶橋店",
        "address": "231台灣新北市新店區寶橋路51號2",
        "phone": "02-29122431",
        "lng": 121.544884,
        "lat": 24.974835,
        "district": "新店區"
      }
    },
    {
      "type": "Feature",
      "geometry": {
        "type": "Point",
        "coordinates": [
          121.539695,
          24.968501
        ]
      },
      "properties": {
        "brand": "全家",
        "city": "新北市",
        "store_name": "新店中華店",
        "address": "231台灣新北市新店區中華路50號",
        "phone": "02-86658913",
        "lng": 121.539695,
        "lat": 24.968501,
        "district": "新店區"
      }
    },
    {
      "type": "Feature",
      "geometry": {
        "type": "Point",
        "coordinates": [
          121.55182,
          24.980187
        ]
      },
      "properties": {
        "brand": "全家",
        "city": "新北市",
        "store_name": "新店新寶工店",
        "address": "231台灣新北市新店區寶橋路235巷8號",
        "phone": "02-89145941",
        "lng": 121.55182,
        "lat": 24.980187,
        "district": "新店區"
      }
    },
    {
      "type": "Feature",
      "geometry": {
        "type": "Point",
        "coordinates": [
          121.445452,
          25.041233
        ]
      },
      "properties": {
        "brand": "星巴克",
        "city": "新北市",
        "store_name": "新莊新泰",
        "address": "新北市新莊區新泰路308號1-2樓",
        "phone": "8992-2575",
        "lng": 121.445452,
        "lat": 25.041233,
        "district": "新莊區"
      }
    },
    {
      "type": "Feature",
      "geometry": {
        "type": "Point",
        "coordinates": [
          121.460218,
          25.053551
        ]
      },
      "properties": {
        "brand": "星巴克",
        "city": "新北市",
        "store_name": "新莊思源",
        "address": "新北市新莊區思源路448號",
        "phone": "2990-0155",
        "lng": 121.460218,
        "lat": 25.053551,
        "district": "新莊區"
      }
    },
    {
      "type": "Feature",
      "geometry": {
        "type": "Point",
        "coordinates": [
          121.648331,
          25.060706
        ]
      },
      "properties": {
        "brand": "星巴克",
        "city": "新北市",
        "store_name": "東科",
        "address": "新北市汐止區新台五路一段94號1樓",
        "phone": "2696-1269",
        "lng": 121.648331,
        "lat": 25.060706,
        "district": "汐止區"
      }
    },
    {
      "type": "Feature",
      "geometry": {
        "type": "Point",
        "coordinates": [
          121.648287,
          25.061617
        ]
      },
      "properties": {
        "brand": "星巴克",
        "city": "新北市",
        "store_name": "汐科",
        "address": "新北市汐止區新台五路一段99號",
        "phone": "2697-1132",
        "lng": 121.648287,
        "lat": 25.061617,
        "district": "汐止區"
      }
    },
    {
      "type": "Feature",
      "geometry": {
        "type": "Point",
        "coordinates": [
          121.635038,
          25.065997
        ]
      },
      "properties": {
        "brand": "星巴克",
        "city": "新北市",
        "store_name": "汐止福德",
        "address": "新北市汐止區福德一路190號",
        "phone": "8695-1410",
        "lng": 121.635038,
        "lat": 25.065997,
        "district": "汐止區"
      }
    },
    {
      "type": "Feature",
      "geometry": {
        "type": "Point",
        "coordinates": [
          121.444125,
          25.168297
        ]
      },
      "properties": {
        "brand": "星巴克",
        "city": "新北市",
        "store_name": "淡水",
        "address": "新北市淡水區公明街89號1-5樓",
        "phone": "2625-5399",
        "lng": 121.444125,
        "lat": 25.168297,
        "district": "淡水區"
      }
    },
    {
      "type": "Feature",
      "geometry": {
        "type": "Point",
        "coordinates": [
          121.437552,
          25.171858
        ]
      },
      "properties": {
        "brand": "星巴克",
        "city": "新北市",
        "store_name": "河岸",
        "address": "新北市淡水區中正路205號",
        "phone": "2625-3320",
        "lng": 121.437552,
        "lat": 25.171858,
        "district": "淡水區"
      }
    },
    {
      "type": "Feature",
      "geometry": {
        "type": "Point",
        "coordinates": [
          121.413987,
          25.18243
        ]
      },
      "properties": {
        "brand": "星巴克",
        "city": "新北市",
        "store_name": "漁人碼頭",
        "address": "新北市淡水區觀海路91號(福容飯店藝術大街)",
        "phone": "2805-1113",
        "lng": 121.413987,
        "lat": 25.18243,
        "district": "淡水區"
      }
    },
    {
      "type": "Feature",
      "geometry": {
        "type": "Point",
        "coordinates": [
          121.444039,
          25.185054
        ]
      },
      "properties": {
        "brand": "星巴克",
        "city": "新北市",
        "store_name": "淡海",
        "address": "新北市淡水區中山北路二段183號1+2樓",
        "phone": "2622-6701",
        "lng": 121.444039,
        "lat": 25.185054,
        "district": "淡水區"
      }
    },
    {
      "type": "Feature",
      "geometry": {
        "type": "Point",
        "coordinates": [
          121.423328,
          25.177479
        ]
      },
      "properties": {
        "brand": "星巴克",
        "city": "新北市",
        "store_name": "淡水雲門",
        "address": "新北市淡水區中正路一段6巷32-1號A4棟",
        "phone": "2805-5247",
        "lng": 121.423328,
        "lat": 25.177479,
        "district": "淡水區"
      }
    },
    {
      "type": "Feature",
      "geometry": {
        "type": "Point",
        "coordinates": [
          121.45901,
          25.154489
        ]
      },
      "properties": {
        "brand": "星巴克",
        "city": "新北市",
        "store_name": "紅樹林",
        "address": "新北市淡水區中正東路二段68號",
        "phone": "2808-4782",
        "lng": 121.45901,
        "lat": 25.154489,
        "district": "淡水區"
      }
    },
    {
      "type": "Feature",
      "geometry": {
        "type": "Point",
        "coordinates": [
          121.399935,
          25.150816
        ]
      },
      "properties": {
        "brand": "星巴克",
        "city": "新北市",
        "store_name": "八里",
        "address": "新北市八里區商港八路7號1樓",
        "phone": "2619-5710",
        "lng": 121.399935,
        "lat": 25.150816,
        "district": "八里區"
      }
    },
    {
      "type": "Feature",
      "geometry": {
        "type": "Point",
        "coordinates": [
          121.943601,
          25.018037
        ]
      },
      "properties": {
        "brand": "星巴克",
        "city": "新北市",
        "store_name": "福隆觀海",
        "address": "新北市貢寮區福隆街41號",
        "phone": "2499-2320",
        "lng": 121.943601,
        "lat": 25.018037,
        "district": "貢寮區"
      }
    },
    {
      "type": "Feature",
      "geometry": {
        "type": "Point",
        "coordinates": [
          121.660724,
          25.068091
        ]
      },
      "properties": {
        "brand": "星巴克",
        "city": "新北市",
        "store_name": "汐止大同",
        "address": "新北市汐止區大同路二段500號",
        "phone": "8692-1206",
        "lng": 121.660724,
        "lat": 25.068091,
        "district": "汐止區"
      }
    },
    {
      "type": "Feature",
      "geometry": {
        "type": "Point",
        "coordinates": [
          121.663512,
          25.073366
        ]
      },
      "properties": {
        "brand": "星巴克",
        "city": "新北市",
        "store_name": "汐止建成",
        "address": "新北市汐止區建成路57巷2、6號",
        "phone": "2641-3261",
        "lng": 121.663512,
        "lat": 25.073366,
        "district": "汐止區"
      }
    },
    {
      "type": "Feature",
      "geometry": {
        "type": "Point",
        "coordinates": [
          121.682792,
          25.189065
        ]
      },
      "properties": {
        "brand": "星巴克",
        "city": "新北市",
        "store_name": "萬里",
        "address": "新北市萬里區玉田45之6號",
        "phone": "2492-6653",
        "lng": 121.682792,
        "lat": 25.189065,
        "district": "萬里區"
      }
    },
    {
      "type": "Feature",
      "geometry": {
        "type": "Point",
        "coordinates": [
          121.507046,
          25.007344
        ]
      },
      "properties": {
        "brand": "星巴克",
        "city": "新北市",
        "store_name": "雙和",
        "address": "新北市永和區中山路一段240號",
        "phone": "8231-5476",
        "lng": 121.507046,
        "lat": 25.007344,
        "district": "永和區"
      }
    },
    {
      "type": "Feature",
      "geometry": {
        "type": "Point",
        "coordinates": [
          121.487459,
          24.998446
        ]
      },
      "properties": {
        "brand": "星巴克",
        "city": "新北市",
        "store_name": "中科",
        "address": "新北市中和區建一路152號1樓",
        "phone": "8226-3573",
        "lng": 121.487459,
        "lat": 24.998446,
        "district": "中和區"
      }
    },
    {
      "type": "Feature",
      "geometry": {
        "type": "Point",
        "coordinates": [
          121.48652,
          24.996576
        ]
      },
      "properties": {
        "brand": "星巴克",
        "city": "新北市",
        "store_name": "中和遠科",
        "address": "新北市中和區連城路268號",
        "phone": "8227-8012",
        "lng": 121.48652,
        "lat": 24.996576,
        "district": "中和區"
      }
    },
    {
      "type": "Feature",
      "geometry": {
        "type": "Point",
        "coordinates": [
          121.51255,
          24.998474
        ]
      },
      "properties": {
        "brand": "星巴克",
        "city": "新北市",
        "store_name": "永和永安",
        "address": "新北市永和區安樂路248-7號",
        "phone": "8921-5223",
        "lng": 121.51255,
        "lat": 24.998474,
        "district": "永和區"
      }
    },
    {
      "type": "Feature",
      "geometry": {
        "type": "Point",
        "coordinates": [
          121.521027,
          24.996491
        ]
      },
      "properties": {
        "brand": "星巴克",
        "city": "新北市",
        "store_name": "永和愛買",
        "address": "新北市永和區民生路46巷50號",
        "phone": "2943-3767",
        "lng": 121.521027,
        "lat": 24.996491,
        "district": "永和區"
      }
    },
    {
      "type": "Feature",
      "geometry": {
        "type": "Point",
        "coordinates": [
          121.51013,
          24.99022
        ]
      },
      "properties": {
        "brand": "星巴克",
        "city": "新北市",
        "store_name": "南勢角",
        "address": "新北市中和區和平街1號",
        "phone": "8668-2361",
        "lng": 121.51013,
        "lat": 24.99022,
        "district": "中和區"
      }
    },
    {
      "type": "Feature",
      "geometry": {
        "type": "Point",
        "coordinates": [
          121.515252,
          25.01334
        ]
      },
      "properties": {
        "brand": "星巴克",
        "city": "新北市",
        "store_name": "永和頂溪",
        "address": "新北市永和區永和路二段181號",
        "phone": "2923-0670",
        "lng": 121.515252,
        "lat": 25.01334,
        "district": "永和區"
      }
    },
    {
      "type": "Feature",
      "geometry": {
        "type": "Point",
        "coordinates": [
          121.49744,
          25.001083
        ]
      },
      "properties": {
        "brand": "星巴克",
        "city": "新北市",
        "store_name": "中和連城",
        "address": "新北市中和區連城路71號1~2樓",
        "phone": "2247-8140",
        "lng": 121.49744,
        "lat": 25.001083,
        "district": "中和區"
      }
    },
    {
      "type": "Feature",
      "geometry": {
        "type": "Point",
        "coordinates": [
          121.507029,
          24.994614
        ]
      },
      "properties": {
        "brand": "星巴克",
        "city": "新北市",
        "store_name": "中和景安",
        "address": "新北市中和區景安路 116號",
        "phone": "2242-4275",
        "lng": 121.507029,
        "lat": 24.994614,
        "district": "中和區"
      }
    },
    {
      "type": "Feature",
      "geometry": {
        "type": "Point",
        "coordinates": [
          121.460124,
          25.008318
        ]
      },
      "properties": {
        "brand": "星巴克",
        "city": "新北市",
        "store_name": "板中",
        "address": "新北市板橋區中山路一段15號1樓",
        "phone": "2963-5728",
        "lng": 121.460124,
        "lat": 25.008318,
        "district": "板橋區"
      }
    },
    {
      "type": "Feature",
      "geometry": {
        "type": "Point",
        "coordinates": [
          121.463636,
          25.014331
        ]
      },
      "properties": {
        "brand": "星巴克",
        "city": "新北市",
        "store_name": "板橋車站",
        "address": "新北市板橋區縣民大道二段7號B1",
        "phone": "8969-3356",
        "lng": 121.463636,
        "lat": 25.014331,
        "district": "板橋區"
      }
    },
    {
      "type": "Feature",
      "geometry": {
        "type": "Point",
        "coordinates": [
          121.460717,
          25.002042
        ]
      },
      "properties": {
        "brand": "星巴克",
        "city": "新北市",
        "store_name": "板橋忠孝",
        "address": "新北市板橋區忠孝路31號",
        "phone": "2955-9446",
        "lng": 121.460717,
        "lat": 25.002042,
        "district": "板橋區"
      }
    },
    {
      "type": "Feature",
      "geometry": {
        "type": "Point",
        "coordinates": [
          121.466627,
          25.013622
        ]
      },
      "properties": {
        "brand": "星巴克",
        "city": "新北市",
        "store_name": "板橋大遠百",
        "address": "新北市板橋區新站路28號2樓",
        "phone": "2964-3733",
        "lng": 121.466627,
        "lat": 25.013622,
        "district": "板橋區"
      }
    },
    {
      "type": "Feature",
      "geometry": {
        "type": "Point",
        "coordinates": [
          121.463636,
          25.014331
        ]
      },
      "properties": {
        "brand": "星巴克",
        "city": "新北市",
        "store_name": "板站1F",
        "address": "新北市板橋區縣民大道二段7號1F",
        "phone": "8969-2792",
        "lng": 121.463636,
        "lat": 25.014331,
        "district": "板橋區"
      }
    },
    {
      "type": "Feature",
      "geometry": {
        "type": "Point",
        "coordinates": [
          121.464344,
          25.011114
        ]
      },
      "properties": {
        "brand": "星巴克",
        "city": "新北市",
        "store_name": "遠百中山",
        "address": "新北市板橋區中山路一段152號2樓",
        "phone": "2956-0972",
        "lng": 121.464344,
        "lat": 25.011114,
        "district": "板橋區"
      }
    },
    {
      "type": "Feature",
      "geometry": {
        "type": "Point",
        "coordinates": [
          121.456596,
          24.998723
        ]
      },
      "properties": {
        "brand": "星巴克",
        "city": "新北市",
        "store_name": "板橋遠科",
        "address": "新北市板橋區遠東路1號",
        "phone": "2964-5097",
        "lng": 121.456596,
        "lat": 24.998723,
        "district": "板橋區"
      }
    },
    {
      "type": "Feature",
      "geometry": {
        "type": "Point",
        "coordinates": [
          121.466627,
          25.013622
        ]
      },
      "properties": {
        "brand": "星巴克",
        "city": "新北市",
        "store_name": "板大遠百9F",
        "address": "新北市板橋區新站路28號9樓",
        "phone": "2964-7055",
        "lng": 121.466627,
        "lat": 25.013622,
        "district": "板橋區"
      }
    },
    {
      "type": "Feature",
      "geometry": {
        "type": "Point",
        "coordinates": [
          121.545647,
          24.97746
        ]
      },
      "properties": {
        "brand": "星巴克",
        "city": "新北市",
        "store_name": "新中",
        "address": "新北市新店區中興路三段7號",
        "phone": "8919-9008",
        "lng": 121.545647,
        "lat": 24.97746,
        "district": "新店區"
      }
    },
    {
      "type": "Feature",
      "geometry": {
        "type": "Point",
        "coordinates": [
          121.535808,
          24.985781
        ]
      },
      "properties": {
        "brand": "星巴克",
        "city": "新北市",
        "store_name": "慈濟",
        "address": "新北市新店區建國路289號2樓",
        "phone": "8219-2279",
        "lng": 121.535808,
        "lat": 24.985781,
        "district": "新店區"
      }
    },
    {
      "type": "Feature",
      "geometry": {
        "type": "Point",
        "coordinates": [
          121.540906,
          24.982666
        ]
      },
      "properties": {
        "brand": "星巴克",
        "city": "新北市",
        "store_name": "北新",
        "address": "新北市新店區民權路27號1樓",
        "phone": "2910-6121",
        "lng": 121.540906,
        "lat": 24.982666,
        "district": "新店區"
      }
    },
    {
      "type": "Feature",
      "geometry": {
        "type": "Point",
        "coordinates": [
          121.537443,
          24.983059
        ]
      },
      "properties": {
        "brand": "星巴克",
        "city": "新北市",
        "store_name": "新店建國",
        "address": "新北市新店區民權路78號1樓",
        "phone": "2916-1358",
        "lng": 121.537443,
        "lat": 24.983059,
        "district": "新店區"
      }
    },
    {
      "type": "Feature",
      "geometry": {
        "type": "Point",
        "coordinates": [
          121.537938,
          24.974057
        ]
      },
      "properties": {
        "brand": "星巴克",
        "city": "新北市",
        "store_name": "新店中正",
        "address": "新北市新店區中正路265號",
        "phone": "2918-2113",
        "lng": 121.537938,
        "lat": 24.974057,
        "district": "新店區"
      }
    },
    {
      "type": "Feature",
      "geometry": {
        "type": "Point",
        "coordinates": [
          121.541026,
          24.953361
        ]
      },
      "properties": {
        "brand": "星巴克",
        "city": "新北市",
        "store_name": "新店總站",
        "address": "新北市新店區北宜路一段2號2樓",
        "phone": "2918-6310",
        "lng": 121.541026,
        "lat": 24.953361,
        "district": "新店區"
      }
    },
    {
      "type": "Feature",
      "geometry": {
        "type": "Point",
        "coordinates": [
          121.533748,
          24.9853
        ]
      },
      "properties": {
        "brand": "星巴克",
        "city": "新北市",
        "store_name": "新店莊敬",
        "address": "新北市新店區中正路542之5號1樓",
        "phone": "2218-3041",
        "lng": 121.533748,
        "lat": 24.9853,
        "district": "新店區"
      }
    },
    {
      "type": "Feature",
      "geometry": {
        "type": "Point",
        "coordinates": [
          121.546292,
          24.977831
        ]
      },
      "properties": {
        "brand": "星巴克",
        "city": "新北市",
        "store_name": "新店裕隆城",
        "address": "新北市新店區中興路三段70號1樓",
        "phone": "8914-6562",
        "lng": 121.546292,
        "lat": 24.977831,
        "district": "新店區"
      }
    },
    {
      "type": "Feature",
      "geometry": {
        "type": "Point",
        "coordinates": [
          121.541625,
          24.967536
        ]
      },
      "properties": {
        "brand": "星巴克",
        "city": "新北市",
        "store_name": "新店北新",
        "address": "新北市新店區北新路一段82號",
        "phone": "8914-6478",
        "lng": 121.541625,
        "lat": 24.967536,
        "district": "新店區"
      }
    },
    {
      "type": "Feature",
      "geometry": {
        "type": "Point",
        "coordinates": [
          121.459012,
          24.983386
        ]
      },
      "properties": {
        "brand": "星巴克",
        "city": "新北市",
        "store_name": "土城",
        "address": "新北市土城區青雲路152號1樓",
        "phone": "8273-2039",
        "lng": 121.459012,
        "lat": 24.983386,
        "district": "土城區"
      }
    },
    {
      "type": "Feature",
      "geometry": {
        "type": "Point",
        "coordinates": [
          121.379874,
          24.947601
        ]
      },
      "properties": {
        "brand": "星巴克",
        "city": "新北市",
        "store_name": "學勤北大",
        "address": "新北市樹林區大雅路288號",
        "phone": "3501-7929",
        "lng": 121.379874,
        "lat": 24.947601,
        "district": "樹林區"
      }
    },
    {
      "type": "Feature",
      "geometry": {
        "type": "Point",
        "coordinates": [
          121.377211,
          24.944289
        ]
      },
      "properties": {
        "brand": "星巴克",
        "city": "新北市",
        "store_name": "三峽學成",
        "address": "新北市三峽區學成路317號",
        "phone": "3501-2834",
        "lng": 121.377211,
        "lat": 24.944289,
        "district": "三峽區"
      }
    },
    {
      "type": "Feature",
      "geometry": {
        "type": "Point",
        "coordinates": [
          121.46465,
          24.986315
        ]
      },
      "properties": {
        "brand": "星巴克",
        "city": "新北市",
        "store_name": "土城金城",
        "address": "新北市土城區金城路三段11號1-2樓",
        "phone": "2264-3619",
        "lng": 121.46465,
        "lat": 24.986315,
        "district": "土城區"
      }
    },
    {
      "type": "Feature",
      "geometry": {
        "type": "Point",
        "coordinates": [
          121.42196,
          24.988814
        ]
      },
      "properties": {
        "brand": "星巴克",
        "city": "新北市",
        "store_name": "樹林中山",
        "address": "新北市樹林區中山路一段157號",
        "phone": "8675-5269",
        "lng": 121.42196,
        "lat": 24.988814,
        "district": "樹林區"
      }
    },
    {
      "type": "Feature",
      "geometry": {
        "type": "Point",
        "coordinates": [
          121.429442,
          24.997607
        ]
      },
      "properties": {
        "brand": "星巴克",
        "city": "新北市",
        "store_name": "樹林秀泰",
        "address": "新北市樹林區樹新路40-6號1樓",
        "phone": "2684-5259",
        "lng": 121.429442,
        "lat": 24.997607,
        "district": "樹林區"
      }
    },
    {
      "type": "Feature",
      "geometry": {
        "type": "Point",
        "coordinates": [
          121.445128,
          24.978766
        ]
      },
      "properties": {
        "brand": "星巴克",
        "city": "新北市",
        "store_name": "土城日月光",
        "address": "新北市土城區學府路二段210號1樓",
        "phone": "2265-6356",
        "lng": 121.445128,
        "lat": 24.978766,
        "district": "土城區"
      }
    },
    {
      "type": "Feature",
      "geometry": {
        "type": "Point",
        "coordinates": [
          121.433589,
          24.964141
        ]
      },
      "properties": {
        "brand": "星巴克",
        "city": "新北市",
        "store_name": "土城大潤發",
        "address": "新北市土城區永安街25號1F",
        "phone": "2269-7625",
        "lng": 121.433589,
        "lat": 24.964141,
        "district": "土城區"
      }
    },
    {
      "type": "Feature",
      "geometry": {
        "type": "Point",
        "coordinates": [
          121.374515,
          24.944352
        ]
      },
      "properties": {
        "brand": "星巴克",
        "city": "新北市",
        "store_name": "三峽北大",
        "address": "新北市三峽區大學路148之1號",
        "phone": "3501-2107",
        "lng": 121.374515,
        "lat": 24.944352,
        "district": "三峽區"
      }
    },
    {
      "type": "Feature",
      "geometry": {
        "type": "Point",
        "coordinates": [
          121.475689,
          25.006077
        ]
      },
      "properties": {
        "brand": "星巴克",
        "city": "新北市",
        "store_name": "環球",
        "address": "新北市中和區中山路三段122號",
        "phone": "3234-0635",
        "lng": 121.475689,
        "lat": 25.006077,
        "district": "中和區"
      }
    },
    {
      "type": "Feature",
      "geometry": {
        "type": "Point",
        "coordinates": [
          121.473578,
          25.028809
        ]
      },
      "properties": {
        "brand": "星巴克",
        "city": "新北市",
        "store_name": "板雙",
        "address": "新北市板橋區雙十路二段193號1-2樓",
        "phone": "2253-1610",
        "lng": 121.473578,
        "lat": 25.028809,
        "district": "板橋區"
      }
    },
    {
      "type": "Feature",
      "geometry": {
        "type": "Point",
        "coordinates": [
          121.484619,
          25.006072
        ]
      },
      "properties": {
        "brand": "星巴克",
        "city": "新北市",
        "store_name": "立言",
        "address": "新北市中和區中正路866號1樓",
        "phone": "2226-1773",
        "lng": 121.484619,
        "lat": 25.006072,
        "district": "中和區"
      }
    },
    {
      "type": "Feature",
      "geometry": {
        "type": "Point",
        "coordinates": [
          121.49404,
          24.993751
        ]
      },
      "properties": {
        "brand": "星巴克",
        "city": "新北市",
        "store_name": "雙和醫院",
        "address": "新北市中和區中正路291號",
        "phone": "2245-9145",
        "lng": 121.49404,
        "lat": 24.993751,
        "district": "中和區"
      }
    },
    {
      "type": "Feature",
      "geometry": {
        "type": "Point",
        "coordinates": [
          121.427958,
          25.051328
        ]
      },
      "properties": {
        "brand": "星巴克",
        "city": "新北市",
        "store_name": "泰山明志",
        "address": "新北市泰山區明志路二段123號",
        "phone": "8531-1460",
        "lng": 121.427958,
        "lat": 25.051328,
        "district": "泰山區"
      }
    },
    {
      "type": "Feature",
      "geometry": {
        "type": "Point",
        "coordinates": [
          121.431877,
          25.032077
        ]
      },
      "properties": {
        "brand": "星巴克",
        "city": "新北市",
        "store_name": "新莊尚德",
        "address": "新北市新莊區中正路518號",
        "phone": "2901-9826",
        "lng": 121.431877,
        "lat": 25.032077,
        "district": "新莊區"
      }
    },
    {
      "type": "Feature",
      "geometry": {
        "type": "Point",
        "coordinates": [
          121.451069,
          25.060369
        ]
      },
      "properties": {
        "brand": "星巴克",
        "city": "新北市",
        "store_name": "新莊宏匯",
        "address": "新北市新莊區新北大道4段3號1樓",
        "phone": "8521-7496",
        "lng": 121.451069,
        "lat": 25.060369,
        "district": "新莊區"
      }
    },
    {
      "type": "Feature",
      "geometry": {
        "type": "Point",
        "coordinates": [
          121.467123,
          25.04307
        ]
      },
      "properties": {
        "brand": "星巴克",
        "city": "新北市",
        "store_name": "二重",
        "address": "新北市三重區重新路五段654號",
        "phone": "8512-4050",
        "lng": 121.467123,
        "lat": 25.04307,
        "district": "三重區"
      }
    },
    {
      "type": "Feature",
      "geometry": {
        "type": "Point",
        "coordinates": [
          121.489188,
          25.08934
        ]
      },
      "properties": {
        "brand": "星巴克",
        "city": "新北市",
        "store_name": "重陽集賢",
        "address": "新北市三重區集賢路137號",
        "phone": "2857-2591",
        "lng": 121.489188,
        "lat": 25.08934,
        "district": "三重區"
      }
    },
    {
      "type": "Feature",
      "geometry": {
        "type": "Point",
        "coordinates": [
          121.496636,
          25.065983
        ]
      },
      "properties": {
        "brand": "星巴克",
        "city": "新北市",
        "store_name": "三重正義",
        "address": "新北市三重區正義北路140號",
        "phone": "2984-2977",
        "lng": 121.496636,
        "lat": 25.065983,
        "district": "三重區"
      }
    },
    {
      "type": "Feature",
      "geometry": {
        "type": "Point",
        "coordinates": [
          121.486118,
          25.076934
        ]
      },
      "properties": {
        "brand": "星巴克",
        "city": "新北市",
        "store_name": "三重三和",
        "address": "新北市三重區三和路四段388-2號",
        "phone": "8283-9371",
        "lng": 121.486118,
        "lat": 25.076934,
        "district": "三重區"
      }
    },
    {
      "type": "Feature",
      "geometry": {
        "type": "Point",
        "coordinates": [
          121.459682,
          25.088183
        ]
      },
      "properties": {
        "brand": "星巴克",
        "city": "新北市",
        "store_name": "蘆洲長榮",
        "address": "新北市蘆洲區長榮路418號1樓",
        "phone": "8286-3554",
        "lng": 121.459682,
        "lat": 25.088183,
        "district": "蘆洲區"
      }
    },
    {
      "type": "Feature",
      "geometry": {
        "type": "Point",
        "coordinates": [
          121.471407,
          25.087401
        ]
      },
      "properties": {
        "brand": "星巴克",
        "city": "新北市",
        "store_name": "蘆洲三民",
        "address": "新北市蘆洲區三民路120號",
        "phone": "2848-5279",
        "lng": 121.471407,
        "lat": 25.087401,
        "district": "蘆洲區"
      }
    },
    {
      "type": "Feature",
      "geometry": {
        "type": "Point",
        "coordinates": [
          121.487976,
          25.061688
        ]
      },
      "properties": {
        "brand": "星巴克",
        "city": "新北市",
        "store_name": "三重菜寮",
        "address": "新北市三重區新北大道一段6號",
        "phone": "8985-3087",
        "lng": 121.487976,
        "lat": 25.061688,
        "district": "三重區"
      }
    },
    {
      "type": "Feature",
      "geometry": {
        "type": "Point",
        "coordinates": [
          121.446521,
          25.090853
        ]
      },
      "properties": {
        "brand": "星巴克",
        "city": "新北市",
        "store_name": "五股洲子洋",
        "address": "新北市五股區新五路三段101號",
        "phone": "2295-2895",
        "lng": 121.446521,
        "lat": 25.090853,
        "district": "五股區"
      }
    },
    {
      "type": "Feature",
      "geometry": {
        "type": "Point",
        "coordinates": [
          121.483436,
          25.055627
        ]
      },
      "properties": {
        "brand": "星巴克",
        "city": "新北市",
        "store_name": "三重捷運",
        "address": "新北市三重區捷運路60號",
        "phone": "2974-9688",
        "lng": 121.483436,
        "lat": 25.055627,
        "district": "三重區"
      }
    },
    {
      "type": "Feature",
      "geometry": {
        "type": "Point",
        "coordinates": [
          121.46843,
          25.019494
        ]
      },
      "properties": {
        "brand": "星巴克",
        "city": "新北市",
        "store_name": "板橋新埔",
        "address": "新北市板橋區文化路一段220號1樓",
        "phone": "2255-5621",
        "lng": 121.46843,
        "lat": 25.019494,
        "district": "板橋區"
      }
    },
    {
      "type": "Feature",
      "geometry": {
        "type": "Point",
        "coordinates": [
          121.374559,
          25.077301
        ]
      },
      "properties": {
        "brand": "星巴克",
        "city": "新北市",
        "store_name": "文化",
        "address": "新北市林口區文化二路一段551號",
        "phone": "2602-5026",
        "lng": 121.374559,
        "lat": 25.077301,
        "district": "林口區"
      }
    },
    {
      "type": "Feature",
      "geometry": {
        "type": "Point",
        "coordinates": [
          121.364672,
          25.073015
        ]
      },
      "properties": {
        "brand": "星巴克",
        "city": "新北市",
        "store_name": "林口文化三",
        "address": "新北市林口區文化三路一段359號",
        "phone": "2606-8655",
        "lng": 121.364672,
        "lat": 25.073015,
        "district": "林口區"
      }
    },
    {
      "type": "Feature",
      "geometry": {
        "type": "Point",
        "coordinates": [
          121.363506,
          25.07079
        ]
      },
      "properties": {
        "brand": "星巴克",
        "city": "新北市",
        "store_name": "MITSUI",
        "address": "新北市林口區文化三路一段356號",
        "phone": "2606-9536",
        "lng": 121.363506,
        "lat": 25.07079,
        "district": "林口區"
      }
    },
    {
      "type": "Feature",
      "geometry": {
        "type": "Point",
        "coordinates": [
          121.381276,
          25.081463
        ]
      },
      "properties": {
        "brand": "星巴克",
        "city": "新北市",
        "store_name": "林口中山",
        "address": "新北市林口區中山路369號",
        "phone": "2601-1287",
        "lng": 121.381276,
        "lat": 25.081463,
        "district": "林口區"
      }
    },
    {
      "type": "Feature",
      "geometry": {
        "type": "Point",
        "coordinates": [
          121.361399,
          25.066148
        ]
      },
      "properties": {
        "brand": "星巴克",
        "city": "新北市",
        "store_name": "林口A9",
        "address": "新北市林口區文化三路一段2號1F",
        "phone": "2600-5947",
        "lng": 121.361399,
        "lat": 25.066148,
        "district": "林口區"
      }
    },
    {
      "type": "Feature",
      "geometry": {
        "type": "Point",
        "coordinates": [
          121.358734,
          25.072469
        ]
      },
      "properties": {
        "brand": "星巴克",
        "city": "新北市",
        "store_name": "林口文化北",
        "address": "新北市林口區文化北路一段38號",
        "phone": "2608-3642",
        "lng": 121.358734,
        "lat": 25.072469,
        "district": "林口區"
      }
    },
    {
      "type": "Feature",
      "geometry": {
        "type": "Point",
        "coordinates": [
          121.472009,
          25.022316
        ]
      },
      "properties": {
        "brand": "星巴克",
        "city": "新北市",
        "store_name": "板橋萬板",
        "address": "新北市板橋區萬板路32號1樓",
        "phone": "2257-8224",
        "lng": 121.472009,
        "lat": 25.022316,
        "district": "板橋區"
      }
    },
    {
      "type": "Feature",
      "geometry": {
        "type": "Point",
        "coordinates": [
          121.347351,
          24.952177
        ]
      },
      "properties": {
        "brand": "星巴克",
        "city": "新北市",
        "store_name": "鶯歌",
        "address": "新北市鶯歌區育英街67號",
        "phone": "8677-3608",
        "lng": 121.347351,
        "lat": 24.952177,
        "district": "鶯歌區"
      }
    },
    {
      "type": "Feature",
      "geometry": {
        "type": "Point",
        "coordinates": [
          121.468656,
          25.023422
        ]
      },
      "properties": {
        "brand": "星巴克",
        "city": "新北市",
        "store_name": "板橋新巨蛋",
        "address": "新北市板橋區文化路一段360號",
        "phone": "2254-4539",
        "lng": 121.468656,
        "lat": 25.023422,
        "district": "板橋區"
      }
    },
    {
      "type": "Feature",
      "geometry": {
        "type": "Point",
        "coordinates": [
          121.460721,
          25.02367
        ]
      },
      "properties": {
        "brand": "星巴克",
        "city": "新北市",
        "store_name": "板橋新海",
        "address": "新北市板橋區新海路180號1F",
        "phone": "2257-7438",
        "lng": 121.460721,
        "lat": 25.02367,
        "district": "板橋區"
      }
    },
    {
      "type": "Feature",
      "geometry": {
        "type": "Point",
        "coordinates": [
          121.448493,
          25.049114
        ]
      },
      "properties": {
        "brand": "星巴克",
        "city": "新北市",
        "store_name": "新莊",
        "address": "新北市新莊區幸福路763-3號1樓之1部",
        "phone": "2998-4957",
        "lng": 121.448493,
        "lat": 25.049114,
        "district": "新莊區"
      }
    },
    {
      "type": "Feature",
      "geometry": {
        "type": "Point",
        "coordinates": [
          121.335084,
          24.970926
        ]
      },
      "properties": {
        "brand": "星巴克",
        "city": "新北市",
        "store_name": "鶯歌鳳鳴",
        "address": "新北市鶯歌區鶯歌路167號",
        "phone": "2678-7833",
        "lng": 121.335084,
        "lat": 24.970926,
        "district": "鶯歌區"
      }
    },
    {
      "type": "Feature",
      "geometry": {
        "type": "Point",
        "coordinates": [
          121.604745,
          25.004432
        ]
      },
      "properties": {
        "brand": "星巴克",
        "city": "新北市",
        "store_name": "深坑東南",
        "address": "新北市深坑區北深路三段152號",
        "phone": "2664-9571",
        "lng": 121.604745,
        "lat": 25.004432,
        "district": "深坑區"
      }
    },
    {
      "type": "Feature",
      "geometry": {
        "type": "Point",
        "coordinates": [
          121.450034,
          25.035726
        ]
      },
      "properties": {
        "brand": "星巴克",
        "city": "新北市",
        "store_name": "新莊中正",
        "address": "新北市新莊區中正路178號",
        "phone": "2994-7998",
        "lng": 121.450034,
        "lat": 25.035726,
        "district": "新莊區"
      }
    },
    {
      "type": "Feature",
      "geometry": {
        "type": "Point",
        "coordinates": [
          121.479804,
          25.005871
        ]
      },
      "properties": {
        "brand": "21風味館",
        "city": "新北市",
        "store_name": "中和中山",
        "address": "新北市中和區中山路3段52號1樓",
        "phone": "02-8221-2021",
        "lng": 121.479804,
        "lat": 25.005871,
        "district": "中和區"
      }
    },
    {
      "type": "Feature",
      "geometry": {
        "type": "Point",
        "coordinates": [
          121.423797,
          24.991932
        ]
      },
      "properties": {
        "brand": "21風味館",
        "city": "新北市",
        "store_name": "樹林中山",
        "address": "新北市樹林區中山路一段65之1號1~3樓",
        "phone": "02-2675-0521",
        "lng": 121.423797,
        "lat": 24.991932,
        "district": "樹林區"
      }
    },
    {
      "type": "Feature",
      "geometry": {
        "type": "Point",
        "coordinates": [
          121.541617,
          24.968815
        ]
      },
      "properties": {
        "brand": "subway",
        "city": "新北市",
        "store_name": "#47281新店區公所餐廳(原政大餐廳)",
        "address": "新北市新店區北新路一段337號1樓",
        "phone": "02-2234-1290",
        "lng": 121.541617,
        "lat": 24.968815,
        "district": "新店區"
      }
    },
    {
      "type": "Feature",
      "geometry": {
        "type": "Point",
        "coordinates": [
          121.476913,
          25.017084
        ]
      },
      "properties": {
        "brand": "subway",
        "city": "新北市",
        "store_name": "#70862 板橋埔墘餐廳",
        "address": "新北市板橋區中山路二段162號",
        "phone": "02-2951-2162",
        "lng": 121.476913,
        "lat": 25.017084,
        "district": "板橋區"
      }
    },
    {
      "type": "Feature",
      "geometry": {
        "type": "Point",
        "coordinates": [
          121.451312,
          25.049317
        ]
      },
      "properties": {
        "brand": "subway",
        "city": "新北市",
        "store_name": "#71013 新莊幸福餐廳",
        "address": "新北市新莊區幸福路620號",
        "phone": "02-2992-9012",
        "lng": 121.451312,
        "lat": 25.049317,
        "district": "新莊區"
      }
    },
    {
      "type": "Feature",
      "geometry": {
        "type": "Point",
        "coordinates": [
          121.510911,
          25.014085
        ]
      },
      "properties": {
        "brand": "subway",
        "city": "新北市",
        "store_name": "#72299 新莊民安餐廳",
        "address": "新北市新莊區民安路139號一樓",
        "phone": "02-2206-8062",
        "lng": 121.510911,
        "lat": 25.014085,
        "district": "新莊區"
      }
    },
    {
      "type": "Feature",
      "geometry": {
        "type": "Point",
        "coordinates": [
          121.496699,
          25.06669
        ]
      },
      "properties": {
        "brand": "肯德基",
        "city": "新北市",
        "store_name": "三重正義",
        "address": "新北市三重區正義北路139,141號1樓",
        "phone": "02-2988-7987",
        "lng": 121.496699,
        "lat": 25.06669,
        "district": "三重區"
      }
    },
    {
      "type": "Feature",
      "geometry": {
        "type": "Point",
        "coordinates": [
          121.441892,
          24.976266
        ]
      },
      "properties": {
        "brand": "肯德基",
        "city": "新北市",
        "store_name": "土城中央",
        "address": "新北市土城區中央路二段174號1樓2樓",
        "phone": "02-2260-6887",
        "lng": 121.441892,
        "lat": 24.976266,
        "district": "土城區"
      }
    },
    {
      "type": "Feature",
      "geometry": {
        "type": "Point",
        "coordinates": [
          121.630842,
          25.066285
        ]
      },
      "properties": {
        "brand": "肯德基",
        "city": "新北市",
        "store_name": "汐止中興",
        "address": "新北市汐止區中興路169號1-2樓",
        "phone": "02-2693-1153",
        "lng": 121.630842,
        "lat": 25.066285,
        "district": "汐止區"
      }
    },
    {
      "type": "Feature",
      "geometry": {
        "type": "Point",
        "coordinates": [
          121.473,
          25.029608
        ]
      },
      "properties": {
        "brand": "肯德基",
        "city": "新北市",
        "store_name": "板橋雙十",
        "address": "新北市板橋區雙十路二段170 號",
        "phone": "02-2256-5226",
        "lng": 121.473,
        "lat": 25.029608,
        "district": "板橋區"
      }
    },
    {
      "type": "Feature",
      "geometry": {
        "type": "Point",
        "coordinates": [
          121.447437,
          25.049022
        ]
      },
      "properties": {
        "brand": "肯德基",
        "city": "新北市",
        "store_name": "新莊幸福",
        "address": "新北市新莊區幸福路763之6號",
        "phone": "02-2991-0791",
        "lng": 121.447437,
        "lat": 25.049022,
        "district": "新莊區"
      }
    },
    {
      "type": "Feature",
      "geometry": {
        "type": "Point",
        "coordinates": [
          121.423782,
          24.991901
        ]
      },
      "properties": {
        "brand": "肯德基",
        "city": "新北市",
        "store_name": "樹林中山",
        "address": "新北市樹林區中山路一段67號",
        "phone": "02-2684-1331",
        "lng": 121.423782,
        "lat": 24.991901,
        "district": "樹林區"
      }
    },
    {
      "type": "Feature",
      "geometry": {
        "type": "Point",
        "coordinates": [
          121.462377,
          25.083729
        ]
      },
      "properties": {
        "brand": "肯德基",
        "city": "新北市",
        "store_name": "蘆洲長榮",
        "address": "新北市蘆洲區長榮路80號1樓",
        "phone": "02-8286-0575",
        "lng": 121.462377,
        "lat": 25.083729,
        "district": "蘆洲區"
      }
    },
    {
      "type": "Feature",
      "geometry": {
        "type": "Point",
        "coordinates": [
          121.49981,
          25.002131
        ]
      },
      "properties": {
        "brand": "摩斯",
        "city": "新北市",
        "store_name": "新北中和店",
        "address": "新北市中和區中和路 13 號",
        "phone": "(02)2243-7105",
        "lng": 121.49981,
        "lat": 25.002131,
        "district": "中和區"
      }
    },
    {
      "type": "Feature",
      "geometry": {
        "type": "Point",
        "coordinates": [
          121.54002,
          24.982808
        ]
      },
      "properties": {
        "brand": "摩斯",
        "city": "新北市",
        "store_name": "大坪林店",
        "address": "新北市新店區民權路 45 號",
        "phone": "(02)8665-4643",
        "lng": 121.54002,
        "lat": 24.982808,
        "district": "新店區"
      }
    },
    {
      "type": "Feature",
      "geometry": {
        "type": "Point",
        "coordinates": [
          121.511521,
          24.991673
        ]
      },
      "properties": {
        "brand": "摩斯",
        "city": "新北市",
        "store_name": "南勢角店",
        "address": "新北市中和區景新街 318 號",
        "phone": "(02)2940-8956",
        "lng": 121.511521,
        "lat": 24.991673,
        "district": "中和區"
      }
    },
    {
      "type": "Feature",
      "geometry": {
        "type": "Point",
        "coordinates": [
          121.474309,
          25.014768
        ]
      },
      "properties": {
        "brand": "摩斯",
        "city": "新北市",
        "store_name": "永和秀山店",
        "address": "新北市永和區民生路 46 巷 56 號 1 樓",
        "phone": "(02)2940-6199",
        "lng": 121.474309,
        "lat": 25.014768,
        "district": "永和區"
      }
    },
    {
      "type": "Feature",
      "geometry": {
        "type": "Point",
        "coordinates": [
          121.461083,
          25.007229
        ]
      },
      "properties": {
        "brand": "摩斯",
        "city": "新北市",
        "store_name": "板橋館前店",
        "address": "新北市板橋區館前東路 60 號",
        "phone": "(02)8964-1324",
        "lng": 121.461083,
        "lat": 25.007229,
        "district": "板橋區"
      }
    },
    {
      "type": "Feature",
      "geometry": {
        "type": "Point",
        "coordinates": [
          121.511277,
          24.962676
        ]
      },
      "properties": {
        "brand": "摩斯",
        "city": "新北市",
        "store_name": "新店安德店",
        "address": "新北市新店區安德街 2 號 1 樓",
        "phone": "(02)2211-1210",
        "lng": 121.511277,
        "lat": 24.962676,
        "district": "新店區"
      }
    },
    {
      "type": "Feature",
      "geometry": {
        "type": "Point",
        "coordinates": [
          121.541416,
          24.971631
        ]
      },
      "properties": {
        "brand": "摩斯",
        "city": "新北市",
        "store_name": "新店中正店",
        "address": "新北市新店區中正路 147 號",
        "phone": "(02)8665-5010",
        "lng": 121.541416,
        "lat": 24.971631,
        "district": "新店區"
      }
    },
    {
      "type": "Feature",
      "geometry": {
        "type": "Point",
        "coordinates": [
          121.540218,
          24.972493
        ]
      },
      "properties": {
        "brand": "德克士",
        "city": "新北市",
        "store_name": "新店中正",
        "address": "新北市新店區中正路205號",
        "phone": "02-8665-0553",
        "lng": 121.540218,
        "lat": 24.972493,
        "district": "新店區"
      }
    },
    {
      "type": "Feature",
      "geometry": {
        "type": "Point",
        "coordinates": [
          121.480948,
          25.079745
        ]
      },
      "properties": {
        "brand": "摩斯",
        "city": "新北市",
        "store_name": "三重徐匯店",
        "address": "新北市三重區三和路四段 408 號",
        "phone": "(02)8287-3250",
        "lng": 121.480948,
        "lat": 25.079745,
        "district": "三重區"
      }
    }
  ]
}