{
  "type": "FeatureCollection",
  "features": [
    {
      "type": "Feature",
      "geometry": {
        "type": "Point",
        "coordinates": [
          121.51097,
          25.0545
        ]
      },
      "properties": {
        "id": "1",
        "city": "臺北市",
        "district": "大同區",
        "address": "民樂街31號對面",
        "org": "台北市自閉症家長協會"
      }
    },
    {
      "type": "Feature",
      "geometry": {
        "type": "Point",
        "coordinates": [
          121.54708,
          25.03507
        ]
      },
      "properties": {
        "id": "2",
        "city": "臺北市",
        "district": "大安區",
        "address": "四維路52巷10號旁",
        "org": "台北市自閉症家長協會"
      }
    },
    {
      "type": "Feature",
      "geometry": {
        "type": "Point",
        "coordinates": [
          121.54653,
          25.0561
        ]
      },
      "properties": {
        "id": "3",
        "city": "臺北市",
        "district": "松山區",
        "address": "興安街與民生東路3段130巷口（公佈欄旁）",
        "org": "台北市自閉症家長協會"
      }
    },
    {
      "type": "Feature",
      "geometry": {
        "type": "Point",
        "coordinates": [
          121.52197,
          25.0965
        ]
      },
      "properties": {
        "id": "4",
        "city": "臺北市",
        "district": "中正區",
        "address": "泉州街127號",
        "org": "台北市自閉症家長協會"
      }
    },
    {
      "type": "Feature",
      "geometry": {
        "type": "Point",
        "coordinates": [
          121.53342,
          25.02609
        ]
      },
      "properties": {
        "id": "5",
        "city": "臺北市",
        "district": "大安區",
        "address": "和平東路1段溫州街口",
        "org": "台北市自閉症家長協會"
      }
    },
    {
      "type": "Feature",
      "geometry": {
        "type": "Point",
        "coordinates": [
          121.5796,
          25.04813
        ]
      },
      "properties": {
        "id": "6",
        "city": "臺北市",
        "district": "信義區",
        "address": "中坡北路與松隆路旁（公園）人行道",
        "org": "台北市自閉症家長協會"
      }
    },
    {
      "type": "Feature",
      "geometry": {
        "type": "Point",
        "coordinates": [
          121.5173,
          25.03051
        ]
      },
      "properties": {
        "id": "7",
        "city": "臺北市",
        "district": "中正區",
        "address": "寧波西街60號前",
        "org": "台北市自閉症家長協會"
      }
    },
    {
      "type": "Feature",
      "geometry": {
        "type": "Point",
        "coordinates": [
          121.54535,
          25.02803
        ]
      },
      "properties": {
        "id": "8",
        "city": "臺北市",
        "district": "大安區",
        "address": "復興南路2段151巷30弄與171巷交叉口",
        "org": "台北市自閉症家長協會"
      }
    },
    {
      "type": "Feature",
      "geometry": {
        "type": "Point",
        "coordinates": [
          121.54446,
          25.02648
        ]
      },
      "properties": {
        "id": "9",
        "city": "臺北市",
        "district": "大安區",
        "address": "復興南路2段193巷16弄口",
        "org": "台北市自閉症家長協會"
      }
    },
    {
      "type": "Feature",
      "geometry": {
        "type": "Point",
        "coordinates": [
          121.5437,
          25.05609
        ]
      },
      "properties": {
        "id": "10",
        "city": "臺北市",
        "district": "中山區",
        "address": "興安街103號前人行道",
        "org": "台北市自閉症家長協會"
      }
    },
    {
      "type": "Feature",
      "geometry": {
        "type": "Point",
        "coordinates": [
          121.54483,
          25.05459
        ]
      },
      "properties": {
        "id": "11",
        "city": "臺北市",
        "district": "中山區",
        "address": "長春路339巷口",
        "org": "台北市自閉症家長協會"
      }
    },
    {
      "type": "Feature",
      "geometry": {
        "type": "Point",
        "coordinates": [
          121.54223,
          25.05764
        ]
      },
      "properties": {
        "id": "12",
        "city": "臺北市",
        "district": "中山區",
        "address": "民生東路3段與遼寧街口變電箱旁",
        "org": "台北市自閉症家長協會"
      }
    },
    {
      "type": "Feature",
      "geometry": {
        "type": "Point",
        "coordinates": [
          121.5121,
          25.02917
        ]
      },
      "properties": {
        "id": "13",
        "city": "臺北市",
        "district": "中正區",
        "address": "和平西路2段55號旁（建國中學圍牆邊）",
        "org": "台北市自閉症家長協會"
      }
    },
    {
      "type": "Feature",
      "geometry": {
        "type": "Point",
        "coordinates": [
          121.50247,
          25.13841
        ]
      },
      "properties": {
        "id": "14",
        "city": "臺北市",
        "district": "北投區",
        "address": "中和街47號對面",
        "org": "台北市自閉症家長協會"
      }
    },
    {
      "type": "Feature",
      "geometry": {
        "type": "Point",
        "coordinates": [
          121.55465,
          25.03539
        ]
      },
      "properties": {
        "id": "15",
        "city": "臺北市",
        "district": "大安區",
        "address": "仁愛路4段300巷35弄2號對面",
        "org": "台北市自閉症家長協會"
      }
    },
    {
      "type": "Feature",
      "geometry": {
        "type": "Point",
        "coordinates": [
          121.54612,
          25.03558
        ]
      },
      "properties": {
        "id": "16",
        "city": "臺北市",
        "district": "大安區",
        "address": "大安路1段193-2號旁與四維路44巷口",
        "org": "台北市自閉症家長協會"
      }
    },
    {
      "type": "Feature",
      "geometry": {
        "type": "Point",
        "coordinates": [
          121.55465,
          25.03539
        ]
      },
      "properties": {
        "id": "17",
        "city": "臺北市",
        "district": "信義區",
        "address": "信義路6段76巷2弄47號對面",
        "org": "台北市自閉症家長協會"
      }
    },
    {
      "type": "Feature",
      "geometry": {
        "type": "Point",
        "coordinates": [
          121.54612,
          25.03558
        ]
      },
      "properties": {
        "id": "18",
        "city": "臺北市",
        "district": "松山區",
        "address": "撫遠街與新東街30巷口",
        "org": "台北市自閉症家長協會"
      }
    },
    {
      "type": "Feature",
      "geometry": {
        "type": "Point",
        "coordinates": [
          121.51545,
          25.02728
        ]
      },
      "properties": {
        "id": "19",
        "city": "臺北市",
        "district": "中正區",
        "address": "和平西路1段150號",
        "org": "台北市自閉症家長協會"
      }
    },
    {
      "type": "Feature",
      "geometry": {
        "type": "Point",
        "coordinates": [
          121.53834,
          24.99426
        ]
      },
      "properties": {
        "id": "20",
        "city": "臺北市",
        "district": "文山區",
        "address": "景福街223巷口(學校圍牆邊)",
        "org": "台北市自閉症家長協會"
      }
    },
    {
      "type": "Feature",
      "geometry": {
        "type": "Point",
        "coordinates": [
          121.54582,
          25.05294
        ]
      },
      "properties": {
        "id": "21",
        "city": "臺北市",
        "district": "松山區",
        "address": "慶城街16號與南京東路3段303巷7弄對面(公園)",
        "org": "台北市自閉症家長協會"
      }
    },
    {
      "type": "Feature",
      "geometry": {
        "type": "Point",
        "coordinates": [
          121.57395,
          25.03898
        ]
      },
      "properties": {
        "id": "22",
        "city": "臺北市",
        "district": "信義區",
        "address": "忠孝東路5段372巷28弄3號對面(圍牆邊)",
        "org": "台北市自閉症家長協會"
      }
    },
    {
      "type": "Feature",
      "geometry": {
        "type": "Point",
        "coordinates": [
          121.55697,
          25.02098
        ]
      },
      "properties": {
        "id": "23",
        "city": "臺北市",
        "district": "信義區",
        "address": "和平東路3段341巷7號對面公園人行道",
        "org": "台北市自閉症家長協會"
      }
    },
    {
      "type": "Feature",
      "geometry": {
        "type": "Point",
        "coordinates": [
          121.58357,
          25.07587
        ]
      },
      "properties": {
        "id": "24",
        "city": "臺北市",
        "district": "內湖區",
        "address": "陽光街68巷口(陽光公園旁)",
        "org": "台北市自閉症家長協會"
      }
    },
    {
      "type": "Feature",
      "geometry": {
        "type": "Point",
        "coordinates": [
          121.54673,
          25.02625
        ]
      },
      "properties": {
        "id": "25",
        "city": "臺北市",
        "district": "大安區",
        "address": "和平東路3段1巷成功市場對面",
        "org": "台北市自閉症家長協會"
      }
    },
    {
      "type": "Feature",
      "geometry": {
        "type": "Point",
        "coordinates": [
          121.57744,
          25.04735
        ]
      },
      "properties": {
        "id": "26",
        "city": "臺北市",
        "district": "信義區",
        "address": "松山路與虎林街55巷（銀行邊）人行道",
        "org": "台北市自閉症家長協會"
      }
    },
    {
      "type": "Feature",
      "geometry": {
        "type": "Point",
        "coordinates": [
          121.52741,
          25.06733
        ]
      },
      "properties": {
        "id": "27",
        "city": "臺北市",
        "district": "中山區",
        "address": "新生北路3段82之5號前",
        "org": "台北市自閉症家長協會"
      }
    },
    {
      "type": "Feature",
      "geometry": {
        "type": "Point",
        "coordinates": [
          121.54283,
          25.02332
        ]
      },
      "properties": {
        "id": "28",
        "city": "臺北市",
        "district": "大安區",
        "address": "和平東路2段118巷(公園)",
        "org": "台北市自閉症家長協會"
      }
    },
    {
      "type": "Feature",
      "geometry": {
        "type": "Point",
        "coordinates": [
          121.54069,
          25.05341
        ]
      },
      "properties": {
        "id": "29",
        "city": "臺北市",
        "district": "中山區",
        "address": "遼寧街128巷與龍江路交叉口",
        "org": "台北市自閉症家長協會"
      }
    },
    {
      "type": "Feature",
      "geometry": {
        "type": "Point",
        "coordinates": [
          121.53138,
          25.02246
        ]
      },
      "properties": {
        "id": "30",
        "city": "臺北市",
        "district": "大安區",
        "address": "泰順街57巷口斜對面圍牆旁",
        "org": "台北市自閉症家長協會"
      }
    },
    {
      "type": "Feature",
      "geometry": {
        "type": "Point",
        "coordinates": [
          121.53155,
          25.02577
        ]
      },
      "properties": {
        "id": "31",
        "city": "臺北市",
        "district": "大安區",
        "address": "泰順街與溫州街12巷口",
        "org": "台北市自閉症家長協會"
      }
    },
    {
      "type": "Feature",
      "geometry": {
        "type": "Point",
        "coordinates": [
          121.54052,
          25.03031
        ]
      },
      "properties": {
        "id": "32",
        "city": "臺北市",
        "district": "大安區",
        "address": "瑞安街208巷70弄口",
        "org": "台北市自閉症家長協會"
      }
    },
    {
      "type": "Feature",
      "geometry": {
        "type": "Point",
        "coordinates": [
          121.54272,
          24.99004
        ]
      },
      "properties": {
        "id": "33",
        "city": "臺北市",
        "district": "文山區",
        "address": "景後街149巷與景興路交叉口",
        "org": "台北市自閉症家長協會"
      }
    },
    {
      "type": "Feature",
      "geometry": {
        "type": "Point",
        "coordinates": [
          121.54129,
          24.99223
        ]
      },
      "properties": {
        "id": "34",
        "city": "臺北市",
        "district": "文山區",
        "address": "景文街41號對面",
        "org": "台北市自閉症家長協會"
      }
    },
    {
      "type": "Feature",
      "geometry": {
        "type": "Point",
        "coordinates": [
          121.53087,
          25.125404
        ]
      },
      "properties": {
        "id": "41",
        "city": "臺北市",
        "district": "士林區",
        "address": "中山北路7段181巷22弄2號正對面",
        "org": "臺北市視障樂活福利促進會"
      }
    },
    {
      "type": "Feature",
      "geometry": {
        "type": "Point",
        "coordinates": [
          121.532614,
          25.127645
        ]
      },
      "properties": {
        "id": "42",
        "city": "臺北市",
        "district": "士林區",
        "address": "中山北路7段227巷8號斜對面",
        "org": "臺北市視障樂活福利促進會"
      }
    },
    {
      "type": "Feature",
      "geometry": {
        "type": "Point",
        "coordinates": [
          121.531518,
          25.105879
        ]
      },
      "properties": {
        "id": "43",
        "city": "臺北市",
        "district": "士林區",
        "address": "忠義街71巷口電信箱旁",
        "org": "臺北市視障樂活福利促進會"
      }
    },
    {
      "type": "Feature",
      "geometry": {
        "type": "Point",
        "coordinates": [
          121.524296,
          25.109886
        ]
      },
      "properties": {
        "id": "44",
        "city": "臺北市",
        "district": "士林區",
        "address": "中山北路6段277巷18弄2號右邊電桿旁",
        "org": "臺北市視障樂活福利促進會"
      }
    },
    {
      "type": "Feature",
      "geometry": {
        "type": "Point",
        "coordinates": [
          121.553362,
          25.027363
        ]
      },
      "properties": {
        "id": "45",
        "city": "臺北市",
        "district": "大安區",
        "address": "通化街178號電箱旁",
        "org": "臺北市視障樂活福利促進會"
      }
    },
    {
      "type": "Feature",
      "geometry": {
        "type": "Point",
        "coordinates": [
          121.549439,
          25.01761
        ]
      },
      "properties": {
        "id": "46",
        "city": "臺北市",
        "district": "大安區",
        "address": "辛亥路3段157巷14號對面大樹旁",
        "org": "臺北市視障樂活福利促進會"
      }
    },
    {
      "type": "Feature",
      "geometry": {
        "type": "Point",
        "coordinates": [
          121.541939,
          25.032775
        ]
      },
      "properties": {
        "id": "47",
        "city": "臺北市",
        "district": "大安區",
        "address": "信義路3段166巷3號對面變電箱旁",
        "org": "臺北市視障樂活福利促進會"
      }
    },
    {
      "type": "Feature",
      "geometry": {
        "type": "Point",
        "coordinates": [
          121.538118,
          25.032465
        ]
      },
      "properties": {
        "id": "48",
        "city": "臺北市",
        "district": "大安區",
        "address": "建國南路2段25巷口",
        "org": "臺北市視障樂活福利促進會"
      }
    },
    {
      "type": "Feature",
      "geometry": {
        "type": "Point",
        "coordinates": [
          121.541829,
          25.030624
        ]
      },
      "properties": {
        "id": "49",
        "city": "臺北市",
        "district": "大安區",
        "address": "復興南路2段78巷42弄5號對面電箱旁",
        "org": "臺北市視障樂活福利促進會"
      }
    },
    {
      "type": "Feature",
      "geometry": {
        "type": "Point",
        "coordinates": [
          121.543,
          25.029853
        ]
      },
      "properties": {
        "id": "50",
        "city": "臺北市",
        "district": "大安區",
        "address": "瑞安街100號斜對面",
        "org": "臺北市視障樂活福利促進會"
      }
    },
    {
      "type": "Feature",
      "geometry": {
        "type": "Point",
        "coordinates": [
          121.540538,
          25.028344
        ]
      },
      "properties": {
        "id": "51",
        "city": "臺北市",
        "district": "大安區",
        "address": "瑞安街208巷3號前",
        "org": "臺北市視障樂活福利促進會"
      }
    },
    {
      "type": "Feature",
      "geometry": {
        "type": "Point",
        "coordinates": [
          121.547011,
          25.08174
        ]
      },
      "properties": {
        "id": "52",
        "city": "臺北市",
        "district": "中山區",
        "address": "大直街21巷9號旁",
        "org": "臺北市視障樂活福利促進會"
      }
    },
    {
      "type": "Feature",
      "geometry": {
        "type": "Point",
        "coordinates": [
          121.547572,
          25.085031
        ]
      },
      "properties": {
        "id": "53",
        "city": "臺北市",
        "district": "中山區",
        "address": "大直街84巷口",
        "org": "臺北市視障樂活福利促進會"
      }
    },
    {
      "type": "Feature",
      "geometry": {
        "type": "Point",
        "coordinates": [
          121.554205,
          25.085446
        ]
      },
      "properties": {
        "id": "54",
        "city": "臺北市",
        "district": "中山區",
        "address": "北安路805巷2號前",
        "org": "臺北市視障樂活福利促進會"
      }
    },
    {
      "type": "Feature",
      "geometry": {
        "type": "Point",
        "coordinates": [
          121.611632,
          25.075535
        ]
      },
      "properties": {
        "id": "55",
        "city": "臺北市",
        "district": "內湖區",
        "address": "康寧路3段189巷163弄19號對面公園欄竿旁",
        "org": "臺北市視障樂活福利促進會"
      }
    },
    {
      "type": "Feature",
      "geometry": {
        "type": "Point",
        "coordinates": [
          121.587504,
          25.081647
        ]
      },
      "properties": {
        "id": "56",
        "city": "臺北市",
        "district": "內湖區",
        "address": "內湖路2段179巷3弄旁公園電箱旁",
        "org": "臺北市視障樂活福利促進會"
      }
    },
    {
      "type": "Feature",
      "geometry": {
        "type": "Point",
        "coordinates": [
          121.559863,
          25.028709
        ]
      },
      "properties": {
        "id": "57",
        "city": "臺北市",
        "district": "信義區",
        "address": "吳興街156巷22弄25號左邊公園變電箱旁人行道",
        "org": "臺北市視障樂活福利促進會"
      }
    },
    {
      "type": "Feature",
      "geometry": {
        "type": "Point",
        "coordinates": [
          121.561221,
          25.029252
        ]
      },
      "properties": {
        "id": "58",
        "city": "臺北市",
        "district": "信義區",
        "address": "吳興街156巷2弄12號對面人行道",
        "org": "臺北市視障樂活福利促進會"
      }
    },
    {
      "type": "Feature",
      "geometry": {
        "type": "Point",
        "coordinates": [
          121.616794,
          25.051672
        ]
      },
      "properties": {
        "id": "59",
        "city": "臺北市",
        "district": "南港區",
        "address": "力行橋頭南側空地對面(研究院路1段101巷8號對面)",
        "org": "臺北市視障樂活福利促進會"
      }
    },
    {
      "type": "Feature",
      "geometry": {
        "type": "Point",
        "coordinates": [
          121.569045,
          24.984719
        ]
      },
      "properties": {
        "id": "60",
        "city": "臺北市",
        "district": "文山區",
        "address": "保儀路109巷跟木新路2段218巷靠近學校圍牆的交叉路口",
        "org": "臺北市視障樂活福利促進會"
      }
    },
    {
      "type": "Feature",
      "geometry": {
        "type": "Point",
        "coordinates": [
          121.546287,
          24.994741
        ]
      },
      "properties": {
        "id": "61",
        "city": "臺北市",
        "district": "文山區",
        "address": "景華街104巷6號右邊變電箱旁",
        "org": "臺北市視障樂活福利促進會"
      }
    },
    {
      "type": "Feature",
      "geometry": {
        "type": "Point",
        "coordinates": [
          121.54532,
          24.994219
        ]
      },
      "properties": {
        "id": "62",
        "city": "臺北市",
        "district": "文山區",
        "address": "景華街82巷11號對面變電箱旁",
        "org": "臺北市視障樂活福利促進會"
      }
    },
    {
      "type": "Feature",
      "geometry": {
        "type": "Point",
        "coordinates": [
          121.545217,
          24.993551
        ]
      },
      "properties": {
        "id": "63",
        "city": "臺北市",
        "district": "文山區",
        "address": "景興路153巷12-3號旁",
        "org": "臺北市視障樂活福利促進會"
      }
    },
    {
      "type": "Feature",
      "geometry": {
        "type": "Point",
        "coordinates": [
          121.537069,
          24.989985
        ]
      },
      "properties": {
        "id": "64",
        "city": "臺北市",
        "district": "文山區",
        "address": "育英街31巷36弄21號左邊公佈欄旁",
        "org": "臺北市視障樂活福利促進會"
      }
    },
    {
      "type": "Feature",
      "geometry": {
        "type": "Point",
        "coordinates": [
          121.53957,
          24.99149
        ]
      },
      "properties": {
        "id": "65",
        "city": "臺北市",
        "district": "文山區",
        "address": "萬慶街13巷29號對面公布欄旁",
        "org": "臺北市視障樂活福利促進會"
      }
    },
    {
      "type": "Feature",
      "geometry": {
        "type": "Point",
        "coordinates": [
          121.543743,
          24.994472
        ]
      },
      "properties": {
        "id": "66",
        "city": "臺北市",
        "district": "文山區",
        "address": "景中街27號旁",
        "org": "臺北市視障樂活福利促進會"
      }
    },
    {
      "type": "Feature",
      "geometry": {
        "type": "Point",
        "coordinates": [
          121.54239,
          24.992941
        ]
      },
      "properties": {
        "id": "67",
        "city": "臺北市",
        "district": "文山區",
        "address": "景美街5巷23號斜對面",
        "org": "臺北市視障樂活福利促進會"
      }
    },
    {
      "type": "Feature",
      "geometry": {
        "type": "Point",
        "coordinates": [
          121.537327,
          25.006209
        ]
      },
      "properties": {
        "id": "68",
        "city": "臺北市",
        "district": "文山區",
        "address": "汀州路4段105巷16弄3號對面",
        "org": "臺北市視障樂活福利促進會"
      }
    },
    {
      "type": "Feature",
      "geometry": {
        "type": "Point",
        "coordinates": [
          121.538569,
          25.004896
        ]
      },
      "properties": {
        "id": "69",
        "city": "臺北市",
        "district": "文山區",
        "address": "羅斯福路5段與公館街口電桿旁",
        "org": "臺北市視障樂活福利促進會"
      }
    },
    {
      "type": "Feature",
      "geometry": {
        "type": "Point",
        "coordinates": [
          121.541523,
          25.000845
        ]
      },
      "properties": {
        "id": "70",
        "city": "臺北市",
        "district": "文山區",
        "address": "景明街11巷6弄14號對面公園旁",
        "org": "臺北市視障樂活福利促進會"
      }
    },
    {
      "type": "Feature",
      "geometry": {
        "type": "Point",
        "coordinates": [
          121.540688,
          24.998907
        ]
      },
      "properties": {
        "id": "71",
        "city": "臺北市",
        "district": "文山區",
        "address": "羅斯福路6段39巷1號右邊電桿旁",
        "org": "臺北市視障樂活福利促進會"
      }
    },
    {
      "type": "Feature",
      "geometry": {
        "type": "Point",
        "coordinates": [
          121.540157,
          25.006644
        ]
      },
      "properties": {
        "id": "72",
        "city": "臺北市",
        "district": "文山區",
        "address": "萬盛街62號對面",
        "org": "臺北市視障樂活福利促進會"
      }
    },
    {
      "type": "Feature",
      "geometry": {
        "type": "Point",
        "coordinates": [
          121.540631,
          25.002731
        ]
      },
      "properties": {
        "id": "73",
        "city": "臺北市",
        "district": "文山區",
        "address": "興隆路1段70巷9弄口電桿旁",
        "org": "臺北市視障樂活福利促進會"
      }
    },
    {
      "type": "Feature",
      "geometry": {
        "type": "Point",
        "coordinates": [
          121.575626,
          24.990136
        ]
      },
      "properties": {
        "id": "74",
        "city": "臺北市",
        "district": "文山區",
        "address": "秀明路2段112巷15號對面",
        "org": "臺北市視障樂活福利促進會"
      }
    },
    {
      "type": "Feature",
      "geometry": {
        "type": "Point",
        "coordinates": [
          121.566572,
          24.98317
        ]
      },
      "properties": {
        "id": "75",
        "city": "臺北市",
        "district": "文山區",
        "address": "木新路2段255號(7-11木新門市)前面",
        "org": "臺北市視障樂活福利促進會"
      }
    },
    {
      "type": "Feature",
      "geometry": {
        "type": "Point",
        "coordinates": [
          121.548772,
          24.99954
        ]
      },
      "properties": {
        "id": "76",
        "city": "臺北市",
        "district": "文山區",
        "address": "仙岩路45-1號旁邊",
        "org": "臺北市視障樂活福利促進會"
      }
    },
    {
      "type": "Feature",
      "geometry": {
        "type": "Point",
        "coordinates": [
          121.542221,
          25.002105
        ]
      },
      "properties": {
        "id": "77",
        "city": "臺北市",
        "district": "文山區",
        "address": "興隆路1段137巷口燈桿旁",
        "org": "臺北市視障樂活福利促進會"
      }
    },
    {
      "type": "Feature",
      "geometry": {
        "type": "Point",
        "coordinates": [
          121.544723,
          25.000308
        ]
      },
      "properties": {
        "id": "78",
        "city": "臺北市",
        "district": "文山區",
        "address": "興隆路1段251巷3弄13號對面",
        "org": "臺北市視障樂活福利促進會"
      }
    },
    {
      "type": "Feature",
      "geometry": {
        "type": "Point",
        "coordinates": [
          121.54495,
          25.001246
        ]
      },
      "properties": {
        "id": "79",
        "city": "臺北市",
        "district": "文山區",
        "address": "興順街78號對面右邊電信箱旁",
        "org": "臺北市視障樂活福利促進會"
      }
    },
    {
      "type": "Feature",
      "geometry": {
        "type": "Point",
        "coordinates": [
          121.56925,
          25.002426
        ]
      },
      "properties": {
        "id": "80",
        "city": "臺北市",
        "district": "文山區",
        "address": "萬美街1段23號對面公園空地",
        "org": "臺北市視障樂活福利促進會"
      }
    },
    {
      "type": "Feature",
      "geometry": {
        "type": "Point",
        "coordinates": [
          121.5635681,
          25.03751556
        ]
      },
      "properties": {
        "id": "81",
        "city": "臺北市",
        "district": "中正區",
        "address": "杭州南路1段75號前公車站",
        "org": "社團法人台北生命勵樂活輔健會"
      }
    },
    {
      "type": "Feature",
      "geometry": {
        "type": "Point",
        "coordinates": [
          121.525632,
          25.039852
        ]
      },
      "properties": {
        "id": "82",
        "city": "臺北市",
        "district": "中正區",
        "address": "濟南路2段8巷口",
        "org": "社團法人台北生命勵樂活輔健會"
      }
    },
    {
      "type": "Feature",
      "geometry": {
        "type": "Point",
        "coordinates": [
          121.526961,
          25.041287
        ]
      },
      "properties": {
        "id": "83",
        "city": "臺北市",
        "district": "文山區",
        "address": "木新路2段79巷12弄26號斜對面公園",
        "org": "社團法人台北生命勵樂活輔健會"
      }
    },
    {
      "type": "Feature",
      "geometry": {
        "type": "Point",
        "coordinates": [
          121.570512,
          24.983669
        ]
      },
      "properties": {
        "id": "84",
        "city": "臺北市",
        "district": "松山區",
        "address": "吉祥路55號對面",
        "org": "社團法人台北生命勵樂活輔健會"
      }
    },
    {
      "type": "Feature",
      "geometry": {
        "type": "Point",
        "coordinates": [
          121.5626239,
          25.05047268
        ]
      },
      "properties": {
        "id": "85",
        "city": "臺北市",
        "district": "大安區",
        "address": "建國南路1段291巷30號旁",
        "org": "社團法人台北生命勵樂活輔健會"
      }
    },
    {
      "type": "Feature",
      "geometry": {
        "type": "Point",
        "coordinates": [
          121.535389,
          25.013557
        ]
      },
      "properties": {
        "id": "87",
        "city": "臺北市",
        "district": "士林區",
        "address": "忠誠路2段41巷14號斜對面",
        "org": "社團法人台北生命勵樂活輔健會"
      }
    },
    {
      "type": "Feature",
      "geometry": {
        "type": "Point",
        "coordinates": [
          121.5310855,
          25.10998246
        ]
      },
      "properties": {
        "id": "88",
        "city": "臺北市",
        "district": "士林區",
        "address": "中正路655巷口電信箱旁",
        "org": "社團法人台北生命勵樂活輔健會"
      }
    },
    {
      "type": "Feature",
      "geometry": {
        "type": "Point",
        "coordinates": [
          121.5077993,
          25.08620557
        ]
      },
      "properties": {
        "id": "89",
        "city": "臺北市",
        "district": "內湖區",
        "address": "康寧路1段26巷口",
        "org": "社團法人台北生命勵樂活輔健會"
      }
    },
    {
      "type": "Feature",
      "geometry": {
        "type": "Point",
        "coordinates": [
          121.591201,
          25.080672
        ]
      },
      "properties": {
        "id": "90",
        "city": "臺北市",
        "district": "士林區",
        "address": "重慶北路4段49巷31弄底(福順公園旁)",
        "org": "社團法人台北生命勵樂活輔健會"
      }
    },
    {
      "type": "Feature",
      "geometry": {
        "type": "Point",
        "coordinates": [
          121.512738,
          25.080526
        ]
      },
      "properties": {
        "id": "91",
        "city": "臺北市",
        "district": "信義區",
        "address": "永吉路180巷67弄5號旁(超商前)人行道",
        "org": "社團法人台北生命勵樂活輔健會"
      }
    },
    {
      "type": "Feature",
      "geometry": {
        "type": "Point",
        "coordinates": [
          121.5719242,
          25.04374483
        ]
      },
      "properties": {
        "id": "92",
        "city": "臺北市",
        "district": "士林區",
        "address": "承德路4段6巷2號",
        "org": "社團法人台北生命勵樂活輔健會"
      }
    },
    {
      "type": "Feature",
      "geometry": {
        "type": "Point",
        "coordinates": [
          121.52122,
          25.7921
        ]
      },
      "properties": {
        "id": "93",
        "city": "臺北市",
        "district": "信義區",
        "address": "吳興街600巷80號對面公園",
        "org": "社團法人台北生命勵樂活輔健會"
      }
    },
    {
      "type": "Feature",
      "geometry": {
        "type": "Point",
        "coordinates": [
          121.5708287,
          25.01891612
        ]
      },
      "properties": {
        "id": "94",
        "city": "臺北市",
        "district": "中正區",
        "address": "金山南路1段47號旁電箱前",
        "org": "社團法人台北生命勵樂活輔健會"
      }
    },
    {
      "type": "Feature",
      "geometry": {
        "type": "Point",
        "coordinates": [
          121.5289498,
          25.03943928
        ]
      },
      "properties": {
        "id": "95",
        "city": "臺北市",
        "district": "信義區",
        "address": "吳興街600巷25弄口",
        "org": "社團法人台北生命勵樂活輔健會"
      }
    },
    {
      "type": "Feature",
      "geometry": {
        "type": "Point",
        "coordinates": [
          121.569556,
          25.021154
        ]
      },
      "properties": {
        "id": "96",
        "city": "臺北市",
        "district": "信義區",
        "address": "吳興街365巷口",
        "org": "社團法人台北生命勵樂活輔健會"
      }
    },
    {
      "type": "Feature",
      "geometry": {
        "type": "Point",
        "coordinates": [
          121.5673125,
          25.02594485
        ]
      },
      "properties": {
        "id": "97",
        "city": "臺北市",
        "district": "信義區",
        "address": "吳興街487巷(22路公車總站)人行道",
        "org": "社團法人台北生命勵樂活輔健會"
      }
    },
    {
      "type": "Feature",
      "geometry": {
        "type": "Point",
        "coordinates": [
          121.5694132,
          25.02374991
        ]
      },
      "properties": {
        "id": "98",
        "city": "臺北市",
        "district": "信義區",
        "address": "信義路5段150巷401弄36號前",
        "org": "社團法人台北生命勵樂活輔健會"
      }
    },
    {
      "type": "Feature",
      "geometry": {
        "type": "Point",
        "coordinates": [
          121.5702662,
          25.02466712
        ]
      },
      "properties": {
        "id": "99",
        "city": "臺北市",
        "district": "信義區",
        "address": "莊敬路197巷口公園人行道",
        "org": "社團法人台北生命勵樂活輔健會"
      }
    },
    {
      "type": "Feature",
      "geometry": {
        "type": "Point",
        "coordinates": [
          121.5618508,
          25.03095881
        ]
      },
      "properties": {
        "id": "100",
        "city": "臺北市",
        "district": "信義區",
        "address": "忠孝東路4段553巷52弄口對面人行道",
        "org": "社團法人台北生命勵樂活輔健會"
      }
    },
    {
      "type": "Feature",
      "geometry": {
        "type": "Point",
        "coordinates": [
          121.562745,
          25.042858
        ]
      },
      "properties": {
        "id": "101",
        "city": "臺北市",
        "district": "信義區",
        "address": "忠孝東路4段559巷14號對面",
        "org": "社團法人台北生命勵樂活輔健會"
      }
    },
    {
      "type": "Feature",
      "geometry": {
        "type": "Point",
        "coordinates": [
          121.5637656,
          25.04230739
        ]
      },
      "properties": {
        "id": "102",
        "city": "臺北市",
        "district": "信義區",
        "address": "忠孝東路5段524巷1弄30號對角人行道",
        "org": "社團法人台北生命勵樂活輔健會"
      }
    },
    {
      "type": "Feature",
      "geometry": {
        "type": "Point",
        "coordinates": [
          121.5806607,
          25.04183349
        ]
      },
      "properties": {
        "id": "103",
        "city": "臺北市",
        "district": "信義區",
        "address": "信安街13號對面",
        "org": "社團法人台北生命勵樂活輔健會"
      }
    },
    {
      "type": "Feature",
      "geometry": {
        "type": "Point",
        "coordinates": [
          121.5593007,
          25.03724161
        ]
      },
      "properties": {
        "id": "104",
        "city": "臺北市",
        "district": "信義區",
        "address": "嘉興街175巷口",
        "org": "社團法人台北生命勵樂活輔健會"
      }
    },
    {
      "type": "Feature",
      "geometry": {
        "type": "Point",
        "coordinates": [
          121.5567108,
          25.02798217
        ]
      },
      "properties": {
        "id": "105",
        "city": "臺北市",
        "district": "信義區",
        "address": "福德街268巷7弄口電線桿旁",
        "org": "社團法人台北生命勵樂活輔健會"
      }
    },
    {
      "type": "Feature",
      "geometry": {
        "type": "Point",
        "coordinates": [
          121.5848471,
          25.03972818
        ]
      },
      "properties": {
        "id": "106",
        "city": "臺北市",
        "district": "信義區",
        "address": "福德街189號前公園人行道",
        "org": "社團法人台北生命勵樂活輔健會"
      }
    },
    {
      "type": "Feature",
      "geometry": {
        "type": "Point",
        "coordinates": [
          121.5841459,
          25.03832201
        ]
      },
      "properties": {
        "id": "107",
        "city": "臺北市",
        "district": "信義區",
        "address": "松信路60號旁與松隆路口人行道",
        "org": "社團法人台北生命勵樂活輔健會"
      }
    },
    {
      "type": "Feature",
      "geometry": {
        "type": "Point",
        "coordinates": [
          121.5719791,
          25.04662388
        ]
      },
      "properties": {
        "id": "108",
        "city": "臺北市",
        "district": "信義區",
        "address": "祥雲街與景雲街口",
        "org": "社團法人台北生命勵樂活輔健會"
      }
    },
    {
      "type": "Feature",
      "geometry": {
        "type": "Point",
        "coordinates": [
          121.573586,
          25.019473
        ]
      },
      "properties": {
        "id": "109",
        "city": "臺北市",
        "district": "信義區",
        "address": "松仁路281巷88號對面",
        "org": "社團法人台北生命勵樂活輔健會"
      }
    },
    {
      "type": "Feature",
      "geometry": {
        "type": "Point",
        "coordinates": [
          121.5699829,
          25.02387423
        ]
      },
      "properties": {
        "id": "110",
        "city": "臺北市",
        "district": "士林區",
        "address": "華齡街166號對面公園內",
        "org": "社團法人台北生命勵樂活輔健會"
      }
    },
    {
      "type": "Feature",
      "geometry": {
        "type": "Point",
        "coordinates": [
          121.51958,
          25.086752
        ]
      },
      "properties": {
        "id": "111",
        "city": "臺北市",
        "district": "松山區",
        "address": "市民大道5段與八德路4段204巷口",
        "org": "社團法人台北生命勵樂活輔健會"
      }
    },
    {
      "type": "Feature",
      "geometry": {
        "type": "Point",
        "coordinates": [
          121.5641176,
          25.04861428
        ]
      },
      "properties": {
        "id": "112",
        "city": "臺北市",
        "district": "松山區",
        "address": "八德路4段72巷口",
        "org": "社團法人台北生命勵樂活輔健會"
      }
    },
    {
      "type": "Feature",
      "geometry": {
        "type": "Point",
        "coordinates": [
          121.560202,
          25.04743
        ]
      },
      "properties": {
        "id": "113",
        "city": "臺北市",
        "district": "松山區",
        "address": "光復北路26巷3號對面",
        "org": "社團法人台北生命勵樂活輔健會"
      }
    },
    {
      "type": "Feature",
      "geometry": {
        "type": "Point",
        "coordinates": [
          121.557355,
          25.04935734
        ]
      },
      "properties": {
        "id": "114",
        "city": "臺北市",
        "district": "中正區",
        "address": "金山南路與泰安街3巷口",
        "org": "社團法人台北生命勵樂活輔健會"
      }
    },
    {
      "type": "Feature",
      "geometry": {
        "type": "Point",
        "coordinates": [
          121.5280919,
          25.04026937
        ]
      },
      "properties": {
        "id": "115",
        "city": "臺北市",
        "district": "士林區",
        "address": "士商路15號對面",
        "org": "社團法人台北生命勵樂活輔健會"
      }
    },
    {
      "type": "Feature",
      "geometry": {
        "type": "Point",
        "coordinates": [
          121.520588,
          25.09022
        ]
      },
      "properties": {
        "id": "116",
        "city": "臺北市",
        "district": "士林區",
        "address": "士商路151號對面",
        "org": "社團法人台北生命勵樂活輔健會"
      }
    },
    {
      "type": "Feature",
      "geometry": {
        "type": "Point",
        "coordinates": [
          121.517225,
          25.094101
        ]
      },
      "properties": {
        "id": "117",
        "city": "臺北市",
        "district": "信義區",
        "address": "忠孝東路5段492巷斜對面松光綠地",
        "org": "社團法人台北生命勵樂活輔健會"
      }
    },
    {
      "type": "Feature",
      "geometry": {
        "type": "Point",
        "coordinates": [
          121.57837,
          25.03973
        ]
      },
      "properties": {
        "id": "118",
        "city": "臺北市",
        "district": "信義區",
        "address": "松山路465巷33號邊",
        "org": "社團法人台北生命勵樂活輔健會"
      }
    },
    {
      "type": "Feature",
      "geometry": {
        "type": "Point",
        "coordinates": [
          121.579848,
          25.040378
        ]
      },
      "properties": {
        "id": "119",
        "city": "臺北市",
        "district": "大安區",
        "address": "敦化南路2段63巷21弄24號斜對面",
        "org": "社團法人台北生命勵樂活輔健會"
      }
    },
    {
      "type": "Feature",
      "geometry": {
        "type": "Point",
        "coordinates": [
          121.550157,
          25.031716
        ]
      },
      "properties": {
        "id": "120",
        "city": "臺北市",
        "district": "大安區",
        "address": "安和路2段44巷9號斜對面",
        "org": "社團法人台北生命勵樂活輔健會"
      }
    },
    {
      "type": "Feature",
      "geometry": {
        "type": "Point",
        "coordinates": [
          121.5518,
          25.031353
        ]
      },
      "properties": {
        "id": "121",
        "city": "臺北市",
        "district": "士林區",
        "address": "士東路120巷20弄15號斜對面",
        "org": "台北市康復之友協會"
      }
    },
    {
      "type": "Feature",
      "geometry": {
        "type": "Point",
        "coordinates": [
          121.5265405,
          25.10475042
        ]
      },
      "properties": {
        "id": "122",
        "city": "臺北市",
        "district": "士林區",
        "address": "忠誠路1段40號",
        "org": "台北市康復之友協會"
      }
    },
    {
      "type": "Feature",
      "geometry": {
        "type": "Point",
        "coordinates": [
          121.5110272,
          25.08364317
        ]
      },
      "properties": {
        "id": "123",
        "city": "臺北市",
        "district": "士林區",
        "address": "葫東街26號旁",
        "org": "台北市康復之友協會"
      }
    },
    {
      "type": "Feature",
      "geometry": {
        "type": "Point",
        "coordinates": [
          121.5122505,
          25.08114099
        ]
      },
      "properties": {
        "id": "124",
        "city": "臺北市",
        "district": "士林區",
        "address": "重慶北路4段49巷18-1號旁",
        "org": "台北市康復之友協會"
      }
    },
    {
      "type": "Feature",
      "geometry": {
        "type": "Point",
        "coordinates": [
          121.5850052,
          25.04370882
        ]
      },
      "properties": {
        "id": "125",
        "city": "臺北市",
        "district": "南港區",
        "address": "玉成街190巷口的玉成公園",
        "org": "台北市康復之友協會"
      }
    },
    {
      "type": "Feature",
      "geometry": {
        "type": "Point",
        "coordinates": [
          121.5884213,
          25.04838253
        ]
      },
      "properties": {
        "id": "126",
        "city": "臺北市",
        "district": "南港區",
        "address": "忠孝東路6段250巷16號對面的聯成公園旁",
        "org": "台北市康復之友協會"
      }
    },
    {
      "type": "Feature",
      "geometry": {
        "type": "Point",
        "coordinates": [
          121.5880759,
          25.03833786
        ]
      },
      "properties": {
        "id": "127",
        "city": "臺北市",
        "district": "南港區",
        "address": "福德街309巷口(251巷7弄40號對面)",
        "org": "台北市康復之友協會"
      }
    },
    {
      "type": "Feature",
      "geometry": {
        "type": "Point",
        "coordinates": [
          121.5874002,
          25.04189586
        ]
      },
      "properties": {
        "id": "128",
        "city": "臺北市",
        "district": "南港區",
        "address": "成福路178巷口的玉成公園",
        "org": "台北市康復之友協會"
      }
    },
    {
      "type": "Feature",
      "geometry": {
        "type": "Point",
        "coordinates": [
          121.5883151,
          25.04730885
        ]
      },
      "properties": {
        "id": "129",
        "city": "臺北市",
        "district": "南港區",
        "address": "東新街77巷4弄2號對面人行道",
        "org": "台北市康復之友協會"
      }
    },
    {
      "type": "Feature",
      "geometry": {
        "type": "Point",
        "coordinates": [
          121.5264371,
          25.02193767
        ]
      },
      "properties": {
        "id": "130",
        "city": "臺北市",
        "district": "中正區",
        "address": "羅斯福路3段84巷口",
        "org": "台北市康復之友協會"
      }
    },
    {
      "type": "Feature",
      "geometry": {
        "type": "Point",
        "coordinates": [
          121.5074181,
          25.02702997
        ]
      },
      "properties": {
        "id": "131",
        "city": "臺北市",
        "district": "中正區",
        "address": "中華路2段與南海路口",
        "org": "台北市康復之友協會"
      }
    },
    {
      "type": "Feature",
      "geometry": {
        "type": "Point",
        "coordinates": [
          121.5149578,
          25.03187591
        ]
      },
      "properties": {
        "id": "132",
        "city": "臺北市",
        "district": "中正區",
        "address": "重慶南路2段43號天橋樓梯下方",
        "org": "台北市康復之友協會"
      }
    },
    {
      "type": "Feature",
      "geometry": {
        "type": "Point",
        "coordinates": [
          121.5095034,
          25.02627049
        ]
      },
      "properties": {
        "id": "133",
        "city": "臺北市",
        "district": "中正區",
        "address": "寧波西街181巷與紹安街口的永昌公園",
        "org": "台北市康復之友協會"
      }
    },
    {
      "type": "Feature",
      "geometry": {
        "type": "Point",
        "coordinates": [
          121.5315258,
          25.03505251
        ]
      },
      "properties": {
        "id": "134",
        "city": "臺北市",
        "district": "中正區",
        "address": "新生南路1段146巷口的連雲公園",
        "org": "台北市康復之友協會"
      }
    },
    {
      "type": "Feature",
      "geometry": {
        "type": "Point",
        "coordinates": [
          121.5288158,
          25.03486956
        ]
      },
      "properties": {
        "id": "135",
        "city": "臺北市",
        "district": "中正區",
        "address": "臨沂街75巷8號對面的信愛公園",
        "org": "台北市康復之友協會"
      }
    },
    {
      "type": "Feature",
      "geometry": {
        "type": "Point",
        "coordinates": [
          121.4950186,
          25.03403174
        ]
      },
      "properties": {
        "id": "136",
        "city": "臺北市",
        "district": "萬華區",
        "address": "大理街156巷口",
        "org": "台北市康復之友協會"
      }
    },
    {
      "type": "Feature",
      "geometry": {
        "type": "Point",
        "coordinates": [
          121.4947987,
          25.03154358
        ]
      },
      "properties": {
        "id": "137",
        "city": "臺北市",
        "district": "萬華區",
        "address": "艋舺大道西園路2段140巷口",
        "org": "台北市康復之友協會"
      }
    },
    {
      "type": "Feature",
      "geometry": {
        "type": "Point",
        "coordinates": [
          121.4917957,
          25.02848881
        ]
      },
      "properties": {
        "id": "138",
        "city": "臺北市",
        "district": "萬華區",
        "address": "西園路2段320巷55弄與寶興街口",
        "org": "台北市康復之友協會"
      }
    },
    {
      "type": "Feature",
      "geometry": {
        "type": "Point",
        "coordinates": [
          121.5654395,
          25.06609547
        ]
      },
      "properties": {
        "id": "139",
        "city": "臺北市",
        "district": "松山區",
        "address": "撫遠街400巷96號對面",
        "org": "台北市康復之友協會"
      }
    },
    {
      "type": "Feature",
      "geometry": {
        "type": "Point",
        "coordinates": [
          121.4933535,
          25.03601065
        ]
      },
      "properties": {
        "id": "140",
        "city": "臺北市",
        "district": "萬華區",
        "address": "和平西路3段309巷9號對面",
        "org": "台北市康復之友協會"
      }
    },
    {
      "type": "Feature",
      "geometry": {
        "type": "Point",
        "coordinates": [
          121.5113996,
          25.06104461
        ]
      },
      "properties": {
        "id": "142",
        "city": "臺北市",
        "district": "大同區",
        "address": "涼州街與延平北路2段路口(平樂天橋下)",
        "org": "台北市康復之友協會"
      }
    },
    {
      "type": "Feature",
      "geometry": {
        "type": "Point",
        "coordinates": [
          121.519373,
          25.05667935
        ]
      },
      "properties": {
        "id": "143",
        "city": "臺北市",
        "district": "大同區",
        "address": "承德路2段109巷36號旁",
        "org": "台北市康復之友協會"
      }
    },
    {
      "type": "Feature",
      "geometry": {
        "type": "Point",
        "coordinates": [
          121.5190279,
          25.05310196
        ]
      },
      "properties": {
        "id": "144",
        "city": "臺北市",
        "district": "大同區",
        "address": "赤峰街與南京西路口",
        "org": "台北市康復之友協會"
      }
    },
    {
      "type": "Feature",
      "geometry": {
        "type": "Point",
        "coordinates": [
          121.5808427,
          25.04150928
        ]
      },
      "properties": {
        "id": "145",
        "city": "臺北市",
        "district": "信義區",
        "address": "林口街210號對面春光公園人行道",
        "org": "台北市康復之友協會"
      }
    },
    {
      "type": "Feature",
      "geometry": {
        "type": "Point",
        "coordinates": [
          121.5681948,
          25.0523086
        ]
      },
      "properties": {
        "id": "146",
        "city": "臺北市",
        "district": "松山區",
        "address": "寶清街77號對面寶清公園旁的人行道",
        "org": "台北市康復之友協會"
      }
    },
    {
      "type": "Feature",
      "geometry": {
        "type": "Point",
        "coordinates": [
          121.5647029,
          25.06437078
        ]
      },
      "properties": {
        "id": "148",
        "city": "臺北市",
        "district": "松山區",
        "address": "撫遠街380巷16號對面公佈欄旁",
        "org": "台北市康復之友協會"
      }
    },
    {
      "type": "Feature",
      "geometry": {
        "type": "Point",
        "coordinates": [
          121.5668943,
          25.06508967
        ]
      },
      "properties": {
        "id": "149",
        "city": "臺北市",
        "district": "松山區",
        "address": "撫遠街389巷27號對面的撫遠公園",
        "org": "台北市康復之友協會"
      }
    },
    {
      "type": "Feature",
      "geometry": {
        "type": "Point",
        "coordinates": [
          121.5686541,
          25.04938903
        ]
      },
      "properties": {
        "id": "150",
        "city": "臺北市",
        "district": "松山區",
        "address": "八德路4段389巷口",
        "org": "台北市康復之友協會"
      }
    },
    {
      "type": "Feature",
      "geometry": {
        "type": "Point",
        "coordinates": [
          121.5507023,
          25.0309315
        ]
      },
      "properties": {
        "id": "151",
        "city": "臺北市",
        "district": "大安區",
        "address": "敦化南路2段63巷33號變電箱旁",
        "org": "台北市康復之友協會"
      }
    },
    {
      "type": "Feature",
      "geometry": {
        "type": "Point",
        "coordinates": [
          121.5470118,
          25.02587673
        ]
      },
      "properties": {
        "id": "152",
        "city": "臺北市",
        "district": "大安區",
        "address": "和平東路3段1巷25號對面的群賢公園",
        "org": "台北市康復之友協會"
      }
    },
    {
      "type": "Feature",
      "geometry": {
        "type": "Point",
        "coordinates": [
          121.5452872,
          25.02820492
        ]
      },
      "properties": {
        "id": "153",
        "city": "臺北市",
        "district": "大安區",
        "address": "復興南路2段151巷30弄口",
        "org": "台北市康復之友協會"
      }
    },
    {
      "type": "Feature",
      "geometry": {
        "type": "Point",
        "coordinates": [
          121.5922532,
          25.08114854
        ]
      },
      "properties": {
        "id": "154",
        "city": "臺北市",
        "district": "內湖區",
        "address": "成功路4段61巷9弄口",
        "org": "台北市康復之友協會"
      }
    },
    {
      "type": "Feature",
      "geometry": {
        "type": "Point",
        "coordinates": [
          121.5821391,
          25.07615058
        ]
      },
      "properties": {
        "id": "155",
        "city": "臺北市",
        "district": "內湖區",
        "address": "文德路66巷36弄1號旁",
        "org": "台北市康復之友協會"
      }
    },
    {
      "type": "Feature",
      "geometry": {
        "type": "Point",
        "coordinates": [
          121.5720315,
          24.99552551
        ]
      },
      "properties": {
        "id": "156",
        "city": "臺北市",
        "district": "文山區",
        "address": "木柵路4段6號對面變電箱旁",
        "org": "台北市康復之友協會"
      }
    },
    {
      "type": "Feature",
      "geometry": {
        "type": "Point",
        "coordinates": [
          121.5471139,
          24.98803888
        ]
      },
      "properties": {
        "id": "157",
        "city": "臺北市",
        "district": "文山區",
        "address": "木柵路1段89巷底試院公園旁",
        "org": "台北市康復之友協會"
      }
    },
    {
      "type": "Feature",
      "geometry": {
        "type": "Point",
        "coordinates": [
          121.539701,
          24.99385371
        ]
      },
      "properties": {
        "id": "158",
        "city": "臺北市",
        "district": "文山區",
        "address": "景福街251巷2號對面",
        "org": "台北市康復之友協會"
      }
    },
    {
      "type": "Feature",
      "geometry": {
        "type": "Point",
        "coordinates": [
          121.5487312,
          25.00184994
        ]
      },
      "properties": {
        "id": "159",
        "city": "臺北市",
        "district": "文山區",
        "address": "興隆路2段203巷14號對面",
        "org": "台北市康復之友協會"
      }
    },
    {
      "type": "Feature",
      "geometry": {
        "type": "Point",
        "coordinates": [
          121.5487716,
          24.99888371
        ]
      },
      "properties": {
        "id": "160",
        "city": "臺北市",
        "district": "文山區",
        "address": "仙岩路22巷2號對面",
        "org": "台北市康復之友協會"
      }
    },
    {
      "type": "Feature",
      "geometry": {
        "type": "Point",
        "coordinates": [
          121.52772,
          25.11201
        ]
      },
      "properties": {
        "id": "161",
        "city": "臺北市",
        "district": "士林區",
        "address": "士東路47號旁(忠義幼稚園)",
        "org": "台北市盲人福利協進會"
      }
    },
    {
      "type": "Feature",
      "geometry": {
        "type": "Point",
        "coordinates": [
          121.49113,
          25.02711
        ]
      },
      "properties": {
        "id": "162",
        "city": "臺北市",
        "district": "萬華區",
        "address": "西園路2段320巷36弄14-1號前",
        "org": "台北市盲人福利協進會"
      }
    },
    {
      "type": "Feature",
      "geometry": {
        "type": "Point",
        "coordinates": [
          121.55392,
          25.022298
        ]
      },
      "properties": {
        "id": "163",
        "city": "臺北市",
        "district": "大安區",
        "address": "和平東路3段與嘉興街口",
        "org": "台北市盲人福利協進會"
      }
    },
    {
      "type": "Feature",
      "geometry": {
        "type": "Point",
        "coordinates": [
          121.545561,
          25.04704
        ]
      },
      "properties": {
        "id": "164",
        "city": "臺北市",
        "district": "松山區",
        "address": "八德路2段346巷5弄25號正面對公園花圃內",
        "org": "台北市盲人福利協進會"
      }
    },
    {
      "type": "Feature",
      "geometry": {
        "type": "Point",
        "coordinates": [
          121.51051,
          25.03448
        ]
      },
      "properties": {
        "id": "165",
        "city": "臺北市",
        "district": "中正區",
        "address": "博愛路216號旁(廣州街2號街前)",
        "org": "台北市盲人福利協進會"
      }
    },
    {
      "type": "Feature",
      "geometry": {
        "type": "Point",
        "coordinates": [
          121.575002,
          25.081707
        ]
      },
      "properties": {
        "id": "166",
        "city": "臺北市",
        "district": "內湖區",
        "address": "內湖路1段629巷40弄2號對面",
        "org": "台北市盲人福利協進會"
      }
    },
    {
      "type": "Feature",
      "geometry": {
        "type": "Point",
        "coordinates": [
          121.576417,
          25.082594
        ]
      },
      "properties": {
        "id": "167",
        "city": "臺北市",
        "district": "內湖區",
        "address": "港華街31號對面",
        "org": "台北市盲人福利協進會"
      }
    },
    {
      "type": "Feature",
      "geometry": {
        "type": "Point",
        "coordinates": [
          121.5826942,
          25.0799504
        ]
      },
      "properties": {
        "id": "168",
        "city": "臺北市",
        "district": "內湖區",
        "address": "內湖路2段81號對面空地",
        "org": "台北市盲人福利協進會"
      }
    },
    {
      "type": "Feature",
      "geometry": {
        "type": "Point",
        "coordinates": [
          121.559395,
          25.085915
        ]
      },
      "properties": {
        "id": "169",
        "city": "臺北市",
        "district": "內湖區",
        "address": "內湖路1段47巷口臨文湖街11巷",
        "org": "台北市盲人福利協進會"
      }
    },
    {
      "type": "Feature",
      "geometry": {
        "type": "Point",
        "coordinates": [
          121.560625,
          25.086416
        ]
      },
      "properties": {
        "id": "170",
        "city": "臺北市",
        "district": "內湖區",
        "address": "文湖街21巷口停車場對面",
        "org": "台北市盲人福利協進會"
      }
    },
    {
      "type": "Feature",
      "geometry": {
        "type": "Point",
        "coordinates": [
          121.583747,
          25.077169
        ]
      },
      "properties": {
        "id": "171",
        "city": "臺北市",
        "district": "內湖區",
        "address": "文德路210巷30弄1號附近",
        "org": "台北市盲人福利協進會"
      }
    },
    {
      "type": "Feature",
      "geometry": {
        "type": "Point",
        "coordinates": [
          121.535846,
          25.004913
        ]
      },
      "properties": {
        "id": "172",
        "city": "臺北市",
        "district": "文山區",
        "address": "汀州路4段146號對面公園邊",
        "org": "台北市盲人福利協進會"
      }
    },
    {
      "type": "Feature",
      "geometry": {
        "type": "Point",
        "coordinates": [
          121.48985,
          25.03368
        ]
      },
      "properties": {
        "id": "173",
        "city": "臺北市",
        "district": "萬華區",
        "address": "環河南路2段250巷25弄22號旁",
        "org": "台北市盲人福利協進會"
      }
    },
    {
      "type": "Feature",
      "geometry": {
        "type": "Point",
        "coordinates": [
          121.536754,
          25.002135
        ]
      },
      "properties": {
        "id": "174",
        "city": "臺北市",
        "district": "文山區",
        "address": "羅斯福路5段218巷口內電線桿後",
        "org": "台北市盲人福利協進會"
      }
    },
    {
      "type": "Feature",
      "geometry": {
        "type": "Point",
        "coordinates": [
          121.5366105,
          25.0043167
        ]
      },
      "properties": {
        "id": "175",
        "city": "臺北市",
        "district": "文山區",
        "address": "羅斯福路5段176巷40號",
        "org": "台北市盲人福利協進會"
      }
    },
    {
      "type": "Feature",
      "geometry": {
        "type": "Point",
        "coordinates": [
          121.556685,
          25.059536
        ]
      },
      "properties": {
        "id": "176",
        "city": "臺北市",
        "district": "松山區",
        "address": "民生東路5段27巷6號對面",
        "org": "台北市盲人福利協進會"
      }
    },
    {
      "type": "Feature",
      "geometry": {
        "type": "Point",
        "coordinates": [
          121.557129,
          25.057292
        ]
      },
      "properties": {
        "id": "177",
        "city": "臺北市",
        "district": "松山區",
        "address": "光復北路165巷口(公園側)",
        "org": "台北市盲人福利協進會"
      }
    },
    {
      "type": "Feature",
      "geometry": {
        "type": "Point",
        "coordinates": [
          121.567065,
          25.028619
        ]
      },
      "properties": {
        "id": "178",
        "city": "臺北市",
        "district": "信義區",
        "address": "莊敬路423巷底空地人行道",
        "org": "台北市盲人福利協進會"
      }
    },
    {
      "type": "Feature",
      "geometry": {
        "type": "Point",
        "coordinates": [
          121.614029,
          25.056162
        ]
      },
      "properties": {
        "id": "179",
        "city": "臺北市",
        "district": "南港區",
        "address": "三重路32巷口",
        "org": "台北市盲人福利協進會"
      }
    },
    {
      "type": "Feature",
      "geometry": {
        "type": "Point",
        "coordinates": [
          121.592922,
          25.048998
        ]
      },
      "properties": {
        "id": "180",
        "city": "臺北市",
        "district": "南港區",
        "address": "昆陽街140巷42弄18號對面",
        "org": "台北市盲人福利協進會"
      }
    },
    {
      "type": "Feature",
      "geometry": {
        "type": "Point",
        "coordinates": [
          121.587902,
          25.045818
        ]
      },
      "properties": {
        "id": "181",
        "city": "臺北市",
        "district": "南港區",
        "address": "東新街108巷10號對面",
        "org": "台北市盲人福利協進會"
      }
    },
    {
      "type": "Feature",
      "geometry": {
        "type": "Point",
        "coordinates": [
          121.501005,
          25.019831
        ]
      },
      "properties": {
        "id": "182",
        "city": "臺北市",
        "district": "萬華區",
        "address": "青年路152巷57號旁",
        "org": "台北市盲人福利協進會"
      }
    },
    {
      "type": "Feature",
      "geometry": {
        "type": "Point",
        "coordinates": [
          121.495297,
          25.037298
        ]
      },
      "properties": {
        "id": "183",
        "city": "臺北市",
        "district": "萬華區",
        "address": "環河南路2段100巷柳鄉公園",
        "org": "台北市盲人福利協進會"
      }
    },
    {
      "type": "Feature",
      "geometry": {
        "type": "Point",
        "coordinates": [
          121.49983,
          25.0262
        ]
      },
      "properties": {
        "id": "184",
        "city": "臺北市",
        "district": "萬華區",
        "address": "民和街18號對面",
        "org": "台北市盲人福利協進會"
      }
    },
    {
      "type": "Feature",
      "geometry": {
        "type": "Point",
        "coordinates": [
          121.50263,
          25.02354
        ]
      },
      "properties": {
        "id": "185",
        "city": "臺北市",
        "district": "萬華區",
        "address": "青年路68巷口",
        "org": "台北市盲人福利協進會"
      }
    },
    {
      "type": "Feature",
      "geometry": {
        "type": "Point",
        "coordinates": [
          121.55157,
          25.01944
        ]
      },
      "properties": {
        "id": "186",
        "city": "臺北市",
        "district": "大安區",
        "address": "臥龍街131巷13弄1號",
        "org": "台北市盲人福利協進會"
      }
    },
    {
      "type": "Feature",
      "geometry": {
        "type": "Point",
        "coordinates": [
          121.542032,
          25.039118
        ]
      },
      "properties": {
        "id": "187",
        "city": "臺北市",
        "district": "大安區",
        "address": "仁愛路3段123巷9弄口公告欄旁",
        "org": "台北市盲人福利協進會"
      }
    },
    {
      "type": "Feature",
      "geometry": {
        "type": "Point",
        "coordinates": [
          121.5265204,
          25.09536454
        ]
      },
      "properties": {
        "id": "188",
        "city": "臺北市",
        "district": "士林區",
        "address": "中正路213巷口（鄰近永和豆漿店）側邊牆面",
        "org": "台北市盲人福利協進會"
      }
    },
    {
      "type": "Feature",
      "geometry": {
        "type": "Point",
        "coordinates": [
          121.541553,
          25.040664
        ]
      },
      "properties": {
        "id": "189",
        "city": "臺北市",
        "district": "大安區",
        "address": "忠孝東路3段248巷13弄頭",
        "org": "台北市盲人福利協進會"
      }
    },
    {
      "type": "Feature",
      "geometry": {
        "type": "Point",
        "coordinates": [
          121.490971,
          25.033575
        ]
      },
      "properties": {
        "id": "190",
        "city": "臺北市",
        "district": "萬華區",
        "address": "環河南路2段250巷15號邊",
        "org": "台北市盲人福利協進會"
      }
    },
    {
      "type": "Feature",
      "geometry": {
        "type": "Point",
        "coordinates": [
          121.491467,
          25.032318
        ]
      },
      "properties": {
        "id": "191",
        "city": "臺北市",
        "district": "萬華區",
        "address": "環河南路2段278號對面",
        "org": "台北市盲人福利協進會"
      }
    },
    {
      "type": "Feature",
      "geometry": {
        "type": "Point",
        "coordinates": [
          121.56874,
          24.98318
        ]
      },
      "properties": {
        "id": "192",
        "city": "臺北市",
        "district": "文山區",
        "address": "木新路2段161巷12弄10號對面電桿旁",
        "org": "台北市盲人福利協進會"
      }
    },
    {
      "type": "Feature",
      "geometry": {
        "type": "Point",
        "coordinates": [
          121.51879,
          25.06942
        ]
      },
      "properties": {
        "id": "193",
        "city": "臺北市",
        "district": "萬華區",
        "address": "萬大路322巷55弄1號對面",
        "org": "台北市盲人福利協進會"
      }
    },
    {
      "type": "Feature",
      "geometry": {
        "type": "Point",
        "coordinates": [
          121.51937,
          25.30744
        ]
      },
      "properties": {
        "id": "195",
        "city": "臺北市",
        "district": "大同區",
        "address": "承德路3段191巷口",
        "org": "台北市盲人福利協進會"
      }
    },
    {
      "type": "Feature",
      "geometry": {
        "type": "Point",
        "coordinates": [
          121.5194166,
          25.07406158
        ]
      },
      "properties": {
        "id": "196",
        "city": "臺北市",
        "district": "大同區",
        "address": "承德路3段292號旁邊",
        "org": "台北市盲人福利協進會"
      }
    },
    {
      "type": "Feature",
      "geometry": {
        "type": "Point",
        "coordinates": [
          121.5264341,
          25.09392918
        ]
      },
      "properties": {
        "id": "197",
        "city": "臺北市",
        "district": "士林區",
        "address": "中正路235巷57號對面",
        "org": "台北市盲人福利協進會"
      }
    },
    {
      "type": "Feature",
      "geometry": {
        "type": "Point",
        "coordinates": [
          121.5276477,
          25.09356275
        ]
      },
      "properties": {
        "id": "198",
        "city": "臺北市",
        "district": "士林區",
        "address": "中山北路5段505巷口",
        "org": "台北市盲人福利協進會"
      }
    },
    {
      "type": "Feature",
      "geometry": {
        "type": "Point",
        "coordinates": [
          121.5143952,
          25.07121489
        ]
      },
      "properties": {
        "id": "199",
        "city": "臺北市",
        "district": "大同區",
        "address": "重慶北路3段243巷8號",
        "org": "台北市盲人福利協進會"
      }
    },
    {
      "type": "Feature",
      "geometry": {
        "type": "Point",
        "coordinates": [
          121.520501,
          25.075824
        ]
      },
      "properties": {
        "id": "200",
        "city": "臺北市",
        "district": "大同區",
        "address": "承德路3段301巷對面",
        "org": "台北市盲人福利協進會"
      }
    },
    {
      "type": "Feature",
      "geometry": {
        "type": "Point",
        "coordinates": [
          24.9843621,
          121.5586287
        ]
      },
      "properties": {
        "id": "201",
        "city": "臺北市",
        "district": "文山區",
        "address": "忠順街1段41巷口",
        "org": "台北市視障生活品質福利促進會"
      }
    },
    {
      "type": "Feature",
      "geometry": {
        "type": "Point",
        "coordinates": [
          25.04356978,
          121.5869312
        ]
      },
      "properties": {
        "id": "202",
        "city": "臺北市",
        "district": "南港區",
        "address": "成福路83號對面",
        "org": "台北市視障生活品質福利促進會"
      }
    },
    {
      "type": "Feature",
      "geometry": {
        "type": "Point",
        "coordinates": [
          25.08524287,
          121.5212914
        ]
      },
      "properties": {
        "id": "203",
        "city": "臺北市",
        "district": "士林區",
        "address": "前港街38號對面公園內",
        "org": "台北市視障生活品質福利促進會"
      }
    },
    {
      "type": "Feature",
      "geometry": {
        "type": "Point",
        "coordinates": [
          24.98368575,
          121.5797024
        ]
      },
      "properties": {
        "id": "204",
        "city": "臺北市",
        "district": "文山區",
        "address": "指南路3段53號對面電箱旁",
        "org": "台北市視障生活品質福利促進會"
      }
    },
    {
      "type": "Feature",
      "geometry": {
        "type": "Point",
        "coordinates": [
          24.98831213,
          121.5653523
        ]
      },
      "properties": {
        "id": "205",
        "city": "臺北市",
        "district": "文山區",
        "address": "木柵路3段郵局對面48巷郵局對面",
        "org": "台北市視障生活品質福利促進會"
      }
    },
    {
      "type": "Feature",
      "geometry": {
        "type": "Point",
        "coordinates": [
          25.11956939,
          121.4684582
        ]
      },
      "properties": {
        "id": "206",
        "city": "臺北市",
        "district": "北投區",
        "address": "知行路210巷40號對面大樹旁",
        "org": "台北市視障生活品質福利促進會"
      }
    },
    {
      "type": "Feature",
      "geometry": {
        "type": "Point",
        "coordinates": [
          25.08927233,
          121.5048443
        ]
      },
      "properties": {
        "id": "207",
        "city": "臺北市",
        "district": "士林區",
        "address": "社子街尾與延平北路6段口",
        "org": "台北市視障生活品質福利促進會"
      }
    },
    {
      "type": "Feature",
      "geometry": {
        "type": "Point",
        "coordinates": [
          25.07264312,
          121.5126231
        ]
      },
      "properties": {
        "id": "208",
        "city": "臺北市",
        "district": "士林區",
        "address": "迪化街2段348號旁",
        "org": "台北市視障生活品質福利促進會"
      }
    },
    {
      "type": "Feature",
      "geometry": {
        "type": "Point",
        "coordinates": [
          25.08541104,
          121.5194408
        ]
      },
      "properties": {
        "id": "209",
        "city": "臺北市",
        "district": "士林區",
        "address": "前港街88號對面公園旁",
        "org": "台北市視障生活品質福利促進會"
      }
    },
    {
      "type": "Feature",
      "geometry": {
        "type": "Point",
        "coordinates": [
          25.10716998,
          121.5273669
        ]
      },
      "properties": {
        "id": "210",
        "city": "臺北市",
        "district": "士林區",
        "address": "德行東路74巷口電信箱旁",
        "org": "台北市視障生活品質福利促進會"
      }
    },
    {
      "type": "Feature",
      "geometry": {
        "type": "Point",
        "coordinates": [
          25.06953411,
          121.510606
        ]
      },
      "properties": {
        "id": "211",
        "city": "臺北市",
        "district": "大同區",
        "address": "民族西路277號對面",
        "org": "台北市視障生活品質福利促進會"
      }
    },
    {
      "type": "Feature",
      "geometry": {
        "type": "Point",
        "coordinates": [
          25.10925894,
          121.5325753
        ]
      },
      "properties": {
        "id": "212",
        "city": "臺北市",
        "district": "大同區",
        "address": "南京西路18巷6弄口",
        "org": "台北市視障生活品質福利促進會"
      }
    },
    {
      "type": "Feature",
      "geometry": {
        "type": "Point",
        "coordinates": [
          25.08262533,
          121.5078626
        ]
      },
      "properties": {
        "id": "213",
        "city": "臺北市",
        "district": "士林區",
        "address": "葫蘆街110號對面電箱旁",
        "org": "台北市視障生活品質福利促進會"
      }
    },
    {
      "type": "Feature",
      "geometry": {
        "type": "Point",
        "coordinates": [
          25.08385573,
          121.5084715
        ]
      },
      "properties": {
        "id": "214",
        "city": "臺北市",
        "district": "士林區",
        "address": "葫蘆街140對面電杆旁",
        "org": "台北市視障生活品質福利促進會"
      }
    },
    {
      "type": "Feature",
      "geometry": {
        "type": "Point",
        "coordinates": [
          25.08762124,
          121.506937
        ]
      },
      "properties": {
        "id": "215",
        "city": "臺北市",
        "district": "大同區",
        "address": "延平北路3段61-5號旁(7-11)",
        "org": "台北市視障生活品質福利促進會"
      }
    },
    {
      "type": "Feature",
      "geometry": {
        "type": "Point",
        "coordinates": [
          25.04549181,
          121.6153948
        ]
      },
      "properties": {
        "id": "216",
        "city": "臺北市",
        "district": "南港區",
        "address": "研究院路2段78號業面公車站牌旁",
        "org": "台北市視障生活品質福利促進會"
      }
    },
    {
      "type": "Feature",
      "geometry": {
        "type": "Point",
        "coordinates": [
          25.08805386,
          121.505337
        ]
      },
      "properties": {
        "id": "217",
        "city": "臺北市",
        "district": "士林區",
        "address": "社子街124號對面",
        "org": "台北市視障生活品質福利促進會"
      }
    },
    {
      "type": "Feature",
      "geometry": {
        "type": "Point",
        "coordinates": [
          25.09181415,
          121.5050491
        ]
      },
      "properties": {
        "id": "218",
        "city": "臺北市",
        "district": "大同區",
        "address": "南京西路64巷14-4號",
        "org": "台北市視障生活品質福利促進會"
      }
    },
    {
      "type": "Feature",
      "geometry": {
        "type": "Point",
        "coordinates": [
          25.10348671,
          121.5286509
        ]
      },
      "properties": {
        "id": "219",
        "city": "臺北市",
        "district": "士林區",
        "address": "雨聲街65巷口對面活動中心前",
        "org": "台北市視障生活品質福利促進會"
      }
    },
    {
      "type": "Feature",
      "geometry": {
        "type": "Point",
        "coordinates": [
          25.06858837,
          121.5958013
        ]
      },
      "properties": {
        "id": "220",
        "city": "臺北市",
        "district": "內湖區",
        "address": "民權東路6段163巷電信箱旁",
        "org": "台北市視障生活品質福利促進會"
      }
    },
    {
      "type": "Feature",
      "geometry": {
        "type": "Point",
        "coordinates": [
          25.1088053,
          121.5234364
        ]
      },
      "properties": {
        "id": "221",
        "city": "臺北市",
        "district": "士林區",
        "address": "磺溪街94巷右邊電線桿旁",
        "org": "台北市視障生活品質福利促進會"
      }
    },
    {
      "type": "Feature",
      "geometry": {
        "type": "Point",
        "coordinates": [
          25.06462621,
          121.5109727
        ]
      },
      "properties": {
        "id": "222",
        "city": "臺北市",
        "district": "大同區",
        "address": "延平北路3段40號(萊爾富)旁",
        "org": "台北市視障生活品質福利促進會"
      }
    },
    {
      "type": "Feature",
      "geometry": {
        "type": "Point",
        "coordinates": [
          25.06462221,
          121.5121578
        ]
      },
      "properties": {
        "id": "223",
        "city": "臺北市",
        "district": "大同區",
        "address": "伊寧街39號對面電箱旁",
        "org": "台北市視障生活品質福利促進會"
      }
    },
    {
      "type": "Feature",
      "geometry": {
        "type": "Point",
        "coordinates": [
          25.05597142,
          121.5125069
        ]
      },
      "properties": {
        "id": "224",
        "city": "臺北市",
        "district": "大同區",
        "address": "南京西路167巷24號旁",
        "org": "台北市視障生活品質福利促進會"
      }
    },
    {
      "type": "Feature",
      "geometry": {
        "type": "Point",
        "coordinates": [
          25.05128836,
          121.5172826
        ]
      },
      "properties": {
        "id": "225",
        "city": "臺北市",
        "district": "大同區",
        "address": "承街路1段41巷口",
        "org": "台北市視障生活品質福利促進會"
      }
    },
    {
      "type": "Feature",
      "geometry": {
        "type": "Point",
        "coordinates": [
          25.05322413,
          121.5121442
        ]
      },
      "properties": {
        "id": "226",
        "city": "臺北市",
        "district": "大同區",
        "address": "南京西路344巷8-9號旁",
        "org": "台北市視障生活品質福利促進會"
      }
    },
    {
      "type": "Feature",
      "geometry": {
        "type": "Point",
        "coordinates": [
          25.02523056,
          121.522386
        ]
      },
      "properties": {
        "id": "227",
        "city": "臺北市",
        "district": "中正區",
        "address": "同安街18號對面",
        "org": "台北市視障生活品質福利促進會"
      }
    },
    {
      "type": "Feature",
      "geometry": {
        "type": "Point",
        "coordinates": [
          25.0237102,
          121.528592
        ]
      },
      "properties": {
        "id": "228",
        "city": "臺北市",
        "district": "大安區",
        "address": "師大路71號前",
        "org": "台北市視障生活品質福利促進會"
      }
    },
    {
      "type": "Feature",
      "geometry": {
        "type": "Point",
        "coordinates": [
          25.02415593,
          121.5310718
        ]
      },
      "properties": {
        "id": "229",
        "city": "臺北市",
        "district": "大安區",
        "address": "泰順街40巷8號斜對面反光鏡右方",
        "org": "台北市視障生活品質福利促進會"
      }
    },
    {
      "type": "Feature",
      "geometry": {
        "type": "Point",
        "coordinates": [
          25.10434366,
          121.5226085
        ]
      },
      "properties": {
        "id": "230",
        "city": "臺北市",
        "district": "士林區",
        "address": "福華街164巷16號旁",
        "org": "台北市視障生活品質福利促進會"
      }
    },
    {
      "type": "Feature",
      "geometry": {
        "type": "Point",
        "coordinates": [
          25.10191679,
          121.5247546
        ]
      },
      "properties": {
        "id": "231",
        "city": "臺北市",
        "district": "士林區",
        "address": "福國路15巷口",
        "org": "台北市視障生活品質福利促進會"
      }
    },
    {
      "type": "Feature",
      "geometry": {
        "type": "Point",
        "coordinates": [
          25.10311651,
          121.5234349
        ]
      },
      "properties": {
        "id": "232",
        "city": "臺北市",
        "district": "士林區",
        "address": "福國路56巷12-2號旁",
        "org": "台北市視障生活品質福利促進會"
      }
    },
    {
      "type": "Feature",
      "geometry": {
        "type": "Point",
        "coordinates": [
          25.05504304,
          121.526685
        ]
      },
      "properties": {
        "id": "233",
        "city": "臺北市",
        "district": "中山區",
        "address": "長春路71巷口右側",
        "org": "台北市視障生活品質福利促進會"
      }
    },
    {
      "type": "Feature",
      "geometry": {
        "type": "Point",
        "coordinates": [
          25.05722593,
          121.5240284
        ]
      },
      "properties": {
        "id": "234",
        "city": "臺北市",
        "district": "中山區",
        "address": "中山北路2段65巷13號旁",
        "org": "台北市視障生活品質福利促進會"
      }
    },
    {
      "type": "Feature",
      "geometry": {
        "type": "Point",
        "coordinates": [
          25.05663667,
          121.5264063
        ]
      },
      "properties": {
        "id": "235",
        "city": "臺北市",
        "district": "中山區",
        "address": "新生北路2段68巷口",
        "org": "台北市視障生活品質福利促進會"
      }
    },
    {
      "type": "Feature",
      "geometry": {
        "type": "Point",
        "coordinates": [
          121.531932,
          25.056062
        ]
      },
      "properties": {
        "id": "236",
        "city": "臺北市",
        "district": "中山區",
        "address": "松江路170巷9號與長春路137巷12號對面公園（電氣設備旁）",
        "org": "台北市心理復健家屬聯合協會"
      }
    },
    {
      "type": "Feature",
      "geometry": {
        "type": "Point",
        "coordinates": [
          121.528852,
          25.051038
        ]
      },
      "properties": {
        "id": "237",
        "city": "臺北市",
        "district": "中山區",
        "address": "吉林路22巷23號轉角處",
        "org": "台北市心理復健家屬聯合協會"
      }
    },
    {
      "type": "Feature",
      "geometry": {
        "type": "Point",
        "coordinates": [
          121.563139,
          25.059374
        ]
      },
      "properties": {
        "id": "238",
        "city": "臺北市",
        "district": "松山區",
        "address": "民生東路5段163之1號銀行前方(行道樹旁)",
        "org": "台北市心理復健家屬聯合協會"
      }
    },
    {
      "type": "Feature",
      "geometry": {
        "type": "Point",
        "coordinates": [
          121.531432,
          25.047575
        ]
      },
      "properties": {
        "id": "239",
        "city": "臺北市",
        "district": "中山區",
        "address": "松江路38巷(長安東路2段36巷15號右側巷口)",
        "org": "台北市心理復健家屬聯合協會"
      }
    },
    {
      "type": "Feature",
      "geometry": {
        "type": "Point",
        "coordinates": [
          121.530182,
          25.050491
        ]
      },
      "properties": {
        "id": "240",
        "city": "臺北市",
        "district": "中山區",
        "address": "吉林路與松江路90號交叉口人行道(靠近行道樹旁)",
        "org": "台北市心理復健家屬聯合協會"
      }
    },
    {
      "type": "Feature",
      "geometry": {
        "type": "Point",
        "coordinates": [
          121.510522,
          25.07017
        ]
      },
      "properties": {
        "id": "241",
        "city": "臺北市",
        "district": "大同區",
        "address": "民族西路303巷55號對面",
        "org": "台北市心理復健家屬聯合協會"
      }
    },
    {
      "type": "Feature",
      "geometry": {
        "type": "Point",
        "coordinates": [
          121.550851,
          25.081115
        ]
      },
      "properties": {
        "id": "242",
        "city": "臺北市",
        "district": "中山區",
        "address": "北安路588巷34號對面",
        "org": "台北市心理復健家屬聯合協會"
      }
    },
    {
      "type": "Feature",
      "geometry": {
        "type": "Point",
        "coordinates": [
          121.527476,
          25.065407
        ]
      },
      "properties": {
        "id": "243",
        "city": "臺北市",
        "district": "中山區",
        "address": "新生北路3段56巷1號（里公布欄旁）",
        "org": "台北市心理復健家屬聯合協會"
      }
    },
    {
      "type": "Feature",
      "geometry": {
        "type": "Point",
        "coordinates": [
          121.554904,
          25.060464
        ]
      },
      "properties": {
        "id": "244",
        "city": "臺北市",
        "district": "松山區",
        "address": "富錦街與光復北路口（行道樹旁）",
        "org": "台北市心理復健家屬聯合協會"
      }
    },
    {
      "type": "Feature",
      "geometry": {
        "type": "Point",
        "coordinates": [
          121.549298,
          25.082802
        ]
      },
      "properties": {
        "id": "245",
        "city": "臺北市",
        "district": "中山區",
        "address": "北安路630巷口(麥當勞後第二根電線桿旁)",
        "org": "台北市心理復健家屬聯合協會"
      }
    },
    {
      "type": "Feature",
      "geometry": {
        "type": "Point",
        "coordinates": [
          121.565206,
          25.059137
        ]
      },
      "properties": {
        "id": "246",
        "city": "臺北市",
        "district": "松山區",
        "address": "民生東路5段177巷口(行道樹旁)",
        "org": "台北市心理復健家屬聯合協會"
      }
    },
    {
      "type": "Feature",
      "geometry": {
        "type": "Point",
        "coordinates": [
          121.531608,
          25.024821
        ]
      },
      "properties": {
        "id": "247",
        "city": "臺北市",
        "district": "大安區",
        "address": "泰順街與溫州街18巷15-1號對面（公布欄旁）",
        "org": "台北市心理復健家屬聯合協會"
      }
    },
    {
      "type": "Feature",
      "geometry": {
        "type": "Point",
        "coordinates": [
          121.530248,
          25.057259
        ]
      },
      "properties": {
        "id": "248",
        "city": "臺北市",
        "district": "中山區",
        "address": "吉林路123巷口",
        "org": "台北市心理復健家屬聯合協會"
      }
    },
    {
      "type": "Feature",
      "geometry": {
        "type": "Point",
        "coordinates": [
          121.529225,
          25.026449
        ]
      },
      "properties": {
        "id": "249",
        "city": "臺北市",
        "district": "大安區",
        "address": "和平東路1段與龍泉街口（燈桿旁）",
        "org": "台北市心理復健家屬聯合協會"
      }
    },
    {
      "type": "Feature",
      "geometry": {
        "type": "Point",
        "coordinates": [
          121.530271,
          25.052588
        ]
      },
      "properties": {
        "id": "250",
        "city": "臺北市",
        "district": "中山區",
        "address": "松江路124巷與吉林路47號巷口",
        "org": "台北市心理復健家屬聯合協會"
      }
    },
    {
      "type": "Feature",
      "geometry": {
        "type": "Point",
        "coordinates": [
          121.567484,
          25.054225
        ]
      },
      "properties": {
        "id": "251",
        "city": "臺北市",
        "district": "松山區",
        "address": "寶清街123號旁(電氣設備旁)",
        "org": "台北市心理復健家屬聯合協會"
      }
    },
    {
      "type": "Feature",
      "geometry": {
        "type": "Point",
        "coordinates": [
          121.565612,
          25.060654
        ]
      },
      "properties": {
        "id": "252",
        "city": "臺北市",
        "district": "松山區",
        "address": "新東街38號旁公園（行道樹與電氣設備中間）",
        "org": "台北市心理復健家屬聯合協會"
      }
    },
    {
      "type": "Feature",
      "geometry": {
        "type": "Point",
        "coordinates": [
          121.540339,
          25.050191
        ]
      },
      "properties": {
        "id": "253",
        "city": "臺北市",
        "district": "中山區",
        "address": "龍江路61號對面（號誌控制器旁）",
        "org": "台北市心理復健家屬聯合協會"
      }
    },
    {
      "type": "Feature",
      "geometry": {
        "type": "Point",
        "coordinates": [
          121.542311,
          25.060729
        ]
      },
      "properties": {
        "id": "254",
        "city": "臺北市",
        "district": "中山區",
        "address": "民權東路3段60巷11號對面(圍牆邊)",
        "org": "台北市心理復健家屬聯合協會"
      }
    },
    {
      "type": "Feature",
      "geometry": {
        "type": "Point",
        "coordinates": [
          121.533693,
          25.054845
        ]
      },
      "properties": {
        "id": "255",
        "city": "臺北市",
        "district": "中山區",
        "address": "長春路163巷口（圍牆邊）",
        "org": "台北市心理復健家屬聯合協會"
      }
    },
    {
      "type": "Feature",
      "geometry": {
        "type": "Point",
        "coordinates": [
          121.560354,
          25.054867
        ]
      },
      "properties": {
        "id": "256",
        "city": "臺北市",
        "district": "松山區",
        "address": "延壽街330巷13號對面",
        "org": "台北市心理復健家屬聯合協會"
      }
    },
    {
      "type": "Feature",
      "geometry": {
        "type": "Point",
        "coordinates": [
          121.565681,
          25.049381
        ]
      },
      "properties": {
        "id": "257",
        "city": "臺北市",
        "district": "松山區",
        "address": "東興路15巷口(便利商店旁)",
        "org": "台北市心理復健家屬聯合協會"
      }
    },
    {
      "type": "Feature",
      "geometry": {
        "type": "Point",
        "coordinates": [
          121.542049,
          25.050681
        ]
      },
      "properties": {
        "id": "258",
        "city": "臺北市",
        "district": "中山區",
        "address": "遼寧街62巷口",
        "org": "台北市心理復健家屬聯合協會"
      }
    },
    {
      "type": "Feature",
      "geometry": {
        "type": "Point",
        "coordinates": [
          121.563275,
          25.061618
        ]
      },
      "properties": {
        "id": "259",
        "city": "臺北市",
        "district": "松山區",
        "address": "新東街51巷與三民路交叉口(行道樹旁)",
        "org": "台北市心理復健家屬聯合協會"
      }
    },
    {
      "type": "Feature",
      "geometry": {
        "type": "Point",
        "coordinates": [
          121.528981,
          25.060763
        ]
      },
      "properties": {
        "id": "260",
        "city": "臺北市",
        "district": "中山區",
        "address": "中原街110號對面",
        "org": "台北市心理復健家屬聯合協會"
      }
    },
    {
      "type": "Feature",
      "geometry": {
        "type": "Point",
        "coordinates": [
          121.551462,
          25.082108
        ]
      },
      "properties": {
        "id": "261",
        "city": "臺北市",
        "district": "中山區",
        "address": "明水路606巷口（行道樹旁）",
        "org": "台北市心理復健家屬聯合協會"
      }
    },
    {
      "type": "Feature",
      "geometry": {
        "type": "Point",
        "coordinates": [
          121.555943,
          25.055424
        ]
      },
      "properties": {
        "id": "262",
        "city": "臺北市",
        "district": "松山區",
        "address": "光復北路155巷口",
        "org": "台北市心理復健家屬聯合協會"
      }
    },
    {
      "type": "Feature",
      "geometry": {
        "type": "Point",
        "coordinates": [
          121.529434,
          25.053413
        ]
      },
      "properties": {
        "id": "263",
        "city": "臺北市",
        "district": "中山區",
        "address": "吉林路108巷6號對面(圍牆邊)",
        "org": "台北市心理復健家屬聯合協會"
      }
    },
    {
      "type": "Feature",
      "geometry": {
        "type": "Point",
        "coordinates": [
          121.530105,
          25.055331
        ]
      },
      "properties": {
        "id": "264",
        "city": "臺北市",
        "district": "中山區",
        "address": "吉林路132號對面（電器設備旁）",
        "org": "台北市心理復健家屬聯合協會"
      }
    },
    {
      "type": "Feature",
      "geometry": {
        "type": "Point",
        "coordinates": [
          121.582763,
          25.037023
        ]
      },
      "properties": {
        "id": "265",
        "city": "臺北市",
        "district": "信義區",
        "address": "福德街137巷8弄(龍門社區圍牆邊)",
        "org": "台北市心理復健家屬聯合協會"
      }
    },
    {
      "type": "Feature",
      "geometry": {
        "type": "Point",
        "coordinates": [
          121.5001431,
          25.13712478
        ]
      },
      "properties": {
        "id": "266",
        "city": "臺北市",
        "district": "北投區",
        "address": "大業路695號",
        "org": "台北市心理復健家屬聯合協會"
      }
    },
    {
      "type": "Feature",
      "geometry": {
        "type": "Point",
        "coordinates": [
          121.5064164,
          25.13577993
        ]
      },
      "properties": {
        "id": "267",
        "city": "臺北市",
        "district": "北投區",
        "address": "溫泉路73巷5號斜對面燈桿旁",
        "org": "台北市心理復健家屬聯合協會"
      }
    },
    {
      "type": "Feature",
      "geometry": {
        "type": "Point",
        "coordinates": [
          121.5314788,
          25.05474108
        ]
      },
      "properties": {
        "id": "268",
        "city": "臺北市",
        "district": "中山區",
        "address": "長春路與一江街交叉口(電信設備旁)",
        "org": "台北市心理復健家屬聯合協會"
      }
    },
    {
      "type": "Feature",
      "geometry": {
        "type": "Point",
        "coordinates": [
          121.552514,
          25.080103
        ]
      },
      "properties": {
        "id": "269",
        "city": "臺北市",
        "district": "中山區",
        "address": "明水路與樂群二路交叉口(公車站牌旁)",
        "org": "台北市心理復健家屬聯合協會"
      }
    },
    {
      "type": "Feature",
      "geometry": {
        "type": "Point",
        "coordinates": [
          121.568259,
          25.062132
        ]
      },
      "properties": {
        "id": "270",
        "city": "臺北市",
        "district": "松山區",
        "address": "撫遠街261巷底與塔悠路交叉口",
        "org": "台北市心理復健家屬聯合協會"
      }
    },
    {
      "type": "Feature",
      "geometry": {
        "type": "Point",
        "coordinates": [
          121.52967,
          25.10701
        ]
      },
      "properties": {
        "id": "271",
        "city": "臺北市",
        "district": "士林區",
        "address": "德行東路132巷7弄3號底與忠誠路1段交叉口",
        "org": "台北市私立彩虹村家園"
      }
    },
    {
      "type": "Feature",
      "geometry": {
        "type": "Point",
        "coordinates": [
          121.55476,
          25.05027
        ]
      },
      "properties": {
        "id": "272",
        "city": "臺北市",
        "district": "松山區",
        "address": "寧安街12號對面停車場旁",
        "org": "台北市私立彩虹村家園"
      }
    },
    {
      "type": "Feature",
      "geometry": {
        "type": "Point",
        "coordinates": [
          121.55538,
          25.04592
        ]
      },
      "properties": {
        "id": "273",
        "city": "臺北市",
        "district": "松山區",
        "address": "八德路3段158巷49號轉角",
        "org": "台北市私立彩虹村家園"
      }
    },
    {
      "type": "Feature",
      "geometry": {
        "type": "Point",
        "coordinates": [
          121.53383,
          25.10907
        ]
      },
      "properties": {
        "id": "274",
        "city": "臺北市",
        "district": "士林區",
        "address": "德行東路240巷7號對面電線桿中間",
        "org": "台北市私立彩虹村家園"
      }
    },
    {
      "type": "Feature",
      "geometry": {
        "type": "Point",
        "coordinates": [
          121.5313,
          25.1081
        ]
      },
      "properties": {
        "id": "275",
        "city": "臺北市",
        "district": "士林區",
        "address": "忠誠路1段173巷口",
        "org": "台北市私立彩虹村家園"
      }
    },
    {
      "type": "Feature",
      "geometry": {
        "type": "Point",
        "coordinates": [
          121.50041,
          25.02138
        ]
      },
      "properties": {
        "id": "276",
        "city": "臺北市",
        "district": "萬華區",
        "address": "萬大路423巷43號旁",
        "org": "台北市私立彩虹村家園"
      }
    },
    {
      "type": "Feature",
      "geometry": {
        "type": "Point",
        "coordinates": [
          121.53452,
          25.10965
        ]
      },
      "properties": {
        "id": "277",
        "city": "臺北市",
        "district": "士林區",
        "address": "德行東路256號對面公告欄旁",
        "org": "台北市私立彩虹村家園"
      }
    },
    {
      "type": "Feature",
      "geometry": {
        "type": "Point",
        "coordinates": [
          121.52982,
          25.11901
        ]
      },
      "properties": {
        "id": "278",
        "city": "臺北市",
        "district": "士林區",
        "address": "天母西路3之65號前",
        "org": "台北市私立彩虹村家園"
      }
    },
    {
      "type": "Feature",
      "geometry": {
        "type": "Point",
        "coordinates": [
          121.50027,
          25.1422
        ]
      },
      "properties": {
        "id": "279",
        "city": "臺北市",
        "district": "北投區",
        "address": "復興四路與開明街口",
        "org": "台北市私立彩虹村家園"
      }
    },
    {
      "type": "Feature",
      "geometry": {
        "type": "Point",
        "coordinates": [
          121.50591,
          25.14204
        ]
      },
      "properties": {
        "id": "280",
        "city": "臺北市",
        "district": "北投區",
        "address": "長壽路與珠海路口",
        "org": "台北市私立彩虹村家園"
      }
    },
    {
      "type": "Feature",
      "geometry": {
        "type": "Point",
        "coordinates": [
          121.49608,
          25.02401
        ]
      },
      "properties": {
        "id": "281",
        "city": "臺北市",
        "district": "萬華區",
        "address": "德昌街154巷口",
        "org": "台北市私立彩虹村家園"
      }
    },
    {
      "type": "Feature",
      "geometry": {
        "type": "Point",
        "coordinates": [
          121.49503,
          25.02489
        ]
      },
      "properties": {
        "id": "282",
        "city": "臺北市",
        "district": "萬華區",
        "address": "東園街66巷與寶興街口",
        "org": "台北市私立彩虹村家園"
      }
    },
    {
      "type": "Feature",
      "geometry": {
        "type": "Point",
        "coordinates": [
          121.49575,
          25.02732
        ]
      },
      "properties": {
        "id": "283",
        "city": "臺北市",
        "district": "萬華區",
        "address": "東園街22號旁",
        "org": "台北市私立彩虹村家園"
      }
    },
    {
      "type": "Feature",
      "geometry": {
        "type": "Point",
        "coordinates": [
          121.53286,
          25.11042
        ]
      },
      "properties": {
        "id": "284",
        "city": "臺北市",
        "district": "士林區",
        "address": "忠誠路2段21巷45弄7號對面",
        "org": "台北市私立彩虹村家園"
      }
    },
    {
      "type": "Feature",
      "geometry": {
        "type": "Point",
        "coordinates": [
          121.50743,
          25.08502
        ]
      },
      "properties": {
        "id": "285",
        "city": "臺北市",
        "district": "士林區",
        "address": "延平北路5段285巷53號對面",
        "org": "台北市私立彩虹村家園"
      }
    },
    {
      "type": "Feature",
      "geometry": {
        "type": "Point",
        "coordinates": [
          121.53032,
          25.10931
        ]
      },
      "properties": {
        "id": "286",
        "city": "臺北市",
        "district": "士林區",
        "address": "忠誠路2段24號旁人行道上",
        "org": "台北市私立彩虹村家園"
      }
    },
    {
      "type": "Feature",
      "geometry": {
        "type": "Point",
        "coordinates": [
          121.53363,
          25.01454
        ]
      },
      "properties": {
        "id": "287",
        "city": "臺北市",
        "district": "中正區",
        "address": "羅斯福路4段52巷16弄口",
        "org": "台北市私立彩虹村家園"
      }
    },
    {
      "type": "Feature",
      "geometry": {
        "type": "Point",
        "coordinates": [
          121.53463,
          25.01345
        ]
      },
      "properties": {
        "id": "288",
        "city": "臺北市",
        "district": "中正區",
        "address": "汀州路3段164號對面",
        "org": "台北市私立彩虹村家園"
      }
    },
    {
      "type": "Feature",
      "geometry": {
        "type": "Point",
        "coordinates": [
          121.57339,
          25.03467
        ]
      },
      "properties": {
        "id": "289",
        "city": "臺北市",
        "district": "信義區",
        "address": "松德路200巷松德公園與停車場旁",
        "org": "台北市私立彩虹村家園"
      }
    },
    {
      "type": "Feature",
      "geometry": {
        "type": "Point",
        "coordinates": [
          121.57524,
          25.03694
        ]
      },
      "properties": {
        "id": "290",
        "city": "臺北市",
        "district": "信義區",
        "address": "信義路6段15巷與松德路133巷口(安強公園內凸透鏡旁)",
        "org": "台北市私立彩虹村家園"
      }
    },
    {
      "type": "Feature",
      "geometry": {
        "type": "Point",
        "coordinates": [
          121.52822,
          25.12079
        ]
      },
      "properties": {
        "id": "291",
        "city": "臺北市",
        "district": "士林區",
        "address": "天玉街16巷1號旁",
        "org": "台北市私立彩虹村家園"
      }
    },
    {
      "type": "Feature",
      "geometry": {
        "type": "Point",
        "coordinates": [
          121.51709,
          25.06312
        ]
      },
      "properties": {
        "id": "292",
        "city": "臺北市",
        "district": "大同區",
        "address": "民權西路133巷口",
        "org": "台北市私立彩虹村家園"
      }
    },
    {
      "type": "Feature",
      "geometry": {
        "type": "Point",
        "coordinates": [
          121.56373,
          25.0586
        ]
      },
      "properties": {
        "id": "293",
        "city": "臺北市",
        "district": "松山區",
        "address": "民生東路5段184之2號前",
        "org": "台北市私立彩虹村家園"
      }
    },
    {
      "type": "Feature",
      "geometry": {
        "type": "Point",
        "coordinates": [
          121.55806,
          25.05648
        ]
      },
      "properties": {
        "id": "294",
        "city": "臺北市",
        "district": "松山區",
        "address": "延壽街376號對面",
        "org": "台北市私立彩虹村家園"
      }
    },
    {
      "type": "Feature",
      "geometry": {
        "type": "Point",
        "coordinates": [
          121.56164,
          25.05783
        ]
      },
      "properties": {
        "id": "295",
        "city": "臺北市",
        "district": "松山區",
        "address": "新中街4巷21號旁",
        "org": "台北市私立彩虹村家園"
      }
    },
    {
      "type": "Feature",
      "geometry": {
        "type": "Point",
        "coordinates": [
          121.53944,
          25.00663
        ]
      },
      "properties": {
        "id": "296",
        "city": "臺北市",
        "district": "文山區",
        "address": "羅斯福路5段53巷5號",
        "org": "台北市私立彩虹村家園"
      }
    },
    {
      "type": "Feature",
      "geometry": {
        "type": "Point",
        "coordinates": [
          121.54727,
          25.0006
        ]
      },
      "properties": {
        "id": "297",
        "city": "臺北市",
        "district": "文山區",
        "address": "興隆路2段123巷14號對面公園",
        "org": "台北市私立彩虹村家園"
      }
    },
    {
      "type": "Feature",
      "geometry": {
        "type": "Point",
        "coordinates": [
          121.54965,
          25.00544
        ]
      },
      "properties": {
        "id": "298",
        "city": "臺北市",
        "district": "文山區",
        "address": "福興路82巷90號斜對面",
        "org": "台北市私立彩虹村家園"
      }
    },
    {
      "type": "Feature",
      "geometry": {
        "type": "Point",
        "coordinates": [
          121.53649,
          25.11235
        ]
      },
      "properties": {
        "id": "299",
        "city": "臺北市",
        "district": "士林區",
        "address": "士東路266巷6弄1-1號旁",
        "org": "台北市私立彩虹村家園"
      }
    },
    {
      "type": "Feature",
      "geometry": {
        "type": "Point",
        "coordinates": [
          121.52777,
          25.10962
        ]
      },
      "properties": {
        "id": "300",
        "city": "臺北市",
        "district": "士林區",
        "address": "德行東路109巷63弄10號旁",
        "org": "台北市私立彩虹村家園"
      }
    },
    {
      "type": "Feature",
      "geometry": {
        "type": "Point",
        "coordinates": [
          121.511768,
          25.120574
        ]
      },
      "properties": {
        "id": "301",
        "city": "臺北市",
        "district": "北投區",
        "address": "致遠三路47號",
        "org": "台北市私立彩虹村家園"
      }
    },
    {
      "type": "Feature",
      "geometry": {
        "type": "Point",
        "coordinates": [
          121.5688695,
          24.9841914
        ]
      },
      "properties": {
        "id": "302",
        "city": "臺北市",
        "district": "文山區",
        "address": "木新路2段156號前",
        "org": "台北市私立彩虹村家園"
      }
    },
    {
      "type": "Feature",
      "geometry": {
        "type": "Point",
        "coordinates": [
          121.5873629,
          25.0879999
        ]
      },
      "properties": {
        "id": "303",
        "city": "臺北市",
        "district": "內湖區",
        "address": "金龍路211號對面",
        "org": "台北市私立彩虹村家園"
      }
    },
    {
      "type": "Feature",
      "geometry": {
        "type": "Point",
        "coordinates": [
          121.5548648,
          24.98575838
        ]
      },
      "properties": {
        "id": "304",
        "city": "臺北市",
        "district": "文山區",
        "address": "光輝?40號",
        "org": "台北市私立彩虹村家園"
      }
    },
    {
      "type": "Feature",
      "geometry": {
        "type": "Point",
        "coordinates": [
          121.4977708,
          25.02120067
        ]
      },
      "properties": {
        "id": "305",
        "city": "臺北市",
        "district": "萬華區",
        "address": "萬大路424巷3弄1號旁",
        "org": "台北市私立彩虹村家園"
      }
    },
    {
      "type": "Feature",
      "geometry": {
        "type": "Point",
        "coordinates": [
          121.5260381,
          25.090773
        ]
      },
      "properties": {
        "id": "306",
        "city": "臺北市",
        "district": "士林區",
        "address": "小北街23號對面",
        "org": "臺北市唐氏症家長協會"
      }
    },
    {
      "type": "Feature",
      "geometry": {
        "type": "Point",
        "coordinates": [
          121.5249013,
          25.09196509
        ]
      },
      "properties": {
        "id": "307",
        "city": "臺北市",
        "district": "士林區",
        "address": "大西路86號對面",
        "org": "臺北市唐氏症家長協會"
      }
    },
    {
      "type": "Feature",
      "geometry": {
        "type": "Point",
        "coordinates": [
          121.5189526,
          25.08854527
        ]
      },
      "properties": {
        "id": "308",
        "city": "臺北市",
        "district": "士林區",
        "address": "大南路285巷7號對面(公園旁)",
        "org": "臺北市唐氏症家長協會"
      }
    },
    {
      "type": "Feature",
      "geometry": {
        "type": "Point",
        "coordinates": [
          121.532146,
          25.098404
        ]
      },
      "properties": {
        "id": "309",
        "city": "臺北市",
        "district": "士林區",
        "address": "福志路2號電箱旁",
        "org": "臺北市唐氏症家長協會"
      }
    },
    {
      "type": "Feature",
      "geometry": {
        "type": "Point",
        "coordinates": [
          121.5288081,
          25.09776352
        ]
      },
      "properties": {
        "id": "310",
        "city": "臺北市",
        "district": "士林區",
        "address": "中山北路5段698巷37號旁",
        "org": "臺北市唐氏症家長協會"
      }
    },
    {
      "type": "Feature",
      "geometry": {
        "type": "Point",
        "coordinates": [
          121.5233876,
          25.10572253
        ]
      },
      "properties": {
        "id": "311",
        "city": "臺北市",
        "district": "士林區",
        "address": "德行西路30號前",
        "org": "臺北市唐氏症家長協會"
      }
    },
    {
      "type": "Feature",
      "geometry": {
        "type": "Point",
        "coordinates": [
          121.5202792,
          25.05366644
        ]
      },
      "properties": {
        "id": "312",
        "city": "臺北市",
        "district": "大同區",
        "address": "南京西路25巷與赤峰街17巷口",
        "org": "臺北市唐氏症家長協會"
      }
    },
    {
      "type": "Feature",
      "geometry": {
        "type": "Point",
        "coordinates": [
          121.518435,
          25.056317
        ]
      },
      "properties": {
        "id": "313",
        "city": "臺北市",
        "district": "大同區",
        "address": "承德路2段91巷口",
        "org": "臺北市唐氏症家長協會"
      }
    },
    {
      "type": "Feature",
      "geometry": {
        "type": "Point",
        "coordinates": [
          121.5127398,
          25.06282638
        ]
      },
      "properties": {
        "id": "314",
        "city": "臺北市",
        "district": "大同區",
        "address": "民權西路244號前方郵筒旁",
        "org": "臺北市唐氏症家長協會"
      }
    },
    {
      "type": "Feature",
      "geometry": {
        "type": "Point",
        "coordinates": [
          121.5131372,
          25.0661159
        ]
      },
      "properties": {
        "id": "315",
        "city": "臺北市",
        "district": "大同區",
        "address": "昌吉街95巷口（昌吉街端）",
        "org": "臺北市唐氏症家長協會"
      }
    },
    {
      "type": "Feature",
      "geometry": {
        "type": "Point",
        "coordinates": [
          121.511869,
          25.06830153
        ]
      },
      "properties": {
        "id": "316",
        "city": "臺北市",
        "district": "大同區",
        "address": "延平北路3段113巷20號對面",
        "org": "臺北市唐氏症家長協會"
      }
    },
    {
      "type": "Feature",
      "geometry": {
        "type": "Point",
        "coordinates": [
          121.5130763,
          25.07055854
        ]
      },
      "properties": {
        "id": "317",
        "city": "臺北市",
        "district": "大同區",
        "address": "重慶北路3段236巷4號對面",
        "org": "臺北市唐氏症家長協會"
      }
    },
    {
      "type": "Feature",
      "geometry": {
        "type": "Point",
        "coordinates": [
          121.5150413,
          25.06729927
        ]
      },
      "properties": {
        "id": "318",
        "city": "臺北市",
        "district": "大同區",
        "address": "重慶北路3段113巷28號",
        "org": "臺北市唐氏症家長協會"
      }
    },
    {
      "type": "Feature",
      "geometry": {
        "type": "Point",
        "coordinates": [
          121.5180547,
          25.06844676
        ]
      },
      "properties": {
        "id": "319",
        "city": "臺北市",
        "district": "大同區",
        "address": "民族西路76巷1弄口",
        "org": "臺北市唐氏症家長協會"
      }
    },
    {
      "type": "Feature",
      "geometry": {
        "type": "Point",
        "coordinates": [
          121.5183302,
          25.05824642
        ]
      },
      "properties": {
        "id": "320",
        "city": "臺北市",
        "district": "大同區",
        "address": "承德路2段167號前",
        "org": "臺北市唐氏症家長協會"
      }
    },
    {
      "type": "Feature",
      "geometry": {
        "type": "Point",
        "coordinates": [
          121.52815,
          25.04866329
        ]
      },
      "properties": {
        "id": "321",
        "city": "臺北市",
        "district": "中山區",
        "address": "長安東路1段77巷4弄4之1號對面",
        "org": "臺北市唐氏症家長協會"
      }
    },
    {
      "type": "Feature",
      "geometry": {
        "type": "Point",
        "coordinates": [
          121.5266651,
          25.04949192
        ]
      },
      "properties": {
        "id": "322",
        "city": "臺北市",
        "district": "中山區",
        "address": "林森北路85巷52號對面",
        "org": "臺北市唐氏症家長協會"
      }
    },
    {
      "type": "Feature",
      "geometry": {
        "type": "Point",
        "coordinates": [
          121.5352702,
          25.06581009
        ]
      },
      "properties": {
        "id": "323",
        "city": "臺北市",
        "district": "中山區",
        "address": "松江路469巷43號前",
        "org": "臺北市唐氏症家長協會"
      }
    },
    {
      "type": "Feature",
      "geometry": {
        "type": "Point",
        "coordinates": [
          121.5242221,
          25.06544394
        ]
      },
      "properties": {
        "id": "324",
        "city": "臺北市",
        "district": "中山區",
        "address": "雙城街18巷口",
        "org": "臺北市唐氏症家長協會"
      }
    },
    {
      "type": "Feature",
      "geometry": {
        "type": "Point",
        "coordinates": [
          121.5348173,
          25.05912351
        ]
      },
      "properties": {
        "id": "325",
        "city": "臺北市",
        "district": "中山區",
        "address": "民生東路2段147巷與建國北路2段116巷口",
        "org": "臺北市唐氏症家長協會"
      }
    },
    {
      "type": "Feature",
      "geometry": {
        "type": "Point",
        "coordinates": [
          121.5346866,
          25.06230921
        ]
      },
      "properties": {
        "id": "326",
        "city": "臺北市",
        "district": "中山區",
        "address": "民權東路2段152巷口",
        "org": "臺北市唐氏症家長協會"
      }
    },
    {
      "type": "Feature",
      "geometry": {
        "type": "Point",
        "coordinates": [
          121.5359561,
          25.06031003
        ]
      },
      "properties": {
        "id": "327",
        "city": "臺北市",
        "district": "中山區",
        "address": "錦州街298號對面",
        "org": "臺北市唐氏症家長協會"
      }
    },
    {
      "type": "Feature",
      "geometry": {
        "type": "Point",
        "coordinates": [
          121.5333784,
          25.05889051
        ]
      },
      "properties": {
        "id": "328",
        "city": "臺北市",
        "district": "中山區",
        "address": "松江路235巷口",
        "org": "臺北市唐氏症家長協會"
      }
    },
    {
      "type": "Feature",
      "geometry": {
        "type": "Point",
        "coordinates": [
          121.55635,
          25.03943
        ]
      },
      "properties": {
        "id": "329",
        "city": "臺北市",
        "district": "大安區",
        "address": "光復南路290巷25號旁",
        "org": "臺北市唐氏症家長協會"
      }
    },
    {
      "type": "Feature",
      "geometry": {
        "type": "Point",
        "coordinates": [
          121.5356168,
          25.03718346
        ]
      },
      "properties": {
        "id": "330",
        "city": "臺北市",
        "district": "大安區",
        "address": "仁愛路3段24巷1弄口和仁愛路3段24巷口",
        "org": "臺北市唐氏症家長協會"
      }
    },
    {
      "type": "Feature",
      "geometry": {
        "type": "Point",
        "coordinates": [
          121.5474989,
          25.0493188
        ]
      },
      "properties": {
        "id": "331",
        "city": "臺北市",
        "district": "松山區",
        "address": "八德路2段451巷口",
        "org": "臺北市唐氏症家長協會"
      }
    },
    {
      "type": "Feature",
      "geometry": {
        "type": "Point",
        "coordinates": [
          121.5553138,
          25.04641498
        ]
      },
      "properties": {
        "id": "332",
        "city": "臺北市",
        "district": "松山區",
        "address": "光復南路32巷與八德路3段158巷口",
        "org": "臺北市唐氏症家長協會"
      }
    },
    {
      "type": "Feature",
      "geometry": {
        "type": "Point",
        "coordinates": [
          121.560684,
          25.036448
        ]
      },
      "properties": {
        "id": "333",
        "city": "臺北市",
        "district": "信義區",
        "address": "仁愛路4段512巷16號之1對面（廟後方）",
        "org": "臺北市唐氏症家長協會"
      }
    },
    {
      "type": "Feature",
      "geometry": {
        "type": "Point",
        "coordinates": [
          121.585053,
          25.041811
        ]
      },
      "properties": {
        "id": "334",
        "city": "臺北市",
        "district": "南港區",
        "address": "中坡南路72號對面",
        "org": "臺北市唐氏症家長協會"
      }
    },
    {
      "type": "Feature",
      "geometry": {
        "type": "Point",
        "coordinates": [
          121.5017857,
          25.0255549
        ]
      },
      "properties": {
        "id": "335",
        "city": "臺北市",
        "district": "萬華區",
        "address": "萬大路277巷33弄口",
        "org": "臺北市唐氏症家長協會"
      }
    },
    {
      "type": "Feature",
      "geometry": {
        "type": "Point",
        "coordinates": [
          121.53598,
          25.11123
        ]
      },
      "properties": {
        "id": "341",
        "city": "臺北市",
        "district": "士林區",
        "address": "士東路266巷20弄12號對面",
        "org": "財團法人台北市樹仁社會福利基金會"
      }
    },
    {
      "type": "Feature",
      "geometry": {
        "type": "Point",
        "coordinates": [
          121.58782,
          25.06774
        ]
      },
      "properties": {
        "id": "342",
        "city": "臺北市",
        "district": "內湖區",
        "address": "成功路2段320巷60號對面電箱旁",
        "org": "財團法人台北市樹仁社會福利基金會"
      }
    },
    {
      "type": "Feature",
      "geometry": {
        "type": "Point",
        "coordinates": [
          121.50786,
          25.12645
        ]
      },
      "properties": {
        "id": "343",
        "city": "臺北市",
        "district": "北投區",
        "address": "公館路228巷口",
        "org": "財團法人台北市樹仁社會福利基金會"
      }
    },
    {
      "type": "Feature",
      "geometry": {
        "type": "Point",
        "coordinates": [
          121.53173,
          25.11748
        ]
      },
      "properties": {
        "id": "344",
        "city": "臺北市",
        "district": "士林區",
        "address": "天母東路8巷19弄對面",
        "org": "財團法人台北市樹仁社會福利基金會"
      }
    },
    {
      "type": "Feature",
      "geometry": {
        "type": "Point",
        "coordinates": [
          121.538,
          25.11349
        ]
      },
      "properties": {
        "id": "345",
        "city": "臺北市",
        "district": "士林區",
        "address": "德行東路331巷對面角",
        "org": "財團法人台北市樹仁社會福利基金會"
      }
    },
    {
      "type": "Feature",
      "geometry": {
        "type": "Point",
        "coordinates": [
          121.53981,
          25.1106
        ]
      },
      "properties": {
        "id": "346",
        "city": "臺北市",
        "district": "士林區",
        "address": "德行東路378巷口",
        "org": "財團法人台北市樹仁社會福利基金會"
      }
    },
    {
      "type": "Feature",
      "geometry": {
        "type": "Point",
        "coordinates": [
          121.50813,
          25.12077
        ]
      },
      "properties": {
        "id": "347",
        "city": "臺北市",
        "district": "北投區",
        "address": "東華街2段266號旁",
        "org": "財團法人台北市樹仁社會福利基金會"
      }
    },
    {
      "type": "Feature",
      "geometry": {
        "type": "Point",
        "coordinates": [
          121.51114,
          25.11743
        ]
      },
      "properties": {
        "id": "348",
        "city": "臺北市",
        "district": "北投區",
        "address": "吉利街280巷27弄23號旁",
        "org": "財團法人台北市樹仁社會福利基金會"
      }
    },
    {
      "type": "Feature",
      "geometry": {
        "type": "Point",
        "coordinates": [
          121.5096,
          25.09055
        ]
      },
      "properties": {
        "id": "349",
        "city": "臺北市",
        "district": "士林區",
        "address": "社中街141號",
        "org": "財團法人台北市樹仁社會福利基金會"
      }
    },
    {
      "type": "Feature",
      "geometry": {
        "type": "Point",
        "coordinates": [
          121.5077,
          25.1276
        ]
      },
      "properties": {
        "id": "350",
        "city": "臺北市",
        "district": "北投區",
        "address": "公館路211號旁",
        "org": "財團法人台北市樹仁社會福利基金會"
      }
    },
    {
      "type": "Feature",
      "geometry": {
        "type": "Point",
        "coordinates": [
          121.50991,
          25.11779
        ]
      },
      "properties": {
        "id": "351",
        "city": "臺北市",
        "district": "北投區",
        "address": "石牌路1段39巷131弄2號對面",
        "org": "財團法人台北市樹仁社會福利基金會"
      }
    },
    {
      "type": "Feature",
      "geometry": {
        "type": "Point",
        "coordinates": [
          121.52465,
          25.09807
        ]
      },
      "properties": {
        "id": "352",
        "city": "臺北市",
        "district": "士林區",
        "address": "後街12號旁",
        "org": "財團法人台北市樹仁社會福利基金會"
      }
    },
    {
      "type": "Feature",
      "geometry": {
        "type": "Point",
        "coordinates": [
          121.62258,
          25.03973
        ]
      },
      "properties": {
        "id": "353",
        "city": "臺北市",
        "district": "南港區",
        "address": "舊莊街1段199巷11弄2號對面",
        "org": "財團法人台北市樹仁社會福利基金會"
      }
    },
    {
      "type": "Feature",
      "geometry": {
        "type": "Point",
        "coordinates": [
          121.56441,
          25.05006
        ]
      },
      "properties": {
        "id": "354",
        "city": "臺北市",
        "district": "松山區",
        "address": "八德路4段245巷32弄2號",
        "org": "財團法人台北市樹仁社會福利基金會"
      }
    },
    {
      "type": "Feature",
      "geometry": {
        "type": "Point",
        "coordinates": [
          121.59135,
          25.07867
        ]
      },
      "properties": {
        "id": "355",
        "city": "臺北市",
        "district": "內湖區",
        "address": "星雲街31號旁",
        "org": "財團法人台北市樹仁社會福利基金會"
      }
    },
    {
      "type": "Feature",
      "geometry": {
        "type": "Point",
        "coordinates": [
          121.59155,
          25.08796
        ]
      },
      "properties": {
        "id": "356",
        "city": "臺北市",
        "district": "內湖區",
        "address": "內湖路3段60巷8弄28號旁",
        "org": "財團法人台北市樹仁社會福利基金會"
      }
    },
    {
      "type": "Feature",
      "geometry": {
        "type": "Point",
        "coordinates": [
          121.51229,
          25.11676
        ]
      },
      "properties": {
        "id": "357",
        "city": "臺北市",
        "district": "北投區",
        "address": "致遠二路86號旁（電箱旁）",
        "org": "財團法人台北市樹仁社會福利基金會"
      }
    },
    {
      "type": "Feature",
      "geometry": {
        "type": "Point",
        "coordinates": [
          121.53039,
          25.09893
        ]
      },
      "properties": {
        "id": "358",
        "city": "臺北市",
        "district": "士林區",
        "address": "福志路50號對面",
        "org": "財團法人台北市樹仁社會福利基金會"
      }
    },
    {
      "type": "Feature",
      "geometry": {
        "type": "Point",
        "coordinates": [
          121.52863,
          25.09855
        ]
      },
      "properties": {
        "id": "359",
        "city": "臺北市",
        "district": "士林區",
        "address": "福志路101號旁",
        "org": "財團法人台北市樹仁社會福利基金會"
      }
    },
    {
      "type": "Feature",
      "geometry": {
        "type": "Point",
        "coordinates": [
          121.49935,
          25.14148
        ]
      },
      "properties": {
        "id": "360",
        "city": "臺北市",
        "district": "北投區",
        "address": "中和街347號對面",
        "org": "財團法人台北市樹仁社會福利基金會"
      }
    },
    {
      "type": "Feature",
      "geometry": {
        "type": "Point",
        "coordinates": [
          121.5216,
          25.0241
        ]
      },
      "properties": {
        "id": "361",
        "city": "臺北市",
        "district": "中正區",
        "address": "同安街48號左前方",
        "org": "財團法人台北市樹仁社會福利基金會"
      }
    },
    {
      "type": "Feature",
      "geometry": {
        "type": "Point",
        "coordinates": [
          121.52719,
          25.03744
        ]
      },
      "properties": {
        "id": "362",
        "city": "臺北市",
        "district": "中正區",
        "address": "杭州南路1段101巷27號對面",
        "org": "財團法人台北市樹仁社會福利基金會"
      }
    },
    {
      "type": "Feature",
      "geometry": {
        "type": "Point",
        "coordinates": [
          121.55806,
          25.05838
        ]
      },
      "properties": {
        "id": "363",
        "city": "臺北市",
        "district": "松山區",
        "address": "民生東路5段56號前（電箱旁）",
        "org": "財團法人台北市樹仁社會福利基金會"
      }
    },
    {
      "type": "Feature",
      "geometry": {
        "type": "Point",
        "coordinates": [
          121.53263,
          25.10929
        ]
      },
      "properties": {
        "id": "364",
        "city": "臺北市",
        "district": "士林區",
        "address": "德行東路203巷4號對面",
        "org": "財團法人台北市樹仁社會福利基金會"
      }
    },
    {
      "type": "Feature",
      "geometry": {
        "type": "Point",
        "coordinates": [
          121.56337,
          24.98293
        ]
      },
      "properties": {
        "id": "365",
        "city": "臺北市",
        "district": "文山區",
        "address": "木新路3段74巷8弄1號",
        "org": "財團法人台北市樹仁社會福利基金會"
      }
    },
    {
      "type": "Feature",
      "geometry": {
        "type": "Point",
        "coordinates": [
          121.58351,
          25.08973
        ]
      },
      "properties": {
        "id": "366",
        "city": "臺北市",
        "district": "內湖區",
        "address": "內湖路3段365號對面",
        "org": "財團法人台北市樹仁社會福利基金會"
      }
    },
    {
      "type": "Feature",
      "geometry": {
        "type": "Point",
        "coordinates": [
          121.50374,
          25.08997
        ]
      },
      "properties": {
        "id": "367",
        "city": "臺北市",
        "district": "士林區",
        "address": "延平北路6段258巷16號對面",
        "org": "財團法人台北市樹仁社會福利基金會"
      }
    },
    {
      "type": "Feature",
      "geometry": {
        "type": "Point",
        "coordinates": [
          121.50588,
          25.03427
        ]
      },
      "properties": {
        "id": "368",
        "city": "臺北市",
        "district": "中正區",
        "address": "中華路2段77號前",
        "org": "財團法人台北市樹仁社會福利基金會"
      }
    },
    {
      "type": "Feature",
      "geometry": {
        "type": "Point",
        "coordinates": [
          121.5064234,
          25.03389136
        ]
      },
      "properties": {
        "id": "369",
        "city": "臺北市",
        "district": "中正區",
        "address": "中華路2段75巷9號對面杭園內",
        "org": "財團法人台北市樹仁社會福利基金會"
      }
    },
    {
      "type": "Feature",
      "geometry": {
        "type": "Point",
        "coordinates": [
          121.5349847,
          25.1179798
        ]
      },
      "properties": {
        "id": "370",
        "city": "臺北市",
        "district": "士林區",
        "address": "天母東?70號前",
        "org": "財團法人台北市樹仁社會福利基金會"
      }
    },
    {
      "type": "Feature",
      "geometry": {
        "type": "Point",
        "coordinates": [
          121.5525606,
          25.03105906
        ]
      },
      "properties": {
        "id": "372",
        "city": "臺北市",
        "district": "大安區",
        "address": "安和路2段57號",
        "org": "財團法人台北市樹仁社會福利基金會"
      }
    },
    {
      "type": "Feature",
      "geometry": {
        "type": "Point",
        "coordinates": [
          121.5236815,
          25.0225756
        ]
      },
      "properties": {
        "id": "373",
        "city": "臺北市",
        "district": "中正區",
        "address": "汀州路2段263號",
        "org": "財團法人台北市樹仁社會福利基金會"
      }
    },
    {
      "type": "Feature",
      "geometry": {
        "type": "Point",
        "coordinates": [
          121.494843,
          25.01768212
        ]
      },
      "properties": {
        "id": "374",
        "city": "臺北市",
        "district": "萬華區",
        "address": "萬大路618巷35號旁",
        "org": "財團法人台北市樹仁社會福利基金會"
      }
    },
    {
      "type": "Feature",
      "geometry": {
        "type": "Point",
        "coordinates": [
          121.4963815,
          25.02019792
        ]
      },
      "properties": {
        "id": "375",
        "city": "臺北市",
        "district": "萬華區",
        "address": "萬大路486巷35號旁",
        "org": "財團法人台北市樹仁社會福利基金會"
      }
    },
    {
      "type": "Feature",
      "geometry": {
        "type": "Point",
        "coordinates": [
          121.561293,
          25.058802
        ]
      },
      "properties": {
        "id": "376",
        "city": "臺北市",
        "district": "松山區",
        "address": "新中街2巷口",
        "org": "財團法人伊甸社會福利基金會附設臺北市私立八德服務中心"
      }
    },
    {
      "type": "Feature",
      "geometry": {
        "type": "Point",
        "coordinates": [
          121.556409,
          25.049812
        ]
      },
      "properties": {
        "id": "377",
        "city": "臺北市",
        "district": "松山區",
        "address": "光復北路60巷19號對面",
        "org": "財團法人伊甸社會福利基金會附設臺北市私立八德服務中心"
      }
    },
    {
      "type": "Feature",
      "geometry": {
        "type": "Point",
        "coordinates": [
          121.554848,
          25.24476
        ]
      },
      "properties": {
        "id": "378",
        "city": "臺北市",
        "district": "松山區",
        "address": "市民大道4段257號旁",
        "org": "財團法人伊甸社會福利基金會附設臺北市私立八德服務中心"
      }
    },
    {
      "type": "Feature",
      "geometry": {
        "type": "Point",
        "coordinates": [
          121.554244,
          25.046313
        ]
      },
      "properties": {
        "id": "379",
        "city": "臺北市",
        "district": "松山區",
        "address": "八德路3段106巷與延吉街5巷口",
        "org": "財團法人伊甸社會福利基金會附設臺北市私立八德服務中心"
      }
    },
    {
      "type": "Feature",
      "geometry": {
        "type": "Point",
        "coordinates": [
          121.55411,
          25.046221
        ]
      },
      "properties": {
        "id": "380",
        "city": "臺北市",
        "district": "松山區",
        "address": "八德路3段106巷60號正對面(公園旁)",
        "org": "財團法人伊甸社會福利基金會附設臺北市私立八德服務中心"
      }
    },
    {
      "type": "Feature",
      "geometry": {
        "type": "Point",
        "coordinates": [
          121.613697,
          25.067535
        ]
      },
      "properties": {
        "id": "381",
        "city": "臺北市",
        "district": "內湖區",
        "address": "五分街41號對面",
        "org": "財團法人伊甸社會福利基金會附設臺北市私立八德服務中心"
      }
    },
    {
      "type": "Feature",
      "geometry": {
        "type": "Point",
        "coordinates": [
          121.522034,
          25.107453
        ]
      },
      "properties": {
        "id": "382",
        "city": "臺北市",
        "district": "士林區",
        "address": "磺溪街55巷19號斜對面電線桿旁",
        "org": "財團法人伊甸社會福利基金會附設臺北市私立八德服務中心"
      }
    },
    {
      "type": "Feature",
      "geometry": {
        "type": "Point",
        "coordinates": [
          121.515591,
          25.089402
        ]
      },
      "properties": {
        "id": "383",
        "city": "臺北市",
        "district": "士林區",
        "address": "大南路通河東街1段交會處",
        "org": "財團法人伊甸社會福利基金會附設臺北市私立八德服務中心"
      }
    },
    {
      "type": "Feature",
      "geometry": {
        "type": "Point",
        "coordinates": [
          121.518794,
          25.085815
        ]
      },
      "properties": {
        "id": "384",
        "city": "臺北市",
        "district": "士林區",
        "address": "福港街205號百齡國小",
        "org": "財團法人伊甸社會福利基金會附設臺北市私立八德服務中心"
      }
    },
    {
      "type": "Feature",
      "geometry": {
        "type": "Point",
        "coordinates": [
          121.530802,
          25.113673
        ]
      },
      "properties": {
        "id": "385",
        "city": "臺北市",
        "district": "士林區",
        "address": "忠誠路2段118巷11弄口",
        "org": "財團法人伊甸社會福利基金會附設臺北市私立八德服務中心"
      }
    },
    {
      "type": "Feature",
      "geometry": {
        "type": "Point",
        "coordinates": [
          121.510337,
          25.088184
        ]
      },
      "properties": {
        "id": "386",
        "city": "臺北市",
        "district": "士林區",
        "address": "社中街39號對面",
        "org": "財團法人伊甸社會福利基金會附設臺北市私立八德服務中心"
      }
    },
    {
      "type": "Feature",
      "geometry": {
        "type": "Point",
        "coordinates": [
          121.506009,
          25.139554
        ]
      },
      "properties": {
        "id": "387",
        "city": "臺北市",
        "district": "北投區",
        "address": "泉源路25號旁",
        "org": "財團法人伊甸社會福利基金會附設臺北市私立八德服務中心"
      }
    },
    {
      "type": "Feature",
      "geometry": {
        "type": "Point",
        "coordinates": [
          121.596736,
          25.084555
        ]
      },
      "properties": {
        "id": "388",
        "city": "臺北市",
        "district": "內湖區",
        "address": "成功路4段234號旁空地對面",
        "org": "財團法人伊甸社會福利基金會附設臺北市私立八德服務中心"
      }
    },
    {
      "type": "Feature",
      "geometry": {
        "type": "Point",
        "coordinates": [
          121.571533,
          25.083492
        ]
      },
      "properties": {
        "id": "389",
        "city": "臺北市",
        "district": "內湖區",
        "address": "內湖路1段411巷62弄斜對面",
        "org": "財團法人伊甸社會福利基金會附設臺北市私立八德服務中心"
      }
    },
    {
      "type": "Feature",
      "geometry": {
        "type": "Point",
        "coordinates": [
          121.621451,
          25.037988
        ]
      },
      "properties": {
        "id": "390",
        "city": "臺北市",
        "district": "南港區",
        "address": "南深路21巷口旁人行道底",
        "org": "財團法人伊甸社會福利基金會附設臺北市私立八德服務中心"
      }
    },
    {
      "type": "Feature",
      "geometry": {
        "type": "Point",
        "coordinates": [
          121.533381,
          25.118518
        ]
      },
      "properties": {
        "id": "391",
        "city": "臺北市",
        "district": "士林區",
        "address": "天母東路43巷4弄口",
        "org": "財團法人伊甸社會福利基金會附設臺北市私立八德服務中心"
      }
    },
    {
      "type": "Feature",
      "geometry": {
        "type": "Point",
        "coordinates": [
          121.533312,
          25.119851
        ]
      },
      "properties": {
        "id": "392",
        "city": "臺北市",
        "district": "士林區",
        "address": "中山北路7段14巷(抽水站面電話亭旁)",
        "org": "財團法人伊甸社會福利基金會附設臺北市私立八德服務中心"
      }
    },
    {
      "type": "Feature",
      "geometry": {
        "type": "Point",
        "coordinates": [
          121.533362,
          25.112505
        ]
      },
      "properties": {
        "id": "393",
        "city": "臺北市",
        "district": "士林區",
        "address": "芝玉路2段88巷2號斜對面",
        "org": "財團法人伊甸社會福利基金會附設臺北市私立八德服務中心"
      }
    },
    {
      "type": "Feature",
      "geometry": {
        "type": "Point",
        "coordinates": [
          121.536461,
          25.101634
        ]
      },
      "properties": {
        "id": "394",
        "city": "臺北市",
        "district": "士林區",
        "address": "至誠路1段62巷12號對面變電箱旁",
        "org": "財團法人伊甸社會福利基金會附設臺北市私立八德服務中心"
      }
    },
    {
      "type": "Feature",
      "geometry": {
        "type": "Point",
        "coordinates": [
          121.528149,
          25.10564
        ]
      },
      "properties": {
        "id": "395",
        "city": "臺北市",
        "district": "士林區",
        "address": "忠誠路1段100巷口（電燈桿旁）",
        "org": "財團法人伊甸社會福利基金會附設臺北市私立八德服務中心"
      }
    },
    {
      "type": "Feature",
      "geometry": {
        "type": "Point",
        "coordinates": [
          121.598478,
          25.057589
        ]
      },
      "properties": {
        "id": "396",
        "city": "臺北市",
        "district": "南港區",
        "address": "重陽路187巷7號斜對面電箱旁",
        "org": "財團法人伊甸社會福利基金會附設臺北市私立八德服務中心"
      }
    },
    {
      "type": "Feature",
      "geometry": {
        "type": "Point",
        "coordinates": [
          121.5991566,
          25.05516306
        ]
      },
      "properties": {
        "id": "397",
        "city": "臺北市",
        "district": "南港區",
        "address": "南港路2段178巷電箱旁",
        "org": "財團法人伊甸社會福利基金會附設臺北市私立八德服務中心"
      }
    },
    {
      "type": "Feature",
      "geometry": {
        "type": "Point",
        "coordinates": [
          121.546554,
          25.059776
        ]
      },
      "properties": {
        "id": "398",
        "city": "臺北市",
        "district": "松山區",
        "address": "民生東路3段113巷25弄13號正對面公園",
        "org": "財團法人伊甸社會福利基金會附設臺北市私立八德服務中心"
      }
    },
    {
      "type": "Feature",
      "geometry": {
        "type": "Point",
        "coordinates": [
          121.608765,
          25.070397
        ]
      },
      "properties": {
        "id": "399",
        "city": "臺北市",
        "district": "內湖區",
        "address": "民權東路6段296巷66-3號對面105號對面",
        "org": "財團法人伊甸社會福利基金會附設臺北市私立八德服務中心"
      }
    },
    {
      "type": "Feature",
      "geometry": {
        "type": "Point",
        "coordinates": [
          121.529823,
          25.1064
        ]
      },
      "properties": {
        "id": "400",
        "city": "臺北市",
        "district": "士林區",
        "address": "忠誠路1段149號",
        "org": "財團法人伊甸社會福利基金會附設臺北市私立八德服務中心"
      }
    },
    {
      "type": "Feature",
      "geometry": {
        "type": "Point",
        "coordinates": [
          121.55742,
          25.025796
        ]
      },
      "properties": {
        "id": "401",
        "city": "臺北市",
        "district": "信義區",
        "address": "信安街83號旁",
        "org": "財團法人伊甸社會福利基金會附設臺北市私立八德服務中心"
      }
    },
    {
      "type": "Feature",
      "geometry": {
        "type": "Point",
        "coordinates": [
          121.540139,
          25.113118
        ]
      },
      "properties": {
        "id": "402",
        "city": "臺北市",
        "district": "士林區",
        "address": "士東路352巷口",
        "org": "財團法人伊甸社會福利基金會附設臺北市私立八德服務中心"
      }
    },
    {
      "type": "Feature",
      "geometry": {
        "type": "Point",
        "coordinates": [
          121.570663,
          25.083403
        ]
      },
      "properties": {
        "id": "403",
        "city": "臺北市",
        "district": "內湖區",
        "address": "內湖路1段387巷17號對面(西湖公園樓梯旁)",
        "org": "財團法人伊甸社會福利基金會附設臺北市私立八德服務中心"
      }
    },
    {
      "type": "Feature",
      "geometry": {
        "type": "Point",
        "coordinates": [
          121.520149,
          25.080141
        ]
      },
      "properties": {
        "id": "404",
        "city": "臺北市",
        "district": "士林區",
        "address": "通河街76巷邊公佈欄",
        "org": "財團法人伊甸社會福利基金會附設臺北市私立八德服務中心"
      }
    },
    {
      "type": "Feature",
      "geometry": {
        "type": "Point",
        "coordinates": [
          121.535879,
          25.111535
        ]
      },
      "properties": {
        "id": "405",
        "city": "臺北市",
        "district": "士林區",
        "address": "德行東路283巷口",
        "org": "財團法人伊甸社會福利基金會附設臺北市私立八德服務中心"
      }
    },
    {
      "type": "Feature",
      "geometry": {
        "type": "Point",
        "coordinates": [
          121.5307767,
          25.01671189
        ]
      },
      "properties": {
        "id": "406",
        "city": "臺北市",
        "district": "中正區",
        "address": "羅斯福路3段244巷10弄1-1號圍牆外變電箱邊",
        "org": "台北市肌萎縮症病友協會"
      }
    },
    {
      "type": "Feature",
      "geometry": {
        "type": "Point",
        "coordinates": [
          121.529344,
          25.02297059
        ]
      },
      "properties": {
        "id": "407",
        "city": "臺北市",
        "district": "大安區",
        "address": "泰順街54巷與龍泉街84號對面變電箱邊",
        "org": "台北市肌萎縮症病友協會"
      }
    },
    {
      "type": "Feature",
      "geometry": {
        "type": "Point",
        "coordinates": [
          121.605836,
          25.05603136
        ]
      },
      "properties": {
        "id": "408",
        "city": "臺北市",
        "district": "南港區",
        "address": "興華路與東明街口(立體停車場變電箱下)",
        "org": "台北市肌萎縮症病友協會"
      }
    },
    {
      "type": "Feature",
      "geometry": {
        "type": "Point",
        "coordinates": [
          121.5597259,
          25.02938034
        ]
      },
      "properties": {
        "id": "409",
        "city": "臺北市",
        "district": "信義區",
        "address": "基隆路2段79巷32號邊",
        "org": "台北市肌萎縮症病友協會"
      }
    },
    {
      "type": "Feature",
      "geometry": {
        "type": "Point",
        "coordinates": [
          121.5771039,
          25.04525387
        ]
      },
      "properties": {
        "id": "410",
        "city": "臺北市",
        "district": "信義區",
        "address": "虎林街75號旁邊路燈桿旁",
        "org": "台北市肌萎縮症病友協會"
      }
    },
    {
      "type": "Feature",
      "geometry": {
        "type": "Point",
        "coordinates": [
          121.5714876,
          25.04352468
        ]
      },
      "properties": {
        "id": "411",
        "city": "臺北市",
        "district": "信義區",
        "address": "永吉路180巷69號對面布告欄邊",
        "org": "台北市肌萎縮症病友協會"
      }
    },
    {
      "type": "Feature",
      "geometry": {
        "type": "Point",
        "coordinates": [
          121.5721152,
          25.04787081
        ]
      },
      "properties": {
        "id": "412",
        "city": "臺北市",
        "district": "信義區",
        "address": "松信路38號對面人行道",
        "org": "台北市肌萎縮症病友協會"
      }
    },
    {
      "type": "Feature",
      "geometry": {
        "type": "Point",
        "coordinates": [
          121.5703626,
          25.04791683
        ]
      },
      "properties": {
        "id": "413",
        "city": "臺北市",
        "district": "信義區",
        "address": "基隆路1段35巷7弄1號旁",
        "org": "台北市肌萎縮症病友協會"
      }
    },
    {
      "type": "Feature",
      "geometry": {
        "type": "Point",
        "coordinates": [
          121.5703923,
          25.02600666
        ]
      },
      "properties": {
        "id": "414",
        "city": "臺北市",
        "district": "信義區",
        "address": "信義路5段150巷38-6號反光鏡下",
        "org": "台北市肌萎縮症病友協會"
      }
    },
    {
      "type": "Feature",
      "geometry": {
        "type": "Point",
        "coordinates": [
          121.5674066,
          25.04340761
        ]
      },
      "properties": {
        "id": "415",
        "city": "臺北市",
        "district": "信義區",
        "address": "忠孝東路5段71巷全聯旁人行道",
        "org": "台北市肌萎縮症病友協會"
      }
    },
    {
      "type": "Feature",
      "geometry": {
        "type": "Point",
        "coordinates": [
          121.5748012,
          25.04739045
        ]
      },
      "properties": {
        "id": "416",
        "city": "臺北市",
        "district": "信義區",
        "address": "虎林街46巷32號對面反光鏡邊人行道",
        "org": "台北市肌萎縮症病友協會"
      }
    },
    {
      "type": "Feature",
      "geometry": {
        "type": "Point",
        "coordinates": [
          121.5674013,
          25.04207934
        ]
      },
      "properties": {
        "id": "417",
        "city": "臺北市",
        "district": "信義區",
        "address": "忠孝東路5段71巷11弄2號對面路燈旁人行道",
        "org": "台北市肌萎縮症病友協會"
      }
    },
    {
      "type": "Feature",
      "geometry": {
        "type": "Point",
        "coordinates": [
          121.5726052,
          25.04226618
        ]
      },
      "properties": {
        "id": "418",
        "city": "臺北市",
        "district": "信義區",
        "address": "忠孝東路5段295巷14號對面圍牆邊",
        "org": "台北市肌萎縮症病友協會"
      }
    },
    {
      "type": "Feature",
      "geometry": {
        "type": "Point",
        "coordinates": [
          121.5680608,
          25.02858024
        ]
      },
      "properties": {
        "id": "419",
        "city": "臺北市",
        "district": "信義區",
        "address": "松仁路202巷2弄36號邊(電信箱)人行道",
        "org": "台北市肌萎縮症病友協會"
      }
    },
    {
      "type": "Feature",
      "geometry": {
        "type": "Point",
        "coordinates": [
          121.5840706,
          25.03860658
        ]
      },
      "properties": {
        "id": "420",
        "city": "臺北市",
        "district": "信義區",
        "address": "中坡南路182號對面電信箱旁人行道",
        "org": "台北市肌萎縮症病友協會"
      }
    },
    {
      "type": "Feature",
      "geometry": {
        "type": "Point",
        "coordinates": [
          121.5784633,
          25.04291947
        ]
      },
      "properties": {
        "id": "421",
        "city": "臺北市",
        "district": "信義區",
        "address": "松山路287巷1-1號對面圍牆邊人行道",
        "org": "台北市肌萎縮症病友協會"
      }
    },
    {
      "type": "Feature",
      "geometry": {
        "type": "Point",
        "coordinates": [
          121.5790728,
          25.03872545
        ]
      },
      "properties": {
        "id": "422",
        "city": "臺北市",
        "district": "信義區",
        "address": "松山路515巷20號對面變電箱邊人行道",
        "org": "台北市肌萎縮症病友協會"
      }
    },
    {
      "type": "Feature",
      "geometry": {
        "type": "Point",
        "coordinates": [
          121.5674756,
          25.02483031
        ]
      },
      "properties": {
        "id": "423",
        "city": "臺北市",
        "district": "信義區",
        "address": "吳興街394巷口對面圍牆變電箱邊",
        "org": "台北市肌萎縮症病友協會"
      }
    },
    {
      "type": "Feature",
      "geometry": {
        "type": "Point",
        "coordinates": [
          121.5540915,
          25.02559243
        ]
      },
      "properties": {
        "id": "424",
        "city": "臺北市",
        "district": "信義區",
        "address": "基隆路2段159巷口右側人行道",
        "org": "台北市肌萎縮症病友協會"
      }
    },
    {
      "type": "Feature",
      "geometry": {
        "type": "Point",
        "coordinates": [
          121.5635863,
          25.02437099
        ]
      },
      "properties": {
        "id": "425",
        "city": "臺北市",
        "district": "信義區",
        "address": "吳興街284巷24弄口1-1號邊",
        "org": "台北市肌萎縮症病友協會"
      }
    },
    {
      "type": "Feature",
      "geometry": {
        "type": "Point",
        "coordinates": [
          121.5601483,
          25.03130973
        ]
      },
      "properties": {
        "id": "426",
        "city": "臺北市",
        "district": "信義區",
        "address": "吳興街44-1號對面路燈邊",
        "org": "台北市肌萎縮症病友協會"
      }
    },
    {
      "type": "Feature",
      "geometry": {
        "type": "Point",
        "coordinates": [
          121.5315601,
          25.01590055
        ]
      },
      "properties": {
        "id": "427",
        "city": "臺北市",
        "district": "中正區",
        "address": "羅斯福路3段284巷與羅斯福路3段316巷9弄口",
        "org": "台北市肌萎縮症病友協會"
      }
    },
    {
      "type": "Feature",
      "geometry": {
        "type": "Point",
        "coordinates": [
          121.5630959,
          25.02340488
        ]
      },
      "properties": {
        "id": "428",
        "city": "臺北市",
        "district": "信義區",
        "address": "吳興街284巷28弄2號對面路燈邊",
        "org": "台北市肌萎縮症病友協會"
      }
    },
    {
      "type": "Feature",
      "geometry": {
        "type": "Point",
        "coordinates": [
          121.5584251,
          25.03002132
        ]
      },
      "properties": {
        "id": "429",
        "city": "臺北市",
        "district": "信義區",
        "address": "基隆路2段79巷1號對面圍牆邊人行道",
        "org": "台北市肌萎縮症病友協會"
      }
    },
    {
      "type": "Feature",
      "geometry": {
        "type": "Point",
        "coordinates": [
          121.5760776,
          25.04812968
        ]
      },
      "properties": {
        "id": "430",
        "city": "臺北市",
        "district": "信義區",
        "address": "虎林街32號邊變電箱與郵筒中間",
        "org": "台北市肌萎縮症病友協會"
      }
    },
    {
      "type": "Feature",
      "geometry": {
        "type": "Point",
        "coordinates": [
          121.5789416,
          25.04208294
        ]
      },
      "properties": {
        "id": "431",
        "city": "臺北市",
        "district": "信義區",
        "address": "忠孝東路5段621巷4號對面路燈邊",
        "org": "台北市肌萎縮症病友協會"
      }
    },
    {
      "type": "Feature",
      "geometry": {
        "type": "Point",
        "coordinates": [
          121.5704324,
          25.04619385
        ]
      },
      "properties": {
        "id": "432",
        "city": "臺北市",
        "district": "信義區",
        "address": "永吉路127巷8號對面人行道",
        "org": "台北市肌萎縮症病友協會"
      }
    },
    {
      "type": "Feature",
      "geometry": {
        "type": "Point",
        "coordinates": [
          121.579099,
          25.0391985
        ]
      },
      "properties": {
        "id": "433",
        "city": "臺北市",
        "district": "信義區",
        "address": "林口街77號對面電信箱邊人行道",
        "org": "台北市肌萎縮症病友協會"
      }
    },
    {
      "type": "Feature",
      "geometry": {
        "type": "Point",
        "coordinates": [
          121.5301501,
          25.02146431
        ]
      },
      "properties": {
        "id": "434",
        "city": "臺北市",
        "district": "大安區",
        "address": "龍泉街93巷與泰順街62巷口(古亭國小人行道週邊)",
        "org": "台北市肌萎縮症病友協會"
      }
    },
    {
      "type": "Feature",
      "geometry": {
        "type": "Point",
        "coordinates": [
          121.5696577,
          25.04487531
        ]
      },
      "properties": {
        "id": "435",
        "city": "臺北市",
        "district": "信義區",
        "address": "永吉路30巷167弄34號路口人行道",
        "org": "台北市肌萎縮症病友協會"
      }
    },
    {
      "type": "Feature",
      "geometry": {
        "type": "Point",
        "coordinates": [
          121.53144,
          25.11882
        ]
      },
      "properties": {
        "id": "436",
        "city": "臺北市",
        "district": "士林區",
        "address": "中山北路7段14巷5弄2號對面",
        "org": "台北市脊髓損傷者協會"
      }
    },
    {
      "type": "Feature",
      "geometry": {
        "type": "Point",
        "coordinates": [
          121.50462,
          25.13084
        ]
      },
      "properties": {
        "id": "437",
        "city": "臺北市",
        "district": "北投區",
        "address": "公館路92巷口",
        "org": "台北市脊髓損傷者協會"
      }
    },
    {
      "type": "Feature",
      "geometry": {
        "type": "Point",
        "coordinates": [
          121.50291,
          25.11936
        ]
      },
      "properties": {
        "id": "438",
        "city": "臺北市",
        "district": "北投區",
        "address": "立農街1段20號對面",
        "org": "台北市脊髓損傷者協會"
      }
    },
    {
      "type": "Feature",
      "geometry": {
        "type": "Point",
        "coordinates": [
          121.53034,
          25.11021
        ]
      },
      "properties": {
        "id": "439",
        "city": "臺北市",
        "district": "士林區",
        "address": "忠誠路2段46號",
        "org": "台北市脊髓損傷者協會"
      }
    },
    {
      "type": "Feature",
      "geometry": {
        "type": "Point",
        "coordinates": [
          121.49859,
          25.13364
        ]
      },
      "properties": {
        "id": "440",
        "city": "臺北市",
        "district": "北投區",
        "address": "大同街88號前牆邊",
        "org": "台北市脊髓損傷者協會"
      }
    },
    {
      "type": "Feature",
      "geometry": {
        "type": "Point",
        "coordinates": [
          121.4983,
          25.13083
        ]
      },
      "properties": {
        "id": "441",
        "city": "臺北市",
        "district": "北投區",
        "address": "大興街23巷25號前",
        "org": "台北市脊髓損傷者協會"
      }
    },
    {
      "type": "Feature",
      "geometry": {
        "type": "Point",
        "coordinates": [
          121.50227,
          25.12374
        ]
      },
      "properties": {
        "id": "442",
        "city": "臺北市",
        "district": "北投區",
        "address": "崇仁路1段155巷2號對面樹旁",
        "org": "台北市脊髓損傷者協會"
      }
    },
    {
      "type": "Feature",
      "geometry": {
        "type": "Point",
        "coordinates": [
          121.5161,
          25.05992
        ]
      },
      "properties": {
        "id": "443",
        "city": "臺北市",
        "district": "大同區",
        "address": "錦西街53巷口旁",
        "org": "台北市脊髓損傷者協會"
      }
    },
    {
      "type": "Feature",
      "geometry": {
        "type": "Point",
        "coordinates": [
          121.51598,
          25.06967
        ]
      },
      "properties": {
        "id": "444",
        "city": "臺北市",
        "district": "大同區",
        "address": "大龍街187巷口",
        "org": "台北市脊髓損傷者協會"
      }
    },
    {
      "type": "Feature",
      "geometry": {
        "type": "Point",
        "coordinates": [
          121.51544,
          25.05771
        ]
      },
      "properties": {
        "id": "445",
        "city": "臺北市",
        "district": "大同區",
        "address": "寧夏路57巷口",
        "org": "台北市脊髓損傷者協會"
      }
    },
    {
      "type": "Feature",
      "geometry": {
        "type": "Point",
        "coordinates": [
          121.60558,
          25.07386
        ]
      },
      "properties": {
        "id": "446",
        "city": "臺北市",
        "district": "內湖區",
        "address": "成功路5段79號前",
        "org": "台北市脊髓損傷者協會"
      }
    },
    {
      "type": "Feature",
      "geometry": {
        "type": "Point",
        "coordinates": [
          121.55342,
          25.04803
        ]
      },
      "properties": {
        "id": "447",
        "city": "臺北市",
        "district": "松山區",
        "address": "八德路3段106巷1號對面公園邊",
        "org": "台北市脊髓損傷者協會"
      }
    },
    {
      "type": "Feature",
      "geometry": {
        "type": "Point",
        "coordinates": [
          121.50643,
          25.04062
        ]
      },
      "properties": {
        "id": "448",
        "city": "臺北市",
        "district": "萬華區",
        "address": "長沙街2段40巷口電信設備邊",
        "org": "台北市脊髓損傷者協會"
      }
    },
    {
      "type": "Feature",
      "geometry": {
        "type": "Point",
        "coordinates": [
          121.5607,
          24.98668
        ]
      },
      "properties": {
        "id": "449",
        "city": "臺北市",
        "district": "文山區",
        "address": "興隆路4段與下崙路口榕樹旁",
        "org": "台北市脊髓損傷者協會"
      }
    },
    {
      "type": "Feature",
      "geometry": {
        "type": "Point",
        "coordinates": [
          121.54129,
          25.00187
        ]
      },
      "properties": {
        "id": "450",
        "city": "臺北市",
        "district": "文山區",
        "address": "景明街14巷口",
        "org": "台北市脊髓損傷者協會"
      }
    },
    {
      "type": "Feature",
      "geometry": {
        "type": "Point",
        "coordinates": [
          121.54389,
          24.99796
        ]
      },
      "properties": {
        "id": "451",
        "city": "臺北市",
        "district": "文山區",
        "address": "景興路10巷7號旁對面",
        "org": "台北市脊髓損傷者協會"
      }
    },
    {
      "type": "Feature",
      "geometry": {
        "type": "Point",
        "coordinates": [
          121.54255,
          25.00054
        ]
      },
      "properties": {
        "id": "452",
        "city": "臺北市",
        "district": "文山區",
        "address": "興隆路1段184巷4弄口公園路燈旁",
        "org": "台北市脊髓損傷者協會"
      }
    },
    {
      "type": "Feature",
      "geometry": {
        "type": "Point",
        "coordinates": [
          121.55586,
          25.0031
        ]
      },
      "properties": {
        "id": "453",
        "city": "臺北市",
        "district": "文山區",
        "address": "辛亥路4段188巷口樹邊",
        "org": "台北市脊髓損傷者協會"
      }
    },
    {
      "type": "Feature",
      "geometry": {
        "type": "Point",
        "coordinates": [
          121.52263,
          25.02796
        ]
      },
      "properties": {
        "id": "454",
        "city": "臺北市",
        "district": "大安區",
        "address": "和平東路1段11巷24號對面",
        "org": "台北市脊髓損傷者協會"
      }
    },
    {
      "type": "Feature",
      "geometry": {
        "type": "Point",
        "coordinates": [
          121.52441,
          25.02726
        ]
      },
      "properties": {
        "id": "455",
        "city": "臺北市",
        "district": "大安區",
        "address": "和平東路1段55巷口(排水溝旁)",
        "org": "台北市脊髓損傷者協會"
      }
    },
    {
      "type": "Feature",
      "geometry": {
        "type": "Point",
        "coordinates": [
          121.5636211,
          25.050645
        ]
      },
      "properties": {
        "id": "466",
        "city": "臺北市",
        "district": "松山區",
        "address": "八德路4段245巷52弄5號旁",
        "org": "臺北市弱勢者發展協會"
      }
    },
    {
      "type": "Feature",
      "geometry": {
        "type": "Point",
        "coordinates": [
          121.5261713,
          25.110267
        ]
      },
      "properties": {
        "id": "467",
        "city": "臺北市",
        "district": "士林區",
        "address": "中山北路6段290巷7弄1號對面",
        "org": "臺北市弱勢者發展協會"
      }
    },
    {
      "type": "Feature",
      "geometry": {
        "type": "Point",
        "coordinates": [
          121.501616,
          25.139518
        ]
      },
      "properties": {
        "id": "468",
        "city": "臺北市",
        "district": "北投區",
        "address": "中和街232號旁",
        "org": "臺北市弱勢者發展協會"
      }
    },
    {
      "type": "Feature",
      "geometry": {
        "type": "Point",
        "coordinates": [
          121.505685,
          25.141864
        ]
      },
      "properties": {
        "id": "469",
        "city": "臺北市",
        "district": "北投區",
        "address": "珠海路105號對面 ",
        "org": "臺北市弱勢者發展協會"
      }
    },
    {
      "type": "Feature",
      "geometry": {
        "type": "Point",
        "coordinates": [
          121.5671472,
          25.062348
        ]
      },
      "properties": {
        "id": "470",
        "city": "臺北市",
        "district": "松山區",
        "address": "富錦街562巷1號對面",
        "org": "臺北市弱勢者發展協會"
      }
    },
    {
      "type": "Feature",
      "geometry": {
        "type": "Point",
        "coordinates": [
          121.5477077,
          25.0514782
        ]
      },
      "properties": {
        "id": "471",
        "city": "臺北市",
        "district": "松山區",
        "address": "南京東路3段338巷與敦化北路4巷(交通管制箱旁)",
        "org": "臺北市弱勢者發展協會"
      }
    },
    {
      "type": "Feature",
      "geometry": {
        "type": "Point",
        "coordinates": [
          121.5458759,
          25.0533855
        ]
      },
      "properties": {
        "id": "472",
        "city": "臺北市",
        "district": "松山區",
        "address": "南京東路3段303巷7弄7號對面",
        "org": "臺北市弱勢者發展協會"
      }
    },
    {
      "type": "Feature",
      "geometry": {
        "type": "Point",
        "coordinates": [
          121.5440581,
          25.0492947
        ]
      },
      "properties": {
        "id": "473",
        "city": "臺北市",
        "district": "松山區",
        "address": "復興北路17巷交叉口",
        "org": "臺北市弱勢者發展協會"
      }
    },
    {
      "type": "Feature",
      "geometry": {
        "type": "Point",
        "coordinates": [
          121.5455589,
          25.0500981
        ]
      },
      "properties": {
        "id": "474",
        "city": "臺北市",
        "district": "松山區",
        "address": "敦化北路4巷31號對面",
        "org": "臺北市弱勢者發展協會"
      }
    },
    {
      "type": "Feature",
      "geometry": {
        "type": "Point",
        "coordinates": [
          121.5549643,
          25.052111
        ]
      },
      "properties": {
        "id": "475",
        "city": "臺北市",
        "district": "松山區",
        "address": "南京東路4段131號旁",
        "org": "臺北市弱勢者發展協會"
      }
    },
    {
      "type": "Feature",
      "geometry": {
        "type": "Point",
        "coordinates": [
          121.5549643,
          25.052111
        ]
      },
      "properties": {
        "id": "476",
        "city": "臺北市",
        "district": "松山區",
        "address": "南京東路4段179巷5號前",
        "org": "臺北市弱勢者發展協會"
      }
    },
    {
      "type": "Feature",
      "geometry": {
        "type": "Point",
        "coordinates": [
          121.5552813,
          25.05318161
        ]
      },
      "properties": {
        "id": "477",
        "city": "臺北市",
        "district": "松山區",
        "address": "長春路454號旁",
        "org": "臺北市弱勢者發展協會"
      }
    },
    {
      "type": "Feature",
      "geometry": {
        "type": "Point",
        "coordinates": [
          121.5607527,
          25.050976
        ]
      },
      "properties": {
        "id": "478",
        "city": "臺北市",
        "district": "松山區",
        "address": "南京東路5段66巷4號旁",
        "org": "臺北市弱勢者發展協會"
      }
    },
    {
      "type": "Feature",
      "geometry": {
        "type": "Point",
        "coordinates": [
          121.566375,
          25.055613
        ]
      },
      "properties": {
        "id": "479",
        "city": "臺北市",
        "district": "松山區",
        "address": "健康路325巷7號前",
        "org": "臺北市弱勢者發展協會"
      }
    },
    {
      "type": "Feature",
      "geometry": {
        "type": "Point",
        "coordinates": [
          121.5683801,
          25.055396
        ]
      },
      "properties": {
        "id": "480",
        "city": "臺北市",
        "district": "松山區",
        "address": "健康路325巷6弄27號對面",
        "org": "臺北市弱勢者發展協會"
      }
    },
    {
      "type": "Feature",
      "geometry": {
        "type": "Point",
        "coordinates": [
          121.5657575,
          25.050802
        ]
      },
      "properties": {
        "id": "481",
        "city": "臺北市",
        "district": "松山區",
        "address": "南京東路5段250巷3之2號旁",
        "org": "臺北市弱勢者發展協會"
      }
    },
    {
      "type": "Feature",
      "geometry": {
        "type": "Point",
        "coordinates": [
          121.5580777,
          25.047378
        ]
      },
      "properties": {
        "id": "482",
        "city": "臺北市",
        "district": "松山區",
        "address": "光復南路17巷1號前",
        "org": "臺北市弱勢者發展協會"
      }
    },
    {
      "type": "Feature",
      "geometry": {
        "type": "Point",
        "coordinates": [
          121.554673,
          25.052621
        ]
      },
      "properties": {
        "id": "483",
        "city": "臺北市",
        "district": "松山區",
        "address": "南京東路4段120巷19弄口",
        "org": "臺北市弱勢者發展協會"
      }
    },
    {
      "type": "Feature",
      "geometry": {
        "type": "Point",
        "coordinates": [
          121.5561155,
          25.049535
        ]
      },
      "properties": {
        "id": "484",
        "city": "臺北市",
        "district": "松山區",
        "address": "八德路3段155巷20弄15號對面",
        "org": "臺北市弱勢者發展協會"
      }
    },
    {
      "type": "Feature",
      "geometry": {
        "type": "Point",
        "coordinates": [
          121.5535306,
          25.049187
        ]
      },
      "properties": {
        "id": "485",
        "city": "臺北市",
        "district": "松山區",
        "address": "八德路3段99巷12號對面公廁旁",
        "org": "臺北市弱勢者發展協會"
      }
    },
    {
      "type": "Feature",
      "geometry": {
        "type": "Point",
        "coordinates": [
          121.5508631,
          25.046531
        ]
      },
      "properties": {
        "id": "486",
        "city": "臺北市",
        "district": "松山區",
        "address": "八德路3段12巷51弄1號對面",
        "org": "臺北市弱勢者發展協會"
      }
    },
    {
      "type": "Feature",
      "geometry": {
        "type": "Point",
        "coordinates": [
          121.5496701,
          25.046426
        ]
      },
      "properties": {
        "id": "487",
        "city": "臺北市",
        "district": "松山區",
        "address": "八德路3段12巷52弄30號旁",
        "org": "臺北市弱勢者發展協會"
      }
    },
    {
      "type": "Feature",
      "geometry": {
        "type": "Point",
        "coordinates": [
          121.5530541,
          25.02906218
        ]
      },
      "properties": {
        "id": "488",
        "city": "臺北市",
        "district": "大安區",
        "address": "樂利路27巷1號對面",
        "org": "臺北市弱勢者發展協會"
      }
    },
    {
      "type": "Feature",
      "geometry": {
        "type": "Point",
        "coordinates": [
          121.5665527,
          25.06137134
        ]
      },
      "properties": {
        "id": "489",
        "city": "臺北市",
        "district": "松山區",
        "address": "新東街33號對面",
        "org": "臺北市弱勢者發展協會"
      }
    },
    {
      "type": "Feature",
      "geometry": {
        "type": "Point",
        "coordinates": [
          121.5681334,
          25.05956321
        ]
      },
      "properties": {
        "id": "490",
        "city": "臺北市",
        "district": "松山區",
        "address": "民生東路5段234號旁",
        "org": "臺北市弱勢者發展協會"
      }
    },
    {
      "type": "Feature",
      "geometry": {
        "type": "Point",
        "coordinates": [
          121.5485335,
          24.99927731
        ]
      },
      "properties": {
        "id": "491",
        "city": "臺北市",
        "district": "文山區",
        "address": "景華街177巷4-1號旁",
        "org": "臺北市弱勢者發展協會"
      }
    },
    {
      "type": "Feature",
      "geometry": {
        "type": "Point",
        "coordinates": [
          121.52839,
          25.12234
        ]
      },
      "properties": {
        "id": "492",
        "city": "臺北市",
        "district": "士林區",
        "address": "中山北路7段81巷45號旁",
        "org": "臺北市弱勢者發展協會"
      }
    },
    {
      "type": "Feature",
      "geometry": {
        "type": "Point",
        "coordinates": [
          121.547364,
          24.99654593
        ]
      },
      "properties": {
        "id": "493",
        "city": "臺北市",
        "district": "文山區",
        "address": "景華街121巷7弄2號旁",
        "org": "臺北市弱勢者發展協會"
      }
    },
    {
      "type": "Feature",
      "geometry": {
        "type": "Point",
        "coordinates": [
          121.55936,
          25.035389
        ]
      },
      "properties": {
        "id": "494",
        "city": "臺北市",
        "district": "松山區",
        "address": "健康路182號對面（長壽公園）",
        "org": "臺北市弱勢者發展協會"
      }
    },
    {
      "type": "Feature",
      "geometry": {
        "type": "Point",
        "coordinates": [
          121.56186,
          25.05315
        ]
      },
      "properties": {
        "id": "495",
        "city": "臺北市",
        "district": "松山區",
        "address": "南京東路5段123巷6弄24號對面",
        "org": "臺北市弱勢者發展協會"
      }
    },
    {
      "type": "Feature",
      "geometry": {
        "type": "Point",
        "coordinates": [
          121.2454968,
          25.06435211
        ]
      },
      "properties": {
        "id": "496",
        "city": "臺北市",
        "district": "松山區",
        "address": "五常街370號對面空地榕樹前",
        "org": "臺北市視障藝文發展協會"
      }
    },
    {
      "type": "Feature",
      "geometry": {
        "type": "Point",
        "coordinates": [
          121.5598711,
          25.04982541
        ]
      },
      "properties": {
        "id": "497",
        "city": "臺北市",
        "district": "松山區",
        "address": "南京東路5段66巷22弄與光復北路11巷50號旁巷口路燈下",
        "org": "臺北市視障藝文發展協會"
      }
    },
    {
      "type": "Feature",
      "geometry": {
        "type": "Point",
        "coordinates": [
          121.5513762,
          25.0547216
        ]
      },
      "properties": {
        "id": "498",
        "city": "臺北市",
        "district": "松山區",
        "address": "敦化北路155巷66弄與165巷交叉口",
        "org": "臺北市視障藝文發展協會"
      }
    },
    {
      "type": "Feature",
      "geometry": {
        "type": "Point",
        "coordinates": [
          121.5436923,
          25.0659441
        ]
      },
      "properties": {
        "id": "499",
        "city": "臺北市",
        "district": "中山區",
        "address": "復興北路514巷10號旁",
        "org": "臺北市視障藝文發展協會"
      }
    },
    {
      "type": "Feature",
      "geometry": {
        "type": "Point",
        "coordinates": [
          121.5331895,
          25.0535862
        ]
      },
      "properties": {
        "id": "500",
        "city": "臺北市",
        "district": "中山區",
        "address": "松江路127號與四平街口變電箱旁",
        "org": "臺北市視障藝文發展協會"
      }
    },
    {
      "type": "Feature",
      "geometry": {
        "type": "Point",
        "coordinates": [
          121.5365104,
          25.0536014
        ]
      },
      "properties": {
        "id": "502",
        "city": "臺北市",
        "district": "中山區",
        "address": "建國北路2段與四平街口",
        "org": "臺北市視障藝文發展協會"
      }
    },
    {
      "type": "Feature",
      "geometry": {
        "type": "Point",
        "coordinates": [
          121.5349775,
          25.0547531
        ]
      },
      "properties": {
        "id": "503",
        "city": "臺北市",
        "district": "中山區",
        "address": "伊通街與長春路電箱下",
        "org": "臺北市視障藝文發展協會"
      }
    },
    {
      "type": "Feature",
      "geometry": {
        "type": "Point",
        "coordinates": [
          121.5435139,
          25.0546696
        ]
      },
      "properties": {
        "id": "504",
        "city": "臺北市",
        "district": "中山區",
        "address": "長春路327巷口",
        "org": "臺北市視障藝文發展協會"
      }
    },
    {
      "type": "Feature",
      "geometry": {
        "type": "Point",
        "coordinates": [
          121.5465559,
          25.0604801
        ]
      },
      "properties": {
        "id": "505",
        "city": "臺北市",
        "district": "松山區",
        "address": "復興北路361巷30號對面中山國中圍牆邊",
        "org": "臺北市視障藝文發展協會"
      }
    },
    {
      "type": "Feature",
      "geometry": {
        "type": "Point",
        "coordinates": [
          121.5534606,
          25.0226568
        ]
      },
      "properties": {
        "id": "506",
        "city": "臺北市",
        "district": "大安區",
        "address": "嘉興街319號對面電箱旁",
        "org": "臺北市視障藝文發展協會"
      }
    },
    {
      "type": "Feature",
      "geometry": {
        "type": "Point",
        "coordinates": [
          121.5554823,
          25.0285201
        ]
      },
      "properties": {
        "id": "507",
        "city": "臺北市",
        "district": "大安區",
        "address": "臨江街40巷59號旁",
        "org": "臺北市視障藝文發展協會"
      }
    },
    {
      "type": "Feature",
      "geometry": {
        "type": "Point",
        "coordinates": [
          121.5542089,
          25.0291894
        ]
      },
      "properties": {
        "id": "508",
        "city": "臺北市",
        "district": "大安區",
        "address": "通化街123巷2號旁",
        "org": "臺北市視障藝文發展協會"
      }
    },
    {
      "type": "Feature",
      "geometry": {
        "type": "Point",
        "coordinates": [
          121.5411254,
          25.0660051
        ]
      },
      "properties": {
        "id": "509",
        "city": "臺北市",
        "district": "中山區",
        "address": "復興北路514巷66號對面電箱旁",
        "org": "臺北市視障藝文發展協會"
      }
    },
    {
      "type": "Feature",
      "geometry": {
        "type": "Point",
        "coordinates": [
          121.5545134,
          25.0233576
        ]
      },
      "properties": {
        "id": "510",
        "city": "臺北市",
        "district": "信義區",
        "address": "崇德街38巷27號旁",
        "org": "臺北市視障藝文發展協會"
      }
    },
    {
      "type": "Feature",
      "geometry": {
        "type": "Point",
        "coordinates": [
          121.541106,
          25.0675789
        ]
      },
      "properties": {
        "id": "511",
        "city": "臺北市",
        "district": "中山區",
        "address": "龍江路457巷口",
        "org": "臺北市視障藝文發展協會"
      }
    },
    {
      "type": "Feature",
      "geometry": {
        "type": "Point",
        "coordinates": [
          121.4908307,
          25.0312399
        ]
      },
      "properties": {
        "id": "512",
        "city": "臺北市",
        "district": "萬華區",
        "address": "環河南路2段與長順街口",
        "org": "臺北市視障藝文發展協會"
      }
    },
    {
      "type": "Feature",
      "geometry": {
        "type": "Point",
        "coordinates": [
          121.5461308,
          25.0342449
        ]
      },
      "properties": {
        "id": "513",
        "city": "臺北市",
        "district": "大安區",
        "address": "大安路1段235號旁",
        "org": "臺北市視障藝文發展協會"
      }
    },
    {
      "type": "Feature",
      "geometry": {
        "type": "Point",
        "coordinates": [
          121.5678386,
          25.0651988
        ]
      },
      "properties": {
        "id": "514",
        "city": "臺北市",
        "district": "松山區",
        "address": "撫遠街389巷口樹下",
        "org": "臺北市視障藝文發展協會"
      }
    },
    {
      "type": "Feature",
      "geometry": {
        "type": "Point",
        "coordinates": [
          121.5647178,
          25.0635227
        ]
      },
      "properties": {
        "id": "515",
        "city": "臺北市",
        "district": "松山區",
        "address": "民權東路5段1號與撫遠街376-400巷口",
        "org": "臺北市視障藝文發展協會"
      }
    },
    {
      "type": "Feature",
      "geometry": {
        "type": "Point",
        "coordinates": [
          121.5800621,
          25.0448066
        ]
      },
      "properties": {
        "id": "516",
        "city": "臺北市",
        "district": "信義區",
        "address": "永吉路502巷3號旁",
        "org": "臺北市視障藝文發展協會"
      }
    },
    {
      "type": "Feature",
      "geometry": {
        "type": "Point",
        "coordinates": [
          121.5662326,
          25.0493418
        ]
      },
      "properties": {
        "id": "517",
        "city": "臺北市",
        "district": "松山區",
        "address": "八德路4段289之4號對面",
        "org": "臺北市視障藝文發展協會"
      }
    },
    {
      "type": "Feature",
      "geometry": {
        "type": "Point",
        "coordinates": [
          121.5245926,
          25.1008998
        ]
      },
      "properties": {
        "id": "518",
        "city": "臺北市",
        "district": "士林區",
        "address": "中山北路5段811巷(福國路15巷停車場旁)",
        "org": "臺北市視障藝文發展協會"
      }
    },
    {
      "type": "Feature",
      "geometry": {
        "type": "Point",
        "coordinates": [
          121.5222481,
          25.1028882
        ]
      },
      "properties": {
        "id": "519",
        "city": "臺北市",
        "district": "士林區",
        "address": "福華路141巷2號前電線桿下",
        "org": "臺北市視障藝文發展協會"
      }
    },
    {
      "type": "Feature",
      "geometry": {
        "type": "Point",
        "coordinates": [
          121.5360153,
          25.03419927
        ]
      },
      "properties": {
        "id": "520",
        "city": "臺北市",
        "district": "大安區",
        "address": "新生南路1段165巷35號斜對面",
        "org": "臺北市視障藝文發展協會"
      }
    },
    {
      "type": "Feature",
      "geometry": {
        "type": "Point",
        "coordinates": [
          121.534456,
          25.048934
        ]
      },
      "properties": {
        "id": "521",
        "city": "臺北市",
        "district": "大安區",
        "address": "延吉街131巷1弄34號對面",
        "org": "臺北市視障藝文發展協會"
      }
    },
    {
      "type": "Feature",
      "geometry": {
        "type": "Point",
        "coordinates": [
          121.534994,
          25.05065
        ]
      },
      "properties": {
        "id": "522",
        "city": "臺北市",
        "district": "大安區",
        "address": "大安路1段19巷24號旁",
        "org": "臺北市視障藝文發展協會"
      }
    },
    {
      "type": "Feature",
      "geometry": {
        "type": "Point",
        "coordinates": [
          121.54219,
          25.06714
        ]
      },
      "properties": {
        "id": "523",
        "city": "臺北市",
        "district": "信義區",
        "address": "信安街149號旁",
        "org": "臺北市視障藝文發展協會"
      }
    },
    {
      "type": "Feature",
      "geometry": {
        "type": "Point",
        "coordinates": [
          121.54122,
          25.06321
        ]
      },
      "properties": {
        "id": "524",
        "city": "臺北市",
        "district": "信義區",
        "address": "和平東路3段509巷4號公佈欄",
        "org": "臺北市視障藝文發展協會"
      }
    },
    {
      "type": "Feature",
      "geometry": {
        "type": "Point",
        "coordinates": [
          121.582258,
          25.079034
        ]
      },
      "properties": {
        "id": "525",
        "city": "臺北市",
        "district": "大安區",
        "address": "光復南路420巷1弄口",
        "org": "臺北市視障藝文發展協會"
      }
    },
    {
      "type": "Feature",
      "geometry": {
        "type": "Point",
        "coordinates": [
          121.5055183,
          25.03141798
        ]
      },
      "properties": {
        "id": "526",
        "city": "臺北市",
        "district": "中正區",
        "address": "莒光路44號旁小公園",
        "org": "台北市角落關懷協會"
      }
    },
    {
      "type": "Feature",
      "geometry": {
        "type": "Point",
        "coordinates": [
          121.5150643,
          25.05933633
        ]
      },
      "properties": {
        "id": "527",
        "city": "臺北市",
        "district": "大同區",
        "address": "寧夏路89號大同分局對面電箱旁",
        "org": "台北市角落關懷協會"
      }
    },
    {
      "type": "Feature",
      "geometry": {
        "type": "Point",
        "coordinates": [
          121.5105993,
          25.05295416
        ]
      },
      "properties": {
        "id": "528",
        "city": "臺北市",
        "district": "大同區",
        "address": "甘谷街44號前路燈下",
        "org": "台北市角落關懷協會"
      }
    },
    {
      "type": "Feature",
      "geometry": {
        "type": "Point",
        "coordinates": [
          121.5636841,
          25.04330178
        ]
      },
      "properties": {
        "id": "529",
        "city": "臺北市",
        "district": "信義區",
        "address": "忠孝東路4段559巷與基隆路1段172巷交叉口人行道",
        "org": "台北市角落關懷協會"
      }
    },
    {
      "type": "Feature",
      "geometry": {
        "type": "Point",
        "coordinates": [
          121.5687607,
          25.0451275
        ]
      },
      "properties": {
        "id": "530",
        "city": "臺北市",
        "district": "信義區",
        "address": "永吉路30巷12弄5號",
        "org": "台北市角落關懷協會"
      }
    },
    {
      "type": "Feature",
      "geometry": {
        "type": "Point",
        "coordinates": [
          121.5757024,
          25.03876751
        ]
      },
      "properties": {
        "id": "531",
        "city": "臺北市",
        "district": "信義區",
        "address": "虎林街164巷28號對面中全公園",
        "org": "台北市角落關懷協會"
      }
    },
    {
      "type": "Feature",
      "geometry": {
        "type": "Point",
        "coordinates": [
          121.5689214,
          25.0256186
        ]
      },
      "properties": {
        "id": "532",
        "city": "臺北市",
        "district": "信義區",
        "address": "松仁路228巷口",
        "org": "台北市角落關懷協會"
      }
    },
    {
      "type": "Feature",
      "geometry": {
        "type": "Point",
        "coordinates": [
          121.5792451,
          25.03941365
        ]
      },
      "properties": {
        "id": "533",
        "city": "臺北市",
        "district": "信義區",
        "address": "林口街82號公園前人行道",
        "org": "台北市角落關懷協會"
      }
    },
    {
      "type": "Feature",
      "geometry": {
        "type": "Point",
        "coordinates": [
          121.6190723,
          25.04327415
        ]
      },
      "properties": {
        "id": "534",
        "city": "臺北市",
        "district": "南港區",
        "address": "舊莊街1段145巷底公園",
        "org": "台北市角落關懷協會"
      }
    },
    {
      "type": "Feature",
      "geometry": {
        "type": "Point",
        "coordinates": [
          121.6010577,
          25.05732291
        ]
      },
      "properties": {
        "id": "535",
        "city": "臺北市",
        "district": "南港區",
        "address": "重陽路166巷口",
        "org": "台北市角落關懷協會"
      }
    },
    {
      "type": "Feature",
      "geometry": {
        "type": "Point",
        "coordinates": [
          121.6166367,
          25.04315727
        ]
      },
      "properties": {
        "id": "536",
        "city": "臺北市",
        "district": "南港區",
        "address": "研究院路2段61巷3弄口",
        "org": "台北市角落關懷協會"
      }
    },
    {
      "type": "Feature",
      "geometry": {
        "type": "Point",
        "coordinates": [
          121.5411667,
          25.0426684
        ]
      },
      "properties": {
        "id": "537",
        "city": "臺北市",
        "district": "大安區",
        "address": "忠孝東路3段251巷6弄底誠安公園圍牆旁",
        "org": "台北市角落關懷協會"
      }
    },
    {
      "type": "Feature",
      "geometry": {
        "type": "Point",
        "coordinates": [
          121.5749544,
          25.0196588
        ]
      },
      "properties": {
        "id": "538",
        "city": "臺北市",
        "district": "大安區",
        "address": "安居街55號旁",
        "org": "台北市角落關懷協會"
      }
    },
    {
      "type": "Feature",
      "geometry": {
        "type": "Point",
        "coordinates": [
          121.5518977,
          25.01827756
        ]
      },
      "properties": {
        "id": "539",
        "city": "臺北市",
        "district": "大安區",
        "address": "安居街121號之1",
        "org": "台北市角落關懷協會"
      }
    },
    {
      "type": "Feature",
      "geometry": {
        "type": "Point",
        "coordinates": [
          121.5630116,
          25.02999655
        ]
      },
      "properties": {
        "id": "540",
        "city": "臺北市",
        "district": "信義區",
        "address": "莊敬路239巷12號對面(1弄路口) ",
        "org": "台北市角落關懷協會"
      }
    },
    {
      "type": "Feature",
      "geometry": {
        "type": "Point",
        "coordinates": [
          121.5593489,
          25.0282149
        ]
      },
      "properties": {
        "id": "541",
        "city": "臺北市",
        "district": "信義區",
        "address": "吳興街156巷61號對面人行道",
        "org": "台北市角落關懷協會"
      }
    },
    {
      "type": "Feature",
      "geometry": {
        "type": "Point",
        "coordinates": [
          121.5076462,
          25.027939
        ]
      },
      "properties": {
        "id": "542",
        "city": "臺北市",
        "district": "中正區",
        "address": "南海路103號",
        "org": "台北市角落關懷協會"
      }
    },
    {
      "type": "Feature",
      "geometry": {
        "type": "Point",
        "coordinates": [
          121.549008,
          25.02394715
        ]
      },
      "properties": {
        "id": "543",
        "city": "臺北市",
        "district": "大安區",
        "address": "敦化南路2段293巷人行道旁",
        "org": "台北市角落關懷協會"
      }
    },
    {
      "type": "Feature",
      "geometry": {
        "type": "Point",
        "coordinates": [
          121.5505222,
          25.03028417
        ]
      },
      "properties": {
        "id": "544",
        "city": "臺北市",
        "district": "大安區",
        "address": "敦化南路2段81巷45弄3號旁",
        "org": "台北市角落關懷協會"
      }
    },
    {
      "type": "Feature",
      "geometry": {
        "type": "Point",
        "coordinates": [
          121.5769105,
          25.07630276
        ]
      },
      "properties": {
        "id": "545",
        "city": "臺北市",
        "district": "內湖區",
        "address": "江南街107巷口",
        "org": "台北市角落關懷協會"
      }
    },
    {
      "type": "Feature",
      "geometry": {
        "type": "Point",
        "coordinates": [
          121.5219738,
          25.07944746
        ]
      },
      "properties": {
        "id": "546",
        "city": "臺北市",
        "district": "士林區",
        "address": "承德路4段5臨之2對面人行道",
        "org": "台北市角落關懷協會"
      }
    },
    {
      "type": "Feature",
      "geometry": {
        "type": "Point",
        "coordinates": [
          121.5212944,
          25.07900072
        ]
      },
      "properties": {
        "id": "547",
        "city": "臺北市",
        "district": "士林區",
        "address": "承德路4段6巷口承德橋下橋墩",
        "org": "台北市角落關懷協會"
      }
    },
    {
      "type": "Feature",
      "geometry": {
        "type": "Point",
        "coordinates": [
          121.5503413,
          25.03351807
        ]
      },
      "properties": {
        "id": "548",
        "city": "臺北市",
        "district": "大安區",
        "address": "仁愛路4段122巷底與信義路4段",
        "org": "台北市角落關懷協會"
      }
    },
    {
      "type": "Feature",
      "geometry": {
        "type": "Point",
        "coordinates": [
          121.5582503,
          25.02706951
        ]
      },
      "properties": {
        "id": "549",
        "city": "臺北市",
        "district": "信義區",
        "address": "信安街50號對面公園轉角",
        "org": "台北市角落關懷協會"
      }
    },
    {
      "type": "Feature",
      "geometry": {
        "type": "Point",
        "coordinates": [
          121.5606099,
          25.02772426
        ]
      },
      "properties": {
        "id": "550",
        "city": "臺北市",
        "district": "信義區",
        "address": "信安街底吳興街156巷33弄交叉口",
        "org": "台北市角落關懷協會"
      }
    },
    {
      "type": "Feature",
      "geometry": {
        "type": "Point",
        "coordinates": [
          121.5597628,
          25.02836377
        ]
      },
      "properties": {
        "id": "551",
        "city": "臺北市",
        "district": "信義區",
        "address": "吳興街156巷40弄2號對面公園轉角",
        "org": "台北市角落關懷協會"
      }
    },
    {
      "type": "Feature",
      "geometry": {
        "type": "Point",
        "coordinates": [
          121.5817863,
          25.0434328
        ]
      },
      "properties": {
        "id": "556",
        "city": "臺北市",
        "district": "南港區",
        "address": "中坡南路49巷口公園前(號誌控制器旁)",
        "org": "台北市行無礙資源推廣協會"
      }
    },
    {
      "type": "Feature",
      "geometry": {
        "type": "Point",
        "coordinates": [
          121.5114951,
          25.0526212
        ]
      },
      "properties": {
        "id": "557",
        "city": "臺北市",
        "district": "大同區",
        "address": "太原路183巷口牆邊",
        "org": "台北市行無礙資源推廣協會"
      }
    },
    {
      "type": "Feature",
      "geometry": {
        "type": "Point",
        "coordinates": [
          121.5688763,
          25.0445638
        ]
      },
      "properties": {
        "id": "558",
        "city": "臺北市",
        "district": "信義區",
        "address": "永吉路182號(永吉路及永吉路180巷交叉口)人行道",
        "org": "台北市行無礙資源推廣協會"
      }
    },
    {
      "type": "Feature",
      "geometry": {
        "type": "Point",
        "coordinates": [
          121.527398,
          25.0178461
        ]
      },
      "properties": {
        "id": "560",
        "city": "臺北市",
        "district": "中正區",
        "address": "羅斯福路3段210巷8弄口變電箱下",
        "org": "台北市行無礙資源推廣協會"
      }
    },
    {
      "type": "Feature",
      "geometry": {
        "type": "Point",
        "coordinates": [
          121.5729721,
          25.0354791
        ]
      },
      "properties": {
        "id": "561",
        "city": "臺北市",
        "district": "信義區",
        "address": "信義路6段15巷18弄6號對面路燈邊",
        "org": "台北市行無礙資源推廣協會"
      }
    },
    {
      "type": "Feature",
      "geometry": {
        "type": "Point",
        "coordinates": [
          121.5530789,
          25.024157
        ]
      },
      "properties": {
        "id": "562",
        "city": "臺北市",
        "district": "信義區",
        "address": "崇德街96號對面變電箱旁人行道",
        "org": "台北市行無礙資源推廣協會"
      }
    },
    {
      "type": "Feature",
      "geometry": {
        "type": "Point",
        "coordinates": [
          121.5664653,
          25.0434755
        ]
      },
      "properties": {
        "id": "563",
        "city": "臺北市",
        "district": "南港區",
        "address": "興南街與興南街64巷口",
        "org": "台北市行無礙資源推廣協會"
      }
    },
    {
      "type": "Feature",
      "geometry": {
        "type": "Point",
        "coordinates": [
          121.574472,
          25.0353861
        ]
      },
      "properties": {
        "id": "564",
        "city": "臺北市",
        "district": "信義區",
        "address": "信義路6段63號邊",
        "org": "台北市行無礙資源推廣協會"
      }
    },
    {
      "type": "Feature",
      "geometry": {
        "type": "Point",
        "coordinates": [
          121.6124163,
          25.0358873
        ]
      },
      "properties": {
        "id": "565",
        "city": "臺北市",
        "district": "南港區",
        "address": "研究院路3段68巷口永思橋邊",
        "org": "台北市行無礙資源推廣協會"
      }
    },
    {
      "type": "Feature",
      "geometry": {
        "type": "Point",
        "coordinates": [
          121.6016023,
          25.0559428
        ]
      },
      "properties": {
        "id": "566",
        "city": "臺北市",
        "district": "南港區",
        "address": "興南街60巷27號對面變電箱邊",
        "org": "台北市行無礙資源推廣協會"
      }
    },
    {
      "type": "Feature",
      "geometry": {
        "type": "Point",
        "coordinates": [
          121.6172259,
          25.0429748
        ]
      },
      "properties": {
        "id": "567",
        "city": "臺北市",
        "district": "南港區",
        "address": "大坑街與合順街口(56號電線桿邊)",
        "org": "台北市行無礙資源推廣協會"
      }
    },
    {
      "type": "Feature",
      "geometry": {
        "type": "Point",
        "coordinates": [
          121.5589576,
          25.0235593
        ]
      },
      "properties": {
        "id": "568",
        "city": "臺北市",
        "district": "信義區",
        "address": "吳興街284巷22弄92號(黎雙公園)人行道",
        "org": "台北市行無礙資源推廣協會"
      }
    },
    {
      "type": "Feature",
      "geometry": {
        "type": "Point",
        "coordinates": [
          121.5208319,
          25.0178702
        ]
      },
      "properties": {
        "id": "569",
        "city": "臺北市",
        "district": "中正區",
        "address": "水源路35巷與33巷口(守望相助亭)",
        "org": "台北市行無礙資源推廣協會"
      }
    },
    {
      "type": "Feature",
      "geometry": {
        "type": "Point",
        "coordinates": [
          121.4922135,
          25.0506739
        ]
      },
      "properties": {
        "id": "570",
        "city": "臺北市",
        "district": "南港區",
        "address": "東新街6-7號(玉東親民園旁)",
        "org": "台北市行無礙資源推廣協會"
      }
    },
    {
      "type": "Feature",
      "geometry": {
        "type": "Point",
        "coordinates": [
          121.5720024,
          25.04478115
        ]
      },
      "properties": {
        "id": "571",
        "city": "臺北市",
        "district": "信義區",
        "address": "松信路96號邊變電箱",
        "org": "台北市行無礙資源推廣協會"
      }
    },
    {
      "type": "Feature",
      "geometry": {
        "type": "Point",
        "coordinates": [
          121.5611034,
          25.0300084
        ]
      },
      "properties": {
        "id": "572",
        "city": "臺北市",
        "district": "信義區",
        "address": "吳興街118號旁",
        "org": "台北市行無礙資源推廣協會"
      }
    },
    {
      "type": "Feature",
      "geometry": {
        "type": "Point",
        "coordinates": [
          121.580695,
          25.051602
        ]
      },
      "properties": {
        "id": "573",
        "city": "臺北市",
        "district": "南港區",
        "address": "南港路3段338號",
        "org": "台北市行無礙資源推廣協會"
      }
    },
    {
      "type": "Feature",
      "geometry": {
        "type": "Point",
        "coordinates": [
          121.6137571,
          25.04752903
        ]
      },
      "properties": {
        "id": "574",
        "city": "臺北市",
        "district": "南港區",
        "address": "研究院路2段12巷57弄口",
        "org": "台北市行無礙資源推廣協會"
      }
    },
    {
      "type": "Feature",
      "geometry": {
        "type": "Point",
        "coordinates": [
          121.56633,
          25.00061
        ]
      },
      "properties": {
        "id": "575",
        "city": "臺北市",
        "district": "文山區",
        "address": "萬利街4號旁",
        "org": "台北市行無礙資源推廣協會"
      }
    },
    {
      "type": "Feature",
      "geometry": {
        "type": "Point",
        "coordinates": [
          121.51344,
          25.02614
        ]
      },
      "properties": {
        "id": "576",
        "city": "臺北市",
        "district": "中正區",
        "address": "詔安街157號對面",
        "org": "台北市行無礙資源推廣協會"
      }
    },
    {
      "type": "Feature",
      "geometry": {
        "type": "Point",
        "coordinates": [
          121.602339,
          25.086977
        ]
      },
      "properties": {
        "id": "577",
        "city": "臺北市",
        "district": "內湖區",
        "address": "大湖山莊街151巷底（土地公廟前）",
        "org": "台北市行無礙資源推廣協會"
      }
    },
    {
      "type": "Feature",
      "geometry": {
        "type": "Point",
        "coordinates": [
          121.58226,
          25.07905
        ]
      },
      "properties": {
        "id": "578",
        "city": "臺北市",
        "district": "內湖區",
        "address": "文德路73號（內湖路2段122巷）",
        "org": "台北市行無礙資源推廣協會"
      }
    },
    {
      "type": "Feature",
      "geometry": {
        "type": "Point",
        "coordinates": [
          121.5655036,
          25.00338594
        ]
      },
      "properties": {
        "id": "579",
        "city": "臺北市",
        "district": "文山區",
        "address": "萬寧街36巷公車站牌旁",
        "org": "台北市行無礙資源推廣協會"
      }
    },
    {
      "type": "Feature",
      "geometry": {
        "type": "Point",
        "coordinates": [
          121.5250743,
          25.0492709
        ]
      },
      "properties": {
        "id": "586",
        "city": "臺北市",
        "district": "中山區",
        "address": "長安東路1段35號旁電箱",
        "org": "台北市彩虹心服務協會"
      }
    },
    {
      "type": "Feature",
      "geometry": {
        "type": "Point",
        "coordinates": [
          121.5282827,
          25.0495641
        ]
      },
      "properties": {
        "id": "587",
        "city": "臺北市",
        "district": "中山區",
        "address": "新生北路1段108之2號",
        "org": "台北市彩虹心服務協會"
      }
    },
    {
      "type": "Feature",
      "geometry": {
        "type": "Point",
        "coordinates": [
          121.5271385,
          25.0513809
        ]
      },
      "properties": {
        "id": "588",
        "city": "臺北市",
        "district": "中山區",
        "address": "南京東路1段132巷和林森北路159巷交叉口",
        "org": "台北市彩虹心服務協會"
      }
    },
    {
      "type": "Feature",
      "geometry": {
        "type": "Point",
        "coordinates": [
          121.518163,
          25.05367384
        ]
      },
      "properties": {
        "id": "589",
        "city": "臺北市",
        "district": "大同區",
        "address": "承德路2段1巷6號 (建成公園邊)",
        "org": "台北市彩虹心服務協會"
      }
    },
    {
      "type": "Feature",
      "geometry": {
        "type": "Point",
        "coordinates": [
          121.5106933,
          25.0626881
        ]
      },
      "properties": {
        "id": "590",
        "city": "臺北市",
        "district": "大同區",
        "address": "延平北路圓環邊(延平北路2段286之1號對面)",
        "org": "台北市彩虹心服務協會"
      }
    },
    {
      "type": "Feature",
      "geometry": {
        "type": "Point",
        "coordinates": [
          121.510113,
          25.0605492
        ]
      },
      "properties": {
        "id": "591",
        "city": "臺北市",
        "district": "大同區",
        "address": "涼州街96號對面電箱旁",
        "org": "台北市彩虹心服務協會"
      }
    },
    {
      "type": "Feature",
      "geometry": {
        "type": "Point",
        "coordinates": [
          121.5107495,
          25.0588863
        ]
      },
      "properties": {
        "id": "592",
        "city": "臺北市",
        "district": "大同區",
        "address": "民樂街167巷電線桿旁(大稻埕公園邊)",
        "org": "台北市彩虹心服務協會"
      }
    },
    {
      "type": "Feature",
      "geometry": {
        "type": "Point",
        "coordinates": [
          121.5182509,
          25.0726536
        ]
      },
      "properties": {
        "id": "593",
        "city": "臺北市",
        "district": "大同區",
        "address": "哈密街68巷電箱旁",
        "org": "台北市彩虹心服務協會"
      }
    },
    {
      "type": "Feature",
      "geometry": {
        "type": "Point",
        "coordinates": [
          121.517366,
          25.074519
        ]
      },
      "properties": {
        "id": "594",
        "city": "臺北市",
        "district": "大同區",
        "address": "哈密街45巷11號對面轉角",
        "org": "台北市彩虹心服務協會"
      }
    },
    {
      "type": "Feature",
      "geometry": {
        "type": "Point",
        "coordinates": [
          121.5117501,
          25.0712351
        ]
      },
      "properties": {
        "id": "595",
        "city": "臺北市",
        "district": "大同區",
        "address": "迪化街2段290號對面邊",
        "org": "台北市彩虹心服務協會"
      }
    },
    {
      "type": "Feature",
      "geometry": {
        "type": "Point",
        "coordinates": [
          121.5128535,
          25.0712118
        ]
      },
      "properties": {
        "id": "596",
        "city": "臺北市",
        "district": "大同區",
        "address": "重慶北路3段252巷20號的對面電箱",
        "org": "台北市彩虹心服務協會"
      }
    },
    {
      "type": "Feature",
      "geometry": {
        "type": "Point",
        "coordinates": [
          121.5121573,
          25.0551549
        ]
      },
      "properties": {
        "id": "597",
        "city": "臺北市",
        "district": "大同區",
        "address": "延平北路2段43巷內",
        "org": "台北市彩虹心服務協會"
      }
    },
    {
      "type": "Feature",
      "geometry": {
        "type": "Point",
        "coordinates": [
          121.513789,
          25.055275
        ]
      },
      "properties": {
        "id": "598",
        "city": "臺北市",
        "district": "大同區",
        "address": "重慶北路2段46巷6號旁",
        "org": "台北市彩虹心服務協會"
      }
    },
    {
      "type": "Feature",
      "geometry": {
        "type": "Point",
        "coordinates": [
          121.5118846,
          25.0732643
        ]
      },
      "properties": {
        "id": "599",
        "city": "臺北市",
        "district": "大同區",
        "address": "迪化街2段364巷25弄口對面牆邊",
        "org": "台北市彩虹心服務協會"
      }
    },
    {
      "type": "Feature",
      "geometry": {
        "type": "Point",
        "coordinates": [
          121.5150251,
          25.0583613
        ]
      },
      "properties": {
        "id": "600",
        "city": "臺北市",
        "district": "大同區",
        "address": "寧夏路84號旁牆邊",
        "org": "台北市彩虹心服務協會"
      }
    },
    {
      "type": "Feature",
      "geometry": {
        "type": "Point",
        "coordinates": [
          121.5346587,
          25.0395531
        ]
      },
      "properties": {
        "id": "601",
        "city": "臺北市",
        "district": "大安區",
        "address": "仁愛路3段5巷3弄18號對面公園",
        "org": "台北市彩虹心服務協會"
      }
    },
    {
      "type": "Feature",
      "geometry": {
        "type": "Point",
        "coordinates": [
          121.5083284,
          25.0543784
        ]
      },
      "properties": {
        "id": "602",
        "city": "臺北市",
        "district": "大同區",
        "address": "貴德街45號路燈下",
        "org": "台北市彩虹心服務協會"
      }
    },
    {
      "type": "Feature",
      "geometry": {
        "type": "Point",
        "coordinates": [
          121.5209737,
          25.0260892
        ]
      },
      "properties": {
        "id": "603",
        "city": "臺北市",
        "district": "中正區",
        "address": "晉江街4巷4號對面",
        "org": "台北市彩虹心服務協會"
      }
    },
    {
      "type": "Feature",
      "geometry": {
        "type": "Point",
        "coordinates": [
          121.5211868,
          25.0247523
        ]
      },
      "properties": {
        "id": "604",
        "city": "臺北市",
        "district": "中正區",
        "address": "同安街28巷10號牆邊",
        "org": "台北市彩虹心服務協會"
      }
    },
    {
      "type": "Feature",
      "geometry": {
        "type": "Point",
        "coordinates": [
          121.5203241,
          25.0264846
        ]
      },
      "properties": {
        "id": "605",
        "city": "臺北市",
        "district": "中正區",
        "address": "和平西路1段36號旁",
        "org": "台北市彩虹心服務協會"
      }
    },
    {
      "type": "Feature",
      "geometry": {
        "type": "Point",
        "coordinates": [
          121.5218662,
          25.0246998
        ]
      },
      "properties": {
        "id": "606",
        "city": "臺北市",
        "district": "中正區",
        "address": "牯嶺街95巷與同安街28巷交叉口（聖道堂電箱旁)",
        "org": "台北市彩虹心服務協會"
      }
    },
    {
      "type": "Feature",
      "geometry": {
        "type": "Point",
        "coordinates": [
          121.5085854,
          25.05773809
        ]
      },
      "properties": {
        "id": "607",
        "city": "臺北市",
        "district": "大同區",
        "address": "民生西路423巷25號",
        "org": "台北市彩虹心服務協會"
      }
    },
    {
      "type": "Feature",
      "geometry": {
        "type": "Point",
        "coordinates": [
          121.5499082,
          25.0211526
        ]
      },
      "properties": {
        "id": "608",
        "city": "臺北市",
        "district": "大安區",
        "address": "樂業街72巷27號對面",
        "org": "台北市彩虹心服務協會"
      }
    },
    {
      "type": "Feature",
      "geometry": {
        "type": "Point",
        "coordinates": [
          121.499,
          25.05465
        ]
      },
      "properties": {
        "id": "692",
        "city": "臺北市",
        "district": "大安區",
        "address": "文昌街210巷8號旁",
        "org": "台北市中風之友康復協會"
      }
    },
    {
      "type": "Feature",
      "geometry": {
        "type": "Point",
        "coordinates": [
          121.50868,
          25.05716
        ]
      },
      "properties": {
        "id": "609",
        "city": "臺北市",
        "district": "大同區",
        "address": "民生西路與民生西路423巷機車停車位旁",
        "org": "台北市彩虹心服務協會"
      }
    },
    {
      "type": "Feature",
      "geometry": {
        "type": "Point",
        "coordinates": [
          121.5097347,
          25.0769768
        ]
      },
      "properties": {
        "id": "610",
        "city": "臺北市",
        "district": "大同區",
        "address": "敦煌路205號旁邊的電箱旁",
        "org": "台北市彩虹心服務協會"
      }
    },
    {
      "type": "Feature",
      "geometry": {
        "type": "Point",
        "coordinates": [
          121.5229668,
          25.0215092
        ]
      },
      "properties": {
        "id": "616",
        "city": "臺北市",
        "district": "中正區",
        "address": "金門街26號旁",
        "org": "台北市史懷哲慈善會"
      }
    },
    {
      "type": "Feature",
      "geometry": {
        "type": "Point",
        "coordinates": [
          121.5672382,
          25.0512375
        ]
      },
      "properties": {
        "id": "617",
        "city": "臺北市",
        "district": "松山區",
        "address": "南京東路5段286號旁",
        "org": "台北市史懷哲慈善會"
      }
    },
    {
      "type": "Feature",
      "geometry": {
        "type": "Point",
        "coordinates": [
          121.5673864,
          25.0493015
        ]
      },
      "properties": {
        "id": "618",
        "city": "臺北市",
        "district": "松山區",
        "address": "八德路4段335號旁",
        "org": "台北市史懷哲慈善會"
      }
    },
    {
      "type": "Feature",
      "geometry": {
        "type": "Point",
        "coordinates": [
          121.5537145,
          25.0518553
        ]
      },
      "properties": {
        "id": "619",
        "city": "臺北市",
        "district": "松山區",
        "address": "南京東路4段77號旁",
        "org": "台北市史懷哲慈善會"
      }
    },
    {
      "type": "Feature",
      "geometry": {
        "type": "Point",
        "coordinates": [
          121.566007,
          25.0571903
        ]
      },
      "properties": {
        "id": "620",
        "city": "臺北市",
        "district": "松山區",
        "address": "延壽街101號前",
        "org": "台北市史懷哲慈善會"
      }
    },
    {
      "type": "Feature",
      "geometry": {
        "type": "Point",
        "coordinates": [
          121.5655173,
          25.05578756
        ]
      },
      "properties": {
        "id": "621",
        "city": "臺北市",
        "district": "松山區",
        "address": "延壽街72巷8-3號對面",
        "org": "台北市史懷哲慈善會"
      }
    },
    {
      "type": "Feature",
      "geometry": {
        "type": "Point",
        "coordinates": [
          121.5187992,
          25.07117957
        ]
      },
      "properties": {
        "id": "622",
        "city": "臺北市",
        "district": "大同區",
        "address": "承德路3段247巷口",
        "org": "台北市史懷哲慈善會"
      }
    },
    {
      "type": "Feature",
      "geometry": {
        "type": "Point",
        "coordinates": [
          121.5562475,
          25.04783581
        ]
      },
      "properties": {
        "id": "623",
        "city": "臺北市",
        "district": "松山區",
        "address": "八德路3段194號旁",
        "org": "台北市史懷哲慈善會"
      }
    },
    {
      "type": "Feature",
      "geometry": {
        "type": "Point",
        "coordinates": [
          121.5453418,
          24.99634127
        ]
      },
      "properties": {
        "id": "624",
        "city": "臺北市",
        "district": "文山區",
        "address": "景興路67巷8號對面",
        "org": "台北市史懷哲慈善會"
      }
    },
    {
      "type": "Feature",
      "geometry": {
        "type": "Point",
        "coordinates": [
          121.616243,
          25.0768464
        ]
      },
      "properties": {
        "id": "625",
        "city": "臺北市",
        "district": "內湖區",
        "address": "安泰街125巷口對面山壁邊",
        "org": "台北市史懷哲慈善會"
      }
    },
    {
      "type": "Feature",
      "geometry": {
        "type": "Point",
        "coordinates": [
          121.5378415,
          25.08515117
        ]
      },
      "properties": {
        "id": "626",
        "city": "臺北市",
        "district": "中山區",
        "address": "通北街143號公布欄旁",
        "org": "台北市史懷哲慈善會"
      }
    },
    {
      "type": "Feature",
      "geometry": {
        "type": "Point",
        "coordinates": [
          121.537675,
          25.08356112
        ]
      },
      "properties": {
        "id": "627",
        "city": "臺北市",
        "district": "中山區",
        "address": "通北街124巷",
        "org": "台北市史懷哲慈善會"
      }
    },
    {
      "type": "Feature",
      "geometry": {
        "type": "Point",
        "coordinates": [
          121.5244556,
          25.03928033
        ]
      },
      "properties": {
        "id": "628",
        "city": "臺北市",
        "district": "中正區",
        "address": "丹陽街16號前變電箱旁",
        "org": "台北市史懷哲慈善會"
      }
    },
    {
      "type": "Feature",
      "geometry": {
        "type": "Point",
        "coordinates": [
          121.6170571,
          25.0527313
        ]
      },
      "properties": {
        "id": "646",
        "city": "臺北市",
        "district": "南港區",
        "address": "研究院路1段65巷12號正前方小公園角落",
        "org": "臺北市私立育成裕民發展中心"
      }
    },
    {
      "type": "Feature",
      "geometry": {
        "type": "Point",
        "coordinates": [
          121.4935674,
          25.1449043
        ]
      },
      "properties": {
        "id": "647",
        "city": "臺北市",
        "district": "北投區",
        "address": "中和街525巷口公告欄旁",
        "org": "臺北市私立育成裕民發展中心"
      }
    },
    {
      "type": "Feature",
      "geometry": {
        "type": "Point",
        "coordinates": [
          121.4989677,
          25.1404884
        ]
      },
      "properties": {
        "id": "648",
        "city": "臺北市",
        "district": "北投區",
        "address": "文化3路101號後側欄杆旁",
        "org": "臺北市私立育成裕民發展中心"
      }
    },
    {
      "type": "Feature",
      "geometry": {
        "type": "Point",
        "coordinates": [
          121.5198448,
          25.1142362
        ]
      },
      "properties": {
        "id": "649",
        "city": "臺北市",
        "district": "北投區",
        "address": "榮華3路與懷德街口",
        "org": "臺北市私立育成裕民發展中心"
      }
    },
    {
      "type": "Feature",
      "geometry": {
        "type": "Point",
        "coordinates": [
          121.5532873,
          25.0345287
        ]
      },
      "properties": {
        "id": "650",
        "city": "臺北市",
        "district": "大安區",
        "address": "安和路1段127巷14號旁",
        "org": "臺北市私立育成裕民發展中心"
      }
    },
    {
      "type": "Feature",
      "geometry": {
        "type": "Point",
        "coordinates": [
          121.5524581,
          25.0282723
        ]
      },
      "properties": {
        "id": "651",
        "city": "臺北市",
        "district": "大安區",
        "address": "樂利路11巷32號通化街交會處",
        "org": "臺北市私立育成裕民發展中心"
      }
    },
    {
      "type": "Feature",
      "geometry": {
        "type": "Point",
        "coordinates": [
          121.5515993,
          25.0385566
        ]
      },
      "properties": {
        "id": "652",
        "city": "臺北市",
        "district": "大安區",
        "address": "安和路1段49巷9號旁邊",
        "org": "臺北市私立育成裕民發展中心"
      }
    },
    {
      "type": "Feature",
      "geometry": {
        "type": "Point",
        "coordinates": [
          121.54566,
          25.02101
        ]
      },
      "properties": {
        "id": "653",
        "city": "臺北市",
        "district": "大安區",
        "address": "辛亥路3段55號(大安運動中心前)",
        "org": "臺北市私立育成裕民發展中心"
      }
    },
    {
      "type": "Feature",
      "geometry": {
        "type": "Point",
        "coordinates": [
          121.5481575,
          25.0461643
        ]
      },
      "properties": {
        "id": "654",
        "city": "臺北市",
        "district": "松山區",
        "address": "敦化南路1段100巷9號對面",
        "org": "臺北市私立育成裕民發展中心"
      }
    },
    {
      "type": "Feature",
      "geometry": {
        "type": "Point",
        "coordinates": [
          121.5505246,
          25.0164726
        ]
      },
      "properties": {
        "id": "655",
        "city": "臺北市",
        "district": "大安區",
        "address": "臥龍街188巷42-3號對面臥龍公園角落旁",
        "org": "臺北市私立育成裕民發展中心"
      }
    },
    {
      "type": "Feature",
      "geometry": {
        "type": "Point",
        "coordinates": [
          121.5063954,
          25.1160225
        ]
      },
      "properties": {
        "id": "656",
        "city": "臺北市",
        "district": "北投區",
        "address": "承德路7段280巷6弄7號對面",
        "org": "臺北市私立育成裕民發展中心"
      }
    },
    {
      "type": "Feature",
      "geometry": {
        "type": "Point",
        "coordinates": [
          121.54795,
          25.02388
        ]
      },
      "properties": {
        "id": "657",
        "city": "臺北市",
        "district": "大安區",
        "address": "敦化南路2段172巷8弄5號",
        "org": "臺北市私立育成裕民發展中心"
      }
    },
    {
      "type": "Feature",
      "geometry": {
        "type": "Point",
        "coordinates": [
          121.5049317,
          25.1181241
        ]
      },
      "properties": {
        "id": "658",
        "city": "臺北市",
        "district": "北投區",
        "address": "吉利街58巷2號對面",
        "org": "臺北市私立育成裕民發展中心"
      }
    },
    {
      "type": "Feature",
      "geometry": {
        "type": "Point",
        "coordinates": [
          121.5509903,
          25.023667
        ]
      },
      "properties": {
        "id": "659",
        "city": "臺北市",
        "district": "大安區",
        "address": "臥龍街199號里公告欄旁",
        "org": "臺北市私立育成裕民發展中心"
      }
    },
    {
      "type": "Feature",
      "geometry": {
        "type": "Point",
        "coordinates": [
          121.5472593,
          24.9849761
        ]
      },
      "properties": {
        "id": "660",
        "city": "臺北市",
        "district": "文山區",
        "address": "和興街44巷口",
        "org": "臺北市私立育成裕民發展中心"
      }
    },
    {
      "type": "Feature",
      "geometry": {
        "type": "Point",
        "coordinates": [
          121.5417948,
          24.9975095
        ]
      },
      "properties": {
        "id": "661",
        "city": "臺北市",
        "district": "文山區",
        "address": "羅斯福路6段159巷9號3福街交叉口",
        "org": "臺北市私立育成裕民發展中心"
      }
    },
    {
      "type": "Feature",
      "geometry": {
        "type": "Point",
        "coordinates": [
          121.5631899,
          24.9845849
        ]
      },
      "properties": {
        "id": "662",
        "city": "臺北市",
        "district": "文山區",
        "address": "忠順街2段22號超市旁",
        "org": "臺北市私立育成裕民發展中心"
      }
    },
    {
      "type": "Feature",
      "geometry": {
        "type": "Point",
        "coordinates": [
          121.5381326,
          24.9996702
        ]
      },
      "properties": {
        "id": "663",
        "city": "臺北市",
        "district": "文山區",
        "address": "景福街54巷5弄2號旁",
        "org": "臺北市私立育成裕民發展中心"
      }
    },
    {
      "type": "Feature",
      "geometry": {
        "type": "Point",
        "coordinates": [
          121.549533,
          25.035417
        ]
      },
      "properties": {
        "id": "664",
        "city": "臺北市",
        "district": "士林區",
        "address": "陽明山仰德大道1段91巷旁",
        "org": "臺北市私立育成裕民發展中心"
      }
    },
    {
      "type": "Feature",
      "geometry": {
        "type": "Point",
        "coordinates": [
          121.5476449,
          25.0214904
        ]
      },
      "properties": {
        "id": "665",
        "city": "臺北市",
        "district": "大安區",
        "address": "臥龍街62號對面",
        "org": "臺北市私立育成裕民發展中心"
      }
    },
    {
      "type": "Feature",
      "geometry": {
        "type": "Point",
        "coordinates": [
          121.5145524,
          25.0290388
        ]
      },
      "properties": {
        "id": "667",
        "city": "臺北市",
        "district": "中正區",
        "address": "泉州街39號對面",
        "org": "臺北市私立育成裕民發展中心"
      }
    },
    {
      "type": "Feature",
      "geometry": {
        "type": "Point",
        "coordinates": [
          121.5280237,
          25.0418913
        ]
      },
      "properties": {
        "id": "668",
        "city": "臺北市",
        "district": "中正區",
        "address": "齊東街66號前(齊東公園外圍電箱旁)",
        "org": "臺北市私立育成裕民發展中心"
      }
    },
    {
      "type": "Feature",
      "geometry": {
        "type": "Point",
        "coordinates": [
          121.5672339,
          25.057665
        ]
      },
      "properties": {
        "id": "669",
        "city": "臺北市",
        "district": "松山區",
        "address": "民生東路5段260巷25號對面",
        "org": "臺北市私立育成裕民發展中心"
      }
    },
    {
      "type": "Feature",
      "geometry": {
        "type": "Point",
        "coordinates": [
          121.5216489,
          25.1115323
        ]
      },
      "properties": {
        "id": "670",
        "city": "臺北市",
        "district": "北投區",
        "address": "明德路188巷口電機箱旁",
        "org": "臺北市私立育成裕民發展中心"
      }
    },
    {
      "type": "Feature",
      "geometry": {
        "type": "Point",
        "coordinates": [
          121.5435799,
          25.02201
        ]
      },
      "properties": {
        "id": "671",
        "city": "臺北市",
        "district": "大安區",
        "address": "復興南路2段389號旁",
        "org": "臺北市私立育成裕民發展中心"
      }
    },
    {
      "type": "Feature",
      "geometry": {
        "type": "Point",
        "coordinates": [
          121.5506688,
          25.0286952
        ]
      },
      "properties": {
        "id": "672",
        "city": "臺北市",
        "district": "大安區",
        "address": "安和路2段141號前",
        "org": "臺北市私立育成裕民發展中心"
      }
    },
    {
      "type": "Feature",
      "geometry": {
        "type": "Point",
        "coordinates": [
          121.5174381,
          25.0705895
        ]
      },
      "properties": {
        "id": "673",
        "city": "臺北市",
        "district": "大同區",
        "address": "承德路3段208巷17號巷口路燈下",
        "org": "臺北市私立育成裕民發展中心"
      }
    },
    {
      "type": "Feature",
      "geometry": {
        "type": "Point",
        "coordinates": [
          121.50142,
          25.02336
        ]
      },
      "properties": {
        "id": "674",
        "city": "臺北市",
        "district": "萬華區",
        "address": "長泰街2號",
        "org": "臺北市私立育成裕民發展中心"
      }
    },
    {
      "type": "Feature",
      "geometry": {
        "type": "Point",
        "coordinates": [
          121.56068,
          25.10815
        ]
      },
      "properties": {
        "id": "675",
        "city": "臺北市",
        "district": "士林區",
        "address": "中社路1段61巷公車站旁",
        "org": "臺北市私立育成裕民發展中心"
      }
    },
    {
      "type": "Feature",
      "geometry": {
        "type": "Point",
        "coordinates": [
          121.508,
          25.0534
        ]
      },
      "properties": {
        "id": "676",
        "city": "臺北市",
        "district": "大同區",
        "address": "南京西路293巷旁",
        "org": "台北市中風之友康復協會"
      }
    },
    {
      "type": "Feature",
      "geometry": {
        "type": "Point",
        "coordinates": [
          121.5179,
          25.0278
        ]
      },
      "properties": {
        "id": "677",
        "city": "臺北市",
        "district": "中正區",
        "address": "牯嶺街60巷口旁人行道",
        "org": "台北市中風之友康復協會"
      }
    },
    {
      "type": "Feature",
      "geometry": {
        "type": "Point",
        "coordinates": [
          121.426,
          25.0294
        ]
      },
      "properties": {
        "id": "679",
        "city": "臺北市",
        "district": "大安區",
        "address": "仁愛路4段48巷與大安路1段175巷口",
        "org": "台北市中風之友康復協會"
      }
    },
    {
      "type": "Feature",
      "geometry": {
        "type": "Point",
        "coordinates": [
          121.488,
          25.0293
        ]
      },
      "properties": {
        "id": "680",
        "city": "臺北市",
        "district": "中正區",
        "address": "南昌路2段1巷口",
        "org": "台北市中風之友康復協會"
      }
    },
    {
      "type": "Feature",
      "geometry": {
        "type": "Point",
        "coordinates": [
          121.488,
          25.0292
        ]
      },
      "properties": {
        "id": "681",
        "city": "臺北市",
        "district": "中正區",
        "address": "南昌路2段42巷口",
        "org": "台北市中風之友康復協會"
      }
    },
    {
      "type": "Feature",
      "geometry": {
        "type": "Point",
        "coordinates": [
          121.506,
          25.0291
        ]
      },
      "properties": {
        "id": "682",
        "city": "臺北市",
        "district": "中正區",
        "address": "汀州路1段與三元街口",
        "org": "台北市中風之友康復協會"
      }
    },
    {
      "type": "Feature",
      "geometry": {
        "type": "Point",
        "coordinates": [
          121.576,
          25.0465
        ]
      },
      "properties": {
        "id": "683",
        "city": "臺北市",
        "district": "信義區",
        "address": "永吉路491巷9弄32號對面",
        "org": "台北市中風之友康復協會"
      }
    },
    {
      "type": "Feature",
      "geometry": {
        "type": "Point",
        "coordinates": [
          121.566,
          25.0464
        ]
      },
      "properties": {
        "id": "684",
        "city": "臺北市",
        "district": "信義區",
        "address": "中坡北路與松山路119巷口",
        "org": "台北市中風之友康復協會"
      }
    },
    {
      "type": "Feature",
      "geometry": {
        "type": "Point",
        "coordinates": [
          121.522,
          25.023
        ]
      },
      "properties": {
        "id": "685",
        "city": "臺北市",
        "district": "大安區",
        "address": "?州街18-3號對面",
        "org": "台北市中風之友康復協會"
      }
    },
    {
      "type": "Feature",
      "geometry": {
        "type": "Point",
        "coordinates": [
          121.557,
          24.9896
        ]
      },
      "properties": {
        "id": "686",
        "city": "臺北市",
        "district": "文山區",
        "address": "興隆路4段57巷口",
        "org": "台北市中風之友康復協會"
      }
    },
    {
      "type": "Feature",
      "geometry": {
        "type": "Point",
        "coordinates": [
          121.544,
          24.9873
        ]
      },
      "properties": {
        "id": "687",
        "city": "臺北市",
        "district": "文山區",
        "address": "木柵路2段109巷25弄口",
        "org": "台北市中風之友康復協會"
      }
    },
    {
      "type": "Feature",
      "geometry": {
        "type": "Point",
        "coordinates": [
          121.552,
          24.9873
        ]
      },
      "properties": {
        "id": "688",
        "city": "臺北市",
        "district": "文山區",
        "address": "光輝路132號對面巷口",
        "org": "台北市中風之友康復協會"
      }
    },
    {
      "type": "Feature",
      "geometry": {
        "type": "Point",
        "coordinates": [
          121.551,
          24.9982
        ]
      },
      "properties": {
        "id": "689",
        "city": "臺北市",
        "district": "文山區",
        "address": "興隆路3段與興德路口",
        "org": "台北市中風之友康復協會"
      }
    },
    {
      "type": "Feature",
      "geometry": {
        "type": "Point",
        "coordinates": [
          121.375,
          25.055
        ]
      },
      "properties": {
        "id": "690",
        "city": "臺北市",
        "district": "文山區",
        "address": "景中街與景後街口",
        "org": "台北市中風之友康復協會"
      }
    },
    {
      "type": "Feature",
      "geometry": {
        "type": "Point",
        "coordinates": [
          121.499,
          25.0547
        ]
      },
      "properties": {
        "id": "691",
        "city": "臺北市",
        "district": "中山區",
        "address": "遼寧街右轉龍江路155巷口路燈桿與機車停車格間",
        "org": "台北市中風之友康復協會"
      }
    },
    {
      "type": "Feature",
      "geometry": {
        "type": "Point",
        "coordinates": [
          121.537,
          25.0545
        ]
      },
      "properties": {
        "id": "693",
        "city": "臺北市",
        "district": "中山區",
        "address": "長春路258巷2弄口",
        "org": "台北市中風之友康復協會"
      }
    },
    {
      "type": "Feature",
      "geometry": {
        "type": "Point",
        "coordinates": [
          121.524,
          25.0399
        ]
      },
      "properties": {
        "id": "694",
        "city": "臺北市",
        "district": "中正區",
        "address": "臨沂街8巷口",
        "org": "台北市中風之友康復協會"
      }
    },
    {
      "type": "Feature",
      "geometry": {
        "type": "Point",
        "coordinates": [
          121.5213,
          25.0406
        ]
      },
      "properties": {
        "id": "695",
        "city": "臺北市",
        "district": "中正區",
        "address": "濟南路2段與臨沂街口",
        "org": "台北市中風之友康復協會"
      }
    },
    {
      "type": "Feature",
      "geometry": {
        "type": "Point",
        "coordinates": [
          121.527,
          25.0391
        ]
      },
      "properties": {
        "id": "696",
        "city": "臺北市",
        "district": "中正區",
        "address": "濟南路2段與忠東路2段134巷口",
        "org": "台北市中風之友康復協會"
      }
    },
    {
      "type": "Feature",
      "geometry": {
        "type": "Point",
        "coordinates": [
          121.527,
          25.03917
        ]
      },
      "properties": {
        "id": "697",
        "city": "臺北市",
        "district": "中正區",
        "address": "濟南路2段62巷與120巷口",
        "org": "台北市中風之友康復協會"
      }
    },
    {
      "type": "Feature",
      "geometry": {
        "type": "Point",
        "coordinates": [
          121.527,
          25.0391
        ]
      },
      "properties": {
        "id": "698",
        "city": "臺北市",
        "district": "中正區",
        "address": "仁愛路2段65巷與臨沂街45巷",
        "org": "台北市中風之友康復協會"
      }
    },
    {
      "type": "Feature",
      "geometry": {
        "type": "Point",
        "coordinates": [
          121.539,
          25.0525
        ]
      },
      "properties": {
        "id": "699",
        "city": "臺北市",
        "district": "中山區",
        "address": "興安街與遼寧街口",
        "org": "台北市中風之友康復協會"
      }
    },
    {
      "type": "Feature",
      "geometry": {
        "type": "Point",
        "coordinates": [
          121.527,
          25.0527
        ]
      },
      "properties": {
        "id": "700",
        "city": "臺北市",
        "district": "大安區",
        "address": "和平東路1段188巷口前",
        "org": "台北市中風之友康復協會"
      }
    },
    {
      "type": "Feature",
      "geometry": {
        "type": "Point",
        "coordinates": [
          121.5855001,
          25.0695766
        ]
      },
      "properties": {
        "id": "726",
        "city": "臺北市",
        "district": "內湖區",
        "address": "民權東路6段47巷10弄口(電箱旁)",
        "org": "臺北市惠盲教育學會"
      }
    },
    {
      "type": "Feature",
      "geometry": {
        "type": "Point",
        "coordinates": [
          121.5239058,
          25.1115703
        ]
      },
      "properties": {
        "id": "727",
        "city": "臺北市",
        "district": "士林區",
        "address": "中山北路6段346號對面公園電箱旁",
        "org": "臺北市惠盲教育學會"
      }
    },
    {
      "type": "Feature",
      "geometry": {
        "type": "Point",
        "coordinates": [
          121.5484866,
          25.0895785
        ]
      },
      "properties": {
        "id": "728",
        "city": "臺北市",
        "district": "士林區",
        "address": "中山北路7段14巷19號左邊電信箱旁",
        "org": "臺北市惠盲教育學會"
      }
    },
    {
      "type": "Feature",
      "geometry": {
        "type": "Point",
        "coordinates": [
          121.530881,
          25.1197448
        ]
      },
      "properties": {
        "id": "729",
        "city": "臺北市",
        "district": "士林區",
        "address": "中山北路7段14巷41號對面兩支電桿中間",
        "org": "臺北市惠盲教育學會"
      }
    },
    {
      "type": "Feature",
      "geometry": {
        "type": "Point",
        "coordinates": [
          121.5305459,
          25.1320806
        ]
      },
      "properties": {
        "id": "730",
        "city": "臺北市",
        "district": "士林區",
        "address": "中山北路7段219巷口",
        "org": "臺北市惠盲教育學會"
      }
    },
    {
      "type": "Feature",
      "geometry": {
        "type": "Point",
        "coordinates": [
          121.5174043,
          25.081648
        ]
      },
      "properties": {
        "id": "731",
        "city": "臺北市",
        "district": "士林區",
        "address": "通河街179巷1號右邊電信箱旁 ",
        "org": "臺北市惠盲教育學會"
      }
    },
    {
      "type": "Feature",
      "geometry": {
        "type": "Point",
        "coordinates": [
          121.5626824,
          25.0829989
        ]
      },
      "properties": {
        "id": "732",
        "city": "臺北市",
        "district": "內湖區",
        "address": "內湖路1段225巷",
        "org": "臺北市惠盲教育學會"
      }
    },
    {
      "type": "Feature",
      "geometry": {
        "type": "Point",
        "coordinates": [
          121.5877617,
          25.0707111
        ]
      },
      "properties": {
        "id": "733",
        "city": "臺北市",
        "district": "內湖區",
        "address": "成功路2段404號左邊電箱旁",
        "org": "臺北市惠盲教育學會"
      }
    },
    {
      "type": "Feature",
      "geometry": {
        "type": "Point",
        "coordinates": [
          121.5045364,
          25.0896305
        ]
      },
      "properties": {
        "id": "734",
        "city": "臺北市",
        "district": "士林區",
        "address": "延平北路6段156號對面",
        "org": "臺北市惠盲教育學會"
      }
    },
    {
      "type": "Feature",
      "geometry": {
        "type": "Point",
        "coordinates": [
          121.5064688,
          25.0262632
        ]
      },
      "properties": {
        "id": "735",
        "city": "臺北市",
        "district": "中正區",
        "address": "中華路2段409巷口",
        "org": "臺北市惠盲教育學會"
      }
    },
    {
      "type": "Feature",
      "geometry": {
        "type": "Point",
        "coordinates": [
          121.5052323,
          25.0268959
        ]
      },
      "properties": {
        "id": "736",
        "city": "臺北市",
        "district": "中正區",
        "address": "南海路140號對面",
        "org": "臺北市惠盲教育學會"
      }
    },
    {
      "type": "Feature",
      "geometry": {
        "type": "Point",
        "coordinates": [
          121.5164088,
          25.0261319
        ]
      },
      "properties": {
        "id": "737",
        "city": "臺北市",
        "district": "中正區",
        "address": "牯嶺街84巷口",
        "org": "臺北市惠盲教育學會"
      }
    },
    {
      "type": "Feature",
      "geometry": {
        "type": "Point",
        "coordinates": [
          121.5169835,
          25.0229834
        ]
      },
      "properties": {
        "id": "738",
        "city": "臺北市",
        "district": "中正區",
        "address": "牯嶺街141號對面電箱旁",
        "org": "臺北市惠盲教育學會"
      }
    },
    {
      "type": "Feature",
      "geometry": {
        "type": "Point",
        "coordinates": [
          121.5503243,
          25.0012157
        ]
      },
      "properties": {
        "id": "739",
        "city": "臺北市",
        "district": "文山區",
        "address": "興隆路2段153巷6弄1號對面電桿旁",
        "org": "臺北市惠盲教育學會"
      }
    },
    {
      "type": "Feature",
      "geometry": {
        "type": "Point",
        "coordinates": [
          121.5478973,
          25.0011006
        ]
      },
      "properties": {
        "id": "740",
        "city": "臺北市",
        "district": "文山區",
        "address": "興隆路2段215-2號牆邊",
        "org": "臺北市惠盲教育學會"
      }
    },
    {
      "type": "Feature",
      "geometry": {
        "type": "Point",
        "coordinates": [
          121.5179289,
          25.0219991
        ]
      },
      "properties": {
        "id": "741",
        "city": "臺北市",
        "district": "中正區",
        "address": "同安街86巷1-1號旁",
        "org": "臺北市惠盲教育學會"
      }
    },
    {
      "type": "Feature",
      "geometry": {
        "type": "Point",
        "coordinates": [
          121.5151469,
          25.0221039
        ]
      },
      "properties": {
        "id": "742",
        "city": "臺北市",
        "district": "中正區",
        "address": "廈門街154號旁",
        "org": "臺北市惠盲教育學會"
      }
    },
    {
      "type": "Feature",
      "geometry": {
        "type": "Point",
        "coordinates": [
          121.5198049,
          25.0804234
        ]
      },
      "properties": {
        "id": "743",
        "city": "臺北市",
        "district": "士林區",
        "address": "承德路4段28號旁(郵筒旁)",
        "org": "臺北市惠盲教育學會"
      }
    },
    {
      "type": "Feature",
      "geometry": {
        "type": "Point",
        "coordinates": [
          121.5156347,
          25.0812787
        ]
      },
      "properties": {
        "id": "744",
        "city": "臺北市",
        "district": "士林區",
        "address": "通河街325巷與通河東街1段交叉口(電箱旁)",
        "org": "臺北市惠盲教育學會"
      }
    },
    {
      "type": "Feature",
      "geometry": {
        "type": "Point",
        "coordinates": [
          121.5160166,
          25.0846167
        ]
      },
      "properties": {
        "id": "745",
        "city": "臺北市",
        "district": "士林區",
        "address": "和豐街口與通河東街1段(電線桿旁)",
        "org": "臺北市惠盲教育學會"
      }
    },
    {
      "type": "Feature",
      "geometry": {
        "type": "Point",
        "coordinates": [
          121.5629257,
          25.0013364
        ]
      },
      "properties": {
        "id": "746",
        "city": "臺北市",
        "district": "文山區",
        "address": "萬美街1段與萬樂街口(萬芳13號公園)",
        "org": "臺北市惠盲教育學會"
      }
    },
    {
      "type": "Feature",
      "geometry": {
        "type": "Point",
        "coordinates": [
          121.5189247,
          25.0235658
        ]
      },
      "properties": {
        "id": "747",
        "city": "臺北市",
        "district": "中正區",
        "address": "同安街78號對面",
        "org": "臺北市惠盲教育學會"
      }
    },
    {
      "type": "Feature",
      "geometry": {
        "type": "Point",
        "coordinates": [
          121.4996221,
          25.03216025
        ]
      },
      "properties": {
        "id": "748",
        "city": "臺北市",
        "district": "萬華區",
        "address": "興寧街70號旁（天主教聖女小德蘭朝聖地旁）",
        "org": "臺北市惠盲教育學會"
      }
    },
    {
      "type": "Feature",
      "geometry": {
        "type": "Point",
        "coordinates": [
          121.5077989,
          25.04644922
        ]
      },
      "properties": {
        "id": "751",
        "city": "臺北市",
        "district": "萬華區",
        "address": "開封街2段36號對面樹下",
        "org": "台北市失能者服務協會"
      }
    },
    {
      "type": "Feature",
      "geometry": {
        "type": "Point",
        "coordinates": [
          121.5050461,
          25.04664705
        ]
      },
      "properties": {
        "id": "752",
        "city": "臺北市",
        "district": "萬華區",
        "address": "漢口街2段83巷口",
        "org": "台北市失能者服務協會"
      }
    },
    {
      "type": "Feature",
      "geometry": {
        "type": "Point",
        "coordinates": [
          121.5000854,
          25.04130479
        ]
      },
      "properties": {
        "id": "753",
        "city": "臺北市",
        "district": "萬華區",
        "address": "長沙街2段與西園路1段變電箱下",
        "org": "台北市失能者服務協會"
      }
    },
    {
      "type": "Feature",
      "geometry": {
        "type": "Point",
        "coordinates": [
          121.5181996,
          25.02673626
        ]
      },
      "properties": {
        "id": "754",
        "city": "臺北市",
        "district": "中正區",
        "address": "和平西路1段96號前",
        "org": "台北市失能者服務協會"
      }
    },
    {
      "type": "Feature",
      "geometry": {
        "type": "Point",
        "coordinates": [
          121.5178276,
          25.08762537
        ]
      },
      "properties": {
        "id": "755",
        "city": "臺北市",
        "district": "士林區",
        "address": "福港街152號後",
        "org": "台北市失能者服務協會"
      }
    },
    {
      "type": "Feature",
      "geometry": {
        "type": "Point",
        "coordinates": [
          121.5230852,
          25.02449355
        ]
      },
      "properties": {
        "id": "756",
        "city": "臺北市",
        "district": "中正區",
        "address": "晉江街46之4號對面",
        "org": "台北市失能者服務協會"
      }
    },
    {
      "type": "Feature",
      "geometry": {
        "type": "Point",
        "coordinates": [
          121.5689416,
          25.0503301
        ]
      },
      "properties": {
        "id": "757",
        "city": "臺北市",
        "district": "松山區",
        "address": "寶清街21號電箱旁",
        "org": "台北市失能者服務協會"
      }
    },
    {
      "type": "Feature",
      "geometry": {
        "type": "Point",
        "coordinates": [
          121.4973085,
          25.13114966
        ]
      },
      "properties": {
        "id": "758",
        "city": "臺北市",
        "district": "北投區",
        "address": "大興街9巷對面",
        "org": "台北市失能者服務協會"
      }
    },
    {
      "type": "Feature",
      "geometry": {
        "type": "Point",
        "coordinates": [
          121.5164954,
          25.11883801
        ]
      },
      "properties": {
        "id": "759",
        "city": "臺北市",
        "district": "北投區",
        "address": "立農街2段294號對面",
        "org": "台北市失能者服務協會"
      }
    },
    {
      "type": "Feature",
      "geometry": {
        "type": "Point",
        "coordinates": [
          121.5017447,
          25.13777574
        ]
      },
      "properties": {
        "id": "760",
        "city": "臺北市",
        "district": "北投區",
        "address": "珠海路2號旁",
        "org": "台北市失能者服務協會"
      }
    },
    {
      "type": "Feature",
      "geometry": {
        "type": "Point",
        "coordinates": [
          121.4989512,
          25.14239089
        ]
      },
      "properties": {
        "id": "761",
        "city": "臺北市",
        "district": "北投區",
        "address": "中和街370巷口",
        "org": "台北市失能者服務協會"
      }
    },
    {
      "type": "Feature",
      "geometry": {
        "type": "Point",
        "coordinates": [
          121.4973248,
          25.14389113
        ]
      },
      "properties": {
        "id": "762",
        "city": "臺北市",
        "district": "北投區",
        "address": "中和街441巷口",
        "org": "台北市失能者服務協會"
      }
    },
    {
      "type": "Feature",
      "geometry": {
        "type": "Point",
        "coordinates": [
          121.5013015,
          25.12788196
        ]
      },
      "properties": {
        "id": "763",
        "city": "臺北市",
        "district": "北投區",
        "address": "崇仁路1段17巷口",
        "org": "台北市失能者服務協會"
      }
    },
    {
      "type": "Feature",
      "geometry": {
        "type": "Point",
        "coordinates": [
          121.5228618,
          25.12266776
        ]
      },
      "properties": {
        "id": "764",
        "city": "臺北市",
        "district": "北投區",
        "address": "石牌路2段324巷口",
        "org": "台北市失能者服務協會"
      }
    },
    {
      "type": "Feature",
      "geometry": {
        "type": "Point",
        "coordinates": [
          121.5207215,
          25.11543087
        ]
      },
      "properties": {
        "id": "765",
        "city": "臺北市",
        "district": "北投區",
        "address": "明德路309號對面",
        "org": "台北市失能者服務協會"
      }
    },
    {
      "type": "Feature",
      "geometry": {
        "type": "Point",
        "coordinates": [
          121.5176342,
          25.10771059
        ]
      },
      "properties": {
        "id": "766",
        "city": "臺北市",
        "district": "北投區",
        "address": "致遠一路1段21號",
        "org": "台北市失能者服務協會"
      }
    },
    {
      "type": "Feature",
      "geometry": {
        "type": "Point",
        "coordinates": [
          121.5144944,
          25.11913877
        ]
      },
      "properties": {
        "id": "767",
        "city": "臺北市",
        "district": "北投區",
        "address": "立農街2段257號旁",
        "org": "台北市失能者服務協會"
      }
    },
    {
      "type": "Feature",
      "geometry": {
        "type": "Point",
        "coordinates": [
          121.5089264,
          25.08495081
        ]
      },
      "properties": {
        "id": "768",
        "city": "臺北市",
        "district": "士林區",
        "address": "延平北路5段257巷4弄口綠地旁",
        "org": "台北市失能者服務協會"
      }
    },
    {
      "type": "Feature",
      "geometry": {
        "type": "Point",
        "coordinates": [
          121.5057331,
          25.09052124
        ]
      },
      "properties": {
        "id": "769",
        "city": "臺北市",
        "district": "士林區",
        "address": "永平街20巷11弄3號對面電桿旁",
        "org": "台北市失能者服務協會"
      }
    },
    {
      "type": "Feature",
      "geometry": {
        "type": "Point",
        "coordinates": [
          121.509713,
          25.11620033
        ]
      },
      "properties": {
        "id": "770",
        "city": "臺北市",
        "district": "北投區",
        "address": "石牌路1段39巷88號(人行道)",
        "org": "台北市失能者服務協會"
      }
    },
    {
      "type": "Feature",
      "geometry": {
        "type": "Point",
        "coordinates": [
          121.5695218,
          25.02725336
        ]
      },
      "properties": {
        "id": "771",
        "city": "臺北市",
        "district": "信義區",
        "address": "信義路5段150巷310號東大排水溝旁",
        "org": "台北市失能者服務協會"
      }
    },
    {
      "type": "Feature",
      "geometry": {
        "type": "Point",
        "coordinates": [
          121.5081752,
          25.08893979
        ]
      },
      "properties": {
        "id": "772",
        "city": "臺北市",
        "district": "士林區",
        "address": "延平北路6段115巷口",
        "org": "台北市失能者服務協會"
      }
    },
    {
      "type": "Feature",
      "geometry": {
        "type": "Point",
        "coordinates": [
          121.505895,
          25.08705869
        ]
      },
      "properties": {
        "id": "773",
        "city": "臺北市",
        "district": "士林區",
        "address": "社子街22巷65弄2號斜對面",
        "org": "台北市失能者服務協會"
      }
    },
    {
      "type": "Feature",
      "geometry": {
        "type": "Point",
        "coordinates": [
          121.5075456,
          25.03511945
        ]
      },
      "properties": {
        "id": "774",
        "city": "臺北市",
        "district": "中正區",
        "address": "延平南路169號對面和平醫院旁",
        "org": "台北市失能者服務協會"
      }
    },
    {
      "type": "Feature",
      "geometry": {
        "type": "Point",
        "coordinates": [
          121.5080139,
          25.08783938
        ]
      },
      "properties": {
        "id": "775",
        "city": "臺北市",
        "district": "士林區",
        "address": "社子街25巷口",
        "org": "台北市失能者服務協會"
      }
    },
    {
      "type": "Feature",
      "geometry": {
        "type": "Point",
        "coordinates": [
          121.57078,
          24.98617
        ]
      },
      "properties": {
        "id": "776",
        "city": "臺北市",
        "district": "文山區",
        "address": "木新路2段52號對面邊",
        "org": "臺北市愛盲協會"
      }
    },
    {
      "type": "Feature",
      "geometry": {
        "type": "Point",
        "coordinates": [
          121.54972,
          24.99763
        ]
      },
      "properties": {
        "id": "777",
        "city": "臺北市",
        "district": "文山區",
        "address": "仙岩路16巷41弄口對面仙岩公園旁",
        "org": "臺北市愛盲協會"
      }
    },
    {
      "type": "Feature",
      "geometry": {
        "type": "Point",
        "coordinates": [
          121.55861,
          24.99356
        ]
      },
      "properties": {
        "id": "778",
        "city": "臺北市",
        "district": "文山區",
        "address": "興隆路3段298巷與304巷交叉口",
        "org": "臺北市愛盲協會"
      }
    },
    {
      "type": "Feature",
      "geometry": {
        "type": "Point",
        "coordinates": [
          121.55079,
          25.00561
        ]
      },
      "properties": {
        "id": "779",
        "city": "臺北市",
        "district": "文山區",
        "address": "福興路78巷1弄底",
        "org": "臺北市愛盲協會"
      }
    },
    {
      "type": "Feature",
      "geometry": {
        "type": "Point",
        "coordinates": [
          121.55287,
          25.00249
        ]
      },
      "properties": {
        "id": "780",
        "city": "臺北市",
        "district": "文山區",
        "address": "興隆路2段275巷1弄口",
        "org": "臺北市愛盲協會"
      }
    },
    {
      "type": "Feature",
      "geometry": {
        "type": "Point",
        "coordinates": [
          121.54063,
          25.00379
        ]
      },
      "properties": {
        "id": "781",
        "city": "臺北市",
        "district": "文山區",
        "address": "興隆路1段70巷口兩桿間",
        "org": "臺北市愛盲協會"
      }
    },
    {
      "type": "Feature",
      "geometry": {
        "type": "Point",
        "coordinates": [
          121.54334,
          25.00031
        ]
      },
      "properties": {
        "id": "782",
        "city": "臺北市",
        "district": "文山區",
        "address": "興隆路1段202巷公園旁",
        "org": "臺北市愛盲協會"
      }
    },
    {
      "type": "Feature",
      "geometry": {
        "type": "Point",
        "coordinates": [
          121.54165,
          24.99488
        ]
      },
      "properties": {
        "id": "783",
        "city": "臺北市",
        "district": "文山區",
        "address": "羅斯福路6段279巷6號2桿間",
        "org": "臺北市愛盲協會"
      }
    },
    {
      "type": "Feature",
      "geometry": {
        "type": "Point",
        "coordinates": [
          121.55311,
          25.02704
        ]
      },
      "properties": {
        "id": "784",
        "city": "臺北市",
        "district": "大安區",
        "address": "通化街184巷3號對面",
        "org": "臺北市愛盲協會"
      }
    },
    {
      "type": "Feature",
      "geometry": {
        "type": "Point",
        "coordinates": [
          121.55247,
          25.02606
        ]
      },
      "properties": {
        "id": "785",
        "city": "臺北市",
        "district": "大安區",
        "address": "通化街200巷口變電箱旁",
        "org": "臺北市愛盲協會"
      }
    },
    {
      "type": "Feature",
      "geometry": {
        "type": "Point",
        "coordinates": [
          121.55228,
          25.03261
        ]
      },
      "properties": {
        "id": "786",
        "city": "臺北市",
        "district": "大安區",
        "address": "安和路2段8號旁文昌街口",
        "org": "臺北市愛盲協會"
      }
    },
    {
      "type": "Feature",
      "geometry": {
        "type": "Point",
        "coordinates": [
          121.52443,
          25.03338
        ]
      },
      "properties": {
        "id": "787",
        "city": "臺北市",
        "district": "大安區",
        "address": "杭州南路2段25巷15號對面",
        "org": "臺北市愛盲協會"
      }
    },
    {
      "type": "Feature",
      "geometry": {
        "type": "Point",
        "coordinates": [
          121.55024,
          25.02571
        ]
      },
      "properties": {
        "id": "788",
        "city": "臺北市",
        "district": "大安區",
        "address": "安和路2段217巷口電氣設備旁",
        "org": "臺北市愛盲協會"
      }
    },
    {
      "type": "Feature",
      "geometry": {
        "type": "Point",
        "coordinates": [
          121.53494,
          25.02448
        ]
      },
      "properties": {
        "id": "789",
        "city": "臺北市",
        "district": "大安區",
        "address": "新生南路3段25巷口樹桿邊",
        "org": "臺北市愛盲協會"
      }
    },
    {
      "type": "Feature",
      "geometry": {
        "type": "Point",
        "coordinates": [
          121.54041,
          25.02166
        ]
      },
      "properties": {
        "id": "790",
        "city": "臺北市",
        "district": "大安區",
        "address": "辛亥路2段155號旁",
        "org": "臺北市愛盲協會"
      }
    },
    {
      "type": "Feature",
      "geometry": {
        "type": "Point",
        "coordinates": [
          121.52454,
          25.11371
        ]
      },
      "properties": {
        "id": "791",
        "city": "臺北市",
        "district": "北投區",
        "address": "榮華里榮華一路與榮華三路兩電桿間",
        "org": "臺北市愛盲協會"
      }
    },
    {
      "type": "Feature",
      "geometry": {
        "type": "Point",
        "coordinates": [
          121.53029,
          25.03661
        ]
      },
      "properties": {
        "id": "792",
        "city": "臺北市",
        "district": "中正區",
        "address": "臨沂街61巷18之2號對面",
        "org": "臺北市愛盲協會"
      }
    },
    {
      "type": "Feature",
      "geometry": {
        "type": "Point",
        "coordinates": [
          121.53111,
          25.03458
        ]
      },
      "properties": {
        "id": "793",
        "city": "臺北市",
        "district": "中正區",
        "address": "新生南路1段160巷16號旁",
        "org": "臺北市愛盲協會"
      }
    },
    {
      "type": "Feature",
      "geometry": {
        "type": "Point",
        "coordinates": [
          121.52983,
          25.03569
        ]
      },
      "properties": {
        "id": "794",
        "city": "臺北市",
        "district": "中正區",
        "address": "臨沂街65巷11號邊",
        "org": "臺北市愛盲協會"
      }
    },
    {
      "type": "Feature",
      "geometry": {
        "type": "Point",
        "coordinates": [
          121.55388,
          24.97959
        ]
      },
      "properties": {
        "id": "795",
        "city": "臺北市",
        "district": "文山區",
        "address": "樟新街8巷底2桿間",
        "org": "臺北市愛盲協會"
      }
    },
    {
      "type": "Feature",
      "geometry": {
        "type": "Point",
        "coordinates": [
          121.55937,
          24.98062
        ]
      },
      "properties": {
        "id": "796",
        "city": "臺北市",
        "district": "文山區",
        "address": "木新路3段243巷3弄7號斜對面",
        "org": "臺北市愛盲協會"
      }
    },
    {
      "type": "Feature",
      "geometry": {
        "type": "Point",
        "coordinates": [
          121.57951,
          24.98529
        ]
      },
      "properties": {
        "id": "797",
        "city": "臺北市",
        "district": "文山區",
        "address": "指南路3段2巷入口橋邊",
        "org": "臺北市愛盲協會"
      }
    },
    {
      "type": "Feature",
      "geometry": {
        "type": "Point",
        "coordinates": [
          121.5648132,
          25.05730133
        ]
      },
      "properties": {
        "id": "801",
        "city": "臺北市",
        "district": "松山區",
        "address": "三民路96巷口(電話亭旁)",
        "org": "台北市身心障礙運動協會"
      }
    },
    {
      "type": "Feature",
      "geometry": {
        "type": "Point",
        "coordinates": [
          121.5168804,
          25.066065
        ]
      },
      "properties": {
        "id": "802",
        "city": "臺北市",
        "district": "大同區",
        "address": "昌吉街33巷口",
        "org": "台北市身心障礙運動協會"
      }
    },
    {
      "type": "Feature",
      "geometry": {
        "type": "Point",
        "coordinates": [
          121.514811,
          25.06599975
        ]
      },
      "properties": {
        "id": "803",
        "city": "臺北市",
        "district": "大同區",
        "address": "昌吉街61巷口",
        "org": "台北市身心障礙運動協會"
      }
    },
    {
      "type": "Feature",
      "geometry": {
        "type": "Point",
        "coordinates": [
          121.5507325,
          25.04255816
        ]
      },
      "properties": {
        "id": "804",
        "city": "臺北市",
        "district": "大安區",
        "address": "敦化南路1段187巷29號對面圍牆旁",
        "org": "台北市身心障礙運動協會"
      }
    },
    {
      "type": "Feature",
      "geometry": {
        "type": "Point",
        "coordinates": [
          121.5388692,
          25.02883605
        ]
      },
      "properties": {
        "id": "805",
        "city": "臺北市",
        "district": "大安區",
        "address": "建國南路2段151巷24號對面",
        "org": "台北市身心障礙運動協會"
      }
    },
    {
      "type": "Feature",
      "geometry": {
        "type": "Point",
        "coordinates": [
          121.528611,
          25.02475002
        ]
      },
      "properties": {
        "id": "806",
        "city": "臺北市",
        "district": "大安區",
        "address": "師大路39巷口右側5公尺旁",
        "org": "台北市身心障礙運動協會"
      }
    },
    {
      "type": "Feature",
      "geometry": {
        "type": "Point",
        "coordinates": [
          121.5314627,
          25.04903898
        ]
      },
      "properties": {
        "id": "807",
        "city": "臺北市",
        "district": "中山區",
        "address": "長安東路2段35巷7號對面(長安國中側門旁)",
        "org": "台北市身心障礙運動協會"
      }
    },
    {
      "type": "Feature",
      "geometry": {
        "type": "Point",
        "coordinates": [
          121.541037,
          25.02834106
        ]
      },
      "properties": {
        "id": "808",
        "city": "臺北市",
        "district": "大安區",
        "address": "瑞安街75號斜前方(電信設備旁)",
        "org": "台北市身心障礙運動協會"
      }
    },
    {
      "type": "Feature",
      "geometry": {
        "type": "Point",
        "coordinates": [
          121.545,
          25.08305556
        ]
      },
      "properties": {
        "id": "809",
        "city": "臺北市",
        "district": "士林區",
        "address": "大直街62巷5弄口(大直街62巷5號旁)",
        "org": "台北市身心障礙運動協會"
      }
    },
    {
      "type": "Feature",
      "geometry": {
        "type": "Point",
        "coordinates": [
          121.6137628,
          25.06751133
        ]
      },
      "properties": {
        "id": "810",
        "city": "臺北市",
        "district": "內湖區",
        "address": "五分街14號對面人行道電話箱旁",
        "org": "台北市身心障礙運動協會"
      }
    },
    {
      "type": "Feature",
      "geometry": {
        "type": "Point",
        "coordinates": [
          121.6021173,
          25.07332793
        ]
      },
      "properties": {
        "id": "811",
        "city": "臺北市",
        "district": "內湖區",
        "address": "金湖路363巷15號對面電桿旁",
        "org": "台北市身心障礙運動協會"
      }
    },
    {
      "type": "Feature",
      "geometry": {
        "type": "Point",
        "coordinates": [
          121.6085368,
          25.07515805
        ]
      },
      "properties": {
        "id": "812",
        "city": "臺北市",
        "district": "內湖區",
        "address": "成功路5段420巷15到17號斜對面Ubike旁",
        "org": "台北市身心障礙運動協會"
      }
    },
    {
      "type": "Feature",
      "geometry": {
        "type": "Point",
        "coordinates": [
          121.5995458,
          25.07298547
        ]
      },
      "properties": {
        "id": "813",
        "city": "臺北市",
        "district": "內湖區",
        "address": "金湖路363巷與民權東路6段191巷交口",
        "org": "台北市身心障礙運動協會"
      }
    },
    {
      "type": "Feature",
      "geometry": {
        "type": "Point",
        "coordinates": [
          121.6160767,
          25.07014027
        ]
      },
      "properties": {
        "id": "814",
        "city": "臺北市",
        "district": "內湖區",
        "address": "東湖路119巷49弄44號對面樹旁",
        "org": "台北市身心障礙運動協會"
      }
    },
    {
      "type": "Feature",
      "geometry": {
        "type": "Point",
        "coordinates": [
          121.6181632,
          25.07025734
        ]
      },
      "properties": {
        "id": "815",
        "city": "臺北市",
        "district": "內湖區",
        "address": "康樂街110巷16弄26號對面廟旁(東湖4號公園)",
        "org": "台北市身心障礙運動協會"
      }
    },
    {
      "type": "Feature",
      "geometry": {
        "type": "Point",
        "coordinates": [
          121.6111964,
          25.07381597
        ]
      },
      "properties": {
        "id": "816",
        "city": "臺北市",
        "district": "內湖區",
        "address": "康寧路3段99巷60號變電箱旁",
        "org": "台北市身心障礙運動協會"
      }
    },
    {
      "type": "Feature",
      "geometry": {
        "type": "Point",
        "coordinates": [
          121.5696928,
          25.0449497
        ]
      },
      "properties": {
        "id": "817",
        "city": "臺北市",
        "district": "信義區",
        "address": "永吉路120巷22弄與松隆路100號交接口",
        "org": "台北市身心障礙運動協會"
      }
    },
    {
      "type": "Feature",
      "geometry": {
        "type": "Point",
        "coordinates": [
          121.5565928,
          25.03169745
        ]
      },
      "properties": {
        "id": "818",
        "city": "臺北市",
        "district": "大安區",
        "address": "光復南路628巷與文昌街280巷交叉口路燈邊",
        "org": "台北市身心障礙運動協會"
      }
    },
    {
      "type": "Feature",
      "geometry": {
        "type": "Point",
        "coordinates": [
          121.5562285,
          25.07867344
        ]
      },
      "properties": {
        "id": "819",
        "city": "臺北市",
        "district": "中山區",
        "address": "敬業三路177巷口電箱旁",
        "org": "台北市身心障礙運動協會"
      }
    },
    {
      "type": "Feature",
      "geometry": {
        "type": "Point",
        "coordinates": [
          121.5737971,
          24.98937551
        ]
      },
      "properties": {
        "id": "820",
        "city": "臺北市",
        "district": "文山區",
        "address": "新光路1段31巷口",
        "org": "台北市身心障礙運動協會"
      }
    },
    {
      "type": "Feature",
      "geometry": {
        "type": "Point",
        "coordinates": [
          121.56822,
          25.02734
        ]
      },
      "properties": {
        "id": "826",
        "city": "臺北市",
        "district": "信義區",
        "address": "松仁路204號旁",
        "org": "臺北市身心障礙者創業輔導發展協會"
      }
    },
    {
      "type": "Feature",
      "geometry": {
        "type": "Point",
        "coordinates": [
          121.56788,
          25.02677
        ]
      },
      "properties": {
        "id": "827",
        "city": "臺北市",
        "district": "信義區",
        "address": "莊敬路468號旁",
        "org": "臺北市身心障礙者創業輔導發展協會"
      }
    },
    {
      "type": "Feature",
      "geometry": {
        "type": "Point",
        "coordinates": [
          121.55263,
          25.02158
        ]
      },
      "properties": {
        "id": "828",
        "city": "臺北市",
        "district": "大安區",
        "address": "嘉興街363巷17號前公園",
        "org": "臺北市身心障礙者創業輔導發展協會"
      }
    },
    {
      "type": "Feature",
      "geometry": {
        "type": "Point",
        "coordinates": [
          121.54271,
          25.06547
        ]
      },
      "properties": {
        "id": "829",
        "city": "臺北市",
        "district": "中山區",
        "address": "復興北路488巷31號對面",
        "org": "臺北市身心障礙者創業輔導發展協會"
      }
    },
    {
      "type": "Feature",
      "geometry": {
        "type": "Point",
        "coordinates": [
          121.55567,
          25.04456
        ]
      },
      "properties": {
        "id": "830",
        "city": "臺北市",
        "district": "大安區",
        "address": "市民大道4段200號旁",
        "org": "臺北市身心障礙者創業輔導發展協會"
      }
    },
    {
      "type": "Feature",
      "geometry": {
        "type": "Point",
        "coordinates": [
          121.55686,
          25.04215
        ]
      },
      "properties": {
        "id": "831",
        "city": "臺北市",
        "district": "大安區",
        "address": "光復南路180巷13號對面",
        "org": "臺北市身心障礙者創業輔導發展協會"
      }
    },
    {
      "type": "Feature",
      "geometry": {
        "type": "Point",
        "coordinates": [
          121.55683,
          25.04216
        ]
      },
      "properties": {
        "id": "832",
        "city": "臺北市",
        "district": "中山區",
        "address": "長安東路1段56巷公園電信箱旁",
        "org": "臺北市身心障礙者創業輔導發展協會"
      }
    },
    {
      "type": "Feature",
      "geometry": {
        "type": "Point",
        "coordinates": [
          121.55778,
          25.02029
        ]
      },
      "properties": {
        "id": "833",
        "city": "臺北市",
        "district": "信義區",
        "address": "和平東路3段391巷8弄2號對面燈桿旁",
        "org": "臺北市身心障礙者創業輔導發展協會"
      }
    },
    {
      "type": "Feature",
      "geometry": {
        "type": "Point",
        "coordinates": [
          121.53493,
          25.04981
        ]
      },
      "properties": {
        "id": "834",
        "city": "臺北市",
        "district": "中山區",
        "address": "松江路77巷過伊通街口處",
        "org": "臺北市身心障礙者創業輔導發展協會"
      }
    },
    {
      "type": "Feature",
      "geometry": {
        "type": "Point",
        "coordinates": [
          121.53489,
          25.09856
        ]
      },
      "properties": {
        "id": "835",
        "city": "臺北市",
        "district": "士林區",
        "address": "福林路249號前",
        "org": "臺北市身心障礙者創業輔導發展協會"
      }
    },
    {
      "type": "Feature",
      "geometry": {
        "type": "Point",
        "coordinates": [
          121.53951,
          25.03115
        ]
      },
      "properties": {
        "id": "836",
        "city": "臺北市",
        "district": "大安區",
        "address": "建國南路2段79巷35號電桿旁",
        "org": "臺北市身心障礙者創業輔導發展協會"
      }
    },
    {
      "type": "Feature",
      "geometry": {
        "type": "Point",
        "coordinates": [
          121.500153,
          25.138499
        ]
      },
      "properties": {
        "id": "837",
        "city": "臺北市",
        "district": "北投區",
        "address": "永興路1段32巷3弄口",
        "org": "臺北市身心障礙者創業輔導發展協會"
      }
    },
    {
      "type": "Feature",
      "geometry": {
        "type": "Point",
        "coordinates": [
          121.50111,
          25.13742
        ]
      },
      "properties": {
        "id": "838",
        "city": "臺北市",
        "district": "北投區",
        "address": "雙全街與大業路口中庸2號公園前",
        "org": "臺北市身心障礙者創業輔導發展協會"
      }
    },
    {
      "type": "Feature",
      "geometry": {
        "type": "Point",
        "coordinates": [
          121.54784,
          25.06404
        ]
      },
      "properties": {
        "id": "839",
        "city": "臺北市",
        "district": "松山區",
        "address": "民族東路679號對面公園",
        "org": "臺北市身心障礙者創業輔導發展協會"
      }
    },
    {
      "type": "Feature",
      "geometry": {
        "type": "Point",
        "coordinates": [
          121.55006,
          25.02403
        ]
      },
      "properties": {
        "id": "840",
        "city": "臺北市",
        "district": "大安區",
        "address": "樂業街17號對面公佈欄",
        "org": "臺北市身心障礙者創業輔導發展協會"
      }
    },
    {
      "type": "Feature",
      "geometry": {
        "type": "Point",
        "coordinates": [
          121.54685,
          25.02433
        ]
      },
      "properties": {
        "id": "841",
        "city": "臺北市",
        "district": "大安區",
        "address": "臥龍街15號對面電箱",
        "org": "臺北市身心障礙者創業輔導發展協會"
      }
    },
    {
      "type": "Feature",
      "geometry": {
        "type": "Point",
        "coordinates": [
          121.52455,
          25.09752
        ]
      },
      "properties": {
        "id": "842",
        "city": "臺北市",
        "district": "士林區",
        "address": "前街與美德街口",
        "org": "臺北市身心障礙者創業輔導發展協會"
      }
    },
    {
      "type": "Feature",
      "geometry": {
        "type": "Point",
        "coordinates": [
          121.55077,
          25.01817
        ]
      },
      "properties": {
        "id": "843",
        "city": "臺北市",
        "district": "大安區",
        "address": "辛亥路3段157巷32號對面樹旁",
        "org": "臺北市身心障礙者創業輔導發展協會"
      }
    },
    {
      "type": "Feature",
      "geometry": {
        "type": "Point",
        "coordinates": [
          121.55621,
          25.03523
        ]
      },
      "properties": {
        "id": "844",
        "city": "臺北市",
        "district": "大安區",
        "address": "光復南路456巷29號對面",
        "org": "臺北市身心障礙者創業輔導發展協會"
      }
    },
    {
      "type": "Feature",
      "geometry": {
        "type": "Point",
        "coordinates": [
          121.55161,
          25.03548
        ]
      },
      "properties": {
        "id": "845",
        "city": "臺北市",
        "district": "大安區",
        "address": "敦化南路1段295巷與信義路4段199巷口",
        "org": "臺北市身心障礙者創業輔導發展協會"
      }
    },
    {
      "type": "Feature",
      "geometry": {
        "type": "Point",
        "coordinates": [
          121.53471,
          25.03499
        ]
      },
      "properties": {
        "id": "846",
        "city": "臺北市",
        "district": "大安區",
        "address": "信義路3段31巷9之2號對面電箱旁",
        "org": "臺北市身心障礙者創業輔導發展協會"
      }
    },
    {
      "type": "Feature",
      "geometry": {
        "type": "Point",
        "coordinates": [
          121.53371,
          25.04581
        ]
      },
      "properties": {
        "id": "847",
        "city": "臺北市",
        "district": "中山區",
        "address": "渭水路2-1號對面電箱旁",
        "org": "臺北市身心障礙者創業輔導發展協會"
      }
    },
    {
      "type": "Feature",
      "geometry": {
        "type": "Point",
        "coordinates": [
          121.54967,
          25.03712
        ]
      },
      "properties": {
        "id": "848",
        "city": "臺北市",
        "district": "大安區",
        "address": "仁愛路4段112巷3弄口對面",
        "org": "臺北市身心障礙者創業輔導發展協會"
      }
    },
    {
      "type": "Feature",
      "geometry": {
        "type": "Point",
        "coordinates": [
          121.55584,
          25.04284
        ]
      },
      "properties": {
        "id": "849",
        "city": "臺北市",
        "district": "大安區",
        "address": "延吉街131巷41號對面",
        "org": "臺北市身心障礙者創業輔導發展協會"
      }
    },
    {
      "type": "Feature",
      "geometry": {
        "type": "Point",
        "coordinates": [
          121.54423,
          25.03697
        ]
      },
      "properties": {
        "id": "850",
        "city": "臺北市",
        "district": "大安區",
        "address": "復興南路1段253巷15號旁",
        "org": "臺北市身心障礙者創業輔導發展協會"
      }
    },
    {
      "type": "Feature",
      "geometry": {
        "type": "Point",
        "coordinates": [
          121.52488,
          25.12299
        ]
      },
      "properties": {
        "id": "851",
        "city": "臺北市",
        "district": "北投區",
        "address": "石牌路2段346號旁(電桿旁)",
        "org": "台北市視障者重建發展協會"
      }
    },
    {
      "type": "Feature",
      "geometry": {
        "type": "Point",
        "coordinates": [
          121.540144,
          25.027498
        ]
      },
      "properties": {
        "id": "852",
        "city": "臺北市",
        "district": "大安區",
        "address": "和平東路2段107巷30弄10號對面",
        "org": "台北市視障者重建發展協會"
      }
    },
    {
      "type": "Feature",
      "geometry": {
        "type": "Point",
        "coordinates": [
          121.520446,
          25.116914
        ]
      },
      "properties": {
        "id": "853",
        "city": "臺北市",
        "district": "北投區",
        "address": "明德路337巷1號對面(電氣設備旁)",
        "org": "台北市視障者重建發展協會"
      }
    },
    {
      "type": "Feature",
      "geometry": {
        "type": "Point",
        "coordinates": [
          121.592925,
          25.055961
        ]
      },
      "properties": {
        "id": "854",
        "city": "臺北市",
        "district": "南港區",
        "address": "成功路1段39號斜前方 (電氣設備旁)",
        "org": "台北市視障者重建發展協會"
      }
    },
    {
      "type": "Feature",
      "geometry": {
        "type": "Point",
        "coordinates": [
          121.526027,
          25.124145
        ]
      },
      "properties": {
        "id": "855",
        "city": "臺北市",
        "district": "北投區",
        "address": "行義路7號對面(花臺旁)",
        "org": "台北市視障者重建發展協會"
      }
    },
    {
      "type": "Feature",
      "geometry": {
        "type": "Point",
        "coordinates": [
          121.52714,
          25.12549
        ]
      },
      "properties": {
        "id": "856",
        "city": "臺北市",
        "district": "北投區",
        "address": "行義路42號對面(電氣設備旁)",
        "org": "台北市視障者重建發展協會"
      }
    },
    {
      "type": "Feature",
      "geometry": {
        "type": "Point",
        "coordinates": [
          121.528108,
          25.130614
        ]
      },
      "properties": {
        "id": "857",
        "city": "臺北市",
        "district": "北投區",
        "address": "行義路154巷口(圍牆邊)",
        "org": "台北市視障者重建發展協會"
      }
    },
    {
      "type": "Feature",
      "geometry": {
        "type": "Point",
        "coordinates": [
          121.521858,
          25.061013
        ]
      },
      "properties": {
        "id": "858",
        "city": "臺北市",
        "district": "中山區",
        "address": "中山北路2段116巷17號旁",
        "org": "台北市視障者重建發展協會"
      }
    },
    {
      "type": "Feature",
      "geometry": {
        "type": "Point",
        "coordinates": [
          121.561573,
          25.058876
        ]
      },
      "properties": {
        "id": "859",
        "city": "臺北市",
        "district": "松山區",
        "address": "民生東路5段137巷口(燈桿旁)",
        "org": "台北市視障者重建發展協會"
      }
    },
    {
      "type": "Feature",
      "geometry": {
        "type": "Point",
        "coordinates": [
          121.539298,
          25.061778
        ]
      },
      "properties": {
        "id": "860",
        "city": "臺北市",
        "district": "中山區",
        "address": "龍江路298巷底與合江街交叉口(路燈下方)",
        "org": "台北市視障者重建發展協會"
      }
    },
    {
      "type": "Feature",
      "geometry": {
        "type": "Point",
        "coordinates": [
          121.552207,
          25.053556
        ]
      },
      "properties": {
        "id": "861",
        "city": "臺北市",
        "district": "松山區",
        "address": "敦化北路145巷71號對面(電氣設備旁)",
        "org": "台北市視障者重建發展協會"
      }
    },
    {
      "type": "Feature",
      "geometry": {
        "type": "Point",
        "coordinates": [
          121.514003,
          25.112405
        ]
      },
      "properties": {
        "id": "862",
        "city": "臺北市",
        "district": "北投區",
        "address": "致遠一路2段70巷3號旁",
        "org": "台北市視障者重建發展協會"
      }
    },
    {
      "type": "Feature",
      "geometry": {
        "type": "Point",
        "coordinates": [
          121.515543,
          25.111714
        ]
      },
      "properties": {
        "id": "863",
        "city": "臺北市",
        "district": "北投區",
        "address": "石牌路1段166巷120號旁(燈桿旁)",
        "org": "台北市視障者重建發展協會"
      }
    },
    {
      "type": "Feature",
      "geometry": {
        "type": "Point",
        "coordinates": [
          121.513229,
          25.112742
        ]
      },
      "properties": {
        "id": "864",
        "city": "臺北市",
        "district": "北投區",
        "address": "致遠一路2段86巷口",
        "org": "台北市視障者重建發展協會"
      }
    },
    {
      "type": "Feature",
      "geometry": {
        "type": "Point",
        "coordinates": [
          121.56126,
          25.060737
        ]
      },
      "properties": {
        "id": "865",
        "city": "臺北市",
        "district": "松山區",
        "address": "富錦街427號對面(電氣設備旁)",
        "org": "台北市視障者重建發展協會"
      }
    },
    {
      "type": "Feature",
      "geometry": {
        "type": "Point",
        "coordinates": [
          121.521851,
          25.059794
        ]
      },
      "properties": {
        "id": "866",
        "city": "臺北市",
        "district": "中山區",
        "address": "民生西路3巷9號旁(圍牆邊)",
        "org": "台北市視障者重建發展協會"
      }
    },
    {
      "type": "Feature",
      "geometry": {
        "type": "Point",
        "coordinates": [
          121.511059,
          25.136297
        ]
      },
      "properties": {
        "id": "867",
        "city": "臺北市",
        "district": "北投區",
        "address": "溫泉路110-1號對面(燈桿旁)",
        "org": "台北市視障者重建發展協會"
      }
    },
    {
      "type": "Feature",
      "geometry": {
        "type": "Point",
        "coordinates": [
          121.503755,
          25.120046
        ]
      },
      "properties": {
        "id": "868",
        "city": "臺北市",
        "district": "北投區",
        "address": "立農街1段187巷口",
        "org": "台北市視障者重建發展協會"
      }
    },
    {
      "type": "Feature",
      "geometry": {
        "type": "Point",
        "coordinates": [
          121.50177,
          25.12568
        ]
      },
      "properties": {
        "id": "869",
        "city": "臺北市",
        "district": "北投區",
        "address": "崇仁路1段88號對面(電信設備旁)",
        "org": "台北市視障者重建發展協會"
      }
    },
    {
      "type": "Feature",
      "geometry": {
        "type": "Point",
        "coordinates": [
          121.499589,
          25.128751
        ]
      },
      "properties": {
        "id": "870",
        "city": "臺北市",
        "district": "北投區",
        "address": "大業路300巷33-1號旁(籃球場邊)",
        "org": "台北市視障者重建發展協會"
      }
    },
    {
      "type": "Feature",
      "geometry": {
        "type": "Point",
        "coordinates": [
          121.503968,
          25.134344
        ]
      },
      "properties": {
        "id": "871",
        "city": "臺北市",
        "district": "北投區",
        "address": "溫泉路60號對面(圍牆邊)",
        "org": "台北市視障者重建發展協會"
      }
    },
    {
      "type": "Feature",
      "geometry": {
        "type": "Point",
        "coordinates": [
          121.496063,
          25.14323
        ]
      },
      "properties": {
        "id": "872",
        "city": "臺北市",
        "district": "北投區",
        "address": "中和街455巷橋頭",
        "org": "台北市視障者重建發展協會"
      }
    },
    {
      "type": "Feature",
      "geometry": {
        "type": "Point",
        "coordinates": [
          121.557236,
          25.080048
        ]
      },
      "properties": {
        "id": "873",
        "city": "臺北市",
        "district": "中山區",
        "address": "樂群2路147號斜前方(行道樹旁)",
        "org": "台北市視障者重建發展協會"
      }
    },
    {
      "type": "Feature",
      "geometry": {
        "type": "Point",
        "coordinates": [
          121.545162,
          25.081342
        ]
      },
      "properties": {
        "id": "874",
        "city": "臺北市",
        "district": "中山區",
        "address": "大直街20巷34號對面",
        "org": "台北市視障者重建發展協會"
      }
    },
    {
      "type": "Feature",
      "geometry": {
        "type": "Point",
        "coordinates": [
          121.520857,
          25.063668
        ]
      },
      "properties": {
        "id": "875",
        "city": "臺北市",
        "district": "中山區",
        "address": "撫順街12號對面",
        "org": "台北市視障者重建發展協會"
      }
    },
    {
      "type": "Feature",
      "geometry": {
        "type": "Point",
        "coordinates": [
          121.5594201,
          25.050901
        ]
      },
      "properties": {
        "id": "876",
        "city": "臺北市",
        "district": "松山區",
        "address": "光復北路85巷25號對面",
        "org": "臺北市障礙者發展協會"
      }
    },
    {
      "type": "Feature",
      "geometry": {
        "type": "Point",
        "coordinates": [
          121.4993321,
          25.034073
        ]
      },
      "properties": {
        "id": "877",
        "city": "臺北市",
        "district": "萬華區",
        "address": "西園路1段278號旁（寺前公園電信箱旁）",
        "org": "臺北市障礙者發展協會"
      }
    },
    {
      "type": "Feature",
      "geometry": {
        "type": "Point",
        "coordinates": [
          121.4968116,
          25.033797
        ]
      },
      "properties": {
        "id": "878",
        "city": "臺北市",
        "district": "萬華區",
        "address": "大理街130巷口",
        "org": "臺北市障礙者發展協會"
      }
    },
    {
      "type": "Feature",
      "geometry": {
        "type": "Point",
        "coordinates": [
          121.4937961,
          25.03441746
        ]
      },
      "properties": {
        "id": "879",
        "city": "臺北市",
        "district": "萬華區",
        "address": "環河南路2段125巷口（電信箱旁）",
        "org": "臺北市障礙者發展協會"
      }
    },
    {
      "type": "Feature",
      "geometry": {
        "type": "Point",
        "coordinates": [
          121.4990779,
          25.03542765
        ]
      },
      "properties": {
        "id": "880",
        "city": "臺北市",
        "district": "萬華區",
        "address": "西園路1段226號佈告欄路燈旁",
        "org": "臺北市障礙者發展協會"
      }
    },
    {
      "type": "Feature",
      "geometry": {
        "type": "Point",
        "coordinates": [
          121.5174622,
          25.06439175
        ]
      },
      "properties": {
        "id": "881",
        "city": "臺北市",
        "district": "大同區",
        "address": "承德路3段24巷16號對面人行道樹旁",
        "org": "臺北市障礙者發展協會"
      }
    },
    {
      "type": "Feature",
      "geometry": {
        "type": "Point",
        "coordinates": [
          121.5160557,
          25.06397866
        ]
      },
      "properties": {
        "id": "882",
        "city": "臺北市",
        "district": "大同區",
        "address": "大龍街27號旁（變電箱旁）",
        "org": "臺北市障礙者發展協會"
      }
    },
    {
      "type": "Feature",
      "geometry": {
        "type": "Point",
        "coordinates": [
          121.520008,
          25.06047834
        ]
      },
      "properties": {
        "id": "883",
        "city": "臺北市",
        "district": "大同區",
        "address": "錦西街50號對面",
        "org": "臺北市障礙者發展協會"
      }
    },
    {
      "type": "Feature",
      "geometry": {
        "type": "Point",
        "coordinates": [
          121.5036819,
          25.09311535
        ]
      },
      "properties": {
        "id": "884",
        "city": "臺北市",
        "district": "士林區",
        "address": "社中街346巷3弄27號旁",
        "org": "臺北市障礙者發展協會"
      }
    },
    {
      "type": "Feature",
      "geometry": {
        "type": "Point",
        "coordinates": [
          121.510198,
          25.05107235
        ]
      },
      "properties": {
        "id": "885",
        "city": "臺北市",
        "district": "大同區",
        "address": "塔城街24巷1號旁",
        "org": "臺北市障礙者發展協會"
      }
    },
    {
      "type": "Feature",
      "geometry": {
        "type": "Point",
        "coordinates": [
          121.5072849,
          25.04766956
        ]
      },
      "properties": {
        "id": "886",
        "city": "臺北市",
        "district": "萬華區",
        "address": "西寧南路與洛陽街口",
        "org": "臺北市障礙者發展協會"
      }
    },
    {
      "type": "Feature",
      "geometry": {
        "type": "Point",
        "coordinates": [
          121.5101645,
          25.05214741
        ]
      },
      "properties": {
        "id": "887",
        "city": "臺北市",
        "district": "大同區",
        "address": "長安西路342-1號交通號誌旁",
        "org": "臺北市障礙者發展協會"
      }
    },
    {
      "type": "Feature",
      "geometry": {
        "type": "Point",
        "coordinates": [
          121.5164797,
          25.06761509
        ]
      },
      "properties": {
        "id": "888",
        "city": "臺北市",
        "district": "大同區",
        "address": "大龍街91巷7號對面路燈旁",
        "org": "臺北市障礙者發展協會"
      }
    },
    {
      "type": "Feature",
      "geometry": {
        "type": "Point",
        "coordinates": [
          121.5167039,
          25.06174497
        ]
      },
      "properties": {
        "id": "889",
        "city": "臺北市",
        "district": "大同區",
        "address": "民權西路102巷4弄口",
        "org": "臺北市障礙者發展協會"
      }
    },
    {
      "type": "Feature",
      "geometry": {
        "type": "Point",
        "coordinates": [
          121.5143196,
          25.06106084
        ]
      },
      "properties": {
        "id": "890",
        "city": "臺北市",
        "district": "大同區",
        "address": "涼州街與寧夏路口（變電箱旁）",
        "org": "臺北市障礙者發展協會"
      }
    },
    {
      "type": "Feature",
      "geometry": {
        "type": "Point",
        "coordinates": [
          121.5025162,
          25.03144708
        ]
      },
      "properties": {
        "id": "891",
        "city": "臺北市",
        "district": "萬華區",
        "address": "莒光路210號前（變電箱旁）",
        "org": "臺北市障礙者發展協會"
      }
    },
    {
      "type": "Feature",
      "geometry": {
        "type": "Point",
        "coordinates": [
          121.5607866,
          25.05040846
        ]
      },
      "properties": {
        "id": "892",
        "city": "臺北市",
        "district": "松山區",
        "address": "南京東路5段66巷與光復北路11巷交叉口",
        "org": "臺北市障礙者發展協會"
      }
    },
    {
      "type": "Feature",
      "geometry": {
        "type": "Point",
        "coordinates": [
          121.557571,
          25.05064907
        ]
      },
      "properties": {
        "id": "893",
        "city": "臺北市",
        "district": "松山區",
        "address": "光復南路11巷與吉祥路交叉口",
        "org": "臺北市障礙者發展協會"
      }
    },
    {
      "type": "Feature",
      "geometry": {
        "type": "Point",
        "coordinates": [
          121.5609561,
          25.04812328
        ]
      },
      "properties": {
        "id": "894",
        "city": "臺北市",
        "district": "松山區",
        "address": "八德路4段106巷2弄2號對面",
        "org": "臺北市障礙者發展協會"
      }
    },
    {
      "type": "Feature",
      "geometry": {
        "type": "Point",
        "coordinates": [
          121.5609561,
          25.04812328
        ]
      },
      "properties": {
        "id": "895",
        "city": "臺北市",
        "district": "松山區",
        "address": "光復北路165巷口(85度C對面)",
        "org": "臺北市障礙者發展協會"
      }
    },
    {
      "type": "Feature",
      "geometry": {
        "type": "Point",
        "coordinates": [
          121.5570211,
          25.0562084
        ]
      },
      "properties": {
        "id": "896",
        "city": "臺北市",
        "district": "松山區",
        "address": "延壽街406號對面",
        "org": "臺北市障礙者發展協會"
      }
    },
    {
      "type": "Feature",
      "geometry": {
        "type": "Point",
        "coordinates": [
          121.5579743,
          25.05202073
        ]
      },
      "properties": {
        "id": "897",
        "city": "臺北市",
        "district": "松山區",
        "address": "南京東路5段23巷1號旁",
        "org": "臺北市障礙者發展協會"
      }
    },
    {
      "type": "Feature",
      "geometry": {
        "type": "Point",
        "coordinates": [
          121.5452835,
          24.99543739
        ]
      },
      "properties": {
        "id": "898",
        "city": "臺北市",
        "district": "文山區",
        "address": "景興路97巷旁",
        "org": "臺北市障礙者發展協會"
      }
    },
    {
      "type": "Feature",
      "geometry": {
        "type": "Point",
        "coordinates": [
          121.5590612,
          25.0521873
        ]
      },
      "properties": {
        "id": "899",
        "city": "臺北市",
        "district": "松山區",
        "address": "南京東路5段23巷6弄29號對面",
        "org": "臺北市障礙者發展協會"
      }
    },
    {
      "type": "Feature",
      "geometry": {
        "type": "Point",
        "coordinates": [
          121.5565171,
          25.0506378
        ]
      },
      "properties": {
        "id": "900",
        "city": "臺北市",
        "district": "松山區",
        "address": "光復北路100巷33號旁",
        "org": "臺北市障礙者發展協會"
      }
    },
    {
      "type": "Feature",
      "geometry": {
        "type": "Point",
        "coordinates": [
          121.5179926,
          25.07565072
        ]
      },
      "properties": {
        "id": "901",
        "city": "臺北市",
        "district": "大同區",
        "address": "敦煌路74巷口",
        "org": "台北市視障者福利發展協會"
      }
    },
    {
      "type": "Feature",
      "geometry": {
        "type": "Point",
        "coordinates": [
          121.5175539,
          25.02544188
        ]
      },
      "properties": {
        "id": "902",
        "city": "臺北市",
        "district": "中正區",
        "address": "廈門街61號旁",
        "org": "台北市視障者福利發展協會"
      }
    },
    {
      "type": "Feature",
      "geometry": {
        "type": "Point",
        "coordinates": [
          121.5029434,
          25.0305993
        ]
      },
      "properties": {
        "id": "903",
        "city": "臺北市",
        "district": "萬華區",
        "address": "莒光路153巷口(人行道上)",
        "org": "台北市視障者福利發展協會"
      }
    },
    {
      "type": "Feature",
      "geometry": {
        "type": "Point",
        "coordinates": [
          121.499195,
          25.0304387
        ]
      },
      "properties": {
        "id": "904",
        "city": "臺北市",
        "district": "萬華區",
        "address": "莒光路299巷口(電器設備旁)",
        "org": "台北市視障者福利發展協會"
      }
    },
    {
      "type": "Feature",
      "geometry": {
        "type": "Point",
        "coordinates": [
          121.5006661,
          25.03135069
        ]
      },
      "properties": {
        "id": "905",
        "city": "臺北市",
        "district": "萬華區",
        "address": "莒光路與萬大路口",
        "org": "台北市視障者福利發展協會"
      }
    },
    {
      "type": "Feature",
      "geometry": {
        "type": "Point",
        "coordinates": [
          121.5643948,
          25.05092787
        ]
      },
      "properties": {
        "id": "906",
        "city": "臺北市",
        "district": "松山區",
        "address": "八德路4段245巷37號對面",
        "org": "台北市視障者福利發展協會"
      }
    },
    {
      "type": "Feature",
      "geometry": {
        "type": "Point",
        "coordinates": [
          121.5774431,
          25.03729086
        ]
      },
      "properties": {
        "id": "907",
        "city": "臺北市",
        "district": "信義區",
        "address": "虎林街247號對面",
        "org": "台北市視障者福利發展協會"
      }
    },
    {
      "type": "Feature",
      "geometry": {
        "type": "Point",
        "coordinates": [
          121.5360759,
          25.02514331
        ]
      },
      "properties": {
        "id": "908",
        "city": "臺北市",
        "district": "大安區",
        "address": "新生南路3段19巷32號與34號中間",
        "org": "台北市視障者福利發展協會"
      }
    },
    {
      "type": "Feature",
      "geometry": {
        "type": "Point",
        "coordinates": [
          121.5379151,
          25.01079057
        ]
      },
      "properties": {
        "id": "909",
        "city": "臺北市",
        "district": "大安區",
        "address": "羅斯福路4段119巷20號對面",
        "org": "台北市視障者福利發展協會"
      }
    },
    {
      "type": "Feature",
      "geometry": {
        "type": "Point",
        "coordinates": [
          121.5862961,
          25.04511365
        ]
      },
      "properties": {
        "id": "910",
        "city": "臺北市",
        "district": "南港區",
        "address": "玉成街201巷與成福路交叉口電桿旁",
        "org": "台北市視障者福利發展協會"
      }
    },
    {
      "type": "Feature",
      "geometry": {
        "type": "Point",
        "coordinates": [
          121.5241938,
          25.06413099
        ]
      },
      "properties": {
        "id": "911",
        "city": "臺北市",
        "district": "中山區",
        "address": "雙城街10巷6號",
        "org": "台北市視障者福利發展協會"
      }
    },
    {
      "type": "Feature",
      "geometry": {
        "type": "Point",
        "coordinates": [
          121.6067527,
          25.0577372
        ]
      },
      "properties": {
        "id": "912",
        "city": "臺北市",
        "district": "南港區",
        "address": "興中路與重陽路交叉口",
        "org": "台北市視障者福利發展協會"
      }
    },
    {
      "type": "Feature",
      "geometry": {
        "type": "Point",
        "coordinates": [
          121.5323588,
          25.05937287
        ]
      },
      "properties": {
        "id": "913",
        "city": "臺北市",
        "district": "中山區",
        "address": "松江路252巷5號斜對面（圍牆邊）",
        "org": "台北市視障者福利發展協會"
      }
    },
    {
      "type": "Feature",
      "geometry": {
        "type": "Point",
        "coordinates": [
          121.5158941,
          25.07519244
        ]
      },
      "properties": {
        "id": "914",
        "city": "臺北市",
        "district": "大同區",
        "address": "哈密街59巷29號對面",
        "org": "台北市視障者福利發展協會"
      }
    },
    {
      "type": "Feature",
      "geometry": {
        "type": "Point",
        "coordinates": [
          121.5740363,
          25.0378628
        ]
      },
      "properties": {
        "id": "915",
        "city": "臺北市",
        "district": "信義區",
        "address": "忠孝東路5段236巷37弄對面公園變電箱邊人行道",
        "org": "台北市視障者福利發展協會"
      }
    },
    {
      "type": "Feature",
      "geometry": {
        "type": "Point",
        "coordinates": [
          121.5195894,
          25.0679664
        ]
      },
      "properties": {
        "id": "916",
        "city": "臺北市",
        "district": "大同區",
        "address": "承德路3段143巷21號對面(電氣設備旁)",
        "org": "台北市視障者福利發展協會"
      }
    },
    {
      "type": "Feature",
      "geometry": {
        "type": "Point",
        "coordinates": [
          121.5498695,
          25.08418234
        ]
      },
      "properties": {
        "id": "917",
        "city": "臺北市",
        "district": "中山區",
        "address": "北安路670巷14號旁（公布欄邊）",
        "org": "台北市視障者福利發展協會"
      }
    },
    {
      "type": "Feature",
      "geometry": {
        "type": "Point",
        "coordinates": [
          121.5392689,
          25.02294689
        ]
      },
      "properties": {
        "id": "918",
        "city": "臺北市",
        "district": "大安區",
        "address": "和平東路2段76巷23弄1號對面（電器設備與路燈中間）",
        "org": "台北市視障者福利發展協會"
      }
    },
    {
      "type": "Feature",
      "geometry": {
        "type": "Point",
        "coordinates": [
          121.5371607,
          25.02453803
        ]
      },
      "properties": {
        "id": "919",
        "city": "臺北市",
        "district": "大安區",
        "address": "建國南路2段296號旁人行道",
        "org": "台北市視障者福利發展協會"
      }
    },
    {
      "type": "Feature",
      "geometry": {
        "type": "Point",
        "coordinates": [
          121.5752676,
          24.9924339
        ]
      },
      "properties": {
        "id": "920",
        "city": "臺北市",
        "district": "文山區",
        "address": "秀明路2段15號對面變電箱旁",
        "org": "台北市視障者福利發展協會"
      }
    },
    {
      "type": "Feature",
      "geometry": {
        "type": "Point",
        "coordinates": [
          121.576822,
          24.99047676
        ]
      },
      "properties": {
        "id": "921",
        "city": "臺北市",
        "district": "文山區",
        "address": "秀明路2段114號前",
        "org": "台北市視障者福利發展協會"
      }
    },
    {
      "type": "Feature",
      "geometry": {
        "type": "Point",
        "coordinates": [
          121.5162085,
          25.0850221
        ]
      },
      "properties": {
        "id": "926",
        "city": "臺北市",
        "district": "士林區",
        "address": "前港街110巷對面電箱旁",
        "org": "台北市啟明權益促進會"
      }
    },
    {
      "type": "Feature",
      "geometry": {
        "type": "Point",
        "coordinates": [
          121.514295,
          25.0852018
        ]
      },
      "properties": {
        "id": "927",
        "city": "臺北市",
        "district": "士林區",
        "address": "通河東街1段105巷口迴轉道旁(106號斜對面)",
        "org": "台北市啟明權益促進會"
      }
    },
    {
      "type": "Feature",
      "geometry": {
        "type": "Point",
        "coordinates": [
          121.5135834,
          25.0880587
        ]
      },
      "properties": {
        "id": "928",
        "city": "臺北市",
        "district": "士林區",
        "address": "通河東街1段168號對面迴轉道旁",
        "org": "台北市啟明權益促進會"
      }
    },
    {
      "type": "Feature",
      "geometry": {
        "type": "Point",
        "coordinates": [
          121.5386092,
          25.0229611
        ]
      },
      "properties": {
        "id": "929",
        "city": "臺北市",
        "district": "大安區",
        "address": "和平東路2段96巷12之3號對面",
        "org": "台北市啟明權益促進會"
      }
    },
    {
      "type": "Feature",
      "geometry": {
        "type": "Point",
        "coordinates": [
          121.5335294,
          25.036223
        ]
      },
      "properties": {
        "id": "930",
        "city": "臺北市",
        "district": "大安區",
        "address": "仁愛路3段24巷3號對面",
        "org": "台北市啟明權益促進會"
      }
    },
    {
      "type": "Feature",
      "geometry": {
        "type": "Point",
        "coordinates": [
          121.5206678,
          25.0397262
        ]
      },
      "properties": {
        "id": "931",
        "city": "臺北市",
        "district": "大安區",
        "address": "建國南路1段307巷口",
        "org": "台北市啟明權益促進會"
      }
    },
    {
      "type": "Feature",
      "geometry": {
        "type": "Point",
        "coordinates": [
          121.5230405,
          25.033113
        ]
      },
      "properties": {
        "id": "932",
        "city": "臺北市",
        "district": "中正區",
        "address": "金山南路1段79巷與臨沂街63巷口",
        "org": "台北市啟明權益促進會"
      }
    },
    {
      "type": "Feature",
      "geometry": {
        "type": "Point",
        "coordinates": [
          121.5099082,
          25.0331605
        ]
      },
      "properties": {
        "id": "933",
        "city": "臺北市",
        "district": "中正區",
        "address": "信義路2段243巷電箱邊",
        "org": "台北市啟明權益促進會"
      }
    },
    {
      "type": "Feature",
      "geometry": {
        "type": "Point",
        "coordinates": [
          121.5940007,
          25.0730577
        ]
      },
      "properties": {
        "id": "934",
        "city": "臺北市",
        "district": "內湖區",
        "address": "康寧路1段195巷口",
        "org": "台北市啟明權益促進會"
      }
    },
    {
      "type": "Feature",
      "geometry": {
        "type": "Point",
        "coordinates": [
          121.5817781,
          25.0758803
        ]
      },
      "properties": {
        "id": "935",
        "city": "臺北市",
        "district": "內湖區",
        "address": "陽光街68巷102弄2號對面",
        "org": "台北市啟明權益促進會"
      }
    },
    {
      "type": "Feature",
      "geometry": {
        "type": "Point",
        "coordinates": [
          121.6142274,
          25.0683056
        ]
      },
      "properties": {
        "id": "936",
        "city": "臺北市",
        "district": "內湖區",
        "address": "東湖路121號119巷口",
        "org": "台北市啟明權益促進會"
      }
    },
    {
      "type": "Feature",
      "geometry": {
        "type": "Point",
        "coordinates": [
          121.5878676,
          25.0825765
        ]
      },
      "properties": {
        "id": "937",
        "city": "臺北市",
        "district": "內湖區",
        "address": "內湖路2段263巷4號右側",
        "org": "台北市啟明權益促進會"
      }
    },
    {
      "type": "Feature",
      "geometry": {
        "type": "Point",
        "coordinates": [
          121.6070282,
          25.0689655
        ]
      },
      "properties": {
        "id": "938",
        "city": "臺北市",
        "district": "內湖區",
        "address": "民權東路6段280巷與康寧路3段56巷交叉口",
        "org": "台北市啟明權益促進會"
      }
    },
    {
      "type": "Feature",
      "geometry": {
        "type": "Point",
        "coordinates": [
          121.5872,
          25.0875469
        ]
      },
      "properties": {
        "id": "939",
        "city": "臺北市",
        "district": "內湖區",
        "address": "內湖路3段173巷口電桿旁(175號旁)",
        "org": "台北市啟明權益促進會"
      }
    },
    {
      "type": "Feature",
      "geometry": {
        "type": "Point",
        "coordinates": [
          121.5863782,
          25.0878257
        ]
      },
      "properties": {
        "id": "940",
        "city": "臺北市",
        "district": "內湖區",
        "address": "內湖路3段191巷18號旁公佈欄邊",
        "org": "台北市啟明權益促進會"
      }
    },
    {
      "type": "Feature",
      "geometry": {
        "type": "Point",
        "coordinates": [
          121.5965409,
          25.0857395
        ]
      },
      "properties": {
        "id": "941",
        "city": "臺北市",
        "district": "內湖區",
        "address": "成功路4段324巷電桿邊",
        "org": "台北市啟明權益促進會"
      }
    },
    {
      "type": "Feature",
      "geometry": {
        "type": "Point",
        "coordinates": [
          121.5899748,
          25.0857636
        ]
      },
      "properties": {
        "id": "942",
        "city": "臺北市",
        "district": "內湖區",
        "address": "金湖路31號旁公佈欄旁",
        "org": "台北市啟明權益促進會"
      }
    },
    {
      "type": "Feature",
      "geometry": {
        "type": "Point",
        "coordinates": [
          121.600082,
          25.0739915
        ]
      },
      "properties": {
        "id": "943",
        "city": "臺北市",
        "district": "內湖區",
        "address": "康樂街110巷電箱旁",
        "org": "台北市啟明權益促進會"
      }
    },
    {
      "type": "Feature",
      "geometry": {
        "type": "Point",
        "coordinates": [
          121.5119847,
          25.1097059
        ]
      },
      "properties": {
        "id": "944",
        "city": "臺北市",
        "district": "北投區",
        "address": "明德路118巷口",
        "org": "台北市啟明權益促進會"
      }
    },
    {
      "type": "Feature",
      "geometry": {
        "type": "Point",
        "coordinates": [
          121.5852436,
          25.0393735
        ]
      },
      "properties": {
        "id": "946",
        "city": "臺北市",
        "district": "信義區",
        "address": "福德街308巷對面309巷口人行道",
        "org": "台北市啟明權益促進會"
      }
    },
    {
      "type": "Feature",
      "geometry": {
        "type": "Point",
        "coordinates": [
          121.5836217,
          25.039474
        ]
      },
      "properties": {
        "id": "947",
        "city": "臺北市",
        "district": "信義區",
        "address": "福德街268巷34之2號電桿下",
        "org": "台北市啟明權益促進會"
      }
    },
    {
      "type": "Feature",
      "geometry": {
        "type": "Point",
        "coordinates": [
          121.6050001,
          25.0551785
        ]
      },
      "properties": {
        "id": "948",
        "city": "臺北市",
        "district": "南港區",
        "address": "興中路20號對面",
        "org": "台北市啟明權益促進會"
      }
    },
    {
      "type": "Feature",
      "geometry": {
        "type": "Point",
        "coordinates": [
          121.6117279,
          25.0547919
        ]
      },
      "properties": {
        "id": "949",
        "city": "臺北市",
        "district": "南港區",
        "address": "南港路1段137巷口",
        "org": "台北市啟明權益促進會"
      }
    },
    {
      "type": "Feature",
      "geometry": {
        "type": "Point",
        "coordinates": [
          121.5966326,
          25.0592783
        ]
      },
      "properties": {
        "id": "950",
        "city": "臺北市",
        "district": "南港區",
        "address": "重陽路與園區街大樹旁",
        "org": "台北市啟明權益促進會"
      }
    },
    {
      "type": "Feature",
      "geometry": {
        "type": "Point",
        "coordinates": [
          121.5306815,
          25.1241304
        ]
      },
      "properties": {
        "id": "951",
        "city": "臺北市",
        "district": "士林區",
        "address": "中山北路7段154巷3號對面電線桿旁",
        "org": "台北市視障多元就業促進會"
      }
    },
    {
      "type": "Feature",
      "geometry": {
        "type": "Point",
        "coordinates": [
          121.5131963,
          25.0640098
        ]
      },
      "properties": {
        "id": "952",
        "city": "臺北市",
        "district": "大同區",
        "address": "蘭州街89巷1弄蘭州公園電線桿旁",
        "org": "台北市視障多元就業促進會"
      }
    },
    {
      "type": "Feature",
      "geometry": {
        "type": "Point",
        "coordinates": [
          211.513734,
          25.0665618
        ]
      },
      "properties": {
        "id": "953",
        "city": "臺北市",
        "district": "大同區",
        "address": "大龍街94號旁",
        "org": "台北市視障多元就業促進會"
      }
    },
    {
      "type": "Feature",
      "geometry": {
        "type": "Point",
        "coordinates": [
          121.5270048,
          25.1069301
        ]
      },
      "properties": {
        "id": "954",
        "city": "臺北市",
        "district": "士林區",
        "address": "德行東路104巷9弄11號前電桿旁",
        "org": "台北市視障多元就業促進會"
      }
    },
    {
      "type": "Feature",
      "geometry": {
        "type": "Point",
        "coordinates": [
          121.6101239,
          25.0606126
        ]
      },
      "properties": {
        "id": "955",
        "city": "臺北市",
        "district": "南港區",
        "address": "重陽路504巷1弄1號旁",
        "org": "台北市視障多元就業促進會"
      }
    },
    {
      "type": "Feature",
      "geometry": {
        "type": "Point",
        "coordinates": [
          121.61192,
          25.0599106
        ]
      },
      "properties": {
        "id": "956",
        "city": "臺北市",
        "district": "南港區",
        "address": "三重路41巷43號燈桿旁",
        "org": "台北市視障多元就業促進會"
      }
    },
    {
      "type": "Feature",
      "geometry": {
        "type": "Point",
        "coordinates": [
          121.5801863,
          25.0455439
        ]
      },
      "properties": {
        "id": "957",
        "city": "臺北市",
        "district": "南港區",
        "address": "永吉路605號電箱旁",
        "org": "台北市視障多元就業促進會"
      }
    },
    {
      "type": "Feature",
      "geometry": {
        "type": "Point",
        "coordinates": [
          121.579673,
          25.0488463
        ]
      },
      "properties": {
        "id": "958",
        "city": "臺北市",
        "district": "南港區",
        "address": "玉成街69號(人行道前)",
        "org": "台北市視障多元就業促進會"
      }
    },
    {
      "type": "Feature",
      "geometry": {
        "type": "Point",
        "coordinates": [
          121.60199,
          25.05567
        ]
      },
      "properties": {
        "id": "959",
        "city": "臺北市",
        "district": "南港區",
        "address": "興南街64巷與東明街電桿旁",
        "org": "台北市視障多元就業促進會"
      }
    },
    {
      "type": "Feature",
      "geometry": {
        "type": "Point",
        "coordinates": [
          121.6010348,
          25.0575467
        ]
      },
      "properties": {
        "id": "960",
        "city": "臺北市",
        "district": "南港區",
        "address": "重陽路218-1號斜對面電信箱旁",
        "org": "台北市視障多元就業促進會"
      }
    },
    {
      "type": "Feature",
      "geometry": {
        "type": "Point",
        "coordinates": [
          121.6081923,
          25.055725
        ]
      },
      "properties": {
        "id": "961",
        "city": "臺北市",
        "district": "南港區",
        "address": "惠民街7號(對面迴轉鏡旁)",
        "org": "台北市視障多元就業促進會"
      }
    },
    {
      "type": "Feature",
      "geometry": {
        "type": "Point",
        "coordinates": [
          121.5896353,
          25.0495918
        ]
      },
      "properties": {
        "id": "962",
        "city": "臺北市",
        "district": "南港區",
        "address": "忠孝東路6段370巷1號(對面人行道上)",
        "org": "台北市視障多元就業促進會"
      }
    },
    {
      "type": "Feature",
      "geometry": {
        "type": "Point",
        "coordinates": [
          121.5467569,
          25.0528277
        ]
      },
      "properties": {
        "id": "963",
        "city": "臺北市",
        "district": "松山區",
        "address": "南京東路4段53巷5弄口",
        "org": "台北市視障多元就業促進會"
      }
    },
    {
      "type": "Feature",
      "geometry": {
        "type": "Point",
        "coordinates": [
          121.55506,
          25.04796
        ]
      },
      "properties": {
        "id": "964",
        "city": "臺北市",
        "district": "松山區",
        "address": "八德路3段156號旁電箱左側",
        "org": "台北市視障多元就業促進會"
      }
    },
    {
      "type": "Feature",
      "geometry": {
        "type": "Point",
        "coordinates": [
          121.58154,
          25.04592
        ]
      },
      "properties": {
        "id": "965",
        "city": "臺北市",
        "district": "南港區",
        "address": "永吉路553巷與中坡北路40巷交叉口燈桿旁",
        "org": "台北市視障多元就業促進會"
      }
    },
    {
      "type": "Feature",
      "geometry": {
        "type": "Point",
        "coordinates": [
          121.51983,
          25.08793
        ]
      },
      "properties": {
        "id": "967",
        "city": "臺北市",
        "district": "士林區",
        "address": "華齡街196號對面電線桿旁",
        "org": "台北市視障多元就業促進會"
      }
    },
    {
      "type": "Feature",
      "geometry": {
        "type": "Point",
        "coordinates": [
          121.51871,
          25.06917
        ]
      },
      "properties": {
        "id": "968",
        "city": "臺北市",
        "district": "大同區",
        "address": "承德路3段179號旁",
        "org": "台北市視障多元就業促進會"
      }
    },
    {
      "type": "Feature",
      "geometry": {
        "type": "Point",
        "coordinates": [
          121.5314184,
          25.0624322
        ]
      },
      "properties": {
        "id": "969",
        "city": "臺北市",
        "district": "中山區",
        "address": "建國北路3段22巷(民權東路2段135巷口)",
        "org": "台北市視障多元就業促進會"
      }
    },
    {
      "type": "Feature",
      "geometry": {
        "type": "Point",
        "coordinates": [
          121.5314184,
          25.0624706
        ]
      },
      "properties": {
        "id": "970",
        "city": "臺北市",
        "district": "中山區",
        "address": "農安街166巷口",
        "org": "台北市視障多元就業促進會"
      }
    },
    {
      "type": "Feature",
      "geometry": {
        "type": "Point",
        "coordinates": [
          121.5373882,
          24.9928366
        ]
      },
      "properties": {
        "id": "971",
        "city": "臺北市",
        "district": "文山區",
        "address": "萬慶街22-2號斜對面燈桿旁",
        "org": "台北市視障多元就業促進會"
      }
    },
    {
      "type": "Feature",
      "geometry": {
        "type": "Point",
        "coordinates": [
          121.51398,
          25.06936
        ]
      },
      "properties": {
        "id": "972",
        "city": "臺北市",
        "district": "大同區",
        "address": "重慶北路3段189號旁",
        "org": "台北市視障多元就業促進會"
      }
    },
    {
      "type": "Feature",
      "geometry": {
        "type": "Point",
        "coordinates": [
          121.5350147,
          24.9955037
        ]
      },
      "properties": {
        "id": "973",
        "city": "臺北市",
        "district": "文山區",
        "address": "景福街133巷40號前燈桿",
        "org": "台北市視障多元就業促進會"
      }
    },
    {
      "type": "Feature",
      "geometry": {
        "type": "Point",
        "coordinates": [
          121.61255,
          25.05519
        ]
      },
      "properties": {
        "id": "974",
        "city": "臺北市",
        "district": "南港區",
        "address": "南港路1段185號對面公佈欄(興南宮後方)",
        "org": "台北市視障多元就業促進會"
      }
    },
    {
      "type": "Feature",
      "geometry": {
        "type": "Point",
        "coordinates": [
          121.6011,
          25.05493
        ]
      },
      "properties": {
        "id": "975",
        "city": "臺北市",
        "district": "南港區",
        "address": "東明街97巷5號斜對面(里活動中心旁)",
        "org": "台北市視障多元就業促進會"
      }
    },
    {
      "type": "Feature",
      "geometry": {
        "type": "Point",
        "coordinates": [
          121.31285,
          25.01294
        ]
      },
      "properties": {
        "id": "976",
        "city": "臺北市",
        "district": "大安區",
        "address": "羅斯福路2段101巷口",
        "org": "台北市艾馨公益慈善會"
      }
    },
    {
      "type": "Feature",
      "geometry": {
        "type": "Point",
        "coordinates": [
          121.538874,
          25.110658
        ]
      },
      "properties": {
        "id": "977",
        "city": "臺北市",
        "district": "士林區",
        "address": "德行東路365巷口",
        "org": "台北市艾馨公益慈善會"
      }
    },
    {
      "type": "Feature",
      "geometry": {
        "type": "Point",
        "coordinates": [
          121.538938,
          25.110575
        ]
      },
      "properties": {
        "id": "978",
        "city": "臺北市",
        "district": "士林區",
        "address": "忠誠路1段173巷38號旁",
        "org": "台北市艾馨公益慈善會"
      }
    },
    {
      "type": "Feature",
      "geometry": {
        "type": "Point",
        "coordinates": [
          121.576027,
          25.034294
        ]
      },
      "properties": {
        "id": "979",
        "city": "臺北市",
        "district": "信義區",
        "address": "信義路6段76巷2弄22號",
        "org": "台北市艾馨公益慈善會"
      }
    },
    {
      "type": "Feature",
      "geometry": {
        "type": "Point",
        "coordinates": [
          121.579908,
          25.035193
        ]
      },
      "properties": {
        "id": "980",
        "city": "臺北市",
        "district": "信義區",
        "address": "松山路655號左側路燈下",
        "org": "台北市艾馨公益慈善會"
      }
    },
    {
      "type": "Feature",
      "geometry": {
        "type": "Point",
        "coordinates": [
          121.554294,
          25.01876
        ]
      },
      "properties": {
        "id": "981",
        "city": "臺北市",
        "district": "大安區",
        "address": "樂業街188號路燈桿旁",
        "org": "台北市艾馨公益慈善會"
      }
    },
    {
      "type": "Feature",
      "geometry": {
        "type": "Point",
        "coordinates": [
          121.508602,
          25.091121
        ]
      },
      "properties": {
        "id": "982",
        "city": "臺北市",
        "district": "士林區",
        "address": "社中街214號電信箱旁",
        "org": "台北市艾馨公益慈善會"
      }
    },
    {
      "type": "Feature",
      "geometry": {
        "type": "Point",
        "coordinates": [
          121.567282,
          25.041589
        ]
      },
      "properties": {
        "id": "983",
        "city": "臺北市",
        "district": "信義區",
        "address": "忠孝東路5段71巷口(忠孝東路5段31巷18弄)",
        "org": "台北市艾馨公益慈善會"
      }
    },
    {
      "type": "Feature",
      "geometry": {
        "type": "Point",
        "coordinates": [
          121.574564,
          25.03289
        ]
      },
      "properties": {
        "id": "984",
        "city": "臺北市",
        "district": "信義區",
        "address": "松德路271號(對面電箱邊)",
        "org": "台北市艾馨公益慈善會"
      }
    },
    {
      "type": "Feature",
      "geometry": {
        "type": "Point",
        "coordinates": [
          121.575499,
          25.046553
        ]
      },
      "properties": {
        "id": "985",
        "city": "臺北市",
        "district": "信義區",
        "address": "永吉街321巷28號(斜對面路燈下)",
        "org": "台北市艾馨公益慈善會"
      }
    },
    {
      "type": "Feature",
      "geometry": {
        "type": "Point",
        "coordinates": [
          121.576578,
          25.048676
        ]
      },
      "properties": {
        "id": "986",
        "city": "臺北市",
        "district": "信義區",
        "address": "松隆路215巷4弄底圍牆邊",
        "org": "台北市艾馨公益慈善會"
      }
    },
    {
      "type": "Feature",
      "geometry": {
        "type": "Point",
        "coordinates": [
          121.550363,
          25.023247
        ]
      },
      "properties": {
        "id": "987",
        "city": "臺北市",
        "district": "大安區",
        "address": "樂業街41巷14號",
        "org": "台北市艾馨公益慈善會"
      }
    },
    {
      "type": "Feature",
      "geometry": {
        "type": "Point",
        "coordinates": [
          121.570333,
          25.036431
        ]
      },
      "properties": {
        "id": "988",
        "city": "臺北市",
        "district": "信義區",
        "address": "松仁路95巷20號旁(安康公園內)",
        "org": "台北市艾馨公益慈善會"
      }
    },
    {
      "type": "Feature",
      "geometry": {
        "type": "Point",
        "coordinates": [
          121.579066,
          25.032782
        ]
      },
      "properties": {
        "id": "989",
        "city": "臺北市",
        "district": "信義區",
        "address": "松山路650巷15弄(永春高中對面圍牆邊)",
        "org": "台北市艾馨公益慈善會"
      }
    },
    {
      "type": "Feature",
      "geometry": {
        "type": "Point",
        "coordinates": [
          121.578893,
          25.044365
        ]
      },
      "properties": {
        "id": "990",
        "city": "臺北市",
        "district": "信義區",
        "address": "永吉路468巷48號對面",
        "org": "台北市艾馨公益慈善會"
      }
    },
    {
      "type": "Feature",
      "geometry": {
        "type": "Point",
        "coordinates": [
          121.581595,
          25.042674
        ]
      },
      "properties": {
        "id": "991",
        "city": "臺北市",
        "district": "信義區",
        "address": "忠孝東路5段790巷20弄11號(電線杆邊)",
        "org": "台北市艾馨公益慈善會"
      }
    },
    {
      "type": "Feature",
      "geometry": {
        "type": "Point",
        "coordinates": [
          121.529506,
          25.067015
        ]
      },
      "properties": {
        "id": "992",
        "city": "臺北市",
        "district": "中山區",
        "address": "吉林路456巷(巷口路燈下)",
        "org": "台北市艾馨公益慈善會"
      }
    },
    {
      "type": "Feature",
      "geometry": {
        "type": "Point",
        "coordinates": [
          121.549134,
          25.084118
        ]
      },
      "properties": {
        "id": "993",
        "city": "臺北市",
        "district": "中山區",
        "address": "北安路649號旁",
        "org": "台北市艾馨公益慈善會"
      }
    },
    {
      "type": "Feature",
      "geometry": {
        "type": "Point",
        "coordinates": [
          121.551492,
          25.023275
        ]
      },
      "properties": {
        "id": "994",
        "city": "臺北市",
        "district": "大安區",
        "address": "基隆路2段209巷口電線杆旁",
        "org": "台北市艾馨公益慈善會"
      }
    },
    {
      "type": "Feature",
      "geometry": {
        "type": "Point",
        "coordinates": [
          121.554111,
          25.038938
        ]
      },
      "properties": {
        "id": "995",
        "city": "臺北市",
        "district": "大安區",
        "address": "仁愛路4段345巷15弄2號旁",
        "org": "台北市艾馨公益慈善會"
      }
    },
    {
      "type": "Feature",
      "geometry": {
        "type": "Point",
        "coordinates": [
          121.52755,
          25.022075
        ]
      },
      "properties": {
        "id": "996",
        "city": "臺北市",
        "district": "大安區",
        "address": "師大路102巷24號旁",
        "org": "台北市艾馨公益慈善會"
      }
    },
    {
      "type": "Feature",
      "geometry": {
        "type": "Point",
        "coordinates": [
          121.5503434,
          25.02324855
        ]
      },
      "properties": {
        "id": "997",
        "city": "臺北市",
        "district": "大安區",
        "address": "樂業街41巷14號",
        "org": "台北市艾馨公益慈善會"
      }
    },
    {
      "type": "Feature",
      "geometry": {
        "type": "Point",
        "coordinates": [
          121.554192,
          25.042475
        ]
      },
      "properties": {
        "id": "998",
        "city": "臺北市",
        "district": "大安區",
        "address": "延吉街72號旁(7-11超商的招牌下)",
        "org": "台北市艾馨公益慈善會"
      }
    },
    {
      "type": "Feature",
      "geometry": {
        "type": "Point",
        "coordinates": [
          121.553859,
          25.043538
        ]
      },
      "properties": {
        "id": "999",
        "city": "臺北市",
        "district": "大安區",
        "address": "延吉街62巷6弄2號對面",
        "org": "台北市艾馨公益慈善會"
      }
    },
    {
      "type": "Feature",
      "geometry": {
        "type": "Point",
        "coordinates": [
          121.5283,
          25.024395
        ]
      },
      "properties": {
        "id": "1000",
        "city": "臺北市",
        "district": "大安區",
        "address": "師大路64號斜對面綠地",
        "org": "台北市艾馨公益慈善會"
      }
    },
    {
      "type": "Feature",
      "geometry": {
        "type": "Point",
        "coordinates": [
          121.5569924,
          25.02640251
        ]
      },
      "properties": {
        "id": "1001",
        "city": "臺北市",
        "district": "信義區",
        "address": "嘉興街181巷9弄13號轉角",
        "org": "台北市身障體育發展協會"
      }
    },
    {
      "type": "Feature",
      "geometry": {
        "type": "Point",
        "coordinates": [
          121.5447,
          24.99722
        ]
      },
      "properties": {
        "id": "1002",
        "city": "臺北市",
        "district": "文山區",
        "address": "景興路42巷口",
        "org": "台北市身障體育發展協會"
      }
    },
    {
      "type": "Feature",
      "geometry": {
        "type": "Point",
        "coordinates": [
          121.5334254,
          25.0000803
        ]
      },
      "properties": {
        "id": "1003",
        "city": "臺北市",
        "district": "文山區",
        "address": "溪洲街137巷94號右邊電桿旁",
        "org": "台北市身障體育發展協會"
      }
    },
    {
      "type": "Feature",
      "geometry": {
        "type": "Point",
        "coordinates": [
          121.5341017,
          24.9966699
        ]
      },
      "properties": {
        "id": "1004",
        "city": "臺北市",
        "district": "文山區",
        "address": "景福街123號右邊",
        "org": "台北市身障體育發展協會"
      }
    },
    {
      "type": "Feature",
      "geometry": {
        "type": "Point",
        "coordinates": [
          121.5275356,
          24.9966696
        ]
      },
      "properties": {
        "id": "1005",
        "city": "臺北市",
        "district": "文山區",
        "address": "羅斯福路5段236巷左邊",
        "org": "台北市身障體育發展協會"
      }
    },
    {
      "type": "Feature",
      "geometry": {
        "type": "Point",
        "coordinates": [
          121.5369625,
          25.0020813
        ]
      },
      "properties": {
        "id": "1006",
        "city": "臺北市",
        "district": "文山區",
        "address": "羅斯福路5段218巷39號左邊",
        "org": "台北市身障體育發展協會"
      }
    },
    {
      "type": "Feature",
      "geometry": {
        "type": "Point",
        "coordinates": [
          121.5347527,
          25.0020398
        ]
      },
      "properties": {
        "id": "1007",
        "city": "臺北市",
        "district": "文山區",
        "address": "木新路3段310巷口陸橋旁",
        "org": "台北市身障體育發展協會"
      }
    },
    {
      "type": "Feature",
      "geometry": {
        "type": "Point",
        "coordinates": [
          121.5336854,
          25.0031581
        ]
      },
      "properties": {
        "id": "1008",
        "city": "臺北市",
        "district": "文山區",
        "address": "汀州路4段209號左前方",
        "org": "台北市身障體育發展協會"
      }
    },
    {
      "type": "Feature",
      "geometry": {
        "type": "Point",
        "coordinates": [
          121.5358038,
          24.9995314
        ]
      },
      "properties": {
        "id": "1009",
        "city": "臺北市",
        "district": "文山區",
        "address": "景福街54巷口",
        "org": "台北市身障體育發展協會"
      }
    },
    {
      "type": "Feature",
      "geometry": {
        "type": "Point",
        "coordinates": [
          121.5349744,
          24.9983915
        ]
      },
      "properties": {
        "id": "1010",
        "city": "臺北市",
        "district": "文山區",
        "address": "景福街43號對面",
        "org": "台北市身障體育發展協會"
      }
    },
    {
      "type": "Feature",
      "geometry": {
        "type": "Point",
        "coordinates": [
          121.5565942,
          24.98848008
        ]
      },
      "properties": {
        "id": "1011",
        "city": "臺北市",
        "district": "文山區",
        "address": "木柵路1段294巷中山村巷口",
        "org": "台北市身障體育發展協會"
      }
    },
    {
      "type": "Feature",
      "geometry": {
        "type": "Point",
        "coordinates": [
          121.5385446,
          24.9939893
        ]
      },
      "properties": {
        "id": "1012",
        "city": "臺北市",
        "district": "文山區",
        "address": "溪口街1巷口",
        "org": "台北市身障體育發展協會"
      }
    },
    {
      "type": "Feature",
      "geometry": {
        "type": "Point",
        "coordinates": [
          121.5373103,
          24.9969535
        ]
      },
      "properties": {
        "id": "1013",
        "city": "臺北市",
        "district": "文山區",
        "address": "羅斯福路6段142巷20弄2-3號旁(公佈欄旁)",
        "org": "台北市身障體育發展協會"
      }
    },
    {
      "type": "Feature",
      "geometry": {
        "type": "Point",
        "coordinates": [
          121.5373067,
          24.9973457
        ]
      },
      "properties": {
        "id": "1014",
        "city": "臺北市",
        "district": "文山區",
        "address": "羅斯福路6段142巷20弄19號對面(電信箱旁)",
        "org": "台北市身障體育發展協會"
      }
    },
    {
      "type": "Feature",
      "geometry": {
        "type": "Point",
        "coordinates": [
          121.5376289,
          24.9982913
        ]
      },
      "properties": {
        "id": "1015",
        "city": "臺北市",
        "district": "文山區",
        "address": "景福街3巷31號對面(變電箱旁)",
        "org": "台北市身障體育發展協會"
      }
    },
    {
      "type": "Feature",
      "geometry": {
        "type": "Point",
        "coordinates": [
          121.5372662,
          24.9959515
        ]
      },
      "properties": {
        "id": "1016",
        "city": "臺北市",
        "district": "文山區",
        "address": "溪口街66巷7號左邊(電線桿旁)",
        "org": "台北市身障體育發展協會"
      }
    },
    {
      "type": "Feature",
      "geometry": {
        "type": "Point",
        "coordinates": [
          121.5373838,
          24.9965883
        ]
      },
      "properties": {
        "id": "1017",
        "city": "臺北市",
        "district": "文山區",
        "address": "景福街175巷口",
        "org": "台北市身障體育發展協會"
      }
    },
    {
      "type": "Feature",
      "geometry": {
        "type": "Point",
        "coordinates": [
          121.513023,
          25.0740948
        ]
      },
      "properties": {
        "id": "1018",
        "city": "臺北市",
        "district": "大同區",
        "address": "重慶北路3段312巷18號對面電信箱旁",
        "org": "台北市身障體育發展協會"
      }
    },
    {
      "type": "Feature",
      "geometry": {
        "type": "Point",
        "coordinates": [
          121.5076933,
          25.0776337
        ]
      },
      "properties": {
        "id": "1019",
        "city": "臺北市",
        "district": "大同區",
        "address": "延平北路4段294巷口",
        "org": "台北市身障體育發展協會"
      }
    },
    {
      "type": "Feature",
      "geometry": {
        "type": "Point",
        "coordinates": [
          121.513023,
          25.0740948
        ]
      },
      "properties": {
        "id": "1020",
        "city": "臺北市",
        "district": "士林區",
        "address": "至善路2段132號右邊電桿旁",
        "org": "台北市身障體育發展協會"
      }
    },
    {
      "type": "Feature",
      "geometry": {
        "type": "Point",
        "coordinates": [
          121.5076933,
          25.0776337
        ]
      },
      "properties": {
        "id": "1021",
        "city": "臺北市",
        "district": "士林區",
        "address": "故宮路49號右邊電桿旁",
        "org": "台北市身障體育發展協會"
      }
    },
    {
      "type": "Feature",
      "geometry": {
        "type": "Point",
        "coordinates": [
          121.5218329,
          25.1139032
        ]
      },
      "properties": {
        "id": "1022",
        "city": "臺北市",
        "district": "士林區",
        "address": "天母北路87巷22弄25號對面兩支電桿中間",
        "org": "台北市身障體育發展協會"
      }
    },
    {
      "type": "Feature",
      "geometry": {
        "type": "Point",
        "coordinates": [
          121.5299949,
          25.1247069
        ]
      },
      "properties": {
        "id": "1023",
        "city": "臺北市",
        "district": "士林區",
        "address": "中山北路7段181巷6號對面",
        "org": "台北市身障體育發展協會"
      }
    },
    {
      "type": "Feature",
      "geometry": {
        "type": "Point",
        "coordinates": [
          121.53145,
          25.03749
        ]
      },
      "properties": {
        "id": "1026",
        "city": "臺北市",
        "district": "中正區",
        "address": "臨沂街57巷40號電桿旁",
        "org": "台北市身心障礙者自立更生創業協會"
      }
    },
    {
      "type": "Feature",
      "geometry": {
        "type": "Point",
        "coordinates": [
          121.54848,
          25.08163
        ]
      },
      "properties": {
        "id": "1027",
        "city": "臺北市",
        "district": "中山區",
        "address": "北安路575號旁電桿旁邊",
        "org": "台北市身心障礙者自立更生創業協會"
      }
    },
    {
      "type": "Feature",
      "geometry": {
        "type": "Point",
        "coordinates": [
          121.5562,
          25.08517
        ]
      },
      "properties": {
        "id": "1028",
        "city": "臺北市",
        "district": "中山區",
        "address": "北安路819號之1對面郵筒旁",
        "org": "台北市身心障礙者自立更生創業協會"
      }
    },
    {
      "type": "Feature",
      "geometry": {
        "type": "Point",
        "coordinates": [
          121.54025,
          25.04802
        ]
      },
      "properties": {
        "id": "1029",
        "city": "臺北市",
        "district": "中山區",
        "address": "龍江路12-1號旁",
        "org": "台北市身心障礙者自立更生創業協會"
      }
    },
    {
      "type": "Feature",
      "geometry": {
        "type": "Point",
        "coordinates": [
          121.55577,
          25.0023
        ]
      },
      "properties": {
        "id": "1030",
        "city": "臺北市",
        "district": "信義區",
        "address": "富陽街72巷口",
        "org": "台北市身心障礙者自立更生創業協會"
      }
    },
    {
      "type": "Feature",
      "geometry": {
        "type": "Point",
        "coordinates": [
          121.54506,
          25.02599
        ]
      },
      "properties": {
        "id": "1031",
        "city": "臺北市",
        "district": "大安區",
        "address": "和平東路2段311巷36號對面電箱旁",
        "org": "台北市身心障礙者自立更生創業協會"
      }
    },
    {
      "type": "Feature",
      "geometry": {
        "type": "Point",
        "coordinates": [
          121.54395,
          25.0273
        ]
      },
      "properties": {
        "id": "1032",
        "city": "臺北市",
        "district": "大安區",
        "address": "和平東路2段265巷42號前電燈桿旁",
        "org": "台北市身心障礙者自立更生創業協會"
      }
    },
    {
      "type": "Feature",
      "geometry": {
        "type": "Point",
        "coordinates": [
          121.54227,
          25.04445
        ]
      },
      "properties": {
        "id": "1033",
        "city": "臺北市",
        "district": "大安區",
        "address": "安東街40巷1號對面",
        "org": "台北市身心障礙者自立更生創業協會"
      }
    },
    {
      "type": "Feature",
      "geometry": {
        "type": "Point",
        "coordinates": [
          121.54161,
          25.0423
        ]
      },
      "properties": {
        "id": "1034",
        "city": "臺北市",
        "district": "大安區",
        "address": "忠孝東路3段251巷2弄1號對面",
        "org": "台北市身心障礙者自立更生創業協會"
      }
    },
    {
      "type": "Feature",
      "geometry": {
        "type": "Point",
        "coordinates": [
          121.54309,
          25.03538
        ]
      },
      "properties": {
        "id": "1035",
        "city": "臺北市",
        "district": "大安區",
        "address": "信義路3段147巷15弄27號邊",
        "org": "台北市身心障礙者自立更生創業協會"
      }
    },
    {
      "type": "Feature",
      "geometry": {
        "type": "Point",
        "coordinates": [
          121.55693,
          25.01721
        ]
      },
      "properties": {
        "id": "1036",
        "city": "臺北市",
        "district": "大安區",
        "address": "富陽街180巷與臥龍街272巷（慈仁八村門口）",
        "org": "台北市身心障礙者自立更生創業協會"
      }
    },
    {
      "type": "Feature",
      "geometry": {
        "type": "Point",
        "coordinates": [
          121.49882,
          25.12942
        ]
      },
      "properties": {
        "id": "1037",
        "city": "臺北市",
        "district": "北投區",
        "address": "大興街24巷口",
        "org": "台北市身心障礙者自立更生創業協會"
      }
    },
    {
      "type": "Feature",
      "geometry": {
        "type": "Point",
        "coordinates": [
          121.56559,
          25.02987
        ]
      },
      "properties": {
        "id": "1038",
        "city": "臺北市",
        "district": "信義區",
        "address": "松智路39巷口人行道",
        "org": "台北市身心障礙者自立更生創業協會"
      }
    },
    {
      "type": "Feature",
      "geometry": {
        "type": "Point",
        "coordinates": [
          121.58902,
          25.03495
        ]
      },
      "properties": {
        "id": "1039",
        "city": "臺北市",
        "district": "信義區",
        "address": "福德街251巷口電信箱旁",
        "org": "台北市身心障礙者自立更生創業協會"
      }
    },
    {
      "type": "Feature",
      "geometry": {
        "type": "Point",
        "coordinates": [
          121.5515792,
          25.02164064
        ]
      },
      "properties": {
        "id": "1040",
        "city": "臺北市",
        "district": "大安區",
        "address": "樂業街87號右側後",
        "org": "台北市身心障礙者自立更生創業協會"
      }
    },
    {
      "type": "Feature",
      "geometry": {
        "type": "Point",
        "coordinates": [
          121.54473,
          25.04383
        ]
      },
      "properties": {
        "id": "1041",
        "city": "臺北市",
        "district": "大安區",
        "address": "復興南路1段107巷8號旁",
        "org": "台北市身心障礙者自立更生創業協會"
      }
    },
    {
      "type": "Feature",
      "geometry": {
        "type": "Point",
        "coordinates": [
          121.5241,
          25.03025
        ]
      },
      "properties": {
        "id": "1042",
        "city": "臺北市",
        "district": "大安區",
        "address": "潮州街55巷告示牌旁",
        "org": "台北市身心障礙者自立更生創業協會"
      }
    },
    {
      "type": "Feature",
      "geometry": {
        "type": "Point",
        "coordinates": [
          121.56391,
          25.05475
        ]
      },
      "properties": {
        "id": "1043",
        "city": "臺北市",
        "district": "松山區",
        "address": "健康路與三民路(西松公園電箱旁)",
        "org": "台北市身心障礙者自立更生創業協會"
      }
    },
    {
      "type": "Feature",
      "geometry": {
        "type": "Point",
        "coordinates": [
          121.57919,
          25.04592
        ]
      },
      "properties": {
        "id": "1044",
        "city": "臺北市",
        "district": "大安區",
        "address": "和平東路3段308巷15弄與31弄公園",
        "org": "台北市身心障礙者自立更生創業協會"
      }
    },
    {
      "type": "Feature",
      "geometry": {
        "type": "Point",
        "coordinates": [
          121.54754,
          25.06345
        ]
      },
      "properties": {
        "id": "1045",
        "city": "臺北市",
        "district": "松山區",
        "address": "民權東路3段191巷29號電線桿旁",
        "org": "台北市身心障礙者自立更生創業協會"
      }
    },
    {
      "type": "Feature",
      "geometry": {
        "type": "Point",
        "coordinates": [
          121.55294,
          25.05737
        ]
      },
      "properties": {
        "id": "1046",
        "city": "臺北市",
        "district": "松山區",
        "address": "民生東路4段80巷4號旁公園電箱旁",
        "org": "台北市身心障礙者自立更生創業協會"
      }
    },
    {
      "type": "Feature",
      "geometry": {
        "type": "Point",
        "coordinates": [
          121.5528,
          25.0194
        ]
      },
      "properties": {
        "id": "1047",
        "city": "臺北市",
        "district": "大安區",
        "address": "安居街35巷口與46巷口對面",
        "org": "台北市身心障礙者自立更生創業協會"
      }
    },
    {
      "type": "Feature",
      "geometry": {
        "type": "Point",
        "coordinates": [
          121.55549,
          25.02153
        ]
      },
      "properties": {
        "id": "1048",
        "city": "臺北市",
        "district": "大安區",
        "address": "杭州南路2段67號前電箱旁",
        "org": "台北市身心障礙者自立更生創業協會"
      }
    },
    {
      "type": "Feature",
      "geometry": {
        "type": "Point",
        "coordinates": [
          121.55549,
          25.02153
        ]
      },
      "properties": {
        "id": "1049",
        "city": "臺北市",
        "district": "大安區",
        "address": "和平東路3段260號與安居街公佈欄旁",
        "org": "台北市身心障礙者自立更生創業協會"
      }
    },
    {
      "type": "Feature",
      "geometry": {
        "type": "Point",
        "coordinates": [
          121.5516427,
          25.056845
        ]
      },
      "properties": {
        "id": "1050",
        "city": "臺北市",
        "district": "松山區",
        "address": "民生東路4段56巷底",
        "org": "台北市身心障礙者自立更生創業協會"
      }
    },
    {
      "type": "Feature",
      "geometry": {
        "type": "Point",
        "coordinates": [
          121.6177669,
          25.05306893
        ]
      },
      "properties": {
        "id": "1051",
        "city": "臺北市",
        "district": "南港區",
        "address": "富康街47巷16號對面",
        "org": "台北市身障就業發展協會"
      }
    },
    {
      "type": "Feature",
      "geometry": {
        "type": "Point",
        "coordinates": [
          121.5537667,
          25.028486
        ]
      },
      "properties": {
        "id": "1076",
        "city": "臺北市",
        "district": "大安區",
        "address": "通化街165巷口電線桿旁",
        "org": "臺北市至善無障愛關懷協會"
      }
    },
    {
      "type": "Feature",
      "geometry": {
        "type": "Point",
        "coordinates": [
          121.5770916,
          25.07571805
        ]
      },
      "properties": {
        "id": "1077",
        "city": "臺北市",
        "district": "內湖區",
        "address": "江南街71巷16弄41號旁",
        "org": "臺北市至善無障愛關懷協會"
      }
    },
    {
      "type": "Feature",
      "geometry": {
        "type": "Point",
        "coordinates": [
          121.5785727,
          25.07709087
        ]
      },
      "properties": {
        "id": "1078",
        "city": "臺北市",
        "district": "內湖區",
        "address": "江南街65巷16弄口",
        "org": "臺北市至善無障愛關懷協會"
      }
    },
    {
      "type": "Feature",
      "geometry": {
        "type": "Point",
        "coordinates": [
          121.5784861,
          25.07817575
        ]
      },
      "properties": {
        "id": "1079",
        "city": "臺北市",
        "district": "內湖區",
        "address": "江南街19號對面",
        "org": "臺北市至善無障愛關懷協會"
      }
    },
    {
      "type": "Feature",
      "geometry": {
        "type": "Point",
        "coordinates": [
          121.5393934,
          25.0454078
        ]
      },
      "properties": {
        "id": "1080",
        "city": "臺北市",
        "district": "中山區",
        "address": "八德路2段210巷10號斜對面公佈告欄",
        "org": "臺北市至善無障愛關懷協會"
      }
    },
    {
      "type": "Feature",
      "geometry": {
        "type": "Point",
        "coordinates": [
          121.541123,
          25.04686
        ]
      },
      "properties": {
        "id": "1081",
        "city": "臺北市",
        "district": "中山區",
        "address": "八德路2段266號電箱旁(中影八德大樓旁)",
        "org": "臺北市至善無障愛關懷協會"
      }
    },
    {
      "type": "Feature",
      "geometry": {
        "type": "Point",
        "coordinates": [
          121.5514374,
          25.02988479
        ]
      },
      "properties": {
        "id": "1082",
        "city": "臺北市",
        "district": "大安區",
        "address": "敦化南路2段81巷46號前",
        "org": "臺北市至善無障愛關懷協會"
      }
    },
    {
      "type": "Feature",
      "geometry": {
        "type": "Point",
        "coordinates": [
          121.505705,
          25.09321156
        ]
      },
      "properties": {
        "id": "1083",
        "city": "臺北市",
        "district": "士林區",
        "address": "通河西街2段140號對面",
        "org": "臺北市至善無障愛關懷協會"
      }
    },
    {
      "type": "Feature",
      "geometry": {
        "type": "Point",
        "coordinates": [
          121.5196892,
          25.09695549
        ]
      },
      "properties": {
        "id": "1084",
        "city": "臺北市",
        "district": "士林區",
        "address": "美崙街152巷與美崙街交叉口右側反射鏡旁",
        "org": "臺北市至善無障愛關懷協會"
      }
    },
    {
      "type": "Feature",
      "geometry": {
        "type": "Point",
        "coordinates": [
          121.5280412,
          25.1066444
        ]
      },
      "properties": {
        "id": "1085",
        "city": "臺北市",
        "district": "士林區",
        "address": "德行東路90巷23號旁及90巷21弄口",
        "org": "臺北市至善無障愛關懷協會"
      }
    },
    {
      "type": "Feature",
      "geometry": {
        "type": "Point",
        "coordinates": [
          121.5712828,
          25.04224436
        ]
      },
      "properties": {
        "id": "1086",
        "city": "臺北市",
        "district": "信義區",
        "address": "忠孝東路5段275巷與虎林街120巷交叉路燈設備旁",
        "org": "臺北市至善無障愛關懷協會"
      }
    },
    {
      "type": "Feature",
      "geometry": {
        "type": "Point",
        "coordinates": [
          121.5202034,
          25.09338617
        ]
      },
      "properties": {
        "id": "1087",
        "city": "臺北市",
        "district": "士林區",
        "address": "基河路311號斜對面258號人行道右側",
        "org": "臺北市至善無障愛關懷協會"
      }
    },
    {
      "type": "Feature",
      "geometry": {
        "type": "Point",
        "coordinates": [
          121.5244008,
          25.09430374
        ]
      },
      "properties": {
        "id": "1088",
        "city": "臺北市",
        "district": "士林區",
        "address": "文林路421巷6號電線桿旁",
        "org": "臺北市至善無障愛關懷協會"
      }
    },
    {
      "type": "Feature",
      "geometry": {
        "type": "Point",
        "coordinates": [
          121.5291909,
          25.10771753
        ]
      },
      "properties": {
        "id": "1089",
        "city": "臺北市",
        "district": "士林區",
        "address": "德行東路132巷1弄口電線桿下",
        "org": "臺北市至善無障愛關懷協會"
      }
    },
    {
      "type": "Feature",
      "geometry": {
        "type": "Point",
        "coordinates": [
          121.5197716,
          25.09115663
        ]
      },
      "properties": {
        "id": "1090",
        "city": "臺北市",
        "district": "士林區",
        "address": "士商路57號旁",
        "org": "臺北市至善無障愛關懷協會"
      }
    },
    {
      "type": "Feature",
      "geometry": {
        "type": "Point",
        "coordinates": [
          121.5053203,
          25.08945534
        ]
      },
      "properties": {
        "id": "1091",
        "city": "臺北市",
        "district": "士林區",
        "address": "延平北路6段202號旁路燈",
        "org": "臺北市至善無障愛關懷協會"
      }
    },
    {
      "type": "Feature",
      "geometry": {
        "type": "Point",
        "coordinates": [
          121.5029036,
          25.09193175
        ]
      },
      "properties": {
        "id": "1092",
        "city": "臺北市",
        "district": "士林區",
        "address": "延平北路6段258巷與社中街口",
        "org": "臺北市至善無障愛關懷協會"
      }
    },
    {
      "type": "Feature",
      "geometry": {
        "type": "Point",
        "coordinates": [
          121.5050167,
          25.09169826
        ]
      },
      "properties": {
        "id": "1093",
        "city": "臺北市",
        "district": "士林區",
        "address": "永平街82號對面",
        "org": "臺北市至善無障愛關懷協會"
      }
    },
    {
      "type": "Feature",
      "geometry": {
        "type": "Point",
        "coordinates": [
          121.6022222,
          25.08722222
        ]
      },
      "properties": {
        "id": "1094",
        "city": "臺北市",
        "district": "大安區",
        "address": "通化街171巷22弄口",
        "org": "臺北市至善無障愛關懷協會"
      }
    },
    {
      "type": "Feature",
      "geometry": {
        "type": "Point",
        "coordinates": [
          121.555466,
          25.023333
        ]
      },
      "properties": {
        "id": "1095",
        "city": "臺北市",
        "district": "大安區",
        "address": "延吉街261號之3電桿旁",
        "org": "臺北市至善無障愛關懷協會"
      }
    },
    {
      "type": "Feature",
      "geometry": {
        "type": "Point",
        "coordinates": [
          121.560341,
          25.017195
        ]
      },
      "properties": {
        "id": "1096",
        "city": "臺北市",
        "district": "中山區",
        "address": "松江路63巷18號對面",
        "org": "臺北市至善無障愛關懷協會"
      }
    },
    {
      "type": "Feature",
      "geometry": {
        "type": "Point",
        "coordinates": [
          121.559359,
          25.0209605
        ]
      },
      "properties": {
        "id": "1097",
        "city": "臺北市",
        "district": "中山區",
        "address": "伊通街39號",
        "org": "臺北市至善無障愛關懷協會"
      }
    },
    {
      "type": "Feature",
      "geometry": {
        "type": "Point",
        "coordinates": [
          121.593447,
          25.048173
        ]
      },
      "properties": {
        "id": "1098",
        "city": "臺北市",
        "district": "信義區",
        "address": "和平東路3段391巷56號斜對面(花圃旁)",
        "org": "臺北市至善無障愛關懷協會"
      }
    },
    {
      "type": "Feature",
      "geometry": {
        "type": "Point",
        "coordinates": [
          121.607197,
          25.056091
        ]
      },
      "properties": {
        "id": "1099",
        "city": "臺北市",
        "district": "中山區",
        "address": "民族東路512巷26號對面",
        "org": "臺北市至善無障愛關懷協會"
      }
    },
    {
      "type": "Feature",
      "geometry": {
        "type": "Point",
        "coordinates": [
          121.495375,
          25.028656
        ]
      },
      "properties": {
        "id": "1100",
        "city": "臺北市",
        "district": "中山區",
        "address": "龍江路331巷1號",
        "org": "臺北市至善無障愛關懷協會"
      }
    },
    {
      "type": "Feature",
      "geometry": {
        "type": "Point",
        "coordinates": [
          121.55591,
          25.00496
        ]
      },
      "properties": {
        "id": "1101",
        "city": "臺北市",
        "district": "文山區",
        "address": "辛亥路4段166巷26弄興泰公園旁",
        "org": "台北市身心障礙運動體育會"
      }
    },
    {
      "type": "Feature",
      "geometry": {
        "type": "Point",
        "coordinates": [
          121.55506,
          24.99959
        ]
      },
      "properties": {
        "id": "1102",
        "city": "臺北市",
        "district": "文山區",
        "address": "興隆路3段36巷17弄1號旁",
        "org": "台北市身心障礙運動體育會"
      }
    },
    {
      "type": "Feature",
      "geometry": {
        "type": "Point",
        "coordinates": [
          121.53993,
          25.00147
        ]
      },
      "properties": {
        "id": "1103",
        "city": "臺北市",
        "district": "文山區",
        "address": "羅斯福路5段255之1號後巷",
        "org": "台北市身心障礙運動體育會"
      }
    },
    {
      "type": "Feature",
      "geometry": {
        "type": "Point",
        "coordinates": [
          121.55746,
          25.03831
        ]
      },
      "properties": {
        "id": "1104",
        "city": "臺北市",
        "district": "大安區",
        "address": "光復南路348號前",
        "org": "台北市身心障礙運動體育會"
      }
    },
    {
      "type": "Feature",
      "geometry": {
        "type": "Point",
        "coordinates": [
          121.53429,
          25.03626
        ]
      },
      "properties": {
        "id": "1105",
        "city": "臺北市",
        "district": "大安區",
        "address": "仁愛路3段20巷12號對面",
        "org": "台北市身心障礙運動體育會"
      }
    },
    {
      "type": "Feature",
      "geometry": {
        "type": "Point",
        "coordinates": [
          121.53452,
          25.03453
        ]
      },
      "properties": {
        "id": "1106",
        "city": "臺北市",
        "district": "大安區",
        "address": "新生南路1段161巷8之1號旁",
        "org": "台北市身心障礙運動體育會"
      }
    },
    {
      "type": "Feature",
      "geometry": {
        "type": "Point",
        "coordinates": [
          121.53583,
          25.03564
        ]
      },
      "properties": {
        "id": "1107",
        "city": "臺北市",
        "district": "大安區",
        "address": "建國南路1段304巷33號對面",
        "org": "台北市身心障礙運動體育會"
      }
    },
    {
      "type": "Feature",
      "geometry": {
        "type": "Point",
        "coordinates": [
          121.53075,
          25.03686
        ]
      },
      "properties": {
        "id": "1108",
        "city": "臺北市",
        "district": "大安區",
        "address": "建國南路1段258巷5號對面",
        "org": "台北市身心障礙運動體育會"
      }
    },
    {
      "type": "Feature",
      "geometry": {
        "type": "Point",
        "coordinates": [
          121.53744,
          25.03458
        ]
      },
      "properties": {
        "id": "1109",
        "city": "臺北市",
        "district": "大安區",
        "address": "新生南路1段161巷底",
        "org": "台北市身心障礙運動體育會"
      }
    },
    {
      "type": "Feature",
      "geometry": {
        "type": "Point",
        "coordinates": [
          121.55542,
          25.03841
        ]
      },
      "properties": {
        "id": "1110",
        "city": "臺北市",
        "district": "大安區",
        "address": "光復南路346巷底",
        "org": "台北市身心障礙運動體育會"
      }
    },
    {
      "type": "Feature",
      "geometry": {
        "type": "Point",
        "coordinates": [
          121.54333,
          25.03272
        ]
      },
      "properties": {
        "id": "1111",
        "city": "臺北市",
        "district": "大安區",
        "address": "復興南路2段12巷1號對面",
        "org": "台北市身心障礙運動體育會"
      }
    },
    {
      "type": "Feature",
      "geometry": {
        "type": "Point",
        "coordinates": [
          121.52574,
          25.06318
        ]
      },
      "properties": {
        "id": "1112",
        "city": "臺北市",
        "district": "中山區",
        "address": "林森北路與民權東路1段口樹旁",
        "org": "台北市身心障礙運動體育會"
      }
    },
    {
      "type": "Feature",
      "geometry": {
        "type": "Point",
        "coordinates": [
          121.54158,
          24.99599
        ]
      },
      "properties": {
        "id": "1113",
        "city": "臺北市",
        "district": "文山區",
        "address": "三福街2號旁",
        "org": "台北市身心障礙運動體育會"
      }
    },
    {
      "type": "Feature",
      "geometry": {
        "type": "Point",
        "coordinates": [
          121.55339,
          25.03272
        ]
      },
      "properties": {
        "id": "1114",
        "city": "臺北市",
        "district": "大安區",
        "address": "通安街5號前",
        "org": "台北市身心障礙運動體育會"
      }
    },
    {
      "type": "Feature",
      "geometry": {
        "type": "Point",
        "coordinates": [
          121.55374,
          25.02809
        ]
      },
      "properties": {
        "id": "1115",
        "city": "臺北市",
        "district": "大安區",
        "address": "通化街171巷2號對面",
        "org": "台北市身心障礙運動體育會"
      }
    },
    {
      "type": "Feature",
      "geometry": {
        "type": "Point",
        "coordinates": [
          121.55666,
          25.02881
        ]
      },
      "properties": {
        "id": "1116",
        "city": "臺北市",
        "district": "大安區",
        "address": "基隆路2段132巷2號旁",
        "org": "台北市身心障礙運動體育會"
      }
    },
    {
      "type": "Feature",
      "geometry": {
        "type": "Point",
        "coordinates": [
          121.54023,
          24.99222
        ]
      },
      "properties": {
        "id": "1126",
        "city": "臺北市",
        "district": "文山區",
        "address": "萬慶街8號對面2桿間",
        "org": "台北市身心障礙者保護協會"
      }
    },
    {
      "type": "Feature",
      "geometry": {
        "type": "Point",
        "coordinates": [
          121.53841,
          24.99176
        ]
      },
      "properties": {
        "id": "1127",
        "city": "臺北市",
        "district": "文山區",
        "address": "羅斯福路6段276巷底",
        "org": "台北市身心障礙者保護協會"
      }
    },
    {
      "type": "Feature",
      "geometry": {
        "type": "Point",
        "coordinates": [
          121.55973,
          25.00738
        ]
      },
      "properties": {
        "id": "1128",
        "city": "臺北市",
        "district": "文山區",
        "address": "辛亥路4段77巷1~15號前",
        "org": "台北市身心障礙者保護協會"
      }
    },
    {
      "type": "Feature",
      "geometry": {
        "type": "Point",
        "coordinates": [
          121.54701,
          24.99562
        ]
      },
      "properties": {
        "id": "1129",
        "city": "臺北市",
        "district": "文山區",
        "address": "景華街128巷2弄口",
        "org": "台北市身心障礙者保護協會"
      }
    },
    {
      "type": "Feature",
      "geometry": {
        "type": "Point",
        "coordinates": [
          121.54689,
          25.02297
        ]
      },
      "properties": {
        "id": "1130",
        "city": "臺北市",
        "district": "大安區",
        "address": "臥龍街26號對面",
        "org": "台北市身心障礙者保護協會"
      }
    },
    {
      "type": "Feature",
      "geometry": {
        "type": "Point",
        "coordinates": [
          121.52776,
          25.02972
        ]
      },
      "properties": {
        "id": "1131",
        "city": "臺北市",
        "district": "大安區",
        "address": "潮州街107巷14號對面",
        "org": "台北市身心障礙者保護協會"
      }
    },
    {
      "type": "Feature",
      "geometry": {
        "type": "Point",
        "coordinates": [
          121.52944,
          25.02796
        ]
      },
      "properties": {
        "id": "1132",
        "city": "臺北市",
        "district": "大安區",
        "address": "麗水街33巷15號對面",
        "org": "台北市身心障礙者保護協會"
      }
    },
    {
      "type": "Feature",
      "geometry": {
        "type": "Point",
        "coordinates": [
          121.54312,
          25.03988
        ]
      },
      "properties": {
        "id": "1133",
        "city": "臺北市",
        "district": "大安區",
        "address": "仁愛路3段123巷13弄與復興南路1段196巷交口",
        "org": "台北市身心障礙者保護協會"
      }
    },
    {
      "type": "Feature",
      "geometry": {
        "type": "Point",
        "coordinates": [
          121.55659,
          25.04065
        ]
      },
      "properties": {
        "id": "1134",
        "city": "臺北市",
        "district": "大安區",
        "address": "光復南路240巷23號前",
        "org": "台北市身心障礙者保護協會"
      }
    },
    {
      "type": "Feature",
      "geometry": {
        "type": "Point",
        "coordinates": [
          121.56901,
          25.02191
        ]
      },
      "properties": {
        "id": "1135",
        "city": "臺北市",
        "district": "信義區",
        "address": "吳興街524巷口",
        "org": "台北市身心障礙者保護協會"
      }
    },
    {
      "type": "Feature",
      "geometry": {
        "type": "Point",
        "coordinates": [
          121.57394,
          25.04034
        ]
      },
      "properties": {
        "id": "1136",
        "city": "臺北市",
        "district": "信義區",
        "address": "忠孝東路5段372巷2號旁",
        "org": "台北市身心障礙者保護協會"
      }
    },
    {
      "type": "Feature",
      "geometry": {
        "type": "Point",
        "coordinates": [
          121.53014,
          25.09632
        ]
      },
      "properties": {
        "id": "1137",
        "city": "臺北市",
        "district": "士林區",
        "address": "中正路志成路口",
        "org": "台北市身心障礙者保護協會"
      }
    },
    {
      "type": "Feature",
      "geometry": {
        "type": "Point",
        "coordinates": [
          121.52002,
          25.03266
        ]
      },
      "properties": {
        "id": "1138",
        "city": "臺北市",
        "district": "中正區",
        "address": "寧波東路9巷口2桿間",
        "org": "台北市身心障礙者保護協會"
      }
    },
    {
      "type": "Feature",
      "geometry": {
        "type": "Point",
        "coordinates": [
          121.49233,
          25.03415
        ]
      },
      "properties": {
        "id": "1139",
        "city": "臺北市",
        "district": "萬華區",
        "address": "環河南路2段250巷28弄38號公園旁",
        "org": "台北市身心障礙者保護協會"
      }
    },
    {
      "type": "Feature",
      "geometry": {
        "type": "Point",
        "coordinates": [
          121.54604,
          25.04263
        ]
      },
      "properties": {
        "id": "1140",
        "city": "臺北市",
        "district": "大安區",
        "address": "復興南路1段135巷底公園旁",
        "org": "台北市身心障礙者保護協會"
      }
    },
    {
      "type": "Feature",
      "geometry": {
        "type": "Point",
        "coordinates": [
          121.58643,
          25.04556
        ]
      },
      "properties": {
        "id": "1141",
        "city": "臺北市",
        "district": "南港區",
        "address": "東新街80巷10弄20號對面佈告欄旁",
        "org": "台北市身心障礙者保護協會"
      }
    },
    {
      "type": "Feature",
      "geometry": {
        "type": "Point",
        "coordinates": [
          121.58806,
          25.04226
        ]
      },
      "properties": {
        "id": "1142",
        "city": "臺北市",
        "district": "南港區",
        "address": "成福路121巷24號電桿旁",
        "org": "台北市身心障礙者保護協會"
      }
    },
    {
      "type": "Feature",
      "geometry": {
        "type": "Point",
        "coordinates": [
          121.56913,
          24.98709
        ]
      },
      "properties": {
        "id": "1151",
        "city": "臺北市",
        "district": "文山區",
        "address": "指南路1段14巷3號旁",
        "org": "台北市身心障礙者權益促進會"
      }
    },
    {
      "type": "Feature",
      "geometry": {
        "type": "Point",
        "coordinates": [
          121.57051,
          24.98507
        ]
      },
      "properties": {
        "id": "1152",
        "city": "臺北市",
        "district": "文山區",
        "address": "木新路2段96號對面",
        "org": "台北市身心障礙者權益促進會"
      }
    },
    {
      "type": "Feature",
      "geometry": {
        "type": "Point",
        "coordinates": [
          121.56801,
          24.98624
        ]
      },
      "properties": {
        "id": "1153",
        "city": "臺北市",
        "district": "文山區",
        "address": "保儀路109巷口",
        "org": "台北市身心障礙者權益促進會"
      }
    },
    {
      "type": "Feature",
      "geometry": {
        "type": "Point",
        "coordinates": [
          121.55872,
          24.99799
        ]
      },
      "properties": {
        "id": "1154",
        "city": "臺北市",
        "district": "文山區",
        "address": "興隆路3段192巷口",
        "org": "台北市身心障礙者權益促進會"
      }
    },
    {
      "type": "Feature",
      "geometry": {
        "type": "Point",
        "coordinates": [
          121.55131,
          25.00269
        ]
      },
      "properties": {
        "id": "1155",
        "city": "臺北市",
        "district": "文山區",
        "address": "福興路21巷口",
        "org": "台北市身心障礙者權益促進會"
      }
    },
    {
      "type": "Feature",
      "geometry": {
        "type": "Point",
        "coordinates": [
          121.55329,
          25.00158
        ]
      },
      "properties": {
        "id": "1156",
        "city": "臺北市",
        "district": "文山區",
        "address": "興隆路2段301巷口內桿邊",
        "org": "台北市身心障礙者權益促進會"
      }
    },
    {
      "type": "Feature",
      "geometry": {
        "type": "Point",
        "coordinates": [
          121.53927,
          25.00044
        ]
      },
      "properties": {
        "id": "1157",
        "city": "臺北市",
        "district": "文山區",
        "address": "萬隆街2號對面2桿間",
        "org": "台北市身心障礙者權益促進會"
      }
    },
    {
      "type": "Feature",
      "geometry": {
        "type": "Point",
        "coordinates": [
          121.54325,
          24.99894
        ]
      },
      "properties": {
        "id": "1158",
        "city": "臺北市",
        "district": "文山區",
        "address": "景隆街36巷2號對面公園路燈旁",
        "org": "台北市身心障礙者權益促進會"
      }
    },
    {
      "type": "Feature",
      "geometry": {
        "type": "Point",
        "coordinates": [
          121.54375,
          24.99444
        ]
      },
      "properties": {
        "id": "1159",
        "city": "臺北市",
        "district": "文山區",
        "address": "景華街52巷7號對面",
        "org": "台北市身心障礙者權益促進會"
      }
    },
    {
      "type": "Feature",
      "geometry": {
        "type": "Point",
        "coordinates": [
          121.54285,
          24.99683
        ]
      },
      "properties": {
        "id": "1160",
        "city": "臺北市",
        "district": "文山區",
        "address": "景興街42巷8弄口對面樹邊 ",
        "org": "台北市身心障礙者權益促進會"
      }
    },
    {
      "type": "Feature",
      "geometry": {
        "type": "Point",
        "coordinates": [
          121.52921,
          25.02185
        ]
      },
      "properties": {
        "id": "1161",
        "city": "臺北市",
        "district": "大安區",
        "address": "龍泉街93巷口",
        "org": "台北市身心障礙者權益促進會"
      }
    },
    {
      "type": "Feature",
      "geometry": {
        "type": "Point",
        "coordinates": [
          121.55658,
          25.04001
        ]
      },
      "properties": {
        "id": "1162",
        "city": "臺北市",
        "district": "大安區",
        "address": "光復南路280巷24號旁(前)",
        "org": "台北市身心障礙者權益促進會"
      }
    },
    {
      "type": "Feature",
      "geometry": {
        "type": "Point",
        "coordinates": [
          121.52299,
          25.11149
        ]
      },
      "properties": {
        "id": "1163",
        "city": "臺北市",
        "district": "北投區",
        "address": "榮華一路20巷口",
        "org": "台北市身心障礙者權益促進會"
      }
    },
    {
      "type": "Feature",
      "geometry": {
        "type": "Point",
        "coordinates": [
          121.55741,
          25.04668
        ]
      },
      "properties": {
        "id": "1164",
        "city": "臺北市",
        "district": "松山區",
        "address": "光復南路32巷1之1號臺電電箱右側",
        "org": "台北市身心障礙者權益促進會"
      }
    },
    {
      "type": "Feature",
      "geometry": {
        "type": "Point",
        "coordinates": [
          121.55566,
          25.03702
        ]
      },
      "properties": {
        "id": "1165",
        "city": "臺北市",
        "district": "大安區",
        "address": "延吉街233巷口",
        "org": "台北市身心障礙者權益促進會"
      }
    },
    {
      "type": "Feature",
      "geometry": {
        "type": "Point",
        "coordinates": [
          121.59247,
          25.03875
        ]
      },
      "properties": {
        "id": "1166",
        "city": "臺北市",
        "district": "南港區",
        "address": "福德街373巷41號對面",
        "org": "台北市身心障礙者權益促進會"
      }
    },
    {
      "type": "Feature",
      "geometry": {
        "type": "Point",
        "coordinates": [
          121.55257,
          25.04622
        ]
      },
      "properties": {
        "id": "1167",
        "city": "臺北市",
        "district": "松山區",
        "address": "八德路3段74巷43號旁",
        "org": "台北市身心障礙者權益促進會"
      }
    },
    {
      "type": "Feature",
      "geometry": {
        "type": "Point",
        "coordinates": [
          121.5754656,
          25.0444656
        ]
      },
      "properties": {
        "id": "1176",
        "city": "臺北市",
        "district": "信義區",
        "address": "虎林街70巷底(永吉路326巷21號旁)",
        "org": "臺北市身障關愛福利協會"
      }
    },
    {
      "type": "Feature",
      "geometry": {
        "type": "Point",
        "coordinates": [
          121.5762938,
          25.0439047
        ]
      },
      "properties": {
        "id": "1177",
        "city": "臺北市",
        "district": "信義區",
        "address": "信義區虎林街74巷12號(停車場口)",
        "org": "臺北市身障關愛福利協會"
      }
    },
    {
      "type": "Feature",
      "geometry": {
        "type": "Point",
        "coordinates": [
          121.5777021,
          25.0433893
        ]
      },
      "properties": {
        "id": "1178",
        "city": "臺北市",
        "district": "信義區",
        "address": "松山路292巷口(紅色郵筒旁)",
        "org": "臺北市身障關愛福利協會"
      }
    },
    {
      "type": "Feature",
      "geometry": {
        "type": "Point",
        "coordinates": [
          121.5261389,
          25.09950504
        ]
      },
      "properties": {
        "id": "1179",
        "city": "臺北市",
        "district": "士林區",
        "address": "中山北路5段777巷口(中山北路5段775號對面河堤樓梯旁)",
        "org": "臺北市身障關愛福利協會"
      }
    },
    {
      "type": "Feature",
      "geometry": {
        "type": "Point",
        "coordinates": [
          121.5392346,
          25.05340414
        ]
      },
      "properties": {
        "id": "1180",
        "city": "臺北市",
        "district": "中山區",
        "address": "龍江路120巷如意新村圍牆外登桿旁",
        "org": "臺北市身障關愛福利協會"
      }
    },
    {
      "type": "Feature",
      "geometry": {
        "type": "Point",
        "coordinates": [
          121.5719259,
          25.04041795
        ]
      },
      "properties": {
        "id": "1181",
        "city": "臺北市",
        "district": "信義區",
        "address": "忠孝東路5段236巷3弄口側門圍牆邊",
        "org": "臺北市身障關愛福利協會"
      }
    },
    {
      "type": "Feature",
      "geometry": {
        "type": "Point",
        "coordinates": [
          121.5526585,
          25.0321278
        ]
      },
      "properties": {
        "id": "1182",
        "city": "臺北市",
        "district": "大安區",
        "address": "安和路二段23巷口左側側面燈桿旁",
        "org": "臺北市身障關愛福利協會"
      }
    },
    {
      "type": "Feature",
      "geometry": {
        "type": "Point",
        "coordinates": [
          121.5524143,
          25.03037285
        ]
      },
      "properties": {
        "id": "1183",
        "city": "臺北市",
        "district": "大安區",
        "address": "安和路二段71巷口左側",
        "org": "臺北市身障關愛福利協會"
      }
    },
    {
      "type": "Feature",
      "geometry": {
        "type": "Point",
        "coordinates": [
          121.5495155,
          25.03550715
        ]
      },
      "properties": {
        "id": "1184",
        "city": "臺北市",
        "district": "大安區",
        "address": "敦化南路1段295巷4號對面電桿下",
        "org": "臺北市身障關愛福利協會"
      }
    },
    {
      "type": "Feature",
      "geometry": {
        "type": "Point",
        "coordinates": [
          121.5555664,
          25.08579155
        ]
      },
      "properties": {
        "id": "1185",
        "city": "臺北市",
        "district": "中山區",
        "address": "北安路821巷4弄底(樓梯入口前人行道左側) ",
        "org": "臺北市身障關愛福利協會"
      }
    },
    {
      "type": "Feature",
      "geometry": {
        "type": "Point",
        "coordinates": [
          121.5282327,
          25.06317371
        ]
      },
      "properties": {
        "id": "1186",
        "city": "臺北市",
        "district": "中山區",
        "address": "新生北路3段3巷17號對面路燈下",
        "org": "臺北市身障關愛福利協會"
      }
    },
    {
      "type": "Feature",
      "geometry": {
        "type": "Point",
        "coordinates": [
          121.5540415,
          25.03992438
        ]
      },
      "properties": {
        "id": "1187",
        "city": "臺北市",
        "district": "大安區",
        "address": "忠孝東路4段216巷27弄16號對面",
        "org": "臺北市身障關愛福利協會"
      }
    },
    {
      "type": "Feature",
      "geometry": {
        "type": "Point",
        "coordinates": [
          121.5530256,
          25.04079224
        ]
      },
      "properties": {
        "id": "1188",
        "city": "臺北市",
        "district": "大安區",
        "address": "忠孝東路4段216巷11弄口路名牌前",
        "org": "臺北市身障關愛福利協會"
      }
    },
    {
      "type": "Feature",
      "geometry": {
        "type": "Point",
        "coordinates": [
          121.5161738,
          25.08927429
        ]
      },
      "properties": {
        "id": "1189",
        "city": "臺北市",
        "district": "士林區",
        "address": "大南路388巷口",
        "org": "臺北市身障關愛福利協會"
      }
    },
    {
      "type": "Feature",
      "geometry": {
        "type": "Point",
        "coordinates": [
          121.5182894,
          25.08945427
        ]
      },
      "properties": {
        "id": "1190",
        "city": "臺北市",
        "district": "士林區",
        "address": "大南路428巷口布告欄旁",
        "org": "臺北市身障關愛福利協會"
      }
    },
    {
      "type": "Feature",
      "geometry": {
        "type": "Point",
        "coordinates": [
          121.5200441,
          25.08923433
        ]
      },
      "properties": {
        "id": "1191",
        "city": "臺北市",
        "district": "士林區",
        "address": "承德路4段266巷2號旁",
        "org": "臺北市身障關愛福利協會"
      }
    },
    {
      "type": "Feature",
      "geometry": {
        "type": "Point",
        "coordinates": [
          121.5278114,
          25.03619012
        ]
      },
      "properties": {
        "id": "1192",
        "city": "臺北市",
        "district": "中正區",
        "address": "金山南路1段89巷口",
        "org": "臺北市身障關愛福利協會"
      }
    },
    {
      "type": "Feature",
      "geometry": {
        "type": "Point",
        "coordinates": [
          121.5407551,
          25.04531642
        ]
      },
      "properties": {
        "id": "1193",
        "city": "臺北市",
        "district": "中山區",
        "address": "安東街16巷18弄口電桿下",
        "org": "臺北市身障關愛福利協會"
      }
    },
    {
      "type": "Feature",
      "geometry": {
        "type": "Point",
        "coordinates": [
          121.5421017,
          25.05357838
        ]
      },
      "properties": {
        "id": "1194",
        "city": "臺北市",
        "district": "中山區",
        "address": "遼寧街132號對面路燈桿前",
        "org": "臺北市身障福利發展協會"
      }
    },
    {
      "type": "Feature",
      "geometry": {
        "type": "Point",
        "coordinates": [
          121.5420047,
          25.05207105
        ]
      },
      "properties": {
        "id": "1195",
        "city": "臺北市",
        "district": "中山區",
        "address": "遼寧街133號對面路燈桿前",
        "org": "臺北市身障福利發展協會"
      }
    },
    {
      "type": "Feature",
      "geometry": {
        "type": "Point",
        "coordinates": [
          121.608684,
          25.0667995
        ]
      },
      "properties": {
        "id": "1196",
        "city": "臺北市",
        "district": "內湖區",
        "address": "康寧路3段70巷135號對面公園布告欄旁",
        "org": "臺北市身障福利發展協會"
      }
    },
    {
      "type": "Feature",
      "geometry": {
        "type": "Point",
        "coordinates": [
          121.5392086,
          25.05773187
        ]
      },
      "properties": {
        "id": "1197",
        "city": "臺北市",
        "district": "中山區",
        "address": "民生東路3段與合江街口",
        "org": "臺北市身障福利發展協會"
      }
    },
    {
      "type": "Feature",
      "geometry": {
        "type": "Point",
        "coordinates": [
          121.5374631,
          25.1113301
        ]
      },
      "properties": {
        "id": "1198",
        "city": "臺北市",
        "district": "士林區",
        "address": "士東路266巷15弄口(士林芝山郵局對面)",
        "org": "臺北市身障福利發展協會"
      }
    },
    {
      "type": "Feature",
      "geometry": {
        "type": "Point",
        "coordinates": [
          121.5185094,
          25.08087661
        ]
      },
      "properties": {
        "id": "1199",
        "city": "臺北市",
        "district": "士林區",
        "address": "承德路4段10巷底公布欄旁",
        "org": "臺北市身障福利發展協會"
      }
    },
    {
      "type": "Feature",
      "geometry": {
        "type": "Point",
        "coordinates": [
          121.5578788,
          25.01775523
        ]
      },
      "properties": {
        "id": "1200",
        "city": "臺北市",
        "district": "大安區",
        "address": "富陽街157巷口電箱旁",
        "org": "臺北市身障福利發展協會"
      }
    },
    {
      "type": "Feature",
      "geometry": {
        "type": "Point",
        "coordinates": [
          121.5572649,
          25.018506
        ]
      },
      "properties": {
        "id": "1201",
        "city": "臺北市",
        "district": "大安區",
        "address": "臥龍街254號對面(加油站電箱旁)",
        "org": "臺北市身障福利發展協會"
      }
    },
    {
      "type": "Feature",
      "geometry": {
        "type": "Point",
        "coordinates": [
          121.5123248,
          25.0795897
        ]
      },
      "properties": {
        "id": "1202",
        "city": "臺北市",
        "district": "士林區",
        "address": "重慶北路4段1巷15弄口",
        "org": "臺北市身障福利發展協會"
      }
    },
    {
      "type": "Feature",
      "geometry": {
        "type": "Point",
        "coordinates": [
          121.5390577,
          25.10419386
        ]
      },
      "properties": {
        "id": "1203",
        "city": "臺北市",
        "district": "中山區",
        "address": "合江街20巷口公園",
        "org": "臺北市身障福利發展協會"
      }
    },
    {
      "type": "Feature",
      "geometry": {
        "type": "Point",
        "coordinates": [
          121.5544259,
          25.0309254
        ]
      },
      "properties": {
        "id": "1204",
        "city": "臺北市",
        "district": "大安區",
        "address": "通化街39巷變電箱旁邊",
        "org": "臺北市身障福利發展協會"
      }
    },
    {
      "type": "Feature",
      "geometry": {
        "type": "Point",
        "coordinates": [
          121.5570789,
          25.03056536
        ]
      },
      "properties": {
        "id": "1205",
        "city": "臺北市",
        "district": "大安區",
        "address": "光復南路676巷2號對面",
        "org": "臺北市身障福利發展協會"
      }
    },
    {
      "type": "Feature",
      "geometry": {
        "type": "Point",
        "coordinates": [
          121.5327817,
          25.12587333
        ]
      },
      "properties": {
        "id": "1206",
        "city": "臺北市",
        "district": "士林區",
        "address": "中山北路7段207巷口",
        "org": "臺北市身障福利發展協會"
      }
    },
    {
      "type": "Feature",
      "geometry": {
        "type": "Point",
        "coordinates": [
          121.5264973,
          25.12329192
        ]
      },
      "properties": {
        "id": "1207",
        "city": "臺北市",
        "district": "士林區",
        "address": "天母北路72巷口電線桿下",
        "org": "臺北市身障福利發展協會"
      }
    },
    {
      "type": "Feature",
      "geometry": {
        "type": "Point",
        "coordinates": [
          121.5260163,
          25.08751833
        ]
      },
      "properties": {
        "id": "1208",
        "city": "臺北市",
        "district": "士林區",
        "address": "文林路77號對面",
        "org": "臺北市身障福利發展協會"
      }
    },
    {
      "type": "Feature",
      "geometry": {
        "type": "Point",
        "coordinates": [
          121.5175386,
          25.09082717
        ]
      },
      "properties": {
        "id": "1209",
        "city": "臺北市",
        "district": "士林區",
        "address": "福港街18巷15號對面",
        "org": "臺北市身障福利發展協會"
      }
    },
    {
      "type": "Feature",
      "geometry": {
        "type": "Point",
        "coordinates": [
          121.501925,
          25.13890696
        ]
      },
      "properties": {
        "id": "1210",
        "city": "臺北市",
        "district": "北投區",
        "address": "中和街63號對面",
        "org": "臺北市身障福利發展協會"
      }
    },
    {
      "type": "Feature",
      "geometry": {
        "type": "Point",
        "coordinates": [
          121.5415543,
          25.05608018
        ]
      },
      "properties": {
        "id": "1211",
        "city": "臺北市",
        "district": "中山區",
        "address": "興安公園西北角",
        "org": "臺北市身障福利發展協會"
      }
    },
    {
      "type": "Feature",
      "geometry": {
        "type": "Point",
        "coordinates": [
          121.58002,
          24.98501
        ]
      },
      "properties": {
        "id": "1212",
        "city": "臺北市",
        "district": "文山區",
        "address": "指南路3段15號對面牆邊",
        "org": "臺北市身障者關懷服務協進會"
      }
    },
    {
      "type": "Feature",
      "geometry": {
        "type": "Point",
        "coordinates": [
          121.55034,
          25.00224
        ]
      },
      "properties": {
        "id": "1213",
        "city": "臺北市",
        "district": "文山區",
        "address": "興隆路2段233巷底",
        "org": "臺北市身障者關懷服務協進會"
      }
    },
    {
      "type": "Feature",
      "geometry": {
        "type": "Point",
        "coordinates": [
          121.56138,
          24.98329
        ]
      },
      "properties": {
        "id": "1214",
        "city": "臺北市",
        "district": "文山區",
        "address": "興隆路4段96巷4弄口燈桿邊",
        "org": "臺北市身障者關懷服務協進會"
      }
    },
    {
      "type": "Feature",
      "geometry": {
        "type": "Point",
        "coordinates": [
          121.56025,
          24.98367
        ]
      },
      "properties": {
        "id": "1215",
        "city": "臺北市",
        "district": "文山區",
        "address": "忠順街1段48巷5弄2號前",
        "org": "臺北市身障者關懷服務協進會"
      }
    },
    {
      "type": "Feature",
      "geometry": {
        "type": "Point",
        "coordinates": [
          121.53763,
          25.00771
        ]
      },
      "properties": {
        "id": "1216",
        "city": "臺北市",
        "district": "文山區",
        "address": "羅斯福路5段150巷底",
        "org": "臺北市身障者關懷服務協進會"
      }
    },
    {
      "type": "Feature",
      "geometry": {
        "type": "Point",
        "coordinates": [
          121.53654,
          25.00659
        ]
      },
      "properties": {
        "id": "1217",
        "city": "臺北市",
        "district": "文山區",
        "address": "汀州路4段105巷口",
        "org": "臺北市身障者關懷服務協進會"
      }
    },
    {
      "type": "Feature",
      "geometry": {
        "type": "Point",
        "coordinates": [
          121.57356,
          25.04741
        ]
      },
      "properties": {
        "id": "1218",
        "city": "臺北市",
        "district": "信義區",
        "address": "永吉路225巷52弄19號對面公園邊",
        "org": "臺北市身障者關懷服務協進會"
      }
    },
    {
      "type": "Feature",
      "geometry": {
        "type": "Point",
        "coordinates": [
          121.57277,
          25.04621
        ]
      },
      "properties": {
        "id": "1219",
        "city": "臺北市",
        "district": "信義區",
        "address": "永吉路187巷4弄2號邊",
        "org": "臺北市身障者關懷服務協進會"
      }
    },
    {
      "type": "Feature",
      "geometry": {
        "type": "Point",
        "coordinates": [
          121.57416,
          25.04585
        ]
      },
      "properties": {
        "id": "1220",
        "city": "臺北市",
        "district": "信義區",
        "address": "永吉路225巷2弄口",
        "org": "臺北市身障者關懷服務協進會"
      }
    },
    {
      "type": "Feature",
      "geometry": {
        "type": "Point",
        "coordinates": [
          121.57546,
          25.04594
        ]
      },
      "properties": {
        "id": "1221",
        "city": "臺北市",
        "district": "信義區",
        "address": "永吉路225巷1弄47號邊",
        "org": "臺北市身障者關懷服務協進會"
      }
    },
    {
      "type": "Feature",
      "geometry": {
        "type": "Point",
        "coordinates": [
          121.56934,
          25.02473
        ]
      },
      "properties": {
        "id": "1222",
        "city": "臺北市",
        "district": "信義區",
        "address": "松仁路240巷2號對面",
        "org": "臺北市身障者關懷服務協進會"
      }
    },
    {
      "type": "Feature",
      "geometry": {
        "type": "Point",
        "coordinates": [
          121.56448,
          25.04241
        ]
      },
      "properties": {
        "id": "1223",
        "city": "臺北市",
        "district": "信義區",
        "address": "忠孝東路4段559巷16弄21號對面桿邊",
        "org": "臺北市身障者關懷服務協進會"
      }
    },
    {
      "type": "Feature",
      "geometry": {
        "type": "Point",
        "coordinates": [
          121.56376,
          25.04427
        ]
      },
      "properties": {
        "id": "1224",
        "city": "臺北市",
        "district": "信義區",
        "address": "忠孝東路4段559巷底",
        "org": "臺北市身障者關懷服務協進會"
      }
    },
    {
      "type": "Feature",
      "geometry": {
        "type": "Point",
        "coordinates": [
          121.56885,
          25.04274
        ]
      },
      "properties": {
        "id": "1225",
        "city": "臺北市",
        "district": "信義區",
        "address": "永吉路30巷125號旁桿邊",
        "org": "臺北市身障者關懷服務協進會"
      }
    },
    {
      "type": "Feature",
      "geometry": {
        "type": "Point",
        "coordinates": [
          121.53324,
          25.12335
        ]
      },
      "properties": {
        "id": "1226",
        "city": "臺北市",
        "district": "士林區",
        "address": "中山北路7段154巷與146巷交口",
        "org": "臺北市身障者關懷服務協進會"
      }
    },
    {
      "type": "Feature",
      "geometry": {
        "type": "Point",
        "coordinates": [
          121.52637,
          25.02976
        ]
      },
      "properties": {
        "id": "1227",
        "city": "臺北市",
        "district": "大安區",
        "address": "金山南路2段132巷口",
        "org": "臺北市身障者關懷服務協進會"
      }
    },
    {
      "type": "Feature",
      "geometry": {
        "type": "Point",
        "coordinates": [
          121.52362,
          25.11869
        ]
      },
      "properties": {
        "id": "1228",
        "city": "臺北市",
        "district": "北投區",
        "address": "天母西路103號對面(振興公園內)",
        "org": "臺北市身障者關懷服務協進會"
      }
    },
    {
      "type": "Feature",
      "geometry": {
        "type": "Point",
        "coordinates": [
          121.54812,
          25.04065
        ]
      },
      "properties": {
        "id": "1229",
        "city": "臺北市",
        "district": "大安區",
        "address": "敦化南路1段236巷13號旁或1號前",
        "org": "臺北市身障者關懷服務協進會"
      }
    },
    {
      "type": "Feature",
      "geometry": {
        "type": "Point",
        "coordinates": [
          121.57796,
          25.05137
        ]
      },
      "properties": {
        "id": "1230",
        "city": "臺北市",
        "district": "松山區",
        "address": "八德路4段765號對面",
        "org": "台北市弱勢彩券聯合促進會"
      }
    },
    {
      "type": "Feature",
      "geometry": {
        "type": "Point",
        "coordinates": [
          121.54202,
          25.06398
        ]
      },
      "properties": {
        "id": "1231",
        "city": "臺北市",
        "district": "中山區",
        "address": "龍江路五常街口(近五常國小)",
        "org": "台北市弱勢彩券聯合促進會"
      }
    },
    {
      "type": "Feature",
      "geometry": {
        "type": "Point",
        "coordinates": [
          121.57957,
          25.05045
        ]
      },
      "properties": {
        "id": "1232",
        "city": "臺北市",
        "district": "松山區",
        "address": "八德路4段與中坡北路口樹下",
        "org": "台北市弱勢彩券聯合促進會"
      }
    },
    {
      "type": "Feature",
      "geometry": {
        "type": "Point",
        "coordinates": [
          121.57694,
          25.05156
        ]
      },
      "properties": {
        "id": "1233",
        "city": "臺北市",
        "district": "松山區",
        "address": "松河街190號對面",
        "org": "台北市弱勢彩券聯合促進會"
      }
    },
    {
      "type": "Feature",
      "geometry": {
        "type": "Point",
        "coordinates": [
          121.61047,
          25.06857
        ]
      },
      "properties": {
        "id": "1234",
        "city": "臺北市",
        "district": "松山區",
        "address": "八德路4段598號旁變電箱下方",
        "org": "台北市弱勢彩券聯合促進會"
      }
    },
    {
      "type": "Feature",
      "geometry": {
        "type": "Point",
        "coordinates": [
          121.53934,
          25.03416
        ]
      },
      "properties": {
        "id": "1235",
        "city": "臺北市",
        "district": "內湖區",
        "address": "民權東路6段296巷76號對面人行道燈桿旁",
        "org": "台北市弱勢彩券聯合促進會"
      }
    },
    {
      "type": "Feature",
      "geometry": {
        "type": "Point",
        "coordinates": [
          121.54206,
          25.03418
        ]
      },
      "properties": {
        "id": "1236",
        "city": "臺北市",
        "district": "大安區",
        "address": "信義路3段111巷16弄口圍牆旁",
        "org": "台北市弱勢彩券聯合促進會"
      }
    },
    {
      "type": "Feature",
      "geometry": {
        "type": "Point",
        "coordinates": [
          121.5405319,
          25.0563768
        ]
      },
      "properties": {
        "id": "1237",
        "city": "臺北市",
        "district": "中山區",
        "address": "龍江路與興安街口 ",
        "org": "台北市弱勢彩券聯合促進會"
      }
    },
    {
      "type": "Feature",
      "geometry": {
        "type": "Point",
        "coordinates": [
          121.5403181,
          25.0547071
        ]
      },
      "properties": {
        "id": "1238",
        "city": "臺北市",
        "district": "中山區",
        "address": "龍江路與長春路口",
        "org": "台北市弱勢彩券聯合促進會"
      }
    },
    {
      "type": "Feature",
      "geometry": {
        "type": "Point",
        "coordinates": [
          121.53207,
          25.05937
        ]
      },
      "properties": {
        "id": "1239",
        "city": "臺北市",
        "district": "中山區",
        "address": "北安路595巷口電桿下",
        "org": "台北市弱勢彩券聯合促進會"
      }
    },
    {
      "type": "Feature",
      "geometry": {
        "type": "Point",
        "coordinates": [
          121.53253,
          25.06414
        ]
      },
      "properties": {
        "id": "1240",
        "city": "臺北市",
        "district": "中山區",
        "address": "民生東路2段115巷25弄14號對面公園桿子旁",
        "org": "台北市弱勢彩券聯合促進會"
      }
    },
    {
      "type": "Feature",
      "geometry": {
        "type": "Point",
        "coordinates": [
          121.53255,
          25.06433
        ]
      },
      "properties": {
        "id": "1241",
        "city": "臺北市",
        "district": "中山區",
        "address": "松江路402巷7弄2號對面(變電箱旁)",
        "org": "台北市弱勢彩券聯合促進會"
      }
    },
    {
      "type": "Feature",
      "geometry": {
        "type": "Point",
        "coordinates": [
          121.53042,
          25.06437
        ]
      },
      "properties": {
        "id": "1242",
        "city": "臺北市",
        "district": "中山區",
        "address": "吉林路343巷口停車場旁",
        "org": "台北市弱勢彩券聯合促進會"
      }
    },
    {
      "type": "Feature",
      "geometry": {
        "type": "Point",
        "coordinates": [
          121.53251,
          25.06132
        ]
      },
      "properties": {
        "id": "1243",
        "city": "臺北市",
        "district": "中山區",
        "address": "錦州街231巷口停車格旁",
        "org": "台北市弱勢彩券聯合促進會"
      }
    },
    {
      "type": "Feature",
      "geometry": {
        "type": "Point",
        "coordinates": [
          121.5462726,
          25.03651365
        ]
      },
      "properties": {
        "id": "1244",
        "city": "臺北市",
        "district": "大安區",
        "address": "大安路1段175巷口",
        "org": "台北市弱勢彩券聯合促進會"
      }
    },
    {
      "type": "Feature",
      "geometry": {
        "type": "Point",
        "coordinates": [
          121.5892938,
          25.08626705
        ]
      },
      "properties": {
        "id": "1245",
        "city": "臺北市",
        "district": "內湖區",
        "address": "金龍路153號旁",
        "org": "台北市弱勢彩券聯合促進會"
      }
    },
    {
      "type": "Feature",
      "geometry": {
        "type": "Point",
        "coordinates": [
          121.59482,
          25.08469
        ]
      },
      "properties": {
        "id": "1246",
        "city": "臺北市",
        "district": "內湖區",
        "address": "金龍路13巷口",
        "org": "台北市弱勢彩券聯合促進會"
      }
    },
    {
      "type": "Feature",
      "geometry": {
        "type": "Point",
        "coordinates": [
          121.59496,
          25.09171
        ]
      },
      "properties": {
        "id": "1247",
        "city": "臺北市",
        "district": "內湖區",
        "address": "成功路4段214巷口",
        "org": "台北市弱勢彩券聯合促進會"
      }
    },
    {
      "type": "Feature",
      "geometry": {
        "type": "Point",
        "coordinates": [
          121.54763,
          24.98994
        ]
      },
      "properties": {
        "id": "1248",
        "city": "臺北市",
        "district": "文山區",
        "address": "試院路104號對面",
        "org": "臺北市身心障礙者健康關懷協會"
      }
    },
    {
      "type": "Feature",
      "geometry": {
        "type": "Point",
        "coordinates": [
          121.55124,
          24.98801
        ]
      },
      "properties": {
        "id": "1249",
        "city": "臺北市",
        "district": "文山區",
        "address": "木柵路1段191巷口",
        "org": "臺北市身心障礙者健康關懷協會"
      }
    },
    {
      "type": "Feature",
      "geometry": {
        "type": "Point",
        "coordinates": [
          121.55242,
          24.98713
        ]
      },
      "properties": {
        "id": "1250",
        "city": "臺北市",
        "district": "文山區",
        "address": "辛亥路7段5巷口",
        "org": "臺北市身心障礙者健康關懷協會"
      }
    },
    {
      "type": "Feature",
      "geometry": {
        "type": "Point",
        "coordinates": [
          121.54603,
          24.98688
        ]
      },
      "properties": {
        "id": "1251",
        "city": "臺北市",
        "district": "文山區",
        "address": "木柵路1段59巷口桿邊",
        "org": "臺北市身心障礙者健康關懷協會"
      }
    },
    {
      "type": "Feature",
      "geometry": {
        "type": "Point",
        "coordinates": [
          121.54598,
          24.98664
        ]
      },
      "properties": {
        "id": "1252",
        "city": "臺北市",
        "district": "文山區",
        "address": "木柵路1段6號旁對面",
        "org": "臺北市身心障礙者健康關懷協會"
      }
    },
    {
      "type": "Feature",
      "geometry": {
        "type": "Point",
        "coordinates": [
          121.55321,
          25.00024
        ]
      },
      "properties": {
        "id": "1253",
        "city": "臺北市",
        "district": "文山區",
        "address": "興隆路2段220巷31弄13號旁",
        "org": "臺北市身心障礙者健康關懷協會"
      }
    },
    {
      "type": "Feature",
      "geometry": {
        "type": "Point",
        "coordinates": [
          121.55152,
          24.99966
        ]
      },
      "properties": {
        "id": "1254",
        "city": "臺北市",
        "district": "文山區",
        "address": "興隆路2段220巷55弄口對面",
        "org": "臺北市身心障礙者健康關懷協會"
      }
    },
    {
      "type": "Feature",
      "geometry": {
        "type": "Point",
        "coordinates": [
          121.55209,
          24.99736
        ]
      },
      "properties": {
        "id": "1255",
        "city": "臺北市",
        "district": "文山區",
        "address": "辛亥路5段118巷口電氣設備邊",
        "org": "臺北市身心障礙者健康關懷協會"
      }
    },
    {
      "type": "Feature",
      "geometry": {
        "type": "Point",
        "coordinates": [
          121.54919,
          25.00461
        ]
      },
      "properties": {
        "id": "1256",
        "city": "臺北市",
        "district": "文山區",
        "address": "福興路63巷4弄27號對面",
        "org": "臺北市身心障礙者健康關懷協會"
      }
    },
    {
      "type": "Feature",
      "geometry": {
        "type": "Point",
        "coordinates": [
          121.55708,
          24.99847
        ]
      },
      "properties": {
        "id": "1257",
        "city": "臺北市",
        "district": "文山區",
        "address": "興隆路3段116巷3弄31號旁",
        "org": "臺北市身心障礙者健康關懷協會"
      }
    },
    {
      "type": "Feature",
      "geometry": {
        "type": "Point",
        "coordinates": [
          121.53671,
          25.00092
        ]
      },
      "properties": {
        "id": "1258",
        "city": "臺北市",
        "district": "文山區",
        "address": "萬隆街62巷口",
        "org": "臺北市身心障礙者健康關懷協會"
      }
    },
    {
      "type": "Feature",
      "geometry": {
        "type": "Point",
        "coordinates": [
          121.54957,
          25.03144
        ]
      },
      "properties": {
        "id": "1259",
        "city": "臺北市",
        "district": "大安區",
        "address": "敦化南路2段55巷6號對面",
        "org": "臺北市身心障礙者健康關懷協會"
      }
    },
    {
      "type": "Feature",
      "geometry": {
        "type": "Point",
        "coordinates": [
          121.54229,
          24.99713
        ]
      },
      "properties": {
        "id": "1260",
        "city": "臺北市",
        "district": "文山區",
        "address": "羅斯福路6段159巷19號對面",
        "org": "臺北市身心障礙者健康關懷協會"
      }
    },
    {
      "type": "Feature",
      "geometry": {
        "type": "Point",
        "coordinates": [
          121.53866,
          25.04236
        ]
      },
      "properties": {
        "id": "1261",
        "city": "臺北市",
        "district": "大安區",
        "address": "忠孝東路3段217巷1弄底",
        "org": "臺北市身心障礙者健康關懷協會"
      }
    },
    {
      "type": "Feature",
      "geometry": {
        "type": "Point",
        "coordinates": [
          121.52724,
          25.03026
        ]
      },
      "properties": {
        "id": "1262",
        "city": "臺北市",
        "district": "大安區",
        "address": "金華街183巷6號對面機車格旁",
        "org": "臺北市身心障礙者健康關懷協會"
      }
    },
    {
      "type": "Feature",
      "geometry": {
        "type": "Point",
        "coordinates": [
          121.56293,
          24.98175
        ]
      },
      "properties": {
        "id": "1263",
        "city": "臺北市",
        "district": "文山區",
        "address": "木新路3段95巷2弄2號邊",
        "org": "臺北市身心障礙者健康關懷協會"
      }
    },
    {
      "type": "Feature",
      "geometry": {
        "type": "Point",
        "coordinates": [
          121.54963,
          25.04251
        ]
      },
      "properties": {
        "id": "1264",
        "city": "臺北市",
        "district": "大安區",
        "address": "敦化南路1段187巷4號旁",
        "org": "臺北市身心障礙者健康關懷協會"
      }
    },
    {
      "type": "Feature",
      "geometry": {
        "type": "Point",
        "coordinates": [
          121.54814,
          25.04382
        ]
      },
      "properties": {
        "id": "1265",
        "city": "臺北市",
        "district": "大安區",
        "address": "大安路31巷54-1號",
        "org": "臺北市身心障礙者健康關懷協會"
      }
    },
    {
      "type": "Feature",
      "geometry": {
        "type": "Point",
        "coordinates": [
          121.53955,
          24.99017
        ]
      },
      "properties": {
        "id": "1266",
        "city": "臺北市",
        "district": "文山區",
        "address": "羅斯福路6段316號電桿旁",
        "org": "臺北市身心障礙者創業發展協會"
      }
    },
    {
      "type": "Feature",
      "geometry": {
        "type": "Point",
        "coordinates": [
          121.56763,
          25.02381
        ]
      },
      "properties": {
        "id": "1267",
        "city": "臺北市",
        "district": "信義區",
        "address": "吳興街432巷106號附近牆邊",
        "org": "臺北市身心障礙者創業發展協會"
      }
    },
    {
      "type": "Feature",
      "geometry": {
        "type": "Point",
        "coordinates": [
          121.52729,
          25.09873
        ]
      },
      "properties": {
        "id": "1268",
        "city": "臺北市",
        "district": "士林區",
        "address": "中山北路5段726巷口",
        "org": "臺北市身心障礙者創業發展協會"
      }
    },
    {
      "type": "Feature",
      "geometry": {
        "type": "Point",
        "coordinates": [
          121.53628,
          25.04385
        ]
      },
      "properties": {
        "id": "1269",
        "city": "臺北市",
        "district": "大安區",
        "address": "建國南路1段44巷口桿邊",
        "org": "臺北市身心障礙者創業發展協會"
      }
    },
    {
      "type": "Feature",
      "geometry": {
        "type": "Point",
        "coordinates": [
          121.53466,
          25.04109
        ]
      },
      "properties": {
        "id": "1270",
        "city": "臺北市",
        "district": "大安區",
        "address": "新生南路1段97巷22號旁",
        "org": "臺北市身心障礙者創業發展協會"
      }
    },
    {
      "type": "Feature",
      "geometry": {
        "type": "Point",
        "coordinates": [
          121.53329,
          25.04438
        ]
      },
      "properties": {
        "id": "1271",
        "city": "臺北市",
        "district": "大安區",
        "address": "新生南路1段八德路口",
        "org": "臺北市身心障礙者創業發展協會"
      }
    },
    {
      "type": "Feature",
      "geometry": {
        "type": "Point",
        "coordinates": [
          121.53593,
          25.03976
        ]
      },
      "properties": {
        "id": "1272",
        "city": "臺北市",
        "district": "大安區",
        "address": "仁愛路3段51巷8號對面",
        "org": "臺北市身心障礙者創業發展協會"
      }
    },
    {
      "type": "Feature",
      "geometry": {
        "type": "Point",
        "coordinates": [
          121.53344,
          25.04008
        ]
      },
      "properties": {
        "id": "1273",
        "city": "臺北市",
        "district": "大安區",
        "address": "仁愛路3段5巷底",
        "org": "臺北市身心障礙者創業發展協會"
      }
    },
    {
      "type": "Feature",
      "geometry": {
        "type": "Point",
        "coordinates": [
          121.55511,
          24.98751
        ]
      },
      "properties": {
        "id": "1274",
        "city": "臺北市",
        "district": "文山區",
        "address": "光輝路16號斜對面桿旁",
        "org": "臺北市身心障礙者創業發展協會"
      }
    },
    {
      "type": "Feature",
      "geometry": {
        "type": "Point",
        "coordinates": [
          121.54971,
          25.04037
        ]
      },
      "properties": {
        "id": "1275",
        "city": "臺北市",
        "district": "大安區",
        "address": "敦化南路1段233巷20號旁",
        "org": "臺北市身心障礙者創業發展協會"
      }
    },
    {
      "type": "Feature",
      "geometry": {
        "type": "Point",
        "coordinates": [
          121.54129,
          25.02474
        ]
      },
      "properties": {
        "id": "1276",
        "city": "臺北市",
        "district": "大安區",
        "address": "和平東路2段98號側邊對面人行道電信設備邊",
        "org": "臺北市身心障礙者創業發展協會"
      }
    },
    {
      "type": "Feature",
      "geometry": {
        "type": "Point",
        "coordinates": [
          121.54444,
          25.03911
        ]
      },
      "properties": {
        "id": "1277",
        "city": "臺北市",
        "district": "大安區",
        "address": "忠孝東路4段26巷67號旁",
        "org": "臺北市身心障礙者創業發展協會"
      }
    },
    {
      "type": "Feature",
      "geometry": {
        "type": "Point",
        "coordinates": [
          121.54799,
          25.03854
        ]
      },
      "properties": {
        "id": "1278",
        "city": "臺北市",
        "district": "大安區",
        "address": "仁愛路4段91巷3號對面",
        "org": "臺北市身心障礙者創業發展協會"
      }
    },
    {
      "type": "Feature",
      "geometry": {
        "type": "Point",
        "coordinates": [
          121.55159,
          25.02478
        ]
      },
      "properties": {
        "id": "1279",
        "city": "臺北市",
        "district": "大安區",
        "address": "和平東路3段119巷6號邊",
        "org": "臺北市身心障礙者創業發展協會"
      }
    },
    {
      "type": "Feature",
      "geometry": {
        "type": "Point",
        "coordinates": [
          121.55323,
          25.03579
        ]
      },
      "properties": {
        "id": "1280",
        "city": "臺北市",
        "district": "大安區",
        "address": "安和路1段109巷底電信設備邊",
        "org": "臺北市身心障礙者創業發展協會"
      }
    },
    {
      "type": "Feature",
      "geometry": {
        "type": "Point",
        "coordinates": [
          121.54028,
          25.02551
        ]
      },
      "properties": {
        "id": "1281",
        "city": "臺北市",
        "district": "大安區",
        "address": "和平東路2段107巷口天橋下",
        "org": "臺北市身心障礙者創業發展協會"
      }
    },
    {
      "type": "Feature",
      "geometry": {
        "type": "Point",
        "coordinates": [
          121.53312,
          25.02192
        ]
      },
      "properties": {
        "id": "1282",
        "city": "臺北市",
        "district": "大安區",
        "address": "溫州街46號附近廟旁兩桿間",
        "org": "臺北市身心障礙者創業發展協會"
      }
    },
    {
      "type": "Feature",
      "geometry": {
        "type": "Point",
        "coordinates": [
          121.55515,
          24.97931
        ]
      },
      "properties": {
        "id": "1283",
        "city": "臺北市",
        "district": "文山區",
        "address": "樟新街18號對面",
        "org": "臺北市身心障礙者創業發展協會"
      }
    },
    {
      "type": "Feature",
      "geometry": {
        "type": "Point",
        "coordinates": [
          121.56873,
          24.99063
        ]
      },
      "properties": {
        "id": "1284",
        "city": "臺北市",
        "district": "文山區",
        "address": "久康街171號對面",
        "org": "臺北市身障者互助關懷協會"
      }
    },
    {
      "type": "Feature",
      "geometry": {
        "type": "Point",
        "coordinates": [
          121.56684,
          24.98471
        ]
      },
      "properties": {
        "id": "1285",
        "city": "臺北市",
        "district": "文山區",
        "address": "忠順街2段129號（伯大尼托兒所旁）",
        "org": "臺北市身障者互助關懷協會"
      }
    },
    {
      "type": "Feature",
      "geometry": {
        "type": "Point",
        "coordinates": [
          121.56562,
          24.98432
        ]
      },
      "properties": {
        "id": "1286",
        "city": "臺北市",
        "district": "文山區",
        "address": "臺北市保儀路138巷24號對面",
        "org": "臺北市身障者互助關懷協會"
      }
    },
    {
      "type": "Feature",
      "geometry": {
        "type": "Point",
        "coordinates": [
          121.55331,
          24.99803
        ]
      },
      "properties": {
        "id": "1287",
        "city": "臺北市",
        "district": "文山區",
        "address": "辛亥路5段73巷口里辦公室公告欄右邊",
        "org": "臺北市身障者互助關懷協會"
      }
    },
    {
      "type": "Feature",
      "geometry": {
        "type": "Point",
        "coordinates": [
          121.55861,
          25.00849
        ]
      },
      "properties": {
        "id": "1288",
        "city": "臺北市",
        "district": "文山區",
        "address": "辛亥路4段21巷口",
        "org": "臺北市身障者互助關懷協會"
      }
    },
    {
      "type": "Feature",
      "geometry": {
        "type": "Point",
        "coordinates": [
          121.55864,
          25.00663
        ]
      },
      "properties": {
        "id": "1289",
        "city": "臺北市",
        "district": "文山區",
        "address": "辛亥路4段101巷口電器設備旁",
        "org": "臺北市身障者互助關懷協會"
      }
    },
    {
      "type": "Feature",
      "geometry": {
        "type": "Point",
        "coordinates": [
          121.53961,
          25.00253
        ]
      },
      "properties": {
        "id": "1290",
        "city": "臺北市",
        "district": "文山區",
        "address": "羅斯福路5段211巷17弄口",
        "org": "臺北市身障者互助關懷協會"
      }
    },
    {
      "type": "Feature",
      "geometry": {
        "type": "Point",
        "coordinates": [
          121.53457,
          25.04026
        ]
      },
      "properties": {
        "id": "1291",
        "city": "臺北市",
        "district": "大安區",
        "address": "濟南路3段17-1號旁對面",
        "org": "臺北市身障者互助關懷協會"
      }
    },
    {
      "type": "Feature",
      "geometry": {
        "type": "Point",
        "coordinates": [
          121.55649,
          24.97987
        ]
      },
      "properties": {
        "id": "1292",
        "city": "臺北市",
        "district": "文山區",
        "address": "一壽街22號旁(里民活動中心旁)",
        "org": "臺北市身障者互助關懷協會"
      }
    },
    {
      "type": "Feature",
      "geometry": {
        "type": "Point",
        "coordinates": [
          121.54279,
          25.02646
        ]
      },
      "properties": {
        "id": "1293",
        "city": "臺北市",
        "district": "大安區",
        "address": "復興南路2段210巷2號旁",
        "org": "臺北市身障者互助關懷協會"
      }
    },
    {
      "type": "Feature",
      "geometry": {
        "type": "Point",
        "coordinates": [
          121.55964,
          25.03448
        ]
      },
      "properties": {
        "id": "1294",
        "city": "臺北市",
        "district": "信義區",
        "address": "光復南路473巷11弄60號對面",
        "org": "臺北市身障者互助關懷協會"
      }
    },
    {
      "type": "Feature",
      "geometry": {
        "type": "Point",
        "coordinates": [
          121.51134,
          25.11938
        ]
      },
      "properties": {
        "id": "1295",
        "city": "臺北市",
        "district": "北投區",
        "address": "立農街1段582號對面",
        "org": "臺北市身障者互助關懷協會"
      }
    },
    {
      "type": "Feature",
      "geometry": {
        "type": "Point",
        "coordinates": [
          121.51357,
          25.10888
        ]
      },
      "properties": {
        "id": "1296",
        "city": "臺北市",
        "district": "北投區",
        "address": "文林北路242號旁",
        "org": "臺北市身障者互助關懷協會"
      }
    },
    {
      "type": "Feature",
      "geometry": {
        "type": "Point",
        "coordinates": [
          121.52802,
          25.06503
        ]
      },
      "properties": {
        "id": "1297",
        "city": "臺北市",
        "district": "中山區",
        "address": "新生北路3段35號旁防火巷前柱旁",
        "org": "臺北市身障者互助關懷協會"
      }
    },
    {
      "type": "Feature",
      "geometry": {
        "type": "Point",
        "coordinates": [
          121.54821,
          25.03421
        ]
      },
      "properties": {
        "id": "1298",
        "city": "臺北市",
        "district": "大安區",
        "address": "四維路76巷口對面",
        "org": "臺北市身障者互助關懷協會"
      }
    },
    {
      "type": "Feature",
      "geometry": {
        "type": "Point",
        "coordinates": [
          121.54801,
          25.03638
        ]
      },
      "properties": {
        "id": "1299",
        "city": "臺北市",
        "district": "大安區",
        "address": "四維路22巷口",
        "org": "臺北市身障者互助關懷協會"
      }
    },
    {
      "type": "Feature",
      "geometry": {
        "type": "Point",
        "coordinates": [
          121.55132,
          25.02932
        ]
      },
      "properties": {
        "id": "1300",
        "city": "臺北市",
        "district": "大安區",
        "address": "安和路2段123號前",
        "org": "臺北市身障者互助關懷協會"
      }
    },
    {
      "type": "Feature",
      "geometry": {
        "type": "Point",
        "coordinates": [
          121.54952,
          25.02511
        ]
      },
      "properties": {
        "id": "1301",
        "city": "臺北市",
        "district": "大安區",
        "address": "安和路2段184巷7號旁",
        "org": "臺北市身障者互助關懷協會"
      }
    },
    {
      "type": "Feature",
      "geometry": {
        "type": "Point",
        "coordinates": [
          121.53664,
          25.01039
        ]
      },
      "properties": {
        "id": "1302",
        "city": "臺北市",
        "district": "文山區",
        "address": "汀州路4段1號對面電器設備邊",
        "org": "臺北市弱勢者就業促進協會"
      }
    },
    {
      "type": "Feature",
      "geometry": {
        "type": "Point",
        "coordinates": [
          121.55764,
          24.98887
        ]
      },
      "properties": {
        "id": "1303",
        "city": "臺北市",
        "district": "文山區",
        "address": "木柵路1段335巷口",
        "org": "臺北市弱勢者就業促進協會"
      }
    },
    {
      "type": "Feature",
      "geometry": {
        "type": "Point",
        "coordinates": [
          121.54663,
          25.00259
        ]
      },
      "properties": {
        "id": "1304",
        "city": "臺北市",
        "district": "文山區",
        "address": "興隆路2段203巷90~94號對面",
        "org": "臺北市弱勢者就業促進協會"
      }
    },
    {
      "type": "Feature",
      "geometry": {
        "type": "Point",
        "coordinates": [
          121.55018,
          25.03291
        ]
      },
      "properties": {
        "id": "1305",
        "city": "臺北市",
        "district": "大安區",
        "address": "文昌街39號旁",
        "org": "臺北市弱勢者就業促進協會"
      }
    },
    {
      "type": "Feature",
      "geometry": {
        "type": "Point",
        "coordinates": [
          121.54489,
          25.03977
        ]
      },
      "properties": {
        "id": "1306",
        "city": "臺北市",
        "district": "大安區",
        "address": "大安路1段116巷15號對面",
        "org": "臺北市弱勢者就業促進協會"
      }
    },
    {
      "type": "Feature",
      "geometry": {
        "type": "Point",
        "coordinates": [
          121.55322,
          25.03061
        ]
      },
      "properties": {
        "id": "1307",
        "city": "臺北市",
        "district": "大安區",
        "address": "通安街64號旁",
        "org": "臺北市弱勢者就業促進協會"
      }
    },
    {
      "type": "Feature",
      "geometry": {
        "type": "Point",
        "coordinates": [
          121.55394,
          25.03166
        ]
      },
      "properties": {
        "id": "1308",
        "city": "臺北市",
        "district": "大安區",
        "address": "通化街24巷口",
        "org": "臺北市弱勢者就業促進協會"
      }
    },
    {
      "type": "Feature",
      "geometry": {
        "type": "Point",
        "coordinates": [
          121.55101,
          25.02808
        ]
      },
      "properties": {
        "id": "1309",
        "city": "臺北市",
        "district": "大安區",
        "address": "樂利路10號桿邊",
        "org": "臺北市弱勢者就業促進協會"
      }
    },
    {
      "type": "Feature",
      "geometry": {
        "type": "Point",
        "coordinates": [
          121.53588,
          25.02293
        ]
      },
      "properties": {
        "id": "1310",
        "city": "臺北市",
        "district": "大安區",
        "address": "和平東路2段18巷17~1號對面",
        "org": "臺北市弱勢者就業促進協會"
      }
    },
    {
      "type": "Feature",
      "geometry": {
        "type": "Point",
        "coordinates": [
          121.52897,
          25.03255
        ]
      },
      "properties": {
        "id": "1311",
        "city": "臺北市",
        "district": "大安區",
        "address": "金山南路2段31巷與麗水街電箱旁",
        "org": "臺北市弱勢者就業促進協會"
      }
    },
    {
      "type": "Feature",
      "geometry": {
        "type": "Point",
        "coordinates": [
          121.52872,
          25.03132
        ]
      },
      "properties": {
        "id": "1312",
        "city": "臺北市",
        "district": "大安區",
        "address": "愛國東路與麗水街口旁",
        "org": "臺北市弱勢者就業促進協會"
      }
    },
    {
      "type": "Feature",
      "geometry": {
        "type": "Point",
        "coordinates": [
          121.55081,
          25.04034
        ]
      },
      "properties": {
        "id": "1313",
        "city": "臺北市",
        "district": "大安區",
        "address": "敦化南路1段233巷24號邊",
        "org": "臺北市弱勢者就業促進協會"
      }
    },
    {
      "type": "Feature",
      "geometry": {
        "type": "Point",
        "coordinates": [
          121.53937,
          25.02633
        ]
      },
      "properties": {
        "id": "1314",
        "city": "臺北市",
        "district": "大安區",
        "address": "瑞安街266號對面",
        "org": "臺北市弱勢者就業促進協會"
      }
    },
    {
      "type": "Feature",
      "geometry": {
        "type": "Point",
        "coordinates": [
          121.56539,
          24.98266
        ]
      },
      "properties": {
        "id": "1315",
        "city": "臺北市",
        "district": "文山區",
        "address": "木新路2段299巷口",
        "org": "臺北市弱勢者就業促進協會"
      }
    },
    {
      "type": "Feature",
      "geometry": {
        "type": "Point",
        "coordinates": [
          121.56719,
          24.98241
        ]
      },
      "properties": {
        "id": "1316",
        "city": "臺北市",
        "district": "文山區",
        "address": "恆光街51巷口電信設備邊",
        "org": "臺北市弱勢者就業促進協會"
      }
    },
    {
      "type": "Feature",
      "geometry": {
        "type": "Point",
        "coordinates": [
          121.52697,
          25.03312
        ]
      },
      "properties": {
        "id": "1317",
        "city": "臺北市",
        "district": "大安區",
        "address": "金山南路2段30巷口",
        "org": "臺北市弱勢者就業促進協會"
      }
    },
    {
      "type": "Feature",
      "geometry": {
        "type": "Point",
        "coordinates": [
          121.56702,
          24.98938
        ]
      },
      "properties": {
        "id": "1318",
        "city": "臺北市",
        "district": "文山區",
        "address": "木柵路3段85巷8弄5-1號對面變電箱旁",
        "org": "臺北市弱勢者就業促進協會"
      }
    },
    {
      "type": "Feature",
      "geometry": {
        "type": "Point",
        "coordinates": [
          121.54805,
          25.03104
        ]
      },
      "properties": {
        "id": "1320",
        "city": "臺北市",
        "district": "大安區",
        "address": "四維路154巷口對面",
        "org": "臺北市恩寶身心障礙者關懷協會"
      }
    },
    {
      "type": "Feature",
      "geometry": {
        "type": "Point",
        "coordinates": [
          121.54599,
          25.03125
        ]
      },
      "properties": {
        "id": "1321",
        "city": "臺北市",
        "district": "大安區",
        "address": "大安路2段90巷口",
        "org": "臺北市恩寶身心障礙者關懷協會"
      }
    },
    {
      "type": "Feature",
      "geometry": {
        "type": "Point",
        "coordinates": [
          121.55493,
          25.02861
        ]
      },
      "properties": {
        "id": "1322",
        "city": "臺北市",
        "district": "大安區",
        "address": "通化街39巷50弄101號旁",
        "org": "臺北市恩寶身心障礙者關懷協會"
      }
    },
    {
      "type": "Feature",
      "geometry": {
        "type": "Point",
        "coordinates": [
          121.52562,
          25.03599
        ]
      },
      "properties": {
        "id": "1323",
        "city": "臺北市",
        "district": "中正區",
        "address": "杭州南路1段143巷11之5號旁",
        "org": "臺北市恩寶身心障礙者關懷協會"
      }
    },
    {
      "type": "Feature",
      "geometry": {
        "type": "Point",
        "coordinates": [
          121.54237,
          24.99439
        ]
      },
      "properties": {
        "id": "1324",
        "city": "臺北市",
        "district": "文山區",
        "address": "景華街22巷7號旁人行道",
        "org": "臺北市恩寶身心障礙者關懷協會"
      }
    },
    {
      "type": "Feature",
      "geometry": {
        "type": "Point",
        "coordinates": [
          121.52269,
          25.02941
        ]
      },
      "properties": {
        "id": "1325",
        "city": "臺北市",
        "district": "大安區",
        "address": "潮州街38號前桿旁",
        "org": "臺北市恩寶身心障礙者關懷協會"
      }
    },
    {
      "type": "Feature",
      "geometry": {
        "type": "Point",
        "coordinates": [
          121.52376,
          25.02919
        ]
      },
      "properties": {
        "id": "1326",
        "city": "臺北市",
        "district": "大安區",
        "address": "潮州街60巷口燈桿旁",
        "org": "臺北市恩寶身心障礙者關懷協會"
      }
    },
    {
      "type": "Feature",
      "geometry": {
        "type": "Point",
        "coordinates": [
          121.52519,
          25.02837
        ]
      },
      "properties": {
        "id": "1327",
        "city": "臺北市",
        "district": "大安區",
        "address": "潮州街98巷8號邊",
        "org": "臺北市恩寶身心障礙者關懷協會"
      }
    },
    {
      "type": "Feature",
      "geometry": {
        "type": "Point",
        "coordinates": [
          121.52511,
          25.02754
        ]
      },
      "properties": {
        "id": "1328",
        "city": "臺北市",
        "district": "大安區",
        "address": "和平東路1段85巷4弄底",
        "org": "臺北市恩寶身心障礙者關懷協會"
      }
    },
    {
      "type": "Feature",
      "geometry": {
        "type": "Point",
        "coordinates": [
          121.55331,
          25.04613
        ]
      },
      "properties": {
        "id": "1329",
        "city": "臺北市",
        "district": "松山區",
        "address": "延吉街30巷1號旁",
        "org": "臺北市恩寶身心障礙者關懷協會"
      }
    },
    {
      "type": "Feature",
      "geometry": {
        "type": "Point",
        "coordinates": [
          121.55956,
          24.98259
        ]
      },
      "properties": {
        "id": "1330",
        "city": "臺北市",
        "district": "文山區",
        "address": "忠順街1段26巷30弄口",
        "org": "臺北市恩寶身心障礙者關懷協會"
      }
    },
    {
      "type": "Feature",
      "geometry": {
        "type": "Point",
        "coordinates": [
          121.55789,
          24.98213
        ]
      },
      "properties": {
        "id": "1331",
        "city": "臺北市",
        "district": "文山區",
        "address": "木新路3段310巷12弄底公園邊",
        "org": "臺北市恩寶身心障礙者關懷協會"
      }
    },
    {
      "type": "Feature",
      "geometry": {
        "type": "Point",
        "coordinates": [
          121.54291,
          24.99553
        ]
      },
      "properties": {
        "id": "1332",
        "city": "臺北市",
        "district": "文山區",
        "address": "景華街49巷5號斜對面公園邊",
        "org": "臺北市恩寶身心障礙者關懷協會"
      }
    },
    {
      "type": "Feature",
      "geometry": {
        "type": "Point",
        "coordinates": [
          121.55191,
          25.00339
        ]
      },
      "properties": {
        "id": "1333",
        "city": "臺北市",
        "district": "文山區",
        "address": "福興路4巷15弄口",
        "org": "臺北市恩寶身心障礙者關懷協會"
      }
    },
    {
      "type": "Feature",
      "geometry": {
        "type": "Point",
        "coordinates": [
          121.55164,
          25.00314
        ]
      },
      "properties": {
        "id": "1334",
        "city": "臺北市",
        "district": "文山區",
        "address": "福興路4巷7弄口",
        "org": "臺北市恩寶身心障礙者關懷協會"
      }
    },
    {
      "type": "Feature",
      "geometry": {
        "type": "Point",
        "coordinates": [
          121.52459,
          25.03411
        ]
      },
      "properties": {
        "id": "1335",
        "city": "臺北市",
        "district": "大安區",
        "address": "信義路2段10巷11弄口",
        "org": "臺北市恩寶身心障礙者關懷協會"
      }
    }
  ]
}