每月對照使用,直飲臺編號,轄區分處,市別,場所別,場所次分類,所屬單位,場所名稱,地址,行政區,維護單位,連絡電話,場所開放時間,設置地點,經度,緯度,狀態,狀態異動日期時間,最近採樣日期時間,大腸桿菌數,水質及維護資訊網址,直飲台照片網址
0131h,0131h,南區,臺北市,機關,臺北自來水事業處,臺北自來水事業處,北水處長興淨水場淨水大樓1樓,臺北市大安區長興街131號,大安,北水處水質科,87335687,0:00~24:00,淨水大樓1樓,121.548456,25.014828,正常,20211201T090000,20260112T101500,<1,https://gismobile.water.gov.taipei:8443/W/S.aspx?SD=0131h,https://gismobile.water.gov.taipei/WaterMap_drinkImg/0131h.JPG
0131k,0131k,南區,新北市,機關,臺北自來水事業處,臺北自來水事業處,北水處教育中心教室旁,新北市新店區直潭路2號,新店,北水處教育中心教室旁,83695171,0:00~24:00,教室旁,121.528263,24.940303,正常,20211201T090000,20260112T120500,<1,https://gismobile.water.gov.taipei:8443/W/S.aspx?SD=0131k,https://gismobile.water.gov.taipei/WaterMap_drinkImg/0131k.JPG
0132a,0132a,南區,新北市,機關,臺北自來水事業處,臺北自來水事業處,北水處直潭淨水場中控大樓,新北市新店區直潭路2號,新店,北水處直潭淨水場,26668471轉516,0:00~24:00,中控大樓,121.527821,24.941067,正常,20211201T090000,20260112T114600,<1,https://gismobile.water.gov.taipei:8443/W/S.aspx?SD=0132a,https://gismobile.water.gov.taipei/WaterMap_drinkImg/0132a.JPG
0132b,0132b,南區,新北市,機關,臺北自來水事業處,臺北自來水事業處,北水處直潭淨水場中控大樓,新北市新店區直潭路2號,新店,北水處直潭淨水場,26668471轉516,0:00~24:00,中控大樓,121.527821,24.941067,正常,20211201T090000,20260112T112500,<1,https://gismobile.water.gov.taipei:8443/W/S.aspx?SD=0132b,https://gismobile.water.gov.taipei/WaterMap_drinkImg/0132b.JPG
0158a,0158a,南區,臺北市,捷運站,淡水信義線,臺北大眾捷運股份有限公司,東門站,臺北市中正區信義路二段101號與金山南路1段口,中正,臺北大眾捷運股份有限公司(紅綠線),25363001#8653,06:00~23:00,1、3號出口間,121.527621,25.034183,正常,20211201T090000,20260303T101000,<1,https://gismobile.water.gov.taipei:8443/W/S.aspx?SD=0158a,https://gismobile.water.gov.taipei/WaterMap_drinkImg/0158a.JPG
0158b,0158b,南區,臺北市,捷運站,淡水信義線,臺北大眾捷運股份有限公司,東門站,臺北市中正區信義路二段101號與金山南路1段口,中正,臺北大眾捷運股份有限公司(紅綠線),25363001#8653,06:00~23:00,1、3號出口間,121.527621,25.034183,正常,20211201T090000,20260303T101500,<1,https://gismobile.water.gov.taipei:8443/W/S.aspx?SD=0158b,https://gismobile.water.gov.taipei/WaterMap_drinkImg/0158b.JPG
0227a,0227a,西區,臺北市,公園步道,公園處,工務局公園處,青年公園,臺北市萬華區水源路199號,萬華,工務局公園處青年管理所,27003830,0:00~24:00,愛心園地,121.506281,25.025879,正常,20211201T090000,20260105T095600,<1,https://gismobile.water.gov.taipei:8443/W/S.aspx?SD=0227a,https://gismobile.water.gov.taipei/WaterMap_drinkImg/0227a.JPG
0227b,0227b,西區,臺北市,公園步道,公園處,工務局公園處,青年公園,臺北市萬華區青年路176號對面(兒童遊憩區),萬華,工務局公園處青年管理所,27003830,0:00~24:00,四號門兒童遊戲區左側,121.503226,25.021047,正常,20260414T000000,20260105T094100,<1,https://gismobile.water.gov.taipei:8443/W/S.aspx?SD=0227b,https://gismobile.water.gov.taipei/WaterMap_drinkImg/0227b.JPG
0227d,0227d,西區,臺北市,公園步道,公園處,工務局公園處,青年公園,臺北市萬華區水源路199號,萬華,工務局公園處青年管理所,27003830,0:00~24:00,籃球場旁,121.504870,25.020720,正常,20211201T090000,20260105T092300,<1,https://gismobile.water.gov.taipei:8443/W/S.aspx?SD=0227d,https://gismobile.water.gov.taipei/WaterMap_drinkImg/0227d.JPG
0227e,0227e,西區,臺北市,公園步道,公園處,工務局公園處,青年公園,臺北市萬華區水源路199號(防災公園),萬華,工務局公園處青年管理所,27003830,0:00~24:00,水源路跑道旁,121.504442,25.020395,正常,20260414T000000,20260105T092800,<1,https://gismobile.water.gov.taipei:8443/W/S.aspx?SD=0227e,https://gismobile.water.gov.taipei/WaterMap_drinkImg/0227e.JPG
0227f,0227f,西區,臺北市,公園步道,公園處,工務局公園處,青年公園,臺北市萬華區青年路190號對面,萬華,工務局公園處青年管理所,27003830,0:00~24:00,兒童溜滑梯沙坑旁,121.504050,25.020456,正常,20211201T090000,20260105T093700,<1,https://gismobile.water.gov.taipei:8443/W/S.aspx?SD=0227f,https://gismobile.water.gov.taipei/WaterMap_drinkImg/0227f.JPG
0227g,0227g,西區,臺北市,公園步道,公園處,工務局公園處,青年公園,臺北市萬華區青年路96號對面,萬華,工務局公園處青年管理所,27003830,0:00~24:00,棒球場入口廣場座椅旁,121.502871,25.022893,正常,20260414T000000,20260105T094600,<1,https://gismobile.water.gov.taipei:8443/W/S.aspx?SD=0227g,https://gismobile.water.gov.taipei/WaterMap_drinkImg/0227g.JPG
0227h,0227h,西區,臺北市,公園步道,公園處,工務局公園處,青年公園,臺北市萬華區青年路196號對面,萬華,工務局公園處青年管理所,27003830,0:00~24:00,馬場町紀念公園水門入口對面,121.504153,25.020133,正常,20211201T090000,20260105T093200,<1,https://gismobile.water.gov.taipei:8443/W/S.aspx?SD=0227h,https://gismobile.water.gov.taipei/WaterMap_drinkImg/0227h.JPG
0227i,0227i,西區,臺北市,公園步道,公園處,工務局公園處,青年公園,臺北市萬華區青年路50號對面,萬華,工務局公園處青年管理所,27003830,0:00~24:00,太陽能圖書管入口廣場旁,121.504006,25.025154,正常,20260414T000000,20260105T095100,<1,https://gismobile.water.gov.taipei:8443/W/S.aspx?SD=0227i,https://gismobile.water.gov.taipei/WaterMap_drinkImg/0227i.JPG
0227j,0227j,西區,臺北市,公園步道,公園處,工務局公園處,青年公園,臺北市萬華區水源路199號,萬華,工務局公園處青年管理所,27003830,0:00~24:00,泳池旁,121.506237,25.023712,正常,20211201T090000,20260105T100300,<1,https://gismobile.water.gov.taipei:8443/W/S.aspx?SD=0227j,https://gismobile.water.gov.taipei/WaterMap_drinkImg/0227j.JPG
0258,0258,西區,臺北市,場館,文化局,財團法人臺北市文化基金會,剝皮寮歷史街區,臺北市萬華區廣州街129-1號廣場,萬華,剝皮寮歷史街區西側,,0:00~24:00,剝皮寮歷史街區,121.502531,25.036644,正常,20260414T000000,20260211T112400,<1,https://gismobile.water.gov.taipei:8443/W/S.aspx?SD=0258,https://gismobile.water.gov.taipei/WaterMap_drinkImg/0258.JPG
0261,0261,西區,臺北市,公園步道,公園處,工務局公園處,西本願寺,臺北市萬華區長沙街2段13號對面,萬華,工務局公園處園藝工程隊,23815132＃318,0:00~24:00,長沙街二段13號對面,121.506827,25.040455,正常,20220113T100000,20260105T104600,<1,https://gismobile.water.gov.taipei:8443/W/S.aspx?SD=0261,https://gismobile.water.gov.taipei/WaterMap_drinkImg/0261.JPG
0261a,0261a,西區,臺北市,公園步道,公園處,工務局公園處,西本願寺,臺北市萬華區長沙街二段21號對面,萬華,工務局公園處園藝工程隊,23815132＃318,0:00~24:00,人行道旁,121.506796,25.040552,正常,20220113T100000,20260105T104300,<1,https://gismobile.water.gov.taipei:8443/W/S.aspx?SD=0261a,https://gismobile.water.gov.taipei/WaterMap_drinkImg/0261a.JPG
0262a,0262a,西區,臺北市,公園步道,電影公園,財團法人台北市文化基金會,武昌街電影公園,臺北市萬華區武昌街2段126號前,萬華,財團法人臺北市文化基金會,23123717轉19,0:00~24:00,武昌街廣場北方,121.503337,25.045439,正常,20260414T000000,20260105T105300,<1,https://gismobile.water.gov.taipei:8443/W/S.aspx?SD=0262a,https://gismobile.water.gov.taipei/WaterMap_drinkImg/0262a.JPG
0263,0263,西區,臺北市,公園步道,公園處,工務局公園處,和平青草園,臺北市萬華區西園路一段與艋舺大道交叉口,萬華,工務局公園處青年管理所,27003830,00:00~24:00,展覽室,121.497068,25.032466,正常,20260414T000000,20260105T102500,<1,https://gismobile.water.gov.taipei:8443/W/S.aspx?SD=0263,https://gismobile.water.gov.taipei/WaterMap_drinkImg/0263.JPG
0264,0264,西區,臺北市,公園步道,區公所,臺北市萬華區公所,長順公園,臺北市萬華區長順街46巷,萬華,臺北市萬華區公所,2306-4468#283,0:00~24:00,公園西側,121.488941,25.031875,正常,20211201T090000,20260211T145200,<1,https://gismobile.water.gov.taipei:8443/W/S.aspx?SD=0264,https://gismobile.water.gov.taipei/WaterMap_drinkImg/0264.JPG
0265a,0265a,西區,臺北市,公園步道,區公所,臺北市萬華區公所,糖「部」園區,臺北市萬華區大理街160巷旁,萬華,臺北市萬華區公所,2306-4468#283,00:00~24:00,廣場東北側,121.494195,25.033273,正常,20260414T000000,20260211T150300,<1,https://gismobile.water.gov.taipei:8443/W/S.aspx?SD=0265a,https://gismobile.water.gov.taipei/WaterMap_drinkImg/0265a.JPG
0265b,0265b,西區,臺北市,公園步道,區公所,臺北市萬華區公所,糖「部」園區,臺北市萬華區大理街160巷旁,萬華,臺北市萬華區公所,2306-4468#283,0:00~24:00,特色遊戲場旁,121.494689,25.033557,正常,20260414T000000,20260211T150700,<1,https://gismobile.water.gov.taipei:8443/W/S.aspx?SD=0265b,https://gismobile.water.gov.taipei/WaterMap_drinkImg/0265b.JPG
0266,0266,西區,臺北市,場館,文化局,財團法人臺北市文化基金會,紅樓,臺北市萬華區成都路12號,萬華,西門紅樓,,0:00~24:00,成都路、漢中街口,121.507233,25.042204,正常,20260414T000000,20260211T102700,<1,https://gismobile.water.gov.taipei:8443/W/S.aspx?SD=0266,https://gismobile.water.gov.taipei/WaterMap_drinkImg/0266.JPG
0267,0267,西區,臺北市,公園步道,區公所,臺北市萬華區公所,華西公園,臺北市萬華區華西街21巷內,萬華,臺北市萬華區公所,2306-4468#283,0:00~24:00,Ubike旁,121.498765,25.038697,正常,20211201T090000,20260211T111200,<1,https://gismobile.water.gov.taipei:8443/W/S.aspx?SD=0267,https://gismobile.water.gov.taipei/WaterMap_drinkImg/0267.JPG
0268,0268,西區,臺北市,公園步道,區公所,臺北市萬華區公所,寺前公園,臺北市萬華區西園路1段282巷內,萬華,臺北市萬華區公所,2306-4468#283,00:00~24:00,草坪上,121.499219,25.033575,正常,20260414T000000,20260211T151500,1,https://gismobile.water.gov.taipei:8443/W/S.aspx?SD=0268,https://gismobile.water.gov.taipei/WaterMap_drinkImg/0268.JPG
0269,0269,西區,臺北市,公園步道,區公所,臺北市萬華區公所,老松公園,臺北市萬華區桂林路與永福街之間,萬華,臺北市萬華區公所,2306-4468#283,00:00~24:00,遊戲區旁,121.502868,25.038627,正常,20260414T000000,20260211T110400,<1,https://gismobile.water.gov.taipei:8443/W/S.aspx?SD=0269,https://gismobile.water.gov.taipei/WaterMap_drinkImg/0269.JPG
0270,0270,西區,臺北市,公園步道,區公所,臺北市萬華區公所,東園公園,臺北市萬華區萬大路424巷與486巷68弄間,萬華,臺北市萬華區公所,2306-4468#283,0:00~24:00,入口旁,121.495280,25.021060,正常,20260414T000000,20260211T143700,<1,https://gismobile.water.gov.taipei:8443/W/S.aspx?SD=0270,https://gismobile.water.gov.taipei/WaterMap_drinkImg/0270.JPG
0271,0271,西區,臺北市,公園步道,區公所,臺北市萬華區公所,西園公園,臺北市萬華區東園街67巷與73巷間,萬華,臺北市萬華區公所,2306-4468#283,0:00~24:00,人行道旁,121.498183,25.026699,正常,20260414T000000,20260211T142700,<1,https://gismobile.water.gov.taipei:8443/W/S.aspx?SD=0271,https://gismobile.water.gov.taipei/WaterMap_drinkImg/0271.JPG
0272,0272,西區,臺北市,公園步道,區公所,臺北市萬華區公所,華江8號公園,臺北市萬華區環河南路二段250巷28弄旁,萬華,臺北市萬華區公所,2306-4468#283,0:00~24:00,西側人行道旁,121.492678,25.034156,正常,20211201T090000,20260211T145700,<1,https://gismobile.water.gov.taipei:8443/W/S.aspx?SD=0272,https://gismobile.water.gov.taipei/WaterMap_drinkImg/0272.JPG
0273,0273,西區,臺北市,公園步道,區公所,臺北市萬華區公所,福星公園,臺北市萬華區漢口街與昆明街交叉口,萬華,臺北市萬華區公所,2306-4468#283,0:00~24:00,西側人行道旁,121.505850,25.046236,正常,20260414T000000,20260211T103900,<1,https://gismobile.water.gov.taipei:8443/W/S.aspx?SD=0273,https://gismobile.water.gov.taipei/WaterMap_drinkImg/0273.JPG
0274,0274,西區,臺北市,公園步道,區公所,臺北市萬華區公所,青山公園,臺北市萬華區華西街10巷旁,萬華,臺北市萬華區公所,2306-4468#283,0:00~24:00,北側草坪,121.498456,25.039502,正常,20260414T000000,20260211T111600,<1,https://gismobile.water.gov.taipei:8443/W/S.aspx?SD=0274,https://gismobile.water.gov.taipei/WaterMap_drinkImg/0274.JPG
0275,0275,西區,臺北市,公園步道,區公所,臺北市萬華區公所,錦德公園,臺北市萬華區德昌街與西園路二段281巷5弄交口,萬華,臺北市萬華區公所,2306-4468#283,0:00~24:00,遊戲區旁,121.492497,25.023416,正常,20211201T090000,20260211T144300,<1,https://gismobile.water.gov.taipei:8443/W/S.aspx?SD=0275,https://gismobile.water.gov.taipei/WaterMap_drinkImg/0275.JPG
0276,0276,西區,臺北市,公園步道,區公所,臺北市萬華區公所,壽德公園,臺北市萬華區萬青街118巷旁,萬華,臺北市萬華區公所,2306-4468#283,0:00~24:00,工具間旁,121.501121,25.024495,正常,20260414T000000,20260211T140900,<1,https://gismobile.water.gov.taipei:8443/W/S.aspx?SD=0276,https://gismobile.water.gov.taipei/WaterMap_drinkImg/0276.JPG
0277,0277,西區,臺北市,公園步道,區公所,臺北市萬華區公所,柳鄉公園,臺北市萬華區環河南路二段100巷,萬華,臺北市萬華區公所,2306-4468#283,0:00~24:00,遊樂場旁,121.495305,25.037244,正常,20260414T000000,20260323T141200,<1,https://gismobile.water.gov.taipei:8443/W/S.aspx?SD=0277,https://gismobile.water.gov.taipei/WaterMap_drinkImg/0277.JPG
0278,0278,西區,臺北市,公園步道,區公所,臺北市萬華區公所,保德公園,臺北市萬華區東園街154巷與長泰街156巷交口,萬華,臺北市萬華區公所,2306-4468#283,0:00~24:00,遊樂場旁,121.497261,25.022712,正常,20260414T000000,20260323T145000,<1,https://gismobile.water.gov.taipei:8443/W/S.aspx?SD=0278,https://gismobile.water.gov.taipei/WaterMap_drinkImg/0278.JPG
0279,0279,西區,臺北市,公園步道,水利處,工務局水利工程處南區管理站,馬場町河濱公園,臺北市萬華區馬場町河濱公園入口廣場,萬華,工務局水利工程處南區管理站,27208889#2691,0:00~24:00,馬場町河濱公園入口廣場,121.504661,25.019714,正常,20260414T000000,20260323T145800,<1,https://gismobile.water.gov.taipei:8443/W/S.aspx?SD=0279,https://gismobile.water.gov.taipei/WaterMap_drinkImg/0279.JPG
0280,0280,西區,臺北市,公園步道,水利處,工務局水利工程處南區管理站,光復橋下河濱公園廣場,臺北市萬華區光復橋下河濱公園洗手台旁,萬華,工務局水利工程處南區管理站,27208889#2691,0:00~24:00,光復橋下河濱公園洗手台旁,121.490288,25.024210,正常,20260414T000000,20260323T142700,<1,https://gismobile.water.gov.taipei:8443/W/S.aspx?SD=0280,https://gismobile.water.gov.taipei/WaterMap_drinkImg/0280.JPG
0282,0282,西區,臺北市,公園步道,區公所,臺北市萬華區公所,孝德公園,臺北市萬華區寶興街140巷17弄1-3號對面,萬華,臺北市萬華區公所,2306-4468#283,0:00~24:00,溜滑梯旁,121.494234,25.024011,正常,20260414T000000,20260323T144400,<1,https://gismobile.water.gov.taipei:8443/W/S.aspx?SD=0282,https://gismobile.water.gov.taipei/WaterMap_drinkImg/0282.JPG
0285,0285,西區,臺北市,公園步道,水利處,工務局水利工程處南區管理站,中正河濱公園,臺北市中正區詔安街38巷對面,中正,工務局水利工程處南區管理站,27208889#2691,0:00~24:00,網球場,121.514003,25.023632,正常,20211201T090000,20260323T150600,<1,https://gismobile.water.gov.taipei:8443/W/S.aspx?SD=0285,https://gismobile.water.gov.taipei/WaterMap_drinkImg/0285.JPG
0286,0286,西區,臺北市,公園步道,水利處,工務局水利工程處南區管理站,華中河濱公園,臺北市萬華區環河南路三段243號對面(人行便橋下),萬華,工務局水利工程處南區管理站,27208889#2691,0:00~24:00,人行便橋下,121.492018,25.020129,正常,20260414T000000,20260323T143200,<1,https://gismobile.water.gov.taipei:8443/W/S.aspx?SD=0286,https://gismobile.water.gov.taipei/WaterMap_drinkImg/0286.JPG
0286a,0286a,西區,臺北市,公園步道,水利處,工務局水利工程處南區管理站,華中河濱公園,臺北市萬華區環河南路三段335號對面,萬華,工務局水利工程處南區管理站,27208889#2691,0:00~24:00,籃球場旁,121.493007,25.017220,正常,20260414T000000,20260323T143600,<1,https://gismobile.water.gov.taipei:8443/W/S.aspx?SD=0286a,https://gismobile.water.gov.taipei/WaterMap_drinkImg/0286a.JPG
0287,0287,西區,臺北市,公園步道,區公所,臺北市萬華區公所,長沙公園,臺北市萬華區環河南路一段280號之1,萬華,臺北市萬華區公所,2306-4468#283,0:00~24:00,廣場旁,121.500111,25.041689,正常,20260414T000000,20260323T141900,<1,https://gismobile.water.gov.taipei:8443/W/S.aspx?SD=0287,https://gismobile.water.gov.taipei/WaterMap_drinkImg/0287.JPG
0289,0289,西區,臺北市,公園步道,區公所,臺北市萬華區公所,萬華1號綠地,臺北市萬華區大理街22號對面,萬華區,臺北市萬華區公所,2306-4468#283,0:00~24:00,入口旁,121.502011,25.034930,正常,20240821T102000,20260105T103400,<1,https://gismobile.water.gov.taipei:8443/W/S.aspx?SD=0289,https://gismobile.water.gov.taipei/WaterMap_drinkImg/0289.JPG
0290,0290,西區,臺北市,商圈夜市,臺北自來水事業處,臺北自來水事業處,西門町商圈,臺北市萬華區中華路1段136號前,萬華區,北水處西區分處,33431678#1696,0:00~24:00,人行道,121.508335,25.043431,正常,20260414T000000,20260211T105200,<1,https://gismobile.water.gov.taipei:8443/W/S.aspx?SD=0290,https://gismobile.water.gov.taipei/WaterMap_drinkImg/0290.JPG
0291,0291,西區,臺北市,商圈夜市,臺北自來水事業處,臺北自來水事業處,西門町商圈,臺北市萬華區中華路1段88號前,萬華區,北水處西區分處,33431678#1696,0:00~24:00,人行道,121.508808,25.045052,正常,20260414T000000,20260211T104600,<1,https://gismobile.water.gov.taipei:8443/W/S.aspx?SD=0291,https://gismobile.water.gov.taipei/WaterMap_drinkImg/0291.JPG
0292,0292,西區,臺北市,商圈夜市,臺北自來水事業處,臺北自來水事業處,西門町商圈(峨嵋停車場),臺北市萬華區西寧南路50巷13號前,萬華區,北水處西區分處,33431678#1696,0:00~24:00,人行道,121.505502,25.044426,正常,20260414T000000,20260211T103500,<1,https://gismobile.water.gov.taipei:8443/W/S.aspx?SD=0292,https://gismobile.water.gov.taipei/WaterMap_drinkImg/0292.JPG
0293,0293,西區,臺北市,商圈夜市,臺北自來水事業處,臺北自來水事業處,雙和街市場,臺北市萬華區雙和街與西藏路125巷交口,萬華區,北水處西區分處,33431678#1696,0:00~24:00,人行道,121.502703,25.027812,正常,20260414T000000,20260211T141800,<1,https://gismobile.water.gov.taipei:8443/W/S.aspx?SD=0293,https://gismobile.water.gov.taipei/WaterMap_drinkImg/0293.JPG
0310n1a,0310n1a,東區,臺北市,機關,市政大樓,臺北市市政大樓公共事務管理中心,市政大樓,臺北市信義區市府路1號,信義,市政大樓公管中心,27208889轉3003,08:00~18:00,中北1樓,121.564568,25.037851,正常,20260414T000000,20260112T145400,<1,https://gismobile.water.gov.taipei:8443/W/S.aspx?SD=0310n1a,https://gismobile.water.gov.taipei/WaterMap_drinkImg/0310n1a.JPG
0310n2a,0310n2a,東區,臺北市,機關,市政大樓,臺北市市政大樓公共事務管理中心,市政大樓,臺北市信義區市府路1號,信義,市政大樓公管中心,27208889轉3003,08:00~18:00,中北2樓,121.564568,25.037851,正常,20260414T000000,20260112T144800,<1,https://gismobile.water.gov.taipei:8443/W/S.aspx?SD=0310n2a,https://gismobile.water.gov.taipei/WaterMap_drinkImg/0310n2a.JPG
0310nb,0310nb,東區,臺北市,機關,市政大樓,臺北市市政大樓公共事務管理中心,市政大樓,臺北市信義區市府路1號,信義,市政大樓公管中心,27208889轉3003,08:00~18:00,中北B1樓,121.564568,25.037851,正常,20260414T000000,20260112T150400,<1,https://gismobile.water.gov.taipei:8443/W/S.aspx?SD=0310nb,https://gismobile.water.gov.taipei/WaterMap_drinkImg/0310nb.JPG
0310s1a,0310s1a,東區,臺北市,機關,市政大樓,臺北市市政大樓公共事務管理中心,市政大樓,臺北市信義區市府路1號,信義,市政大樓公管中心,27208889轉3003,08:00~18:00,中央南1樓,121.564472,25.037214,正常,20260414T000000,20260112T151800,<1,https://gismobile.water.gov.taipei:8443/W/S.aspx?SD=0310s1a,https://gismobile.water.gov.taipei/WaterMap_drinkImg/0310s1a.JPG
0310s2a,0310s2a,東區,臺北市,機關,市政大樓,臺北市市政大樓公共事務管理中心,市政大樓,臺北市信義區市府路1號,信義,市政大樓公管中心,27208889轉3003,08:00~18:00,中央南2樓,121.564472,25.037214,正常,20260414T000000,20260112T152500,<1,https://gismobile.water.gov.taipei:8443/W/S.aspx?SD=0310s2a,https://gismobile.water.gov.taipei/WaterMap_drinkImg/0310s2a.JPG
0310sb,0310sb,東區,臺北市,機關,市政大樓,臺北市市政大樓公共事務管理中心,市政大樓,臺北市信義區市府路1號,信義,市政大樓公管中心,27208889轉3003,08:00~18:00,中央南B1樓,121.564472,25.037214,正常,20260414T000000,20260112T151000,<1,https://gismobile.water.gov.taipei:8443/W/S.aspx?SD=0310sb,https://gismobile.water.gov.taipei/WaterMap_drinkImg/0310sb.JPG
0327,0327,東區,臺北市,公園步道,公園處,工務局公園處,民權公園,臺北市松山區富錦街389巷12弄18號,松山,工務局公園處圓山管理所,2585-0192 轉232,0:00~24:00,公園內,121.558354,25.061298,正常,20260414T000000,20260108T100800,<1,https://gismobile.water.gov.taipei:8443/W/S.aspx?SD=0327,https://gismobile.water.gov.taipei/WaterMap_drinkImg/0327.JPG
0350,0350,南區,臺北市,公園步道,公園處,工務局公園處,景勤2號公園,臺北市信義區信安街、吳興街220巷交口(原陸軍保養廠),信義,工務局公園處南港管理所,02-27833685,0:00~24:00,入口旁,121.558051,25.026098,正常,20260414T000000,20260108T150600,<1,https://gismobile.water.gov.taipei:8443/W/S.aspx?SD=0350,https://gismobile.water.gov.taipei/WaterMap_drinkImg/0350.JPG
0352a,0352a,南區,臺北市,公園步道,公園處,工務局公園處,象山公園,臺北市信義區信義路5段150巷,信義,工務局公園處南港管理所,02-27833685,0:00~24:00,運動場旁,121.569941,25.029669,正常,20211201T090000,20260210T155600,<1,https://gismobile.water.gov.taipei:8443/W/S.aspx?SD=0352a,https://gismobile.water.gov.taipei/WaterMap_drinkImg/0352a.JPG
0352b,0352b,南區,臺北市,公園步道,公園處,工務局公園處,象山公園,臺北市信義區信義路5段150巷,信義,工務局公園處南港管理所,02-27833685,0:00~24:00,運動場旁,121.569994,25.030763,正常,20211201T090000,20260210T154700,<1,https://gismobile.water.gov.taipei:8443/W/S.aspx?SD=0352b,https://gismobile.water.gov.taipei/WaterMap_drinkImg/0352b.JPG
0353,0353,南區,臺北市,公園步道,區公所,臺北市信義區公所,三興公園,臺北市信義區吳興街156巷40弄與吳興街118巷間,信義,臺北市信義區公所,27239777#707,00:00~24:00,涼亭旁邊,121.559605,25.028616,正常,20260414T000000,20260107T102900,<1,https://gismobile.water.gov.taipei:8443/W/S.aspx?SD=0353,https://gismobile.water.gov.taipei/WaterMap_drinkImg/0353.JPG
0354,0354,南區,臺北市,公園步道,公園處,工務局公園處,景勤1號公園,臺北市信義區吳興街220巷59弄13號對面,信義,工務局公園處南港管理所,02-27833685,00:00~24:00,入口處,121.561012,25.027111,正常,20211201T090000,20260108T150000,<1,https://gismobile.water.gov.taipei:8443/W/S.aspx?SD=0354,https://gismobile.water.gov.taipei/WaterMap_drinkImg/0354.JPG
0354a,0354a,南區,臺北市,公園步道,公園處,工務局公園處,景勤1號公園,臺北市信義區吳興街220巷61號旁,信義,工務局公園處南港管理所,02-27833685,0:00~24:00,YouBike站旁,121.561757,25.026749,正常,20211201T090000,20260108T145300,<1,https://gismobile.water.gov.taipei:8443/W/S.aspx?SD=0354a,https://gismobile.water.gov.taipei/WaterMap_drinkImg/0354a.JPG
0355,0355,東區,臺北市,機關,市政大樓,臺北市市政大樓公共事務管理中心,市府大樓東南側,臺北市信義區松智路與松壽路口,信義,市政大樓公管中心,27208889轉3003,0:00~24:00,兒童戲沙池旁,121.564929,25.036876,正常,20260414T000000,20260112T153400,<1,https://gismobile.water.gov.taipei:8443/W/S.aspx?SD=0355,https://gismobile.water.gov.taipei/WaterMap_drinkImg/0355.JPG
0356,0356,南區,臺北市,場館,臺北自來水事業處,臺北自來水事業處,國父紀念館,臺北市信義區仁愛路四段505號,信義,北水處南區分處,83695107,0:00~24:00,北側人行道,121.559510,25.041155,正常,20260414T000000,20260305T095300,<1,https://gismobile.water.gov.taipei:8443/W/S.aspx?SD=0356,https://gismobile.water.gov.taipei/WaterMap_drinkImg/0356.JPG
0356a,0356a,南區,臺北市,場館,國父紀念館,國父紀念館,國父紀念館,臺北市信義區國父紀念館（光復南路出入口）,信義,國父紀念館,27588008#532,0:00~24:00,佈告欄旁,121.557850,25.039293,正常,20260414T000000,20260305T094800,<1,https://gismobile.water.gov.taipei:8443/W/S.aspx?SD=0356a,https://gismobile.water.gov.taipei/WaterMap_drinkImg/0356a.JPG
0357a,0357a,東區,臺北市,公園步道,公園處,工務局公園處,松壽廣場,臺北市信義區松智路東側(松高路至信義路5段),信義,工務局公園處南港管理所,02-27833685,0:00~24:00,松壽廣場公園前(松智路75號),121.565796,25.037545,正常,20231229T100000,20260210T162000,<1,https://gismobile.water.gov.taipei:8443/W/S.aspx?SD=0357a,https://gismobile.water.gov.taipei/WaterMap_drinkImg/0357a.JPG
0357b,0357b,東區,臺北市,商圈夜市,公園處,Att 4 FUN 管理部,信義直飲廊道,臺北市信義區松智路東側(松高路至信義路6段),信義,Att 4 FUN 管理部,87808111轉7502,0:00~24:00,att 4 fun(松智路83號),121.565635,25.035352,正常,20211201T090000,20260210T160800,<1,https://gismobile.water.gov.taipei:8443/W/S.aspx?SD=0357b,https://gismobile.water.gov.taipei/WaterMap_drinkImg/0357b.JPG
0357c,0357c,東區,臺北市,商圈夜市,機關,南山廣場公寓大廈管理維護股份有限公司,信義直飲廊道(信義南山廣場),臺北市信義區松智路,信義,南山廣場公寓大廈管理維護股份有限公司設施管理科,2723-8009 #90029,0:00~24:00,人行道綠帶旁,121.565609,25.034213,正常,20231229T100000,20260210T160400,<1,https://gismobile.water.gov.taipei:8443/W/S.aspx?SD=0357c,https://gismobile.water.gov.taipei/WaterMap_drinkImg/0357c.JPG
0358,0358,東區,臺北市,公園步道,工程處,工務局大地工程處,象山步道,臺北市信義區信義路五段150巷342弄,信義,大地工程處道路步道科,27593001轉2312,0:00~24:00,象山六巨石觀景台,121.574429,25.026832,正常,20260414T000000,20260209T104500,<1,https://gismobile.water.gov.taipei:8443/W/S.aspx?SD=0358,https://gismobile.water.gov.taipei/WaterMap_drinkImg/0358.JPG
0359,0359,西區,臺北市,公園步道,區公所,臺北市信義區公所,福德公園,臺北市信義區福德街與大道路口東北側,信義,臺北市信義區公所,27239777#707,0:00~24:00,入口處,121.583981,25.038427,正常,20260414T000000,20260305T102500,<1,https://gismobile.water.gov.taipei:8443/W/S.aspx?SD=0359,https://gismobile.water.gov.taipei/WaterMap_drinkImg/0359.JPG
0360,0360,西區,臺北市,公園步道,區公所,臺北市信義區公所,春光公園,臺北市信義區忠孝東露5段558號旁,信義,臺北市信義區公所,27239777#707,0:00~24:00,遊戲區旁,121.580770,25.042468,正常,20260414T000000,20260305T103100,<1,https://gismobile.water.gov.taipei:8443/W/S.aspx?SD=0360,https://gismobile.water.gov.taipei/WaterMap_drinkImg/0360.JPG
0361,0361,西區,臺北市,公園步道,區公所,臺北市信義區公所,林口公園,臺北市信義區林口街84號對面,信義,臺北市信義區公所,27239777#707,0:00~24:00,公園南側,121.579014,25.038714,正常,20260414T000000,20260305T103700,<1,https://gismobile.water.gov.taipei:8443/W/S.aspx?SD=0361,https://gismobile.water.gov.taipei/WaterMap_drinkImg/0361.JPG
0362,0362,西區,臺北市,公園步道,公園處,工務局公園處,松德公園,臺北市信義區松德路180巷11號對面,信義,工務局公園處南港管理所,02-27833685,0:00~24:00,遊戲場旁,121.573112,25.035385,正常,20260414T000000,20260305T101000,<1,https://gismobile.water.gov.taipei:8443/W/S.aspx?SD=0362,https://gismobile.water.gov.taipei/WaterMap_drinkImg/0362.JPG
0363,0363,東區,臺北市,公園步道,區公所,臺北市信義區公所,富生1號公園,臺北市信義區永吉路30巷157巷,信義,臺北市信義區公所,27239777#707,0:00~24:00,北側入口處左側,121.569970,25.042220,正常,20211201T090000,20260210T151600,<1,https://gismobile.water.gov.taipei:8443/W/S.aspx?SD=0363,https://gismobile.water.gov.taipei/WaterMap_drinkImg/0363.JPG
0364,0364,南區,臺北市,公園步道,區公所,臺北市信義區公所,三張里公園,臺北市信義區松平路81號,信義,臺北市信義區公所,27239777#707,0:00~24:00,廣場旁,121.566640,25.030577,正常,20260414T000000,20260305T093000,<1,https://gismobile.water.gov.taipei:8443/W/S.aspx?SD=0364,https://gismobile.water.gov.taipei/WaterMap_drinkImg/0364.JPG
0365,0365,南區,臺北市,公園步道,公園處,工務局公園處,景聯廣場,臺北市信義區松勤街18號對面,信義,工務局公園處園藝工程隊,23815132＃318,0:00~24:00,入口處旁,121.559961,25.032180,正常,20260414T000000,20260210T164100,<1,https://gismobile.water.gov.taipei:8443/W/S.aspx?SD=0365,https://gismobile.water.gov.taipei/WaterMap_drinkImg/0365.JPG
0366,0366,東區,臺北市,公園步道,公園處,工務局公園處,忠信廣場,臺北市信義區興雅路,信義,工務局公園處南港管理所,02-27833685,0:00~24:00,南側入口處,121.567873,25.040136,正常,20211201T090000,20260305T095900,<1,https://gismobile.water.gov.taipei:8443/W/S.aspx?SD=0366,https://gismobile.water.gov.taipei/WaterMap_drinkImg/0366.JPG
0375,0375,東區,臺北市,公園步道,公園處,工務局公園處,永春崗公園,臺北市信義區松山路656巷5號(對面樓梯上),信義,工務局公園處南港管理所,02-27833685,0:00~24:00,永春崗公園入口處,121.577806,25.031417,正常,20260414T000000,20260305T104400,<1,https://gismobile.water.gov.taipei:8443/W/S.aspx?SD=0375,https://gismobile.water.gov.taipei/WaterMap_drinkImg/0375.JPG
0376,0376,東區,臺北市,公園步道,區公所,臺北市信義區公所,虎林公園,臺北市信義區信義路五段151巷,信義,臺北市信義區公所,27239777#707,0:00~24:00,兒童遊戲場旁,121.574746,25.031526,正常,20211201T090000,20260305T101700,<1,https://gismobile.water.gov.taipei:8443/W/S.aspx?SD=0376,https://gismobile.water.gov.taipei/WaterMap_drinkImg/0376.JPG
0377,0377,東區,臺北市,公園步道,公園處,工務局公園處,永春陂生態濕地公園,臺北市信義區松山路657號,信義,工務局公園處南港管理所,02-27833685,0:00~24:00,建物旁,121.579942,25.033015,正常,20260414T000000,20260305T105600,<1,https://gismobile.water.gov.taipei:8443/W/S.aspx?SD=0377,https://gismobile.water.gov.taipei/WaterMap_drinkImg/0377.JPG
0378,0378,東區,臺北市,公園步道,工程處,工務局大地工程處,瑤池宮,臺北市信義區松山路677之25號,信義,大地工程處道路步道科,27593001轉2312,0:00~24:00,松山一坑入口旁,121.583200,25.029013,正常,20230111T000000,20260305T111700,<1,https://gismobile.water.gov.taipei:8443/W/S.aspx?SD=0378,https://gismobile.water.gov.taipei/WaterMap_drinkImg/0378.JPG
0379,0379,東區,臺北市,公園步道,工程處,工務局大地工程處,北星寶宮,臺北市信義區松山路670-1號,信義,大地工程處道路步道科,27593001轉2312,0:00~24:00,登山步道旁,121.578192,25.025878,正常,20260414T000000,20260305T112500,<1,https://gismobile.water.gov.taipei:8443/W/S.aspx?SD=0379,https://gismobile.water.gov.taipei/WaterMap_drinkImg/0379.JPG
0380,0380,東區,臺北市,公園步道,工程處,工務局大地工程處,復興園,臺北市信義區福德街221巷189號,信義,大地工程處道路步道科,27593001轉2312,0:00~24:00,觀景平台,121.586865,25.030994,正常,20230111T000000,20260210T100000,<1,https://gismobile.water.gov.taipei:8443/W/S.aspx?SD=0380,https://gismobile.water.gov.taipei/WaterMap_drinkImg/0380.JPG
0384,0384,東區,臺北市,商圈夜市,區公所,臺北市信義區公所,五分埔商圈,臺北市信義區中坡北路與松山路119巷口(臨停車場出口旁),信義區,臺北市信義區公所,27239777#707,0:00~24:00,步道口旁,121.580341,25.047220,正常,20260414T000000,20260112T142100,<1,https://gismobile.water.gov.taipei:8443/W/S.aspx?SD=0384,https://gismobile.water.gov.taipei/WaterMap_drinkImg/0384.JPG
0385,0385,南區,臺北市,公園步道,臺北自來水事業處,臺北自來水事業處,景勤狗活動區,臺北市信義區信安街67巷與吳興街156巷65弄交口旁,信義區,北水處南區分處,83695107,0:00~24:00,門口旁草皮內,121.558731,25.025864,正常,20260414T000000,20260108T144700,<1,https://gismobile.water.gov.taipei:8443/W/S.aspx?SD=0385,https://gismobile.water.gov.taipei/WaterMap_drinkImg/0385.JPG
0386,0386,南區,臺北市,公園步道,大地工程處,工務局大地工程處,妙高台步道,臺北市信義區紫雲街75號對面,信義區,大地工程處道路步道科,27593001轉2312,0:00~24:00,步道口旁,121.576778,25.015463,正常,20260414T000000,20260305T091900,<1,https://gismobile.water.gov.taipei:8443/W/S.aspx?SD=0386,https://gismobile.water.gov.taipei/WaterMap_drinkImg/0386.JPG
0387,0387,南區,臺北市,場館,臺北自來水事業處,臺北自來水事業處,大巨蛋(靠忠孝東路側),臺北市信義區忠孝東路四段(靠捷運國父紀念館站5號出入口),信義區,北水處南區分處,83695107,0:00~24:00,人行道,121.558884,25.041541,正常,20260414T000000,20260210T145500,<1,https://gismobile.water.gov.taipei:8443/W/S.aspx?SD=0387,https://gismobile.water.gov.taipei/WaterMap_drinkImg/0387.JPG
0388,0388,南區,臺北市,場館,公園處,工務局公園處,353綠地(近四四南村),臺北市信義區信義路五段與莊敬路交口,信義區,工務局公園處園藝工程隊,23815132＃318,0:00~24:00,人行道旁綠帶內,121.561549,25.032765,正常,20260414T000000,20260210T163100,<1,https://gismobile.water.gov.taipei:8443/W/S.aspx?SD=0388,https://gismobile.water.gov.taipei/WaterMap_drinkImg/0388.JPG
0423a,0423a,西區,臺北市,機關,臺北自來水事業處,臺北自來水事業處,北水處西區分處大門口,臺北市中正區牯嶺街38號,中正,北水處西區分處,33431678#1696,8:30~17:30,大門口,121.516533,25.029770,正常,20211201T090000,20260121T150200,<1,https://gismobile.water.gov.taipei:8443/W/S.aspx?SD=0423a,https://gismobile.water.gov.taipei/WaterMap_drinkImg/0423a.JPG
0428b,0428b,西區,臺北市,公園步道,公園處,工務局公園處,二二八和平公園,臺北市中正區凱達格蘭大道3號,中正,工務局公園處青年管理所,27003830,0:00~24:00,,121.514240,25.042270,正常,20211201T090000,20260122T143000,<1,https://gismobile.water.gov.taipei:8443/W/S.aspx?SD=0428b,https://gismobile.water.gov.taipei/WaterMap_drinkImg/0428b.JPG
0428c,0428c,西區,臺北市,公園步道,公園處,工務局公園處,二二八和平公園,臺北市中正區凱達格蘭大道3號,中正,工務局公園處青年管理所,27003830,0:00~24:00,兒童遊戲區,121.514577,25.040141,正常,20211201T090000,20260122T144800,<1,https://gismobile.water.gov.taipei:8443/W/S.aspx?SD=0428c,https://gismobile.water.gov.taipei/WaterMap_drinkImg/0428c.JPG
0428e,0428e,西區,臺北市,公園步道,公園處,工務局公園處,二二八和平公園,臺北市中正區懷寧街90號對面,中正,工務局公園處青年管理所,27003830,0:00~24:00,公園西北側懷寧街側水池旁,121.514487,25.042724,正常,20211201T090000,20260122T143600,<1,https://gismobile.water.gov.taipei:8443/W/S.aspx?SD=0428e,https://gismobile.water.gov.taipei/WaterMap_drinkImg/0428e.JPG
0428f,0428f,西區,臺北市,公園步道,公園處,工務局公園處,二二八和平公園,臺北市中正區公園路50號(台北賓館對面),中正,工務局公園處青年管理所,27003830,0:00~24:00,228和平紀念館前,121.515367,25.040647,正常,20211201T090000,20260122T144200,<1,https://gismobile.water.gov.taipei:8443/W/S.aspx?SD=0428f,https://gismobile.water.gov.taipei/WaterMap_drinkImg/0428f.JPG
0444,0444,南區,臺北市,公園步道,公園處,工務局公園處,富陽公園,臺北市大安區富陽街底,大安,工務局公園處青年管理所,27003830,0:00~24:00,臺北市富陽街底,121.557172,25.016597,正常,20260414T000000,20260107T111600,<1,https://gismobile.water.gov.taipei:8443/W/S.aspx?SD=0444,https://gismobile.water.gov.taipei/WaterMap_drinkImg/0444.JPG
0445,0445,南區,臺北市,公園步道,區公所,臺北市大安區公所,「王留」公公園,臺北市大安區復興南路1段135巷口,大安,臺北市大安區公所,2351-1711,0:00~24:00,忠孝東路4段49巷與49巷4弄交口,121.545310,25.042428,正常,20260414T000000,20260107T093100,<1,https://gismobile.water.gov.taipei:8443/W/S.aspx?SD=0445,https://gismobile.water.gov.taipei/WaterMap_drinkImg/0445.JPG
0446a,0446a,南區,臺北市,公園步道,區公所,臺北市大安區公所,延吉公園,臺北市大安區延吉街131巷26號旁,大安,臺北市大安區公所,2351-1711,0:00~24:00,遊戲區旁,121.555743,25.042602,正常,20260414T000000,20260107T093900,<1,https://gismobile.water.gov.taipei:8443/W/S.aspx?SD=0446a,https://gismobile.water.gov.taipei/WaterMap_drinkImg/0446a.JPG
0447,0447,南區,臺北市,公園步道,區公所,臺北市大安區公所,敦親公園,臺北市大安區辛亥路2段171巷21號對面,大安,臺北市大安區公所,2351-1711,0:00~24:00,涼亭旁,121.541087,25.022476,正常,20260414T000000,20260107T092000,<1,https://gismobile.water.gov.taipei:8443/W/S.aspx?SD=0447,https://gismobile.water.gov.taipei/WaterMap_drinkImg/0447.JPG
0448,0448,南區,臺北市,公園步道,區公所,臺北市大安區公所,和平公園,臺北市大安區和平東路2段118巷6弄4號對面,大安,臺北市大安區公所,2351-1711,0:00~24:00,兒童遊戲區旁,121.542739,25.023460,正常,20211201T090000,20260107T090900,<1,https://gismobile.water.gov.taipei:8443/W/S.aspx?SD=0448,https://gismobile.water.gov.taipei/WaterMap_drinkImg/0448.JPG
0449,0449,南區,臺北市,公園步道,區公所,臺北市大安區公所,法治公園,臺北市大安區通化街184巷5號,大安,臺北市大安區公所,2351-1711,0:00~24:00,沙坑旁,121.553216,25.026972,正常,20260414T000000,20260302T092200,<1,https://gismobile.water.gov.taipei:8443/W/S.aspx?SD=0449,https://gismobile.water.gov.taipei/WaterMap_drinkImg/0449.JPG
0450,0450,南區,臺北市,公園步道,區公所,臺北市大安區公所,大學公園,臺北市大安區辛亥路1段與溫州街交口,大安,臺北市大安區公所,2351-1711,00:00~24:00,入口處旁,121.533023,25.021865,正常,20211201T090000,20260204T111800,<1,https://gismobile.water.gov.taipei:8443/W/S.aspx?SD=0450,https://gismobile.water.gov.taipei/WaterMap_drinkImg/0450.JPG
0451,0451,南區,臺北市,公園步道,區公所,臺北市大安區公所,永康公園,臺北市大安區永康街10-3號對面,大安,臺北市大安區公所,2351-1711,0:00~24:00,遊戲區旁,121.529652,25.031746,正常,20211201T090000,20260204T154400,<1,https://gismobile.water.gov.taipei:8443/W/S.aspx?SD=0451,https://gismobile.water.gov.taipei/WaterMap_drinkImg/0451.JPG
0454,0454,南區,臺北市,公園步道,區公所,臺北市大安區公所,虎嘯公園,臺北市大安區敦化南路2段331巷口旁,大安,臺北市大安區公所,2351-1711,0:00~24:00,遊戲區旁,121.549463,25.022599,正常,20260414T000000,20260204T091500,<1,https://gismobile.water.gov.taipei:8443/W/S.aspx?SD=0454,https://gismobile.water.gov.taipei/WaterMap_drinkImg/0454.JPG
0455,0455,南區,臺北市,公園步道,區公所,臺北市大安區公所,辛亥1號公園,臺北市大安區辛亥路1段139巷口旁,大安,臺北市大安區公所,2351-1711,0:00~24:00,入口處旁,121.532676,25.022657,正常,20211201T090000,20260204T110700,<1,https://gismobile.water.gov.taipei:8443/W/S.aspx?SD=0455,https://gismobile.water.gov.taipei/WaterMap_drinkImg/0455.JPG
0457,0457,南區,臺北市,公園步道,區公所,臺北市大安區公所,黎孝公園,臺北市大安區和平東路3段308巷內,大安,臺北市大安區公所,2351-1711,0:00~24:00,涼亭旁,121.556042,25.019833,正常,20260414T000000,20260319T154700,<1,https://gismobile.water.gov.taipei:8443/W/S.aspx?SD=0457,https://gismobile.water.gov.taipei/WaterMap_drinkImg/0457.JPG
0459,0459,南區,臺北市,公園步道,公園處,工務局公園處,「王留」公圳公園,臺北市大安區忠孝東路3段237巷及251巷14弄交口,大安,工務局公園處青年管理所,27003830,0:00~24:00,「王留」公圳公園,121.540685,25.043913,正常,20260414T000000,20260318T145400,<1,https://gismobile.water.gov.taipei:8443/W/S.aspx?SD=0459,https://gismobile.water.gov.taipei/WaterMap_drinkImg/0459.JPG
0460,0460,南區,臺北市,公園步道,區公所,臺北市大安區公所,龍生公園,臺北市大安區和平東路二段107巷23弄15號對面,大安,臺北市大安區公所,2351-1711,0:00~24:00,入口旁,121.541600,25.026100,正常,20211201T090000,20260319T092200,<1,https://gismobile.water.gov.taipei:8443/W/S.aspx?SD=0460,https://gismobile.water.gov.taipei/WaterMap_drinkImg/0460.JPG
0463,0463,南區,臺北市,商圈夜市,臺北自來水事業處,臺北自來水事業處,永康商圈,臺北市大安區信義路二段200號,大安,北水處南區分處,83695107,0:00~24:00,人行道,121.530328,25.033520,正常,20231106T100000,20260318T151100,<1,https://gismobile.water.gov.taipei:8443/W/S.aspx?SD=0463,https://gismobile.water.gov.taipei/WaterMap_drinkImg/0463.JPG
0464,0464,南區,臺北市,公園步道,區公所,臺北市大安區公所,師大公園,臺北市大安區師大路68巷,大安,臺北市大安區公所,2351-1711,0:00~24:00,師大路68巷旁,121.528422,25.023958,正常,20260414T000000,20260302T094600,<1,https://gismobile.water.gov.taipei:8443/W/S.aspx?SD=0464,https://gismobile.water.gov.taipei/WaterMap_drinkImg/0464.JPG
0467,0467,南區,臺北市,場館,臺北自來水事業處,臺北自來水事業處,大安運動中心,臺北市大安區辛亥路三段55號,大安區,北水處南區分處,83695107,0:00~24:00,正門前方靠人行道,121.545608,25.020624,正常,20260414T000000,20260204T092500,<1,https://gismobile.water.gov.taipei:8443/W/S.aspx?SD=0467,https://gismobile.water.gov.taipei/WaterMap_drinkImg/0467.JPG
0468,0468,南區,臺北市,場館,臺北自來水事業處,臺北自來水事業處,台灣大學綜合體育場,臺北市大安區羅斯福路四段1號,大安區,北水處南區分處,83695107,0:00~24:00,台大新月台前人行道,121.533785,25.018432,正常,20260414T000000,20260204T105600,<1,https://gismobile.water.gov.taipei:8443/W/S.aspx?SD=0468,https://gismobile.water.gov.taipei/WaterMap_drinkImg/0468.JPG
0530a,0530a,西區,臺北市,場館,自來水園區,臺北自來水事業處,自來水園區博物館東側,臺北市中正區思源街1號,中正,展業科,83695108,8:00~18:00,博物館東側,121.529877,25.012830,正常,20260414T000000,20260309T143200,<1,https://gismobile.water.gov.taipei:8443/W/S.aspx?SD=0530a,https://gismobile.water.gov.taipei/WaterMap_drinkImg/0530a.JPG
0530c,0530c,西區,臺北市,場館,自來水園區,臺北自來水事業處,自來水園區蛋糕流水旁,臺北市中正區思源街1號,中正,展業科,83695108,8:00~18:00,蛋糕旁,121.530251,25.012836,正常,20260414T000000,20260309T145800,<1,https://gismobile.water.gov.taipei:8443/W/S.aspx?SD=0530c,https://gismobile.water.gov.taipei/WaterMap_drinkImg/0530c.JPG
0530d,0530d,西區,臺北市,場館,自來水園區,臺北自來水事業處,自來水園區南區辦公室門口旁,臺北市中正區思源街1號,中正,展業科,83695108,0:00~24:00,南區辦公室門口旁,121.530515,25.013525,正常,20260414T000000,20260309T141200,<1,https://gismobile.water.gov.taipei:8443/W/S.aspx?SD=0530d,https://gismobile.water.gov.taipei/WaterMap_drinkImg/0530d.JPG
0530e,0530e,西區,臺北市,場館,自來水園區,臺北自來水事業處,自來水園區水岸警衛亭旁,臺北市中正區思源街1號,中正,展業科,83695108,0:00~24:00,水岸警衛亭旁,121.528793,25.011331,正常,20260414T000000,20260309T140800,<1,https://gismobile.water.gov.taipei:8443/W/S.aspx?SD=0530e,https://gismobile.water.gov.taipei/WaterMap_drinkImg/0530e.JPG
0530f,0530f,西區,臺北市,機關,臺北自來水事業處,臺北自來水事業處,自來水園區水水光廊(左),臺北市中正區思源街1號,中正,公館淨水場,83695150,08:00~18:00,水水光廊(左),121.530874,25.013139,正常,20260414T000000,20260112T094500,<1,https://gismobile.water.gov.taipei:8443/W/S.aspx?SD=0530f,https://gismobile.water.gov.taipei/WaterMap_drinkImg/0530f.JPG
0530g,0530g,西區,臺北市,機關,臺北自來水事業處,臺北自來水事業處,自來水園區水水光廊(右),臺北市中正區思源街1號,中正,公館淨水場,83695150,08:00~18:00,水水光廊(右),121.530894,25.013159,正常,20260414T000000,20260112T095000,<1,https://gismobile.water.gov.taipei:8443/W/S.aspx?SD=0530g,https://gismobile.water.gov.taipei/WaterMap_drinkImg/0530g.JPG
0530h,0530h,西區,臺北市,場館,自來水園區,臺北自來水事業處,自來水園區,臺北市中正區思源街1號,中正,展業科,83695108,08:00~18:00,噴泉庭園廣場,121.530755,25.012189,正常,20260414T000000,20260309T143600,<1,https://gismobile.water.gov.taipei:8443/W/S.aspx?SD=0530h,https://gismobile.water.gov.taipei/WaterMap_drinkImg/0530h.JPG
0530i,0530i,西區,臺北市,場館,自來水園區,臺北自來水事業處,自來水園區,臺北市中正區思源街1號,中正,展業科,83695108,08:00~18:00,椰林小站,121.530288,25.012263,正常,20260414T000000,20260309T145100,<1,https://gismobile.water.gov.taipei:8443/W/S.aspx?SD=0530i,https://gismobile.water.gov.taipei/WaterMap_drinkImg/0530i.JPG
0530j,0530j,西區,臺北市,場館,自來水園區,臺北自來水事業處,自來水園區,臺北市中正區思源街1號,中正,展業科,83695108,08:00~18:00,自來水園區水岸票口旁,121.528531,25.011595,正常,20260414T000000,20260309T140300,<1,https://gismobile.water.gov.taipei:8443/W/S.aspx?SD=0530j,https://gismobile.water.gov.taipei/WaterMap_drinkImg/0530j.JPG
0530k,0530k,西區,臺北市,場館,臺北自來水事業處,臺北自來水事業處,自來水園區,臺北市中正區思源街1號,中正,展業科,83695108,0:00~24:00,器材展示區,121.529881,25.012307,正常,20260414T000000,20260309T144200,<1,https://gismobile.water.gov.taipei:8443/W/S.aspx?SD=0530k,https://gismobile.water.gov.taipei/WaterMap_drinkImg/0530k.JPG
0664a,0664a,北區,新北市,捷運站,中和新蘆線,臺北大眾捷運股份有限公司,捷運台北橋站,新北市三重區重新路1段108號B1,三重,臺北大眾捷運股份有限公司(藍橘線),25363001#8653,0:00~24:00,詢問處對面,121.500748,25.063384,正常,20211201T090000,20260305T113500,<1,https://gismobile.water.gov.taipei:8443/W/S.aspx?SD=0664a,https://gismobile.water.gov.taipei/WaterMap_drinkImg/0664a.JPG
0664b,0664b,北區,新北市,捷運站,中和新蘆線,臺北大眾捷運股份有限公司,捷運台北橋站,新北市三重區重新路1段108號B1,三重,臺北大眾捷運股份有限公司(藍橘線),25363001#8653,0:00~24:00,詢問處對面,121.500748,25.063384,正常,20211201T090000,20260305T114000,<1,https://gismobile.water.gov.taipei:8443/W/S.aspx?SD=0664b,https://gismobile.water.gov.taipei/WaterMap_drinkImg/0664b.JPG
0665a,0665a,北區,新北市,捷運站,中和新蘆線,臺北大眾捷運股份有限公司,捷運菜寮站,新北市三重區重新路3段150號B1,三重,臺北大眾捷運股份有限公司(藍橘線),25363001#8653,0:00~24:00,詢問處旁,121.492145,25.060284,正常,20211201T090000,20260305T132500,<1,https://gismobile.water.gov.taipei:8443/W/S.aspx?SD=0665a,https://gismobile.water.gov.taipei/WaterMap_drinkImg/0665a.JPG
0665b,0665b,北區,新北市,捷運站,中和新蘆線,臺北大眾捷運股份有限公司,捷運菜寮站,新北市三重區重新路3段150號B1,三重,臺北大眾捷運股份有限公司(藍橘線),25363001#8653,0:00~24:00,詢問處旁,121.492145,25.060284,正常,20211201T090000,20260305T133000,<1,https://gismobile.water.gov.taipei:8443/W/S.aspx?SD=0665b,https://gismobile.water.gov.taipei/WaterMap_drinkImg/0665b.JPG
0667a,0667a,北區,新北市,捷運站,中和新蘆線,臺北大眾捷運股份有限公司,捷運三重國小站,新北市三重區三和路3段5號B1,三重,臺北大眾捷運股份有限公司(藍橘線),25363001#8653,0:00~24:00,詢問處旁,121.496883,25.070464,正常,20211201T090000,20260305T135000,<1,https://gismobile.water.gov.taipei:8443/W/S.aspx?SD=0667a,https://gismobile.water.gov.taipei/WaterMap_drinkImg/0667a.JPG
0667b,0667b,北區,新北市,捷運站,中和新蘆線,臺北大眾捷運股份有限公司,捷運三重國小站,新北市三重區三和路3段5號B1,三重,臺北大眾捷運股份有限公司(藍橘線),25363001#8653,0:00~24:00,詢問處旁,121.496883,25.070464,正常,20260414T000000,20260305T135500,<1,https://gismobile.water.gov.taipei:8443/W/S.aspx?SD=0667b,https://gismobile.water.gov.taipei/WaterMap_drinkImg/0667b.JPG
0668a,0668a,北區,新北市,捷運站,中和新蘆線,臺北大眾捷運股份有限公司,捷運三和國中站,新北市三重區三和路4段107號B1,三重,臺北大眾捷運股份有限公司(藍橘線),25363001#8653,0:00~24:00,詢問處旁,121.486314,25.076858,正常,20211201T090000,20260305T142000,<1,https://gismobile.water.gov.taipei:8443/W/S.aspx?SD=0668a,https://gismobile.water.gov.taipei/WaterMap_drinkImg/0668a.JPG
0668b,0668b,北區,新北市,捷運站,中和新蘆線,臺北大眾捷運股份有限公司,捷運三和國中站,新北市三重區三和路4段107號B1,三重,臺北大眾捷運股份有限公司(藍橘線),25363001#8653,0:00~24:00,詢問處旁,121.486314,25.076858,正常,20211201T090000,20260305T142500,<1,https://gismobile.water.gov.taipei:8443/W/S.aspx?SD=0668b,https://gismobile.water.gov.taipei/WaterMap_drinkImg/0668b.JPG
0802a,0802a,陽明,臺北市,機關,臺北自來水事業處,臺北自來水事業處,北水處陽明分處1樓,臺北市士林區中山北路五段82-1號,士林,北水處陽明分處,28882127,0:00~24:00,1樓,121.526340,25.083990,正常,20260414T000000,20260115T093000,<1,https://gismobile.water.gov.taipei:8443/W/S.aspx?SD=0802a,https://gismobile.water.gov.taipei/WaterMap_drinkImg/0802a.JPG
0859a,0859a,陽明,臺北市,場館,公園處,工務局公園處,花卉試驗中心苗圃,臺北市士林區仰德大道四段175巷32號,士林,工務局公園處花卉試驗中心,26586601,0:00~24:00,展覽館前廣場,121.544408,25.134894,正常,20260414T000000,20260115T100300,<1,https://gismobile.water.gov.taipei:8443/W/S.aspx?SD=0859a,https://gismobile.water.gov.taipei/WaterMap_drinkImg/0859a.JPG
0860,0860,陽明,臺北市,公園步道,公園處,工務局公園處,美崙公園,臺北市士林區美崙街152巷,士林,工務局公園處陽明山管理所,28832130,0:00~24:00,籃球場旁,121.518904,25.097616,正常,20260414T000000,20260106T142100,<1,https://gismobile.water.gov.taipei:8443/W/S.aspx?SD=0860,https://gismobile.water.gov.taipei/WaterMap_drinkImg/0860.JPG
0860a,0860a,陽明,臺北市,公園步道,公園處,工務局公園處,美崙公園,臺北市士林區美崙街152巷4號對面,士林,工務局公園處陽明山管理所,28832130,0:00~24:00,籃球場旁,121.518972,25.097283,暫停,20260414T000000,20260106T141600,<1,https://gismobile.water.gov.taipei:8443/W/S.aspx?SD=0860a,https://gismobile.water.gov.taipei/WaterMap_drinkImg/0860a.JPG
0861a,0861a,陽明,臺北市,公園步道,公園處,工務局公園處,前港公園,臺北市士林區前港街華齡街,士林,工務局公園處陽明山管理所,28832130,0:00~24:00,籃球場旁,121.519987,25.085883,正常,20260414T000000,20260121T111100,<1,https://gismobile.water.gov.taipei:8443/W/S.aspx?SD=0861a,https://gismobile.water.gov.taipei/WaterMap_drinkImg/0861a.JPG
0861b,0861b,陽明,臺北市,公園步道,公園處,工務局公園處,前港公園,臺北市士林區前港街華齡街,士林,工務局公園處陽明山管理所,28832130,0:00~24:00,廣場旁,121.520710,25.086200,正常,20260414T000000,20260121T111800,<1,https://gismobile.water.gov.taipei:8443/W/S.aspx?SD=0861b,https://gismobile.water.gov.taipei/WaterMap_drinkImg/0861b.JPG
0861c,0861c,陽明,臺北市,公園步道,公園處,工務局公園處,前港公園,臺北市士林區後港街118號對面,士林,工務局公園處陽明山管理所,28832130,0:00~24:00,司令台後方,121.520670,25.086310,正常,20211201T090000,20260121T105700,<1,https://gismobile.water.gov.taipei:8443/W/S.aspx?SD=0861c,https://gismobile.water.gov.taipei/WaterMap_drinkImg/0861c.JPG
0862b,0862b,東區,臺北市,場館,兒童新樂園,臺北大眾捷運股份有限公司,兒童新樂園,臺北市士林區承德路5段555號,士林,臺北大眾捷運股份有限公司(紅綠線),25363001#8653,09:00~17:00,門口,121.515800,25.097021,正常,20260414T000000,20260106T140600,<1,https://gismobile.water.gov.taipei:8443/W/S.aspx?SD=0862b,https://gismobile.water.gov.taipei/WaterMap_drinkImg/0862b.JPG
0863a,0863a,北區,臺北市,公園步道,公園處,工務局公園處,社子公園,臺北市士林區永平街46巷3弄,士林,工務局公園處陽明山管理所,28832130,0:00~24:00,籃球場旁,121.506003,25.091185,正常,20211201T090000,20260106T102100,<1,https://gismobile.water.gov.taipei:8443/W/S.aspx?SD=0863a,https://gismobile.water.gov.taipei/WaterMap_drinkImg/0863a.JPG
0863b,0863b,北區,臺北市,公園步道,公園處,工務局公園處,社子公園,臺北市士林區永平街20巷37弄12號,士林,工務局公園處陽明山管理所,28832130,0:00~24:00,側門,121.506700,25.090640,正常,20211201T090000,20260106T102800,<1,https://gismobile.water.gov.taipei:8443/W/S.aspx?SD=0863b,https://gismobile.water.gov.taipei/WaterMap_drinkImg/0863b.JPG
0864,0864,東區,臺北市,場館,博物館,天文科學教育館,天文科學教育館,臺北市士林區基河路363號,士林,臺北市立天文科學教育館,28314551轉520,0:00~24:00,入口處水表旁,121.518913,25.096159,正常,20260414T000000,20260106T142600,<1,https://gismobile.water.gov.taipei:8443/W/S.aspx?SD=0864,https://gismobile.water.gov.taipei/WaterMap_drinkImg/0864.JPG
0865,0865,陽明,臺北市,公園步道,公園處,工務局公園處,克強公園,臺北市北投區磺溪街55巷19號對面,北投,工務局公園處陽明山管理所,28832130,0:00~24:00,克強游泳池對面,121.521945,25.107569,正常,20260414T000000,20260106T151000,<1,https://gismobile.water.gov.taipei:8443/W/S.aspx?SD=0865,https://gismobile.water.gov.taipei/WaterMap_drinkImg/0865.JPG
0865a,0865a,陽明,臺北市,公園步道,公園處,工務局公園處,克強公園,臺北市士林區磺溪街47巷26號旁,士林,工務局公園處陽明山管理所,28832130,0:00~24:00,兒童遊戲區旁,121.521874,25.107349,正常,20260414T000000,20260106T150500,<1,https://gismobile.water.gov.taipei:8443/W/S.aspx?SD=0865a,https://gismobile.water.gov.taipei/WaterMap_drinkImg/0865a.JPG
0866,0866,陽明,臺北市,公園步道,公園處,工務局公園處,蘭興公園,臺北市士林區中山北路６段３１５巷３弄５號旁,士林,工務局公園處陽明山管理所,28832130,0:00~24:00,遊戲區旁,121.525156,25.110905,正常,20260414T000000,20260106T105800,<1,https://gismobile.water.gov.taipei:8443/W/S.aspx?SD=0866,https://gismobile.water.gov.taipei/WaterMap_drinkImg/0866.JPG
0866a,0866a,陽明,臺北市,公園步道,公園處,工務局公園處,蘭興公園,臺北市士林區中山北路六段315巷50弄1號,士林,工務局公園處陽明山管理所,28832130,0:00~24:00,兒童遊戲場旁,121.523559,25.110312,正常,20260414T000000,20260106T105200,<1,https://gismobile.water.gov.taipei:8443/W/S.aspx?SD=0866a,https://gismobile.water.gov.taipei/WaterMap_drinkImg/0866a.JPG
0868,0868,北區,臺北市,公園步道,公園處,工務局水利工程處北區右岸管理站,島頭公園,臺北市士林區延平北路9段底,士林,工務局水利工程處北區右岸管理站,27208889#2690,0:00~24:00,島頭15號樓梯旁,121.466690,25.109947,正常,20260414T000000,20260106T100000,<1,https://gismobile.water.gov.taipei:8443/W/S.aspx?SD=0868,https://gismobile.water.gov.taipei/WaterMap_drinkImg/0868.JPG
0869,0869,北區,臺北市,公園步道,公園處,工務局水利工程處北區右岸管理站,福安河濱公園,臺北市士林區延平北路7段27巷,士林,工務局水利工程處北區右岸管理站,27208889#2690,0:00~24:00,堤外籃球場旁,121.494690,25.094870,正常,20260414T000000,20260106T101200,<1,https://gismobile.water.gov.taipei:8443/W/S.aspx?SD=0869,https://gismobile.water.gov.taipei/WaterMap_drinkImg/0869.JPG
0870a,0870a,北區,臺北市,公園步道,公園處,工務局公園處,海光公園,臺北市士林區葫蘆街92號對面,士林,工務局公園處陽明山管理所,28832130,0:00~24:00,海光公園南側,121.508040,25.081700,正常,20260414T000000,20260202T153900,<1,https://gismobile.water.gov.taipei:8443/W/S.aspx?SD=0870a,https://gismobile.water.gov.taipei/WaterMap_drinkImg/0870a.JPG
0870b,0870b,北區,臺北市,公園步道,公園處,工務局公園處,海光公園,臺北市士林區葫蘆街100號對面,士林,工務局公園處陽明山管理所,28832130,0:00~24:00,海光公園北側,121.507820,25.082160,正常,20260414T000000,20260202T153500,<1,https://gismobile.water.gov.taipei:8443/W/S.aspx?SD=0870b,https://gismobile.water.gov.taipei/WaterMap_drinkImg/0870b.JPG
0871,0871,陽明,臺北市,公園步道,工程處,工務局大地工程處,天母古道(東山路),臺北市士林區東山路25巷81弄99號,士林,大地工程處道路步道科,27593001轉2312,0:00~24:00,涼亭旁,121.535710,25.133029,正常,20260414T000000,20260205T113900,<1,https://gismobile.water.gov.taipei:8443/W/S.aspx?SD=0871,https://gismobile.water.gov.taipei/WaterMap_drinkImg/0871.JPG
0872,0872,陽明,臺北市,公園步道,公園處,工務局公園處,忠誠公園,臺北市士林區忠誠路1段旁,士林,工務局公園處陽明山管理所,28832130,0:00~24:00,涼亭旁,121.526137,25.103833,正常,20211201T090000,20260202T111000,<1,https://gismobile.water.gov.taipei:8443/W/S.aspx?SD=0872,https://gismobile.water.gov.taipei/WaterMap_drinkImg/0872.JPG
0873,0873,陽明,臺北市,公園步道,工程處,工務局大地工程處,湖田橋水車寮步道,臺北市士林區竹子湖路29-1號,士林,大地工程處道路步道科,27593001轉2312,0:00~24:00,湖田橋步道口,121.538623,25.170069,正常,20211201T090000,20260205T104700,<1,https://gismobile.water.gov.taipei:8443/W/S.aspx?SD=0873,https://gismobile.water.gov.taipei/WaterMap_drinkImg/0873.JPG
0874,0874,陽明,臺北市,公園步道,工程處,工務局大地工程處,大崙尾山步道中社路支線,臺北市士林區中社路二段152號,士林,大地工程處道路步道科,27593001轉2312,0:00~24:00,步道口,121.567950,25.105910,正常,20260414T000000,20260202T095200,<1,https://gismobile.water.gov.taipei:8443/W/S.aspx?SD=0874,https://gismobile.water.gov.taipei/WaterMap_drinkImg/0874.JPG
0875,0875,陽明,臺北市,公園步道,工程處,工務局大地工程處,天母古道(三角埔),臺北市士林區中山北路7段232巷口,士林,大地工程處道路步道科,27593001轉2312,0:00~24:00,步道口,121.533627,25.127703,正常,20211201T090000,20260202T141800,<1,https://gismobile.water.gov.taipei:8443/W/S.aspx?SD=0875,https://gismobile.water.gov.taipei/WaterMap_drinkImg/0875.JPG
0876,0876,陽明,臺北市,公園步道,公園處,工務局公園處,天和公園,臺北市士林區天母東路69巷旁,士林,工務局公園處陽明山管理所,28832130,0:00~24:00,涼亭旁,121.533846,25.120007,正常,20260414T000000,20260202T141000,<1,https://gismobile.water.gov.taipei:8443/W/S.aspx?SD=0876,https://gismobile.water.gov.taipei/WaterMap_drinkImg/0876.JPG
0877,0877,陽明,臺北市,公園步道,公園處,工務局公園處,至善公園,臺北市士林區至善路一段,士林,工務局公園處士林園藝所,28812512,0:00~24:00,至善路停車場旁,121.538669,25.098335,正常,20260414T000000,20260202T103100,<1,https://gismobile.water.gov.taipei:8443/W/S.aspx?SD=0877,https://gismobile.water.gov.taipei/WaterMap_drinkImg/0877.JPG
0878,0878,北區,臺北市,公園步道,區公所,臺北市士林區公所,社正公園,臺北市士林區中正路與中正路586巷,士林,臺北市士林區公所,28826200#6311,0:00~24:00,涼亭旁,121.510314,25.087948,正常,20260414T000000,20260202T152500,<1,https://gismobile.water.gov.taipei:8443/W/S.aspx?SD=0878,https://gismobile.water.gov.taipei/WaterMap_drinkImg/0878.JPG
0879,0879,陽明,臺北市,公園步道,區公所,臺北市士林區公所,磺溪公園,臺北市士林區德行西路93巷底,士林,臺北市士林區公所,28826200#6311,0:00~24:00,臺北市士林區德行西路93巷底,121.520936,25.105338,正常,20211201T090000,20260202T145100,<1,https://gismobile.water.gov.taipei:8443/W/S.aspx?SD=0879,https://gismobile.water.gov.taipei/WaterMap_drinkImg/0879.JPG
0880,0880,陽明,臺北市,公園步道,公園處,工務局公園處,雙溪公園,臺北市士林區福林路、至善路口東南側,士林,工務局公園處士林園藝所,28812512,0:00~24:00,步道旁,121.536600,25.098200,正常,20260414T000000,20260202T093000,<1,https://gismobile.water.gov.taipei:8443/W/S.aspx?SD=0880,https://gismobile.water.gov.taipei/WaterMap_drinkImg/0880.JPG
0881,0881,陽明,臺北市,公園步道,公園處,工務局公園處,蘭雅公園,臺北市北投區忠誠路二段24號旁.,北投,工務局公園處陽明山管理所,28832130,0:00~24:00,公園人行道旁,121.529832,25.109445,正常,20260414T000000,20260202T143800,<1,https://gismobile.water.gov.taipei:8443/W/S.aspx?SD=0881,https://gismobile.water.gov.taipei/WaterMap_drinkImg/0881.JPG
0882,0882,陽明,臺北市,公園步道,公園處,工務局公園處,芝山公園,臺北市士林區至誠路1段與雨聲街交叉口.,士林,工務局公園處陽明山管理所,28832130,0:00~24:00,公園,121.531293,25.104466,正常,20260414T000000,20260202T105800,<1,https://gismobile.water.gov.taipei:8443/W/S.aspx?SD=0882,https://gismobile.water.gov.taipei/WaterMap_drinkImg/0882.JPG
0882a,0882a,陽明,臺北市,公園步道,公園處,工務局公園處,芝山公園,臺北市士林區至誠路1段與雨聲街交叉口.,士林,工務局公園處陽明山管理所,28832130,0:00~24:00,公園,121.529627,25.102658,正常,20260414T000000,20260202T104700,<1,https://gismobile.water.gov.taipei:8443/W/S.aspx?SD=0882a,https://gismobile.water.gov.taipei/WaterMap_drinkImg/0882a.JPG
0882b,0882b,陽明,臺北市,公園步道,公園處,工務局公園處,芝山公園,臺北市士林區至誠路1段雨農路口,士林,工務局公園處陽明山管理所,28832130,0:00~24:00,電話亭東側,121.532885,25.101653,正常,20260414T000000,20260202T104200,<1,https://gismobile.water.gov.taipei:8443/W/S.aspx?SD=0882b,https://gismobile.water.gov.taipei/WaterMap_drinkImg/0882b.JPG
0883,0883,陽明,臺北市,公園步道,區公所,臺北市士林區公所,福中公園,臺北市北投區大南路235巷內,士林,臺北市士林區公所,28826200#6311,0:00~24:00,公園內步道旁,121.518770,25.087830,正常,20211201T090000,20260202T151500,<1,https://gismobile.water.gov.taipei:8443/W/S.aspx?SD=0883,https://gismobile.water.gov.taipei/WaterMap_drinkImg/0883.JPG
0884,0884,陽明,臺北市,公園步道,區公所,臺北市士林區公所,後港公園,臺北市士林區通河東街2段(監理站旁),士林,臺北市士林區公所,28826200#6311,0:00~24:00,公園,121.514432,25.093239,正常,20211201T090000,20260202T150700,<1,https://gismobile.water.gov.taipei:8443/W/S.aspx?SD=0884,https://gismobile.water.gov.taipei/WaterMap_drinkImg/0884.JPG
0885,0885,陽明,臺北市,公園步道,區公所,臺北市士林區公所,山仔后公園,臺北市士林區光華路3號對面,士林,臺北市士林區公所,28826200#6311,0:00~24:00,體健設施旁,121.545674,25.137142,正常,20260414T000000,20260205T112900,<1,https://gismobile.water.gov.taipei:8443/W/S.aspx?SD=0885,https://gismobile.water.gov.taipei/WaterMap_drinkImg/0885.JPG
0887,0887,陽明,臺北市,場館,臺北自來水事業處,臺北自來水事業處,天母棒球場,臺北市士林區忠誠路2段77號旁,士林區,北水處陽明分處,28882127,0:00~24:00,忠誠路側樓梯前,121.532560,25.113903,正常,20260414T000000,20260202T112200,<1,https://gismobile.water.gov.taipei:8443/W/S.aspx?SD=0887,https://gismobile.water.gov.taipei/WaterMap_drinkImg/0887.JPG
0888,0888,陽明,臺北市,公園步道,區公所,臺北市士林區公所,華聲公園,臺北市士林區華聲街20號對面,士林,臺北市士林區公所,28826200#6311,0:00~24:00,休憩座椅旁,121.522178,25.096148,正常,20260414T000000,20260302T140900,<1,https://gismobile.water.gov.taipei:8443/W/S.aspx?SD=0888,https://gismobile.water.gov.taipei/WaterMap_drinkImg/0888.JPG
0894,0894,北區,臺北市,公園步道,區公所,臺北市士林區公所,福順公園,臺北市士林區延平北路5段136巷19弄27號對面,士林,臺北市士林區公所,28826200#6311,0:00~24:00,後方(北側涼亭旁),121.511001,25.082521,正常,20211201T090000,20260302T145400,<1,https://gismobile.water.gov.taipei:8443/W/S.aspx?SD=0894,https://gismobile.water.gov.taipei/WaterMap_drinkImg/0894.JPG
0895,0895,北區,臺北市,公園步道,公園處,工務局公園處,福德綠地,臺北市士林區重慶北路四段1巷21弄1號對面,士林,工務局公園處園藝工程隊,23815132＃318,0:00~24:00,1號對面入口花圃旁,121.512008,25.079452,正常,20211201T090000,20260302T144700,<1,https://gismobile.water.gov.taipei:8443/W/S.aspx?SD=0895,https://gismobile.water.gov.taipei/WaterMap_drinkImg/0895.JPG
0896,0896,陽明,臺北市,公園步道,公園處,工務局公園處,志成公園,臺北市士林區中正路15號對面,士林,工務局公園處士林園藝所,28812512,0:00~24:00,兒童遊戲區旁,121.529505,25.096402,正常,20260414T000000,20260304T094800,<1,https://gismobile.water.gov.taipei:8443/W/S.aspx?SD=0896,https://gismobile.water.gov.taipei/WaterMap_drinkImg/0896.JPG
0897,0897,陽明,臺北市,公園步道,區公所,臺北市士林區公所,仰德1號公園,臺北市士林區仰德大道一段6巷5號斜對面,士林,臺北市士林區公所,28826200#6311,0:00~24:00,休憩石座椅旁,121.538026,25.099881,正常,20260414T000000,20260304T101100,<1,https://gismobile.water.gov.taipei:8443/W/S.aspx?SD=0897,https://gismobile.water.gov.taipei/WaterMap_drinkImg/0897.JPG
0898,0898,陽明,臺北市,公園步道,公園處,工務局公園處,華齡公園,臺北市士林區劍潭路80號前,士林,工務局公園處園藝工程隊,23815132＃318,0:00~24:00,入口左側,121.520573,25.082903,正常,20211201T090000,20260302T143100,<1,https://gismobile.water.gov.taipei:8443/W/S.aspx?SD=0898,https://gismobile.water.gov.taipei/WaterMap_drinkImg/0898.JPG
0899,0899,陽明,臺北市,公園步道,區公所,臺北市士林區公所,承德公園,臺北市士林區士商路與大南路口,士林,臺北市士林區公所,28826200#6311,0:00~24:00,涼亭旁,121.521631,25.089843,正常,20220119T100000,20260302T141600,<1,https://gismobile.water.gov.taipei:8443/W/S.aspx?SD=0899,https://gismobile.water.gov.taipei/WaterMap_drinkImg/0899.JPG
0926b,0926b,東區,臺北市,公園步道,公園處,工務局公園處,新生公園,臺北市中山區新生北路三段105號,中山,工務局公園處圓山管理所,2585-0192 轉232,0:00~24:00,公園內,121.532430,25.068788,正常,20260414T000000,20260107T135100,<1,https://gismobile.water.gov.taipei:8443/W/S.aspx?SD=0926b,https://gismobile.water.gov.taipei/WaterMap_drinkImg/0926b.JPG
0943,0943,東區,臺北市,捷運站,文湖線,臺北大眾捷運股份有限公司,大直站,臺北市中山區北安路534之1號,中山,臺北大眾捷運股份有限公司(棕線),25363001#8653,06:00~23:00,2號出口,121.546831,25.079548,正常,20260414T000000,20260108T141000,<1,https://gismobile.water.gov.taipei:8443/W/S.aspx?SD=0943,https://gismobile.water.gov.taipei/WaterMap_drinkImg/0943.JPG
0946a,0946a,東區,臺北市,捷運站,中和新蘆線,臺北大眾捷運股份有限公司,松江南京站,臺北市中山區松江路126號,中山,臺北大眾捷運股份有限公司(藍橘線),25363001#8653,06:00~23:00,2號出口,121.532918,25.051352,正常,20211201T090000,20260108T112500,<1,https://gismobile.water.gov.taipei:8443/W/S.aspx?SD=0946a,https://gismobile.water.gov.taipei/WaterMap_drinkImg/0946a.JPG
0946b,0946b,東區,臺北市,捷運站,中和新蘆線,臺北大眾捷運股份有限公司,松江南京站,臺北市中山區松江路126號,中山,臺北大眾捷運股份有限公司(藍橘線),25363001#8653,06:00~23:00,2號出口,121.532918,25.051352,正常,20211201T090000,20260108T113500,<1,https://gismobile.water.gov.taipei:8443/W/S.aspx?SD=0946b,https://gismobile.water.gov.taipei/WaterMap_drinkImg/0946b.JPG
0947a,0947a,東區,臺北市,捷運站,中和新蘆線,臺北大眾捷運股份有限公司,行天宮站,臺北市中山區松江路316號,中山,臺北大眾捷運股份有限公司(藍橘線),25363001#8653,06:00~23:00,3號出口,121.533192,25.059975,正常,20211201T090000,20260107T110000,<1,https://gismobile.water.gov.taipei:8443/W/S.aspx?SD=0947a,https://gismobile.water.gov.taipei/WaterMap_drinkImg/0947a.JPG
0947b,0947b,東區,臺北市,捷運站,中和新蘆線,臺北大眾捷運股份有限公司,行天宮站,臺北市中山區松江路316號,中山,臺北大眾捷運股份有限公司(藍橘線),25363001#8653,06:00~23:00,3號出口,121.533192,25.059975,正常,20211201T090000,20260107T110500,<1,https://gismobile.water.gov.taipei:8443/W/S.aspx?SD=0947b,https://gismobile.water.gov.taipei/WaterMap_drinkImg/0947b.JPG
0948a,0948a,東區,臺北市,捷運站,中和新蘆線,臺北大眾捷運股份有限公司,中山國小站,臺北市中山區民權東路1段71號,中山,臺北大眾捷運股份有限公司(藍橘線),25363001#8653,06:00~23:00,4號出口,121.526682,25.062701,正常,20211201T090000,20260107T103500,<1,https://gismobile.water.gov.taipei:8443/W/S.aspx?SD=0948a,https://gismobile.water.gov.taipei/WaterMap_drinkImg/0948a.JPG
0948b,0948b,東區,臺北市,捷運站,中和新蘆線,臺北大眾捷運股份有限公司,中山國小站,臺北市中山區民權東路1段71號,中山,臺北大眾捷運股份有限公司(藍橘線),25363001#8653,06:00~23:00,4號出口,121.526682,25.062701,正常,20211201T090000,20260107T104000,<1,https://gismobile.water.gov.taipei:8443/W/S.aspx?SD=0948b,https://gismobile.water.gov.taipei/WaterMap_drinkImg/0948b.JPG
0961g,0961g,東區,臺北市,公園步道,公園處,工務局公園處,新生公園,臺北市中山區新生北路三段105號,中山,工務局公園處圓山管理所,2585-0192 轉232,0:00~24:00,公園管理處對面,121.529620,25.070260,正常,20260414T000000,20260107T134300,<1,https://gismobile.water.gov.taipei:8443/W/S.aspx?SD=0961g,https://gismobile.water.gov.taipei/WaterMap_drinkImg/0961g.JPG
0966a,0966a,東區,臺北市,公園步道,水利處,工務局水利工程處東區左岸管理站,大佳河濱公園,臺北市中山區大佳河濱公園,中山,工務局水利工程處東區左岸管理站,27208889#2691,0:00~24:00,,121.530230,25.074870,正常,20260414T000000,20260113T110200,<1,https://gismobile.water.gov.taipei:8443/W/S.aspx?SD=0966a,https://gismobile.water.gov.taipei/WaterMap_drinkImg/0966a.JPG
0966b,0966b,東區,臺北市,公園步道,水利處,工務局水利工程處東區左岸管理站,大佳河濱公園,臺北市中山區大佳河濱公園,中山,工務局水利工程處東區左岸管理站,27208889#2691,0:00~24:00,,121.532143,25.074392,正常,20231129T100000,20260113T105100,<1,https://gismobile.water.gov.taipei:8443/W/S.aspx?SD=0966b,https://gismobile.water.gov.taipei/WaterMap_drinkImg/0966b.JPG
0966d,0966d,東區,臺北市,公園步道,水利處,工務局水利工程處東區左岸管理站,大佳河濱公園,臺北市中山區大佳河濱公園,中山,工務局水利工程處東區左岸管理站,27208889#2691,0:00~24:00,,121.535579,25.074618,正常,20260414T000000,20260113T104500,<1,https://gismobile.water.gov.taipei:8443/W/S.aspx?SD=0966d,https://gismobile.water.gov.taipei/WaterMap_drinkImg/0966d.JPG
0966e,0966e,東區,臺北市,公園步道,水利處,工務局水利工程處東區左岸管理站,大佳河濱公園,臺北市中山區大佳河濱公園,中山,工務局水利工程處東區左岸管理站,27208889#2691,0:00~24:00,,121.536950,25.075560,正常,20260414T000000,20260113T103900,<1,https://gismobile.water.gov.taipei:8443/W/S.aspx?SD=0966e,https://gismobile.water.gov.taipei/WaterMap_drinkImg/0966e.JPG
0966f,0966f,東區,臺北市,公園步道,水利處,工務局水利工程處東區左岸管理站,大佳河濱公園,臺北市中山區大佳河濱公園,中山,工務局水利工程處東區左岸管理站,27208889#2691,0:00~24:00,,121.537790,25.074110,正常,20231129T100000,20260113T103400,<1,https://gismobile.water.gov.taipei:8443/W/S.aspx?SD=0966f,https://gismobile.water.gov.taipei/WaterMap_drinkImg/0966f.JPG
0966g,0966g,東區,臺北市,公園步道,水利處,工務局水利工程處東區左岸管理站,大佳河濱公園,臺北市中山區大佳河濱公園,中山,工務局水利工程處東區左岸管理站,27208889#2691,0:00~24:00,,121.538640,25.073700,正常,20260414T000000,20260113T103000,<1,https://gismobile.water.gov.taipei:8443/W/S.aspx?SD=0966g,https://gismobile.water.gov.taipei/WaterMap_drinkImg/0966g.JPG
0966h,0966h,東區,臺北市,公園步道,水利處,工務局水利工程處東區左岸管理站,大佳河濱公園,臺北市中山區大佳河濱公園,中山,工務局水利工程處東區左岸管理站,27208889#2691,0:00~24:00,,121.539313,25.074648,正常,20260414T000000,20260113T101800,<1,https://gismobile.water.gov.taipei:8443/W/S.aspx?SD=0966h,https://gismobile.water.gov.taipei/WaterMap_drinkImg/0966h.JPG
0966i,0966i,東區,臺北市,公園步道,水利處,工務局水利工程處東區左岸管理站,大佳河濱公園,臺北市中山區濱江街107號大佳國小後方,中山,工務局水利工程處東區左岸管理站,27208889#2691,0:00~24:00,兒童遊戲場入口旁,121.535284,25.074576,正常,20260414T000000,20260107T144200,<1,https://gismobile.water.gov.taipei:8443/W/S.aspx?SD=0966i,https://gismobile.water.gov.taipei/WaterMap_drinkImg/0966i.JPG
0966j,0966j,東區,臺北市,公園步道,水利處,工務局水利工程處東區左岸管理站,大佳河濱公園,臺北市中山區大佳河濱公園(網球場旁),中山,工務局水利工程處東區左岸管理站,27208889#2691,0:00~24:00,大佳河濱公園網球場旁,121.531644,25.074556,正常,20231129T100000,20260113T105500,<1,https://gismobile.water.gov.taipei:8443/W/S.aspx?SD=0966j,https://gismobile.water.gov.taipei/WaterMap_drinkImg/0966j.JPG
0969a,0969a,東區,臺北市,捷運站,松山新店線,臺北大眾捷運股份有限公司,松江南京站,臺北市中山區松江路126號,中山,臺北大眾捷運股份有限公司(紅綠線),25363001#8653,06:00~23:00,4、5、6、7號出口中間,121.533256,25.052130,正常,20211201T090000,20260204T110800,<1,https://gismobile.water.gov.taipei:8443/W/S.aspx?SD=0969a,https://gismobile.water.gov.taipei/WaterMap_drinkImg/0969a.JPG
0969b,0969b,東區,臺北市,捷運站,松山新店線,臺北大眾捷運股份有限公司,松江南京站,臺北市中山區松江路126號,中山,臺北大眾捷運股份有限公司(紅綠線),25363001#8653,06:00~23:00,4、5、6、7號出口中間,121.533256,25.052130,正常,20211201T090000,20260204T111700,<1,https://gismobile.water.gov.taipei:8443/W/S.aspx?SD=0969b,https://gismobile.water.gov.taipei/WaterMap_drinkImg/0969b.JPG
0971,0971,北區,臺北市,場館,臺北當代藝術館,臺北自來水事業處,臺北當代藝術館,臺北市大同區長安西路39號,大同,北區營業分處,21004108,0:00~24:00,入口,121.518721,25.050625,正常,20260414T000000,20260121T100500,<1,https://gismobile.water.gov.taipei:8443/W/S.aspx?SD=0971,https://gismobile.water.gov.taipei/WaterMap_drinkImg/0971.JPG
0972a,0972a,東區,臺北市,公園步道,公園處,工務局公園處,榮星花園,臺北市中山區民權東路三段1號(民權東路建國北路),中山,工務局公園處圓山管理所,2585-0192 轉232,0:00~24:00,遊戲場旁,121.538410,25.063960,正常,20260414T000000,20260122T093700,<1,https://gismobile.water.gov.taipei:8443/W/S.aspx?SD=0972a,https://gismobile.water.gov.taipei/WaterMap_drinkImg/0972a.JPG
0972b,0972b,東區,臺北市,公園步道,公園處,工務局公園處,榮星花園,臺北市中山區民權東路三段1號(民權東路建國北路),中山,工務局公園處圓山管理所,2585-0192 轉232,0:00~24:00,籃球場旁,121.539165,25.063579,正常,20260414T000000,20260122T093200,<1,https://gismobile.water.gov.taipei:8443/W/S.aspx?SD=0972b,https://gismobile.water.gov.taipei/WaterMap_drinkImg/0972b.JPG
0972c,0972c,東區,臺北市,公園步道,公園處,工務局公園處,榮星花園,臺北市中山區民權東路三段1號(民權東路建國北路),中山,工務局公園處圓山管理所,2585-0192 轉232,0:00~24:00,榮星公園西南隅,121.537306,25.062778,正常,20211201T090000,20260122T092600,<1,https://gismobile.water.gov.taipei:8443/W/S.aspx?SD=0972c,https://gismobile.water.gov.taipei/WaterMap_drinkImg/0972c.JPG
0973a,0973a,東區,臺北市,公園步道,公園處,工務局公園處,林森公園,臺北市中山區新生北路2段28巷5號,中山,工務局公園處圓山管理所,2585-0192 轉232,0:00~24:00,步道,121.526490,25.053790,正常,20260414T000000,20260122T101800,<1,https://gismobile.water.gov.taipei:8443/W/S.aspx?SD=0973a,https://gismobile.water.gov.taipei/WaterMap_drinkImg/0973a.JPG
0973b,0973b,東區,臺北市,公園步道,公園處,工務局公園處,林森公園,臺北市中山區南京東路1段88號(林森公園),中山,工務局公園處圓山管理所,2585-0192 轉232,0:00~24:00,共融式遊戲區,121.526418,25.052996,正常,20260414T000000,20260122T101000,<1,https://gismobile.water.gov.taipei:8443/W/S.aspx?SD=0973b,https://gismobile.water.gov.taipei/WaterMap_drinkImg/0973b.JPG
0973c,0973c,東區,臺北市,公園步道,公園處,工務局公園處,林森公園,臺北市中山區南京東路1段與新生北路2段口,中山,工務局公園處圓山管理所,2585-0192 轉232,0:00~24:00,籃球場旁,121.526704,25.052634,正常,20260414T000000,20260122T100200,<1,https://gismobile.water.gov.taipei:8443/W/S.aspx?SD=0973c,https://gismobile.water.gov.taipei/WaterMap_drinkImg/0973c.JPG
0974,0974,東區,臺北市,場館,體育局,臺北自來水事業處,新生高架籃球場,臺北市中正區金山北路與八德路一段口附近,中正,北水處東區分處,87703360,0:00~24:00,籃球場旁,121.530377,25.044894,正常,20260414T000000,20260122T111100,<1,https://gismobile.water.gov.taipei:8443/W/S.aspx?SD=0974,https://gismobile.water.gov.taipei/WaterMap_drinkImg/0974.JPG
0975,0975,北區,臺北市,商圈夜市,中山市場,臺北自來水事業處,中山市場,臺北市中山區長安西路3號,中山,北區營業分處,21004108,0:00~24:00,大門,121.521010,25.050070,正常,20211201T090000,20260121T093800,<1,https://gismobile.water.gov.taipei:8443/W/S.aspx?SD=0975,https://gismobile.water.gov.taipei/WaterMap_drinkImg/0975.JPG
0976,0976,北區,臺北市,公園步道,公園處,臺北自來水事業處,花博公園,臺北市中山區中山北路三段,中山,北水處北區營業分處,21004121,0:00~24:00,爭艷館前,121.521470,25.070670,正常,20211201T090000,20260107T140900,<1,https://gismobile.water.gov.taipei:8443/W/S.aspx?SD=0976,https://gismobile.water.gov.taipei/WaterMap_drinkImg/0976.JPG
0976a,0976a,北區,臺北市,公園步道,公園處,臺北自來水事業處,花博公園,臺北市中山區中山北路三段,中山,北水處北區營業分處,21004121,0:00~24:00,花牆前,121.520500,25.070350,正常,20211201T090000,20260107T140200,<1,https://gismobile.water.gov.taipei:8443/W/S.aspx?SD=0976a,https://gismobile.water.gov.taipei/WaterMap_drinkImg/0976a.JPG
0976b,0976b,北區,臺北市,公園步道,公園處,臺北自來水事業處,花博公園,臺北市中山區中山北路三段,中山,北水處北區營業分處,21004121,0:00~24:00,MAJI前廣場,121.522030,25.070690,正常,20211201T090000,20260107T141400,<1,https://gismobile.water.gov.taipei:8443/W/S.aspx?SD=0976b,https://gismobile.water.gov.taipei/WaterMap_drinkImg/0976b.JPG
0977a,0977a,東區,臺北市,公園步道,公園處,工務局公園處,華山公園(林森北路以西),臺北市中山區市民大道2段與天津街西北側,中山,工務局公園處圓山管理所,2585-0192 轉232,0:00~24:00,籃球場旁,121.521890,25.048330,正常,20260414T000000,20260209T150300,<1,https://gismobile.water.gov.taipei:8443/W/S.aspx?SD=0977a,https://gismobile.water.gov.taipei/WaterMap_drinkImg/0977a.JPG
0977b,0977b,東區,臺北市,公園步道,公園處,工務局公園處,華山公園(林森北路以東),臺北市中山區林森北路與市民大道2段口東北側,中山,工務局公園處圓山管理所,2585-0192 轉232,0:00~24:00,籃球場旁,121.524720,25.048090,正常,20211201T090000,20260209T145800,<1,https://gismobile.water.gov.taipei:8443/W/S.aspx?SD=0977b,https://gismobile.water.gov.taipei/WaterMap_drinkImg/0977b.JPG
0979,0979,東區,臺北市,公園步道,公園處,工務局公園處,八二三砲戰紀念公園,臺北市中山區北安路口圓山飯店下方,中山,工務局公園處圓山管理所,2585-0192 轉232,00:00~24:00,砲台旁,121.527272,25.076828,正常,20211201T090000,20260121T113700,<1,https://gismobile.water.gov.taipei:8443/W/S.aspx?SD=0979,https://gismobile.water.gov.taipei/WaterMap_drinkImg/0979.JPG
0980,0980,東區,臺北市,公園步道,區公所,臺北市中山區公所,下埤公園,臺北市中山區民族東路512巷26號對面,中山,臺北市中山區公所,25031369#538,0:00~24:00,台北市中山區民族東路512巷26號對面,121.542140,25.066890,正常,20211201T090000,20260209T140200,<1,https://gismobile.water.gov.taipei:8443/W/S.aspx?SD=0980,https://gismobile.water.gov.taipei/WaterMap_drinkImg/0980.JPG
0981,0981,東區,臺北市,公園步道,區公所,臺北市中山區公所,江寧公園,臺北市中山區合江街137號對面,中山,臺北市中山區公所,25031369#538,0:00~24:00,步道,121.539430,25.061360,正常,20211201T090000,20260209T135700,<1,https://gismobile.water.gov.taipei:8443/W/S.aspx?SD=0981,https://gismobile.water.gov.taipei/WaterMap_drinkImg/0981.JPG
0982,0982,東區,臺北市,公園步道,區公所,臺北市中山區公所,永直公園,臺北市中山區北安路588巷23弄5號對面,中山,臺北市中山區公所,25031369#538,0:00~24:00,花圃內,121.550789,25.081331,正常,20211201T090000,20260212T093600,<1,https://gismobile.water.gov.taipei:8443/W/S.aspx?SD=0982,https://gismobile.water.gov.taipei/WaterMap_drinkImg/0982.JPG
0983,0983,東區,臺北市,公園步道,區公所,臺北市中山區公所,培英公園,臺北市中山區大直街52巷26號旁,中山,臺北市中山區公所,25031369#538,0:00~24:00,步道,121.545180,25.082370,正常,20260414T000000,20260212T091700,<1,https://gismobile.water.gov.taipei:8443/W/S.aspx?SD=0983,https://gismobile.water.gov.taipei/WaterMap_drinkImg/0983.JPG
0984,0984,東區,臺北市,公園步道,區公所,臺北市中山區公所,四平公園,臺北市中山區伊通街97-2號對面,中山,臺北市中山區公所,25031369#538,0:00~24:00,花圃內,121.534636,25.053126,正常,20211201T090000,20260209T143800,<1,https://gismobile.water.gov.taipei:8443/W/S.aspx?SD=0984,https://gismobile.water.gov.taipei/WaterMap_drinkImg/0984.JPG
0985,0985,東區,臺北市,公園步道,區公所,臺北市中山區公所,中吉公園,臺北市中山區松江路184巷27號,中山,臺北市中山區公所,25031369#538,0:00~24:00,花圃內,121.531870,25.056380,正常,20211201T090000,20260204T095200,<1,https://gismobile.water.gov.taipei:8443/W/S.aspx?SD=0985,https://gismobile.water.gov.taipei/WaterMap_drinkImg/0985.JPG
0986,0986,東區,臺北市,公園步道,區公所,臺北市中山區公所,一江公園,臺北市中山區吉林路51巷20號對面,中山,臺北市中山區公所,25031369#538,0:00~24:00,花圃內,121.531308,25.053317,正常,20211201T090000,20260209T143100,<1,https://gismobile.water.gov.taipei:8443/W/S.aspx?SD=0986,https://gismobile.water.gov.taipei/WaterMap_drinkImg/0986.JPG
0987a,0987a,東區,臺北市,公園步道,區公所,臺北市中山區公所,松錦2號公園,臺北市中山區民生東路2段127巷23號,中山,臺北市中山區公所,25031369#538,0:00~24:00,花圃內,121.532450,25.060220,正常,20260414T000000,20260209T142400,<1,https://gismobile.water.gov.taipei:8443/W/S.aspx?SD=0987a,https://gismobile.water.gov.taipei/WaterMap_drinkImg/0987a.JPG
0989,0989,北區,臺北市,公園步道,區公所,臺北市中山區公所,德惠公園,臺北市中山區吉林路461巷內,中山,臺北市中山區公所,25031369#538,0:00~24:00,公園南側入口處,121.531511,25.067409,正常,20211201T090000,20260209T141300,<1,https://gismobile.water.gov.taipei:8443/W/S.aspx?SD=0989,https://gismobile.water.gov.taipei/WaterMap_drinkImg/0989.JPG
0990,0990,北區,臺北市,場館,蒲公英希望基地,蒲公英希望基金會,蒲公英希望基地,台北市中山區中山北路1段112巷5號旁,中山區,北水處北區分處,21004100,0:00~24:00,人行道出入口,121.521100,25.050600,正常,20260414T000000,20260121T094400,<1,https://gismobile.water.gov.taipei:8443/W/S.aspx?SD=0990,https://gismobile.water.gov.taipei/WaterMap_drinkImg/0990.JPG
0991,0991,東區,臺北市,公園步道,區公所,臺北市中山區公所,朱昌公園,臺北市中山區合江街27號對面,中山,臺北市中山區公所,25031369#538,0:00~24:00,入口人行道旁,121.539066,25.055330,正常,20211201T090000,20260319T100500,<1,https://gismobile.water.gov.taipei:8443/W/S.aspx?SD=0991,https://gismobile.water.gov.taipei/WaterMap_drinkImg/0991.JPG
0992,0992,東區,臺北市,公園步道,區公所,臺北市中山區公所,興安公園,臺北市中山區興安街53-5號對面,中山,臺北市中山區公所,25031369#538,0:00~24:00,入口步道旁,121.541809,25.056045,正常,20211201T090000,20260319T095900,<1,https://gismobile.water.gov.taipei:8443/W/S.aspx?SD=0992,https://gismobile.water.gov.taipei/WaterMap_drinkImg/0992.JPG
0995,0995,北區,臺北市,公園步道,公園處,工務局公園處,康樂公園,臺北市中山區中山北路二段27巷17號對面,中山,工務局公園處圓山管理所,2585-0192 轉232,0:00~24:00,入口休憩座椅旁,121.524648,25.053541,正常,20260414T000000,20260319T104500,<1,https://gismobile.water.gov.taipei:8443/W/S.aspx?SD=0995,https://gismobile.water.gov.taipei/WaterMap_drinkImg/0995.JPG
0996,0996,北區,臺北市,公園步道,公園處,工務局公園處,上塔悠公園,臺北市中山區樂群二路116巷61弄8號旁,中山,工務局公園處圓山管理所,2585-0192 轉232,0:00~24:00,公園入口旁/自行車道旁,121.555380,25.077550,正常,20260414T000000,20260317T151500,<1,https://gismobile.water.gov.taipei:8443/W/S.aspx?SD=0996,https://gismobile.water.gov.taipei/WaterMap_drinkImg/0996.JPG
0997,0997,北區,臺北市,公園步道,公園處,工務局公園處,下塔悠公園,臺北市中山區樂群二路266巷112號旁,中山,工務局公園處圓山管理所,2585-0192 轉232,0:00~24:00,公園入口旁/自行車道旁,121.561813,25.076592,正常,20260414T000000,20260312T095900,<1,https://gismobile.water.gov.taipei:8443/W/S.aspx?SD=0997,https://gismobile.water.gov.taipei/WaterMap_drinkImg/0997.JPG
0998,0998,東區,臺北市,公園步道,公園處,工務局公園處,金泰公園,臺北市中山區堤頂大道二段246巷3-9號旁,中山,工務局公園處圓山管理所,2585-0192 轉232,0:00~24:00,入口步道旁,121.566344,25.076997,正常,20260414T000000,20260312T102200,<1,https://gismobile.water.gov.taipei:8443/W/S.aspx?SD=0998,https://gismobile.water.gov.taipei/WaterMap_drinkImg/0998.JPG
0999,0999,北區,臺北市,公園步道,區公所,臺北市中山區公所,撫順公園,臺北市中山區中山北路3段22號前,中山,臺北市中山區公所,25031369#538,0:00~24:00,廣場旁,121.522065,25.064571,正常,20211201T090000,20260319T105200,<1,https://gismobile.water.gov.taipei:8443/W/S.aspx?SD=0999,https://gismobile.water.gov.taipei/WaterMap_drinkImg/0999.JPG
1026,1026,南區,臺北市,公園步道,公園處,工務局公園處,景華公園,臺北市文山區景華街42號對面,文山,工務局公園處南港管理所,02-27833685,0:00~24:00,3號入口處,121.543100,24.995231,正常,20211201T090000,20260105T134600,<1,https://gismobile.water.gov.taipei:8443/W/S.aspx?SD=1026,https://gismobile.water.gov.taipei/WaterMap_drinkImg/1026.JPG
1026a,1026a,南區,臺北市,公園步道,公園處,工務局公園處,景華公園,臺北市文山區景華街58號對面,文山,工務局公園處南港管理所,02-27833685,0:00~24:00,地下停車場電梯出口旁,121.544257,24.995234,正常,20221206T000000,20260105T134000,<1,https://gismobile.water.gov.taipei:8443/W/S.aspx?SD=1026a,https://gismobile.water.gov.taipei/WaterMap_drinkImg/1026a.JPG
1027,1027,南區,臺北市,公園步道,公園處,工務局公園處,興隆公園,臺北市文山區興隆路2段220巷,文山,工務局公園處南港管理所,02-27833685,0:00~24:00,瓦斯行側面,121.551274,25.000656,正常,20211201T090000,20260105T135300,<1,https://gismobile.water.gov.taipei:8443/W/S.aspx?SD=1027,https://gismobile.water.gov.taipei/WaterMap_drinkImg/1027.JPG
1062,1062,南區,臺北市,捷運站,貓纜線,臺北大眾捷運股份有限公司,貓空纜車動物園站,臺北市文山區新光路2段8號,文山,臺北大眾捷運股份有限公司(棕線),25363001#8653,06:00~23:00,2號出口,121.576164,24.996052,正常,20260414T000000,20260106T092500,<1,https://gismobile.water.gov.taipei:8443/W/S.aspx?SD=1062,https://gismobile.water.gov.taipei/WaterMap_drinkImg/1062.JPG
1062a,1062a,南區,臺北市,捷運站,貓纜線,臺北大眾捷運股份有限公司,貓空纜車動物園站,臺北市文山區新光路2段32號,文山,臺北大眾捷運股份有限公司(棕線),25363001#8653,06:00~23:00,入口處,121.576164,24.996052,正常,20260414T000000,20260106T093000,<1,https://gismobile.water.gov.taipei:8443/W/S.aspx?SD=1062a,https://gismobile.water.gov.taipei/WaterMap_drinkImg/1062a.JPG
1068,1068,南區,臺北市,公園步道,公園處,工務局公園處,景美運動公園,臺北市文山區景豐街79號,文山,工務局公園處南港管理所,02-27833685,0:00~24:00,圓環休息區旁,121.544136,25.002735,正常,20260414T000000,20260105T114300,<1,https://gismobile.water.gov.taipei:8443/W/S.aspx?SD=1068,https://gismobile.water.gov.taipei/WaterMap_drinkImg/1068.JPG
1068a,1068a,南區,臺北市,公園步道,公園處,工務局公園處,景美運動公園,臺北市文山區景豐街80號,文山,工務局公園處南港管理所,02-27833685,0:00~24:00,入口處,121.544468,25.002153,正常,20260414T000000,20260105T113600,<1,https://gismobile.water.gov.taipei:8443/W/S.aspx?SD=1068a,https://gismobile.water.gov.taipei/WaterMap_drinkImg/1068a.JPG
1069,1069,南區,臺北市,公園步道,公園處,工務局公園處,萬芳7號公園,臺北市文山區萬美街1段36號旁,文山,工務局公園處南港管理所,02-27833685,0:00~24:00,萬美街1段17號對面,121.569879,25.002434,正常,20211201T090000,20260105T143500,<1,https://gismobile.water.gov.taipei:8443/W/S.aspx?SD=1069,https://gismobile.water.gov.taipei/WaterMap_drinkImg/1069.JPG
1070,1070,南區,臺北市,場館,市立動物園,臺北市立動物園,臺北市立動物園,臺北市文山區新光路二段30號,文山,臺北市立動物園機電室,29382300轉830,0:00~24:00,入口,121.580700,24.998590,正常,20260414T000000,20260105T142300,<1,https://gismobile.water.gov.taipei:8443/W/S.aspx?SD=1070,https://gismobile.water.gov.taipei/WaterMap_drinkImg/1070.JPG
1071,1071,南區,臺北市,公園步道,區公所,臺北市文山區公所,景行公園,臺北市文山區景後街83號對面,文山,臺北市文山區公所,2936-5222#381,0:00~24:00,涼亭前,121.542717,24.992556,正常,20260414T000000,20260127T102000,<1,https://gismobile.water.gov.taipei:8443/W/S.aspx?SD=1071,https://gismobile.water.gov.taipei/WaterMap_drinkImg/1071.JPG
1072a,1072a,南區,臺北市,場館,市立動物園,臺北市立動物園,臺北市立動物園旁保育公園,臺北市文山區新光路二段30號,文山,臺北市立動物園機電室,29382300轉830,0:00~24:00,人行道入園轉角,121.576583,24.996400,正常,20260414T000000,20260105T141900,<1,https://gismobile.water.gov.taipei:8443/W/S.aspx?SD=1072a,https://gismobile.water.gov.taipei/WaterMap_drinkImg/1072a.JPG
1072b,1072b,南區,臺北市,場館,市立動物園,臺北市立動物園,臺北市立動物園旁保育公園,臺北市文山區新光路二段30號,文山,臺北市立動物園機電室,29382300轉830,0:00~24:00,人行道入園轉角,121.578113,24.997304,暫停,20260414T000000,20250415T150400,<1,https://gismobile.water.gov.taipei:8443/W/S.aspx?SD=1072b,https://gismobile.water.gov.taipei/WaterMap_drinkImg/1072b.JPG
1073a,1073a,南區,臺北市,公園步道,公園處,工務局公園處,木柵公園,臺北市文山區興隆路4段50號,文山,工務局公園處南港管理所,02-27833685,0:00~24:00,入口處,121.560602,24.986691,正常,20231110T100000,20260105T140900,<1,https://gismobile.water.gov.taipei:8443/W/S.aspx?SD=1073a,https://gismobile.water.gov.taipei/WaterMap_drinkImg/1073a.JPG
1073b,1073b,南區,臺北市,公園步道,公園處,工務局公園處,木柵公園,臺北市文山區興隆路4段50號,文山,工務局公園處南港管理所,02-27833685,0:00~24:00,生態池入口,121.559884,24.986606,正常,20260414T000000,20260105T140500,<1,https://gismobile.water.gov.taipei:8443/W/S.aspx?SD=1073b,https://gismobile.water.gov.taipei/WaterMap_drinkImg/1073b.JPG
1074,1074,南區,臺北市,公園步道,公園處,工務局公園處,萬芳4號公園,臺北市文山區萬和街萬芳國小正對面,文山,工務局公園處南港管理所,02-27833685,0:00~24:00,遊戲場旁,121.568338,25.001053,正常,20211201T090000,20260105T144000,<1,https://gismobile.water.gov.taipei:8443/W/S.aspx?SD=1074,https://gismobile.water.gov.taipei/WaterMap_drinkImg/1074.JPG
1075,1075,南區,臺北市,公園步道,工程處,工務局公園處,仙跡岩風景區牌樓入口,臺北市文山區景興路239號旁,文山,工務局公園處南港管理所,02-27833685,0:00~24:00,出入口旁,121.543543,24.991014,正常,20260414T000000,20260210T152200,<1,https://gismobile.water.gov.taipei:8443/W/S.aspx?SD=1075,https://gismobile.water.gov.taipei/WaterMap_drinkImg/1075.JPG
1076,1076,南區,臺北市,公園步道,區公所,臺北市文山區公所,萬芳6號公園,臺北市文山區萬芳路與萬和街交口(萬芳國小對面),文山,臺北市文山區公所,2936-5222#381,0:00~24:00,入口處旁,121.569160,24.999474,正常,20211201T090000,20260210T162100,<1,https://gismobile.water.gov.taipei:8443/W/S.aspx?SD=1076,https://gismobile.water.gov.taipei/WaterMap_drinkImg/1076.JPG
1077,1077,南區,臺北市,商圈夜市,公園處,工務局公園處,興德商圈,臺北市文山區辛亥路4段162號對面,文山區,工務局公園處南港管理所,02-27833685,0:00~24:00,公園內步道旁,121.556691,25.002867,正常,20260414T000000,20260210T114600,<1,https://gismobile.water.gov.taipei:8443/W/S.aspx?SD=1077,https://gismobile.water.gov.taipei/WaterMap_drinkImg/1077.JPG
1078,1078,南區,臺北市,公園步道,公園處,工務局公園處,景興公園,臺北市文山區景華街128巷3弄口,文山,工務局公園處南港管理所,02-27833685,00:00~24:00,步道旁,121.548002,24.995994,正常,20260414T000000,20260210T151300,<1,https://gismobile.water.gov.taipei:8443/W/S.aspx?SD=1078,https://gismobile.water.gov.taipei/WaterMap_drinkImg/1078.JPG
1079,1079,南區,臺北市,公園步道,區公所,臺北市文山區公所,萬盛公園,臺北市文山區萬盛街130巷18-1號對面,文山,臺北市文山區公所,2936-5222#381,00:00~24:00,遊戲區旁,121.541200,25.004943,正常,20211201T090000,20260210T143600,<1,https://gismobile.water.gov.taipei:8443/W/S.aspx?SD=1079,https://gismobile.water.gov.taipei/WaterMap_drinkImg/1079.JPG
1080,1080,南區,臺北市,公園步道,區公所,臺北市文山區公所,萬和1號公園,臺北市文山區萬隆街49號對面,文山,臺北市文山區公所,2936-5222#381,0:00~24:00,入口處旁,121.536357,25.000850,正常,20260414T000000,20260210T134900,<1,https://gismobile.water.gov.taipei:8443/W/S.aspx?SD=1080,https://gismobile.water.gov.taipei/WaterMap_drinkImg/1080.JPG
1081,1081,南區,臺北市,公園步道,區公所,臺北市文山區公所,萬和2號公園,臺北市文山區汀州路4段255號對面,文山,臺北市文山區公所,2936-5222#381,0:00~24:00,遊戲區旁,121.536469,25.001516,正常,20260414T000000,20260210T135700,<1,https://gismobile.water.gov.taipei:8443/W/S.aspx?SD=1081,https://gismobile.water.gov.taipei/WaterMap_drinkImg/1081.JPG
1082,1082,南區,臺北市,公園步道,區公所,臺北市文山區公所,萬和3號公園,臺北市文山區羅斯福路5段218巷38弄12號對面,文山,臺北市文山區公所,2936-5222#381,00:00~24:00,籃球場旁,121.536669,25.003027,正常,20211201T090000,20260210T140400,<1,https://gismobile.water.gov.taipei:8443/W/S.aspx?SD=1082,https://gismobile.water.gov.taipei/WaterMap_drinkImg/1082.JPG
1083,1083,南區,臺北市,公園步道,區公所,臺北市文山區公所,萬年1號公園,臺北市文山區汀洲路4段144號對面,文山,臺北市文山區公所,2936-5222#381,0:00~24:00,遊戲區旁,121.536018,25.004891,正常,20211201T090000,20260210T141200,<1,https://gismobile.water.gov.taipei:8443/W/S.aspx?SD=1083,https://gismobile.water.gov.taipei/WaterMap_drinkImg/1083.JPG
1084,1084,南區,臺北市,公園步道,區公所,臺北市文山區公所,萬年2號公園,臺北市文山區汀州路4段122號對面,文山,臺北市文山區公所,2936-5222#381,00:00~24:00,遊戲區旁,121.536274,25.005532,正常,20260414T000000,20260210T141700,<1,https://gismobile.water.gov.taipei:8443/W/S.aspx?SD=1084,https://gismobile.water.gov.taipei/WaterMap_drinkImg/1084.JPG
1085,1085,南區,臺北市,公園步道,區公所,臺北市文山區公所,萬年3號公園,臺北市文山區汀州路4段99號前,文山,臺北市文山區公所,2936-5222#381,00:00~24:00,遊戲區旁,121.536954,25.007056,正常,20211201T090000,20260210T142300,<1,https://gismobile.water.gov.taipei:8443/W/S.aspx?SD=1085,https://gismobile.water.gov.taipei/WaterMap_drinkImg/1085.JPG
1086,1086,南區,臺北市,場館,臺北自來水事業處,臺北自來水事業處,文山運動中心,臺北市文山區興隆路三段222號,文山區,北水處南區分處,83695107,0:00~24:00,正門前方靠人行道,121.559716,24.997015,正常,20260414T000000,20260210T113300,<1,https://gismobile.water.gov.taipei:8443/W/S.aspx?SD=1086,https://gismobile.water.gov.taipei/WaterMap_drinkImg/1086.JPG
1088,1088,南區,臺北市,公園步道,區公所,臺北市文山區公所,景豐公園,臺北市文山區興隆路1段251巷3弄7號對面,文山,臺北市文山區公所,2936-5222#381,0:00~24:00,運動場旁,121.545003,25.000114,正常,20260414T000000,20260210T150400,<1,https://gismobile.water.gov.taipei:8443/W/S.aspx?SD=1088,https://gismobile.water.gov.taipei/WaterMap_drinkImg/1088.JPG
1089,1089,南區,臺北市,公園步道,區公所,臺北市文山區公所,木新公園,臺北市文山區木新路3段278巷內,文山,臺北市文山區公所,2936-5222#381,0:00~24:00,遊戲區旁,121.558107,24.982301,正常,20211201T090000,20260210T155500,<1,https://gismobile.water.gov.taipei:8443/W/S.aspx?SD=1089,https://gismobile.water.gov.taipei/WaterMap_drinkImg/1089.JPG
1090,1090,南區,臺北市,公園步道,區公所,臺北市文山區公所,樟樹公園,臺北市文山區忠順街1段26巷26弄2號對面,文山,臺北市文山區公所,2936-5222#381,0:00~24:00,遊戲區旁,121.559363,24.982721,正常,20260414T000000,20260210T154400,<1,https://gismobile.water.gov.taipei:8443/W/S.aspx?SD=1090,https://gismobile.water.gov.taipei/WaterMap_drinkImg/1090.JPG
1091,1091,南區,臺北市,公園步道,區公所,臺北市文山區公所,樟興公園,臺北市文山區辛亥路7段與木新路3段交口,文山,臺北市文山區公所,2936-5222#381,0:00~24:00,遊戲區旁,121.553925,24.980829,正常,20211201T090000,20260210T153400,<1,https://gismobile.water.gov.taipei:8443/W/S.aspx?SD=1091,https://gismobile.water.gov.taipei/WaterMap_drinkImg/1091.JPG
1092,1092,南區,臺北市,公園步道,區公所,臺北市文山區公所,萬有1號公園,臺北市文山區興隆路1段202巷口,文山,臺北市文山區公所,2936-5222#381,0:00~24:00,遊戲區旁,121.543058,25.000085,正常,20260414T000000,20260210T144300,<1,https://gismobile.water.gov.taipei:8443/W/S.aspx?SD=1092,https://gismobile.water.gov.taipei/WaterMap_drinkImg/1092.JPG
1093,1093,南區,臺北市,公園步道,區公所,臺北市文山區公所,萬有2號公園,臺北市文山區興隆路1段184巷4弄6號對面,文山,臺北市文山區公所,2936-5222#381,0:00~24:00,遊戲區旁,121.541990,25.000739,正常,20260414T000000,20260210T145000,<1,https://gismobile.water.gov.taipei:8443/W/S.aspx?SD=1093,https://gismobile.water.gov.taipei/WaterMap_drinkImg/1093.JPG
1094,1094,南區,臺北市,公園步道,區公所,臺北市文山區公所,萬有3號公園,臺北市文山區景隆街101號對面,文山,臺北市文山區公所,2936-5222#381,0:00~24:00,涼亭旁,121.543133,24.998645,正常,20211201T090000,20260210T145600,<1,https://gismobile.water.gov.taipei:8443/W/S.aspx?SD=1094,https://gismobile.water.gov.taipei/WaterMap_drinkImg/1094.JPG
1095,1095,南區,臺北市,公園步道,區公所,臺北市文山區公所,原野運動公園,臺北市文山區萬芳路50-8號對面,文山,臺北市文山區公所,2936-5222#381,0:00~24:00,入口處旁,121.571060,24.997074,正常,20211201T090000,20260210T161500,<1,https://gismobile.water.gov.taipei:8443/W/S.aspx?SD=1095,https://gismobile.water.gov.taipei/WaterMap_drinkImg/1095.JPG
1096,1096,南區,臺北市,公園步道,區公所,臺北市文山區公所,樟新公園,臺北市文山區一壽街17巷內,文山,臺北市文山區公所,2936-5222#381,0:00~24:00,遊戲區旁,121.557128,24.979356,正常,20211201T090000,20260310T144100,<1,https://gismobile.water.gov.taipei:8443/W/S.aspx?SD=1096,https://gismobile.water.gov.taipei/WaterMap_drinkImg/1096.JPG
1097,1097,南區,臺北市,公園步道,區公所,臺北市文山區公所,興豐公園,臺北市文山區興隆路2段123巷內,文山,臺北市文山區公所,2936-5222#381,0:00~24:00,入口處旁,121.547395,25.000249,正常,20211201T090000,20260310T141900,<1,https://gismobile.water.gov.taipei:8443/W/S.aspx?SD=1097,https://gismobile.water.gov.taipei/WaterMap_drinkImg/1097.JPG
1098,1098,南區,臺北市,公園步道,公園處,工務局公園處,景美公園,臺北市文山區萬慶街52號對面,文山,工務局公園處南港管理所,02-27833685,0:00~24:00,涼亭旁,121.537633,24.993628,正常,20260414T000000,20260310T135300,<1,https://gismobile.water.gov.taipei:8443/W/S.aspx?SD=1098,https://gismobile.water.gov.taipei/WaterMap_drinkImg/1098.JPG
1099,1099,南區,臺北市,公園步道,區公所,臺北市文山區公所,仙岩公園,臺北市文山區仙岩路116巷,文山,臺北市文山區公所,2936-5222#381,0:00~24:00,遊戲區旁,121.549296,24.997950,正常,20260414T000000,20260310T141200,<1,https://gismobile.water.gov.taipei:8443/W/S.aspx?SD=1099,https://gismobile.water.gov.taipei/WaterMap_drinkImg/1099.JPG
1107a,1107a,南區,臺北市,公園步道,公園處,工務局公園處,大安森林公園,臺北市大安區建國南路2段,大安,工務局公園處青年管理所,27003830,0:00~24:00,兒童遊戲區,121.536303,25.032738,正常,20260414T000000,20260121T152100,<1,https://gismobile.water.gov.taipei:8443/W/S.aspx?SD=1107a,https://gismobile.water.gov.taipei/WaterMap_drinkImg/1107a.JPG
1107b,1107b,南區,臺北市,公園步道,公園處,工務局公園處,大安森林公園,臺北市大安區建國南路2段,大安,工務局公園處青年管理所,27003830,0:00~24:00,溜冰場旁,121.535963,25.032531,正常,20211201T090000,20260121T152600,<1,https://gismobile.water.gov.taipei:8443/W/S.aspx?SD=1107b,https://gismobile.water.gov.taipei/WaterMap_drinkImg/1107b.JPG
1107c,1107c,南區,臺北市,公園步道,公園處,工務局公園處,大安森林公園,臺北市大安區建國南路2段,大安,工務局公園處青年管理所,27003830,0:00~24:00,籃球場旁,121.535963,25.031780,正常,20211201T090000,20260121T153100,<1,https://gismobile.water.gov.taipei:8443/W/S.aspx?SD=1107c,https://gismobile.water.gov.taipei/WaterMap_drinkImg/1107c.JPG
1107d,1107d,南區,臺北市,公園步道,公園處,工務局公園處,大安森林公園,臺北市大安區建國南路2段,大安,工務局公園處青年管理所,27003830,0:00~24:00,7號出入口旁,121.536234,25.026096,正常,20231219T000000,20260121T154100,<1,https://gismobile.water.gov.taipei:8443/W/S.aspx?SD=1107d,https://gismobile.water.gov.taipei/WaterMap_drinkImg/1107d.JPG
1151a,1151a,西區,臺北市,公園步道,臺北植物園,林業試驗所,植物園,臺北市中正區和平西路2段,中正,臺北植物園,23039978轉2727,08:00~18:00,入口圓環旁,121.508850,25.031300,正常,20260414T000000,20260122T140600,<1,https://gismobile.water.gov.taipei:8443/W/S.aspx?SD=1151a,https://gismobile.water.gov.taipei/WaterMap_drinkImg/1151a.JPG
1151b,1151b,西區,臺北市,公園步道,臺北植物園,林業試驗所,植物園,臺北市中正區和平西路2段,中正,臺北植物園,23039978轉2727,08:00~18:00,欖仁廣場,121.508596,25.032624,正常,20240105T100000,20260122T140000,<1,https://gismobile.water.gov.taipei:8443/W/S.aspx?SD=1151b,https://gismobile.water.gov.taipei/WaterMap_drinkImg/1151b.JPG
1151c,1151c,西區,臺北市,公園步道,臺北植物園,林業試驗所,植物園,臺北市中正區和平西路2段,中正,臺北植物園,23039978轉2727,08:00~18:00,名人園區,121.510036,25.032666,正常,20260414T000000,20260122T135300,<1,https://gismobile.water.gov.taipei:8443/W/S.aspx?SD=1151c,https://gismobile.water.gov.taipei/WaterMap_drinkImg/1151c.JPG
1151d,1151d,西區,臺北市,公園步道,臺北植物園,林業試驗所,植物園,臺北市中正區南海路53號後面植物園,中正,臺北植物園,23039978轉2727,08:00~18:00,棕櫚區入口,121.509222,25.031291,正常,20260414T000000,20260122T141200,<1,https://gismobile.water.gov.taipei:8443/W/S.aspx?SD=1151d,https://gismobile.water.gov.taipei/WaterMap_drinkImg/1151d.JPG
1151e,1151e,西區,臺北市,公園步道,臺北植物園,林業試驗所,植物園,臺北市中正區博愛路228號對面,中正,臺北植物園,23039978轉2727,08:00~18:00,博愛路側入口步道旁,121.510485,25.033004,正常,20240105T100000,20260122T134100,<1,https://gismobile.water.gov.taipei:8443/W/S.aspx?SD=1151e,https://gismobile.water.gov.taipei/WaterMap_drinkImg/1151e.JPG
1152a,1152a,西區,臺北市,場館,客家事務委員會,臺北市客家文化基金會,客家文化園區,臺北市中正區汀洲路三段2號,中正,臺北市客家文化基金會,23691198轉338,0:00~24:00,鐵馬譯站,121.525140,25.020650,正常,20260414T000000,20260121T134500,<1,https://gismobile.water.gov.taipei:8443/W/S.aspx?SD=1152a,https://gismobile.water.gov.taipei/WaterMap_drinkImg/1152a.JPG
1153a,1153a,西區,臺北市,場館,文化局,台北市中山堂管理所,中山堂,臺北市中正區延平南路98號,中正,臺北市中山堂管理所,23813137轉152,0:00~24:00,廣場東南方,121.510220,25.042580,正常,20260414T000000,20260122T151500,<1,https://gismobile.water.gov.taipei:8443/W/S.aspx?SD=1153a,https://gismobile.water.gov.taipei/WaterMap_drinkImg/1153a.JPG
1153b,1153b,西區,臺北市,場館,文化局,台北市中山堂管理所,中山堂,臺北市中正區延平南路98號,中正,臺北市中山堂管理所,23813137轉152,0:00~24:00,廣場東北方,121.510570,25.042870,正常,20211201T090000,20260122T150800,<1,https://gismobile.water.gov.taipei:8443/W/S.aspx?SD=1153b,https://gismobile.water.gov.taipei/WaterMap_drinkImg/1153b.JPG
1153c,1153c,西區,臺北市,場館,文化局,台北市中山堂管理所,中山堂,臺北市中正區延平南路側,中正,臺北市中山堂管理所,23813137轉152,0:00~24:00,國父銅像前草地,121.510560,25.043682,正常,20260414T000000,20260122T145900,<1,https://gismobile.water.gov.taipei:8443/W/S.aspx?SD=1153c,https://gismobile.water.gov.taipei/WaterMap_drinkImg/1153c.JPG
1154a,1154a,北區,臺北市,捷運站,桃園大眾捷運股份有限公司,桃園大眾捷運股份有限公司,桃捷台北火車站,臺北市中正區鄭州路8號,中正,桃園大眾捷運股份有限公司,03-2838888l轉51003,06:00~23:00,哺乳室旁,121.512275,25.049302,正常,20260414T000000,20260305T095000,<1,https://gismobile.water.gov.taipei:8443/W/S.aspx?SD=1154a,https://gismobile.water.gov.taipei/WaterMap_drinkImg/1154a.JPG
1154b,1154b,北區,臺北市,捷運站,桃園大眾捷運股份有限公司,桃園大眾捷運股份有限公司,桃捷台北火車站,臺北市中正區鄭州路8號,中正,桃園大眾捷運股份有限公司,03-2838888l轉51003,06:00~23:00,中間廊道,121.513944,25.048695,正常,20260414T000000,20260305T095500,<1,https://gismobile.water.gov.taipei:8443/W/S.aspx?SD=1154b,https://gismobile.water.gov.taipei/WaterMap_drinkImg/1154b.JPG
1154c,1154c,北區,臺北市,捷運站,桃園大眾捷運股份有限公司,桃園大眾捷運股份有限公司,桃捷台北火車站,臺北市中正區鄭州路8號,中正,桃園大眾捷運股份有限公司,03-2838888l轉51003,06:00~23:00,親子廁所旁,121.514506,25.048521,正常,20260414T000000,20260305T100500,<1,https://gismobile.water.gov.taipei:8443/W/S.aspx?SD=1154c,https://gismobile.water.gov.taipei/WaterMap_drinkImg/1154c.JPG
1155b,1155b,西區,臺北市,場館,文化局,臺北自來水事業處,紀州庵,臺北市中正區同安街107號,中正,北水處西區分處,33431678#1696,10:00~18:00,展演台旁,121.520523,25.021615,正常,20260414T000000,20260204T141600,<1,https://gismobile.water.gov.taipei:8443/W/S.aspx?SD=1155b,https://gismobile.water.gov.taipei/WaterMap_drinkImg/1155b.JPG
1156a,1156a,西區,臺北市,公園步道,區公所,臺北市中正區公所,牯嶺公園,臺北市中正區牯嶺街141 號前,中正,臺北市中正區公所,23416721,0:00~24:00,東北側,121.518989,25.023536,正常,20260414T000000,20260204T142700,<1,https://gismobile.water.gov.taipei:8443/W/S.aspx?SD=1156a,https://gismobile.water.gov.taipei/WaterMap_drinkImg/1156a.JPG
1156b,1156b,西區,臺北市,公園步道,區公所,臺北市中正區公所,牯嶺公園,臺北市中正區廈門街113巷,中正,臺北市中正區公所,23416721,0:00~24:00,廈門街113巷入口處,121.518823,25.023351,正常,20211201T090000,20260204T142100,<1,https://gismobile.water.gov.taipei:8443/W/S.aspx?SD=1156b,https://gismobile.water.gov.taipei/WaterMap_drinkImg/1156b.JPG
1157,1157,西區,臺北市,公園步道,公園處,工務局公園處,介壽公園,臺北市中正區凱達格蘭大道西側,中正,工務局公園處青年管理所,27003830,00:00~24:00,中間走道,121.514527,25.039133,正常,20211201T090000,20260204T152000,<1,https://gismobile.water.gov.taipei:8443/W/S.aspx?SD=1157,https://gismobile.water.gov.taipei/WaterMap_drinkImg/1157.JPG
1158,1158,西區,臺北市,公園步道,區公所,臺北市中正區公所,南昌公園,臺北市中正區南昌路與和平西路口,中正,臺北市中正區公所,23416721,00:00~24:00,遊戲場旁,121.520120,25.026841,正常,20260414T000000,20260204T155800,<1,https://gismobile.water.gov.taipei:8443/W/S.aspx?SD=1158,https://gismobile.water.gov.taipei/WaterMap_drinkImg/1158.JPG
1159,1159,西區,臺北市,公園步道,區公所,臺北市中正區公所,永昌公園,臺北市中正區寧波西街181巷30號前,中正,臺北市中正區公所,23416721,0:00~24:00,遊戲場,121.509869,25.026150,正常,20211201T090000,20260204T143900,<1,https://gismobile.water.gov.taipei:8443/W/S.aspx?SD=1159,https://gismobile.water.gov.taipei/WaterMap_drinkImg/1159.JPG
1160,1160,西區,臺北市,公園步道,區公所,臺北市中正區公所,文盛公園,臺北市中正區羅斯福路三段284巷1號前,中正,臺北市中正區公所,23416721,0:00~24:00,遊戲場,121.532059,25.016197,正常,20260414T000000,20260204T135700,<1,https://gismobile.water.gov.taipei:8443/W/S.aspx?SD=1160,https://gismobile.water.gov.taipei/WaterMap_drinkImg/1160.JPG
1161,1161,西區,臺北市,公園步道,公園處,臺北自來水事業處,永福公園,臺北市中正區汀州路3段寶藏巖,中正,北水處西區分處,33431678#1696,0:00~24:00,造景旁,121.532981,25.010274,正常,20260414T000000,20260204T134700,<1,https://gismobile.water.gov.taipei:8443/W/S.aspx?SD=1161,https://gismobile.water.gov.taipei/WaterMap_drinkImg/1161.JPG
1162,1162,西區,臺北市,公園步道,公園處,工務局公園處,北門景觀廣場,臺北市中正區中華路1段1號,中正,工務局公園處園藝工程隊,23815132＃318,0:00~24:00,臺北市中正區中華路1段1號廣場西側,121.510836,25.047665,正常,20211201T090000,20260204T145900,<1,https://gismobile.water.gov.taipei:8443/W/S.aspx?SD=1162,https://gismobile.water.gov.taipei/WaterMap_drinkImg/1162.JPG
1163,1163,南區,臺北市,機關,台大公衛學院,國立台灣大學公共衛生學院,台大公衛學院,臺北市中正區徐州路17號前,中正,臺大公共衛生學院總務處,33668110,0:00~24:00,廣場旁,121.523035,25.041181,正常,20260414T000000,20260204T153200,<1,https://gismobile.water.gov.taipei:8443/W/S.aspx?SD=1163,https://gismobile.water.gov.taipei/WaterMap_drinkImg/1163.JPG
1165,1165,北區,臺北市,場館,文化局,臺北市政府文化局,三井倉庫,臺北市中正區忠孝西路一段263號,中正,臺北記憶倉庫,23714597,0:00~24:00,廣場旁,121.512080,25.047820,正常,20260414T000000,20260317T142700,<1,https://gismobile.water.gov.taipei:8443/W/S.aspx?SD=1165,https://gismobile.water.gov.taipei/WaterMap_drinkImg/1165.JPG
1174a,1174a,西區,臺北市,公園步道,水利處,工務局水利工程處南區管理站,古亭河濱公園,臺北市中正區永春街200巷對面,中正,工務局水利工程處南區管理站,27208889#2691,0:00~24:00,籃球場,121.525936,25.014590,正常,20260414T000000,20260323T152300,<1,https://gismobile.water.gov.taipei:8443/W/S.aspx?SD=1174a,https://gismobile.water.gov.taipei/WaterMap_drinkImg/1174a.JPG
1174b,1174b,西區,臺北市,公園步道,水利處,工務局水利工程處南區管理站,古亭河濱公園,臺北市中正區水源路63巷對面,中正,工務局水利工程處南區管理站,27208889#2691,0:00~24:00,網球場,121.520897,25.020263,正常,20211201T090000,20260323T151800,<1,https://gismobile.water.gov.taipei:8443/W/S.aspx?SD=1174b,https://gismobile.water.gov.taipei/WaterMap_drinkImg/1174b.JPG
1175,1175,南區,臺北市,公園步道,區公所,臺北市中正區公所,連雲公園,臺北市中正區新生南路一段146巷7號,中正,臺北市中正區公所,23416721,0:00~24:00,廣場旁,121.531898,25.035355,正常,20260414T000000,20260312T144200,<1,https://gismobile.water.gov.taipei:8443/W/S.aspx?SD=1175,https://gismobile.water.gov.taipei/WaterMap_drinkImg/1175.JPG
1176,1176,西區,臺北市,公園步道,區公所,臺北市中正區公所,水源町公園,臺北市中正區汀州路3段104巷40弄4號旁,中正,臺北市中正區公所,23416721,0:00~24:00,廣場解說牌旁,121.534852,25.011813,正常,20260414T000000,20260312T150000,<1,https://gismobile.water.gov.taipei:8443/W/S.aspx?SD=1176,https://gismobile.water.gov.taipei/WaterMap_drinkImg/1176.JPG
1179,1179,西區,臺北市,商圈夜市,臺北自來水事業處,元晴茶行,公館商圈,臺北市中正區羅斯福路四段18號,中正區,北水處西區分處,33431678#1696,0:00~24:00,人行道,121.533054,25.015760,正常,20260414T000000,20260204T140400,<1,https://gismobile.water.gov.taipei:8443/W/S.aspx?SD=1179,https://gismobile.water.gov.taipei/WaterMap_drinkImg/1179.JPG
1180,1180,西區,臺北市,商圈夜市,臺北自來水事業處,臺北自來水事業處,台北站前商圈,臺北市中正區忠孝西路1段68號前人行道,中正區,北水處西區分處,33431678#1696,0:00~24:00,人行道,121.514776,25.046722,正常,20250331T000000,20260204T150800,<1,https://gismobile.water.gov.taipei:8443/W/S.aspx?SD=1180,https://gismobile.water.gov.taipei/WaterMap_drinkImg/1180.JPG
1182,1182,北區,臺北市,場館,公園處,工務局公園處,國父史蹟館(逸仙公園),臺北市中正區中山北路一段46號,中山區,工務局公園處青年管理所,27003830,0:00~24:00,人行道,121.520374,25.047625,正常,20260414T000000,20260317T152000,<1,https://gismobile.water.gov.taipei:8443/W/S.aspx?SD=1182,https://gismobile.water.gov.taipei/WaterMap_drinkImg/1182.JPG
1184,1184,西區,臺北市,商圈夜市,臺北自來水事業處,忠義實驗國民小學,南機場夜市,臺北市中正區惠安街13號對面人行道,中正區,忠義實驗國民小學,0223038752,0:00~24:00,人行道,121.506350,25.029790,正常,20251103T112000,20260105T101600,<1,https://gismobile.water.gov.taipei:8443/W/S.aspx?SD=1184,https://gismobile.water.gov.taipei/WaterMap_drinkImg/1184.JPG
1185,1185,西區,臺北市,商圈夜市,臺北自來水事業處,臺北自來水事業處,西門町商圈(錢櫃),臺北市中正區中華路一段55號人行道,中正區,北水處西區分處,33431678#1696,0:00~24:00,人行道,121.508620,25.042406,正常,20260414T000000,20260204T145300,<1,https://gismobile.water.gov.taipei:8443/W/S.aspx?SD=1185,https://gismobile.water.gov.taipei/WaterMap_drinkImg/1185.JPG
1212a,1212a,陽明,臺北市,公園步道,公園處,工務局公園處,士林園藝所,臺北市士林區福林路60號,士林,工務局公園處士林園藝所,28812512,0:00~24:00,公園入口處,121.530510,25.093936,正常,20211201T090000,20260115T094400,<1,https://gismobile.water.gov.taipei:8443/W/S.aspx?SD=1212a,https://gismobile.water.gov.taipei/WaterMap_drinkImg/1212a.JPG
1212b,1212b,陽明,臺北市,公園步道,公園處,工務局公園處,士林園藝所,臺北市士林區福林路60號,士林,工務局公園處士林園藝所,28812512,0:00~24:00,辦公室旁,121.530534,25.091582,正常,20260414T000000,20260115T093900,<1,https://gismobile.water.gov.taipei:8443/W/S.aspx?SD=1212b,https://gismobile.water.gov.taipei/WaterMap_drinkImg/1212b.JPG
1243a,1243a,北區,臺北市,捷運站,中和新蘆線,臺北大眾捷運股份有限公司,大橋頭站,臺北市大同區民權西路223號,大同,臺北大眾捷運股份有限公司(藍橘線),25363001#8653,06:00~23:00,1號出口,121.512619,25.063195,正常,20211201T090000,20260107T100000,<1,https://gismobile.water.gov.taipei:8443/W/S.aspx?SD=1243a,https://gismobile.water.gov.taipei/WaterMap_drinkImg/1243a.JPG
1243b,1243b,北區,臺北市,捷運站,中和新蘆線,臺北大眾捷運股份有限公司,大橋頭站,臺北市大同區民權西路223號,大同,臺北大眾捷運股份有限公司(藍橘線),25363001#8653,06:00~23:00,1號出口,121.512619,25.063195,正常,20211201T090000,20260107T100500,<1,https://gismobile.water.gov.taipei:8443/W/S.aspx?SD=1243b,https://gismobile.water.gov.taipei/WaterMap_drinkImg/1243b.JPG
1245a,1245a,北區,臺北市,捷運站,松山新店線,臺北大眾捷運股份有限公司,北門站,臺北市大同區塔城街10號,大同,臺北大眾捷運股份有限公司(紅綠線),25363001#8653,06:00~23:00,1、2號出口間,121.510256,25.049408,正常,20211201T090000,20260204T101500,<1,https://gismobile.water.gov.taipei:8443/W/S.aspx?SD=1245a,https://gismobile.water.gov.taipei/WaterMap_drinkImg/1245a.JPG
1245b,1245b,北區,臺北市,捷運站,松山新店線,臺北大眾捷運股份有限公司,北門站,臺北市大同區塔城街10號,大同,臺北大眾捷運股份有限公司(紅綠線),25363001#8653,06:00~23:00,1、2號出口間,121.510256,25.049408,正常,20211201T090000,20260204T102500,<1,https://gismobile.water.gov.taipei:8443/W/S.aspx?SD=1245b,https://gismobile.water.gov.taipei/WaterMap_drinkImg/1245b.JPG
1246a,1246a,北區,臺北市,捷運站,松山新店線,臺北大眾捷運股份有限公司,中山站,臺北市大同區南京西路55號,大同,臺北大眾捷運股份有限公司(紅綠線),25363001#8653,06:00~23:00,5號出口,121.519413,25.052963,正常,20211201T090000,20260204T104500,<1,https://gismobile.water.gov.taipei:8443/W/S.aspx?SD=1246a,https://gismobile.water.gov.taipei/WaterMap_drinkImg/1246a.JPG
1246b,1246b,北區,臺北市,捷運站,松山新店線,臺北大眾捷運股份有限公司,中山站,臺北市大同區南京西路55號,大同,臺北大眾捷運股份有限公司(紅綠線),25363001#8653,06:00~23:00,5號出口,121.519413,25.052963,正常,20211201T090000,20260204T105400,<1,https://gismobile.water.gov.taipei:8443/W/S.aspx?SD=1246b,https://gismobile.water.gov.taipei/WaterMap_drinkImg/1246b.JPG
1248,1248,北區,臺北市,商圈夜市,公園處,工務局公園處,永樂市場,臺北市大同區迪化街一段21號,大同,工務局公園處園藝工程隊,23815132＃318,0:00~24:00,迪化街一段84號對面,121.510100,25.055400,正常,20211201T090000,20260121T102400,<1,https://gismobile.water.gov.taipei:8443/W/S.aspx?SD=1248,https://gismobile.water.gov.taipei/WaterMap_drinkImg/1248.JPG
1249,1249,北區,臺北市,公園步道,區公所,臺北市大同區公所,歸綏戲曲公園,臺北市大同區歸綏街179號對面,大同,臺北市大同區公所,2597-5323#302,0:00~24:00,歸綏街179號對面,121.513360,25.058110,正常,20211201T090000,20260121T103400,<1,https://gismobile.water.gov.taipei:8443/W/S.aspx?SD=1249,https://gismobile.water.gov.taipei/WaterMap_drinkImg/1249.JPG
1250a,1250a,北區,臺北市,公園步道,公園處,工務局公園處,玉泉公園,臺北市大同區西寧北路、忠孝西路2段交口,大同,工務局公園處圓山管理所,2585-0192 轉232,00:00~24:00,泳池旁,121.507597,25.050232,正常,20260414T000000,20260212T093000,<1,https://gismobile.water.gov.taipei:8443/W/S.aspx?SD=1250a,https://gismobile.water.gov.taipei/WaterMap_drinkImg/1250a.JPG
1250b,1250b,北區,臺北市,公園步道,公園處,工務局公園處,玉泉公園,臺北市大同區西寧北路、忠孝西路2段交口,大同,工務局公園處圓山管理所,2585-0192 轉232,00:00~24:00,兒童遊戲區,121.507460,25.049400,正常,20260414T000000,20260212T094000,<1,https://gismobile.water.gov.taipei:8443/W/S.aspx?SD=1250b,https://gismobile.water.gov.taipei/WaterMap_drinkImg/1250b.JPG
1251a,1251a,北區,臺北市,公園步道,工務局衛工處,工務局衛工處,迪化休閒運動公園,臺北市大同區酒泉街235號,大同,衛工處迪化污水廠,2599-1360#113,00:00~24:00,兒童遊戲區旁,121.510390,25.074690,正常,20260414T000000,20260212T104500,<1,https://gismobile.water.gov.taipei:8443/W/S.aspx?SD=1251a,https://gismobile.water.gov.taipei/WaterMap_drinkImg/1251a.JPG
1251b,1251b,北區,臺北市,公園步道,工務局衛工處,工務局衛工處,迪化休閒運動公園,臺北市大同區酒泉街235號,大同,衛工處迪化污水廠,2599-1360#113,00:00~24:00,籃球場旁,121.510460,25.074090,正常,20211201T090000,20260212T105400,<1,https://gismobile.water.gov.taipei:8443/W/S.aspx?SD=1251b,https://gismobile.water.gov.taipei/WaterMap_drinkImg/1251b.JPG
1251c,1251c,北區,臺北市,公園步道,工務局衛工處,工務局衛工處,迪化休閒運動公園,臺北市大同區酒泉街235號,大同,衛工處迪化污水廠,2599-1360#113,00:00~24:00,網球場旁,121.510820,25.074010,正常,20211201T090000,20260212T105000,<1,https://gismobile.water.gov.taipei:8443/W/S.aspx?SD=1251c,https://gismobile.water.gov.taipei/WaterMap_drinkImg/1251c.JPG
1252,1252,北區,臺北市,公園步道,公園處,工務局公園處,建成圓環,臺北市大同區南京西路284號前,大同,工務局公園處園藝工程隊,23815132＃318,0:00~24:00,建成圓環電箱前,121.514415,25.053698,正常,20211201T090000,20260212T100000,<1,https://gismobile.water.gov.taipei:8443/W/S.aspx?SD=1252,https://gismobile.water.gov.taipei/WaterMap_drinkImg/1252.JPG
1253,1253,北區,臺北市,公園步道,區公所,臺北市大同區公所,德鄰公園,臺北市大同區民權西路184巷26號對面,大同,臺北市大同區公所,2597-5323#302,0:00~24:00,石碑旁,121.514700,25.061890,正常,20260414T000000,20260212T100800,<1,https://gismobile.water.gov.taipei:8443/W/S.aspx?SD=1253,https://gismobile.water.gov.taipei/WaterMap_drinkImg/1253.JPG
1254,1254,北區,臺北市,公園步道,區公所,臺北市大同區公所,樹德公園,臺北市大同區大龍街與大龍街85巷,大同,臺北市大同區公所,2597-5323#302,0:00~24:00,廣場旁,121.516360,25.066550,正常,20260414T000000,20260212T101700,<1,https://gismobile.water.gov.taipei:8443/W/S.aspx?SD=1254,https://gismobile.water.gov.taipei/WaterMap_drinkImg/1254.JPG
1255,1255,北區,臺北市,公園步道,公園處,工務局公園處,六藝廣場,臺北市大同區大龍街與哈密街交口,大同,工務局公園處園藝工程隊,23815132＃318,00:00~24:00,龍塘公園洗手台旁,121.516110,25.073320,正常,20211201T090000,20260212T102800,<1,https://gismobile.water.gov.taipei:8443/W/S.aspx?SD=1255,https://gismobile.water.gov.taipei/WaterMap_drinkImg/1255.JPG
1256,1256,北區,臺北市,公園步道,區公所,臺北市大同區公所,國順公園,臺北市大同區昌吉街131巷對面,大同,臺北市大同區公所,2597-5323#302,0:00~24:00,公園東北側(步道旁),121.510264,25.066141,正常,20211201T090000,20260316T144600,<1,https://gismobile.water.gov.taipei:8443/W/S.aspx?SD=1256,https://gismobile.water.gov.taipei/WaterMap_drinkImg/1256.JPG
1257,1257,北區,臺北市,公園步道,區公所,臺北市大同區公所,大龍公園,臺北市大同區重慶北路三段223巷47號對面,大同,臺北市大同區公所,2597-5323#302,0:00~24:00,47號對面兒童遊戲場旁,121.515609,25.070371,正常,20211201T090000,20260316T141500,<1,https://gismobile.water.gov.taipei:8443/W/S.aspx?SD=1257,https://gismobile.water.gov.taipei/WaterMap_drinkImg/1257.JPG
1258,1258,北區,臺北市,公園步道,區公所,臺北市大同區公所,塔城公園,臺北市大同區塔城街17號旁,大同,臺北市大同區公所,2597-5323#302,0:00~24:00,入口步道旁,121.510701,25.050928,正常,20211201T090000,20260317T144300,<1,https://gismobile.water.gov.taipei:8443/W/S.aspx?SD=1258,https://gismobile.water.gov.taipei/WaterMap_drinkImg/1258.JPG
1259,1259,北區,臺北市,公園步道,區公所,臺北市大同區公所,大稻埕公園,臺北市大同區安西街4號對面,大同,臺北市大同區公所,2597-5323#302,0:00~24:00,地下停車場樓梯旁,121.510330,25.058334,正常,20211201T090000,20260317T145900,<1,https://gismobile.water.gov.taipei:8443/W/S.aspx?SD=1259,https://gismobile.water.gov.taipei/WaterMap_drinkImg/1259.JPG
1260,1260,北區,臺北市,公園步道,區公所,臺北市大同區公所,蘭州公園,臺北市大同區蘭州街91號對面,大同,臺北市大同區公所,2597-5323#302,0:00~24:00,廣場休憩座椅旁,121.515333,25.064198,正常,20211201T090000,20260316T143700,<1,https://gismobile.water.gov.taipei:8443/W/S.aspx?SD=1260,https://gismobile.water.gov.taipei/WaterMap_drinkImg/1260.JPG
1261,1261,北區,臺北市,公園步道,區公所,臺北市大同區公所,蔣渭水紀念公園,臺北市大同區錦西街170號旁(雙蓮國小對面),大同,臺北市大同區公所,2597-5323#302,0:00~24:00,廣場旁,121.516456,25.059814,正常,20211201T090000,20260316T152200,<1,https://gismobile.water.gov.taipei:8443/W/S.aspx?SD=1261,https://gismobile.water.gov.taipei/WaterMap_drinkImg/1261.JPG
1262,1262,北區,臺北市,公園步道,區公所,臺北市大同區公所,朝陽茶業公園,臺北市大同區重慶北路二段64巷26號對面(有記茶行對面),大同,臺北市大同區公所,2597-5323#302,0:00~24:00,廣場旁/入口步道旁,121.512916,25.055795,正常,20211201T090000,20260317T150700,<1,https://gismobile.water.gov.taipei:8443/W/S.aspx?SD=1262,https://gismobile.water.gov.taipei/WaterMap_drinkImg/1262.JPG
1263,1263,北區,臺北市,公園步道,區公所,臺北市大同區公所,忠和公園,臺北市大同區歸綏街246號對面,大同,臺北市大同區公所,2597-5323#302,0:00~24:00,入口人行道旁,121.508852,25.058030,正常,20260414T000000,20260317T145300,<1,https://gismobile.water.gov.taipei:8443/W/S.aspx?SD=1263,https://gismobile.water.gov.taipei/WaterMap_drinkImg/1263.JPG
1265,1265,北區,臺北市,公園步道,區公所,臺北市大同區公所,景化公園,臺北市大同區伊寧街9巷19號對面,大同,臺北市大同區公所,2597-5323#302,0:00~24:00,公園西側入處旁,121.512986,25.065390,正常,20211201T090000,20260316T145400,<1,https://gismobile.water.gov.taipei:8443/W/S.aspx?SD=1265,https://gismobile.water.gov.taipei/WaterMap_drinkImg/1265.JPG
1268,1268,北區,臺北市,商圈夜市,公園處,工務局公園處,永樂市場,台北市大同區迪化街21號,大同區,工務局公園處園藝工程隊,23815132＃318,0:00~24:02,人行道,121.510200,25.054500,正常,20260414T000000,20260121T101700,<1,https://gismobile.water.gov.taipei:8443/W/S.aspx?SD=1268,https://gismobile.water.gov.taipei/WaterMap_drinkImg/1268.JPG
1269,1269,北區,臺北市,商圈夜市,公園處,工務局公園處,文昌宮廊道,台北市大同區錦西街38巷26號前捷運綠廊花圃,大同區,工務局公園處園藝工程隊,23815132＃318,0:00~24:01,人行道,121.520500,25.059600,正常,20260414T000000,20260316T153000,<1,https://gismobile.water.gov.taipei:8443/W/S.aspx?SD=1269,https://gismobile.water.gov.taipei/WaterMap_drinkImg/1269.JPG
1270,1270,北區,臺北市,商圈夜市,公園處,工務局公園處,太原商圈,台北市大同區太原路(捷運Y13出口前),大同區,工務局公園處園藝工程隊,23815132＃318,0:00~24:00,人行道,121.514560,25.049432,正常,20260414T000000,20260317T140200,<1,https://gismobile.water.gov.taipei:8443/W/S.aspx?SD=1270,https://gismobile.water.gov.taipei/WaterMap_drinkImg/1270.JPG
1271,1271,北區,臺北市,場館,臺北自來水事業處,臺北自來水事業處,臺博館鐵道部園區旁,塔城街捷運北門站2號出口處,大同區,北水處北區分處,21004100,0:00~24:00,人行道,121.510368,25.049506,正常,20251013T112000,20260317T143600,<1,https://gismobile.water.gov.taipei:8443/W/S.aspx?SD=1271,https://gismobile.water.gov.taipei/WaterMap_drinkImg/1271.JPG
1272,1272,北區,臺北市,商圈夜市,臺北自來水事業處,臺北自來水事業處,新光三越商圈,臺北市中山區中山北路二段48巷7號,大同區,北水處北區分處,21004100,0:00~24:00,臺北市中山區長安西路19巷27-1號,121.520320,25.050422,正常,20260414T000000,20260121T115500,<1,https://gismobile.water.gov.taipei:8443/W/S.aspx?SD=1272,https://gismobile.water.gov.taipei/WaterMap_drinkImg/1272.JPG
1307,1307,東區,臺北市,公園步道,公園處,工務局公園處,南港公園,臺北市南港區東新街170號,南港,工務局公園處南港管理所,02-27833685,0:00~24:00,籃球場旁,121.591607,25.044689,正常,20260414T000000,20260112T140200,<1,https://gismobile.water.gov.taipei:8443/W/S.aspx?SD=1307,https://gismobile.water.gov.taipei/WaterMap_drinkImg/1307.JPG
1307a,1307a,東區,臺北市,公園步道,公園處,工務局公園處,南港公園,臺北市南港區東新街170號,南港,工務局公園處南港管理所,02-27833685,0:00~24:00,廣場旁,121.592000,25.044600,正常,20211201T090000,20260112T140900,<1,https://gismobile.water.gov.taipei:8443/W/S.aspx?SD=1307a,https://gismobile.water.gov.taipei/WaterMap_drinkImg/1307a.JPG
1323,1323,東區,臺北市,公園步道,公園處,工務局公園處,玉成公園,臺北市南港區成福路105號對面,南港,工務局公園處南港管理所,02-27833685,0:00~24:00,籃球場旁,121.586842,25.042211,正常,20260414T000000,20260112T111700,<1,https://gismobile.water.gov.taipei:8443/W/S.aspx?SD=1323,https://gismobile.water.gov.taipei/WaterMap_drinkImg/1323.JPG
1323a,1323a,東區,臺北市,公園步道,公園處,工務局公園處,玉成公園,臺北市南港區玉成街241號對面,南港,工務局公園處南港管理所,02-27833685,0:00~24:00,遊戲場旁,121.585570,25.042704,正常,20211201T090000,20260112T113200,<1,https://gismobile.water.gov.taipei:8443/W/S.aspx?SD=1323a,https://gismobile.water.gov.taipei/WaterMap_drinkImg/1323a.JPG
1323b,1323b,東區,臺北市,公園步道,公園處,工務局公園處,玉成公園,臺北市南港區中坡南路55號,南港,工務局公園處南港管理所,02-27833685,0:00~24:00,涼亭旁,121.586212,25.042687,正常,20260414T000000,20260112T112400,<1,https://gismobile.water.gov.taipei:8443/W/S.aspx?SD=1323b,https://gismobile.water.gov.taipei/WaterMap_drinkImg/1323b.JPG
1324,1324,東區,臺北市,公園步道,公園處,工務局公園處,碧湖公園,臺北市內湖區內湖路2段175號,內湖,工務局公園處花卉試驗中心內湖分隊,26586601,0:00~24:00,閱覽室門口,121.582865,25.082695,正常,20260414T000000,20260212T144500,<1,https://gismobile.water.gov.taipei:8443/W/S.aspx?SD=1324,https://gismobile.water.gov.taipei/WaterMap_drinkImg/1324.JPG
1342,1342,東區,臺北市,公園步道,公園處,工務局公園處,胡適公園,臺北市南港區研究院路2段128號對面,南港,工務局公園處南港管理所,02-27833685,0:00~24:00,涼亭旁,121.617830,25.040690,正常,20260414T000000,20260108T141900,<1,https://gismobile.water.gov.taipei:8443/W/S.aspx?SD=1342,https://gismobile.water.gov.taipei/WaterMap_drinkImg/1342.JPG
1343a,1343a,東區,臺北市,公園步道,區公所,臺北市南港區公所,瓶蓋印象公園,臺北市南港區南港路2段10號對面,南港,臺北市南港區公所,27831343#915,0:00~24:00,公園北側(靠南港路2段),121.606124,25.054072,正常,20260414T000000,20260210T100900,<1,https://gismobile.water.gov.taipei:8443/W/S.aspx?SD=1343a,https://gismobile.water.gov.taipei/WaterMap_drinkImg/1343a.JPG
1343b,1343b,東區,臺北市,公園步道,區公所,臺北市南港區公所,瓶蓋印象公園,臺北市南港區南港路2段10號對面,南港,臺北市南港區公所,27831343#915,0:00~24:00,公園南側(靠市民大道8段),121.606265,25.053451,正常,20260414T000000,20260210T101400,<1,https://gismobile.water.gov.taipei:8443/W/S.aspx?SD=1343b,https://gismobile.water.gov.taipei/WaterMap_drinkImg/1343b.JPG
1344,1344,東區,臺北市,公園步道,工程處,工務局大地工程處,虎山步道,臺北市信義區福德街251巷巷底,信義,大地工程處道路步道科,27593001轉2312,0:00~24:00,公廁下方,121.587504,25.036359,正常,20260414T000000,20260210T102500,<1,https://gismobile.water.gov.taipei:8443/W/S.aspx?SD=1344,https://gismobile.water.gov.taipei/WaterMap_drinkImg/1344.JPG
1350,1350,東區,臺北市,公園步道,公園處,工務局公園處,中研公園,臺北市南港區研究院路二段70巷47弄28號對面,南港,工務局公園處南港管理所,02-27833685,24H,中研公園內,121.612972,25.046694,正常,20260414T000000,20260305T142300,<1,https://gismobile.water.gov.taipei:8443/W/S.aspx?SD=1350,https://gismobile.water.gov.taipei/WaterMap_drinkImg/1350.JPG
1351,1351,東區,臺北市,公園步道,公園處,工務局公園處,新新公園,臺北市南港區南港路三段109巷南側,南港,工務局公園處南港管理所,02-27833685,0:00~24:00,廁所旁,121.590389,25.051595,正常,20260414T000000,20260305T135000,<1,https://gismobile.water.gov.taipei:8443/W/S.aspx?SD=1351,https://gismobile.water.gov.taipei/WaterMap_drinkImg/1351.JPG
1353,1353,東區,臺北市,場館,臺北自來水事業處,臺北自來水事業處,南港展覽館,臺北市南港區南港路1段32號人行道,南港區,北水處東區分處,87703360,0:00~24:00,人行道,121.617250,25.055180,正常,20260414T000000,20260210T100000,<1,https://gismobile.water.gov.taipei:8443/W/S.aspx?SD=1353,https://gismobile.water.gov.taipei/WaterMap_drinkImg/1353.JPG
1460,1460,東區,臺北市,捷運站,文湖線,臺北大眾捷運股份有限公司,西湖站,臺北市內湖區內湖路1段256號,內湖,臺北大眾捷運股份有限公司(棕線),25363001#8653,06:00~23:00,2號出口,121.567139,25.082022,正常,20211201T090000,20260108T143000,<1,https://gismobile.water.gov.taipei:8443/W/S.aspx?SD=1460,https://gismobile.water.gov.taipei/WaterMap_drinkImg/1460.JPG
1460a,1460a,東區,臺北市,捷運站,文湖線,臺北大眾捷運股份有限公司,西湖站,臺北市內湖區內湖路1段256號,內湖,臺北大眾捷運股份有限公司(棕線),25363001#8653,06:00~23:00,2號出口,121.567139,25.082022,正常,20211217T100000,20260108T143500,<1,https://gismobile.water.gov.taipei:8443/W/S.aspx?SD=1460a,https://gismobile.water.gov.taipei/WaterMap_drinkImg/1460a.JPG
1462,1462,東區,臺北市,捷運站,文湖線,臺北大眾捷運股份有限公司,港墘站,臺北市內湖區內湖路1段663號,內湖,臺北大眾捷運股份有限公司(棕線),25363001#8653,06:00~23:00,1號出口,121.575722,25.080116,正常,20211201T090000,20260105T113000,<1,https://gismobile.water.gov.taipei:8443/W/S.aspx?SD=1462,https://gismobile.water.gov.taipei/WaterMap_drinkImg/1462.JPG
1462a,1462a,東區,臺北市,捷運站,文湖線,臺北大眾捷運股份有限公司,港墘站,臺北市內湖區內湖路1段663號,內湖,臺北大眾捷運股份有限公司(棕線),25363001#8653,06:00~23:00,1號出口,121.575722,25.080116,正常,20211217T100000,20260105T113500,<1,https://gismobile.water.gov.taipei:8443/W/S.aspx?SD=1462a,https://gismobile.water.gov.taipei/WaterMap_drinkImg/1462a.JPG
1463,1463,東區,臺北市,捷運站,文湖線,臺北大眾捷運股份有限公司,文德站,臺北市內湖區文德路214號,內湖,臺北大眾捷運股份有限公司(棕線),25363001#8653,06:00~23:00,2號出口,121.584465,25.078349,正常,20211201T090000,20260105T121500,<1,https://gismobile.water.gov.taipei:8443/W/S.aspx?SD=1463,https://gismobile.water.gov.taipei/WaterMap_drinkImg/1463.JPG
1463a,1463a,東區,臺北市,捷運站,文湖線,臺北大眾捷運股份有限公司,文德站,臺北市內湖區文德路214號,內湖,臺北大眾捷運股份有限公司(棕線),25363001#8653,06:00~23:00,2號出口,121.584465,25.078349,正常,20211217T100000,20260105T122000,<1,https://gismobile.water.gov.taipei:8443/W/S.aspx?SD=1463a,https://gismobile.water.gov.taipei/WaterMap_drinkImg/1463a.JPG
1464,1464,東區,臺北市,捷運站,文湖線,臺北大眾捷運股份有限公司,內湖站,臺北市內湖區成功路4段186號,內湖,臺北大眾捷運股份有限公司(棕線),25363001#8653,06:00~23:00,1號出口,121.594299,25.083822,正常,20260414T000000,20260105T110500,<1,https://gismobile.water.gov.taipei:8443/W/S.aspx?SD=1464,https://gismobile.water.gov.taipei/WaterMap_drinkImg/1464.JPG
1464a,1464a,東區,臺北市,捷運站,文湖線,臺北大眾捷運股份有限公司,內湖站,臺北市內湖區成功路4段186號,內湖,臺北大眾捷運股份有限公司(棕線),25363001#8653,06:00~23:00,1號出口,121.594299,25.083822,正常,20260414T000000,20260105T111000,<1,https://gismobile.water.gov.taipei:8443/W/S.aspx?SD=1464a,https://gismobile.water.gov.taipei/WaterMap_drinkImg/1464a.JPG
1465,1465,東區,臺北市,捷運站,文湖線,臺北大眾捷運股份有限公司,大湖公園站,臺北市內湖區成功路5段11號,內湖,臺北大眾捷運股份有限公司(棕線),25363001#8653,06:00~23:00,2號出口,121.602242,25.083679,正常,20211201T090000,20260105T124000,<1,https://gismobile.water.gov.taipei:8443/W/S.aspx?SD=1465,https://gismobile.water.gov.taipei/WaterMap_drinkImg/1465.JPG
1465a,1465a,東區,臺北市,捷運站,文湖線,臺北大眾捷運股份有限公司,大湖公園站,臺北市內湖區成功路5段11號,內湖,臺北大眾捷運股份有限公司(棕線),25363001#8653,06:00~23:00,2號出口,121.602242,25.083679,正常,20211217T100000,20260105T124500,<1,https://gismobile.water.gov.taipei:8443/W/S.aspx?SD=1465a,https://gismobile.water.gov.taipei/WaterMap_drinkImg/1465a.JPG
1466,1466,東區,臺北市,捷運站,文湖線,臺北大眾捷運股份有限公司,葫洲站,臺北市內湖區康寧路3段16號,內湖,臺北大眾捷運股份有限公司(棕線),25363001#8653,06:00~23:00,2號出口,121.607194,25.072543,正常,20211201T090000,20260105T131000,<1,https://gismobile.water.gov.taipei:8443/W/S.aspx?SD=1466,https://gismobile.water.gov.taipei/WaterMap_drinkImg/1466.JPG
1466a,1466a,東區,臺北市,捷運站,文湖線,臺北大眾捷運股份有限公司,葫洲站,臺北市內湖區康寧路3段16號,內湖,臺北大眾捷運股份有限公司(棕線),25363001#8653,06:00~23:00,2號出口,121.607194,25.072543,正常,20211217T100000,20260105T131500,<1,https://gismobile.water.gov.taipei:8443/W/S.aspx?SD=1466a,https://gismobile.water.gov.taipei/WaterMap_drinkImg/1466a.JPG
1467,1467,東區,臺北市,捷運站,文湖線,臺北大眾捷運股份有限公司,東湖站,臺北市內湖區康寧路3段235號,內湖,臺北大眾捷運股份有限公司(棕線),25363001#8653,06:00~23:00,3號出口,121.611888,25.067090,正常,20211201T090000,20260105T104000,<1,https://gismobile.water.gov.taipei:8443/W/S.aspx?SD=1467,https://gismobile.water.gov.taipei/WaterMap_drinkImg/1467.JPG
1467a,1467a,東區,臺北市,捷運站,文湖線,臺北大眾捷運股份有限公司,東湖站,臺北市內湖區康寧路3段235號,內湖,臺北大眾捷運股份有限公司(棕線),25363001#8653,06:00~23:00,3號出口,121.611888,25.067090,正常,20211217T100000,20260105T104500,<1,https://gismobile.water.gov.taipei:8443/W/S.aspx?SD=1467a,https://gismobile.water.gov.taipei/WaterMap_drinkImg/1467a.JPG
1469,1469,東區,臺北市,公園步道,衛工處,工務局衛生下水道工程處,內湖運動公園,臺北市內湖區舊宗路二段2號(內湖污水處理廠回饋公園),內湖,衛工處內湖污水廠,27906833,0:00~24:00,遊戲場旁,121.574422,25.068674,正常,20260414T000000,20260108T111400,<1,https://gismobile.water.gov.taipei:8443/W/S.aspx?SD=1469,https://gismobile.water.gov.taipei/WaterMap_drinkImg/1469.JPG
1472,1472,東區,臺北市,公園步道,公園處,工務局公園處,大湖公園,臺北市內湖區成功路五段31號,內湖,工務局公園處花卉試驗中心內湖分隊,26586601,0:00~24:00,下錦帶橋右邊,121.603267,25.080472,正常,20260414T000000,20260108T134000,<1,https://gismobile.water.gov.taipei:8443/W/S.aspx?SD=1472,https://gismobile.water.gov.taipei/WaterMap_drinkImg/1472.JPG
1473a,1473a,東區,臺北市,公園步道,公園處,工務局公園處,大湖公園,臺北市內湖區成功路5段31號,內湖,工務局公園處花卉試驗中心內湖分隊,26586601,00:00~24:00,台北市內湖區大湖街166巷44號對面公園內樓梯旁,121.602444,25.082061,正常,20260414T000000,20260108T134700,<1,https://gismobile.water.gov.taipei:8443/W/S.aspx?SD=1473a,https://gismobile.water.gov.taipei/WaterMap_drinkImg/1473a.JPG
1473b,1473b,東區,臺北市,公園步道,工務局公園處,工務局公園處,大湖公園,臺北市內湖區成功路5段31號,內湖,工務局公園處花卉試驗中心內湖分隊,26586601,00:00~24:00,台北市內湖區大湖公園游泳池後方人行天橋下方,121.603640,25.082500,正常,20260414T000000,20260108T135500,<1,https://gismobile.water.gov.taipei:8443/W/S.aspx?SD=1473b,https://gismobile.water.gov.taipei/WaterMap_drinkImg/1473b.JPG
1474,1474,東區,臺北市,公園步道,工程處,工務局大地工程處,碧湖步道,臺北市內湖區大湖街131巷新福本坑前,內湖,大地工程處道路步道科,27593001轉2312,0:00~24:00,新福本坑前,121.596030,25.090830,正常,20211201T090000,20260212T134800,<1,https://gismobile.water.gov.taipei:8443/W/S.aspx?SD=1474,https://gismobile.water.gov.taipei/WaterMap_drinkImg/1474.JPG
1475,1475,東區,臺北市,公園步道,工程處,工務局大地工程處,鯉魚山步道,臺北市內湖區碧山路33號旁,內湖,大地工程處道路步道科,27593001轉2312,0:00~24:00,碧山路33號旁,121.589240,25.095940,正常,20260414T000000,20260212T140800,<1,https://gismobile.water.gov.taipei:8443/W/S.aspx?SD=1475,https://gismobile.water.gov.taipei/WaterMap_drinkImg/1475.JPG
1476a,1476a,東區,臺北市,公園步道,公園處,工務局公園處,碧湖公園,臺北市內湖區內湖路2段103巷東側,內湖,工務局公園處花卉試驗中心內湖分隊,26586601,0:00~24:00,東側兒童遊戲區,121.585784,25.082067,正常,20211201T090000,20260212T142900,<1,https://gismobile.water.gov.taipei:8443/W/S.aspx?SD=1476a,https://gismobile.water.gov.taipei/WaterMap_drinkImg/1476a.JPG
1476b,1476b,東區,臺北市,公園步道,公園處,工務局公園處,碧湖公園,臺北市內湖區內湖路2段103巷東側,內湖,工務局公園處花卉試驗中心內湖分隊,26586601,0:00~24:00,西側涼亭旁,121.582477,25.080413,正常,20260414T000000,20260212T143600,<1,https://gismobile.water.gov.taipei:8443/W/S.aspx?SD=1476b,https://gismobile.water.gov.taipei/WaterMap_drinkImg/1476b.JPG
1477,1477,東區,臺北市,公園步道,公園處,工務局公園處,樂活公園,臺北市內湖區康樂街61巷10號對面,內湖,工務局公園處花卉試驗中心內湖分隊,26586601,0:00~24:00,東側兒童遊戲區,121.618985,25.068404,正常,20260414T000000,20260212T110900,<1,https://gismobile.water.gov.taipei:8443/W/S.aspx?SD=1477,https://gismobile.water.gov.taipei/WaterMap_drinkImg/1477.JPG
1479,1479,東區,臺北市,公園步道,公園處,工務局公園處,大港墘公園,臺北市內湖區瑞光路與港墘路口西北側,內湖,工務局公園處花卉試驗中心內湖分隊,26586601,0:00~24:00,瑞光路393巷內80公尺右邊,121.573580,25.077970,正常,20260414T000000,20260212T100700,<1,https://gismobile.water.gov.taipei:8443/W/S.aspx?SD=1479,https://gismobile.water.gov.taipei/WaterMap_drinkImg/1479.JPG
1481,1481,東區,臺北市,公園步道,公園處,臺北市內湖區公所,西康公園,臺北市內湖區內湖路一段217巷公車站牌旁,內湖,臺北市內湖區公所,27925828#289,0:00~24:00,內湖路一段217巷公車站牌旁,121.564208,25.083066,正常,20211201T090000,20260212T094900,<1,https://gismobile.water.gov.taipei:8443/W/S.aspx?SD=1481,https://gismobile.water.gov.taipei/WaterMap_drinkImg/1481.JPG
1482,1482,東區,臺北市,公園步道,公園處,臺北市內湖區公所,美善公園,臺北市內湖區行善路59巷40弄20號對面,內湖,臺北市內湖區公所,27925828#289,0:00~24:00,遊戲區旁,121.578650,25.057230,正常,20211201T090000,20260212T104100,<1,https://gismobile.water.gov.taipei:8443/W/S.aspx?SD=1482,https://gismobile.water.gov.taipei/WaterMap_drinkImg/1482.JPG
1483,1483,東區,臺北市,公園步道,公園處,臺北市內湖區公所,西康二號公園,臺北市內湖區環山路1段24巷內,內湖,臺北市內湖區公所,27925828#289,0:00~24:00,入口處,121.563833,25.084661,正常,20211201T090000,20260212T095500,<1,https://gismobile.water.gov.taipei:8443/W/S.aspx?SD=1483,https://gismobile.water.gov.taipei/WaterMap_drinkImg/1483.JPG
1484,1484,東區,臺北市,公園步道,公園處,工務局水利工程處東區右岸管理站,潭美綠地,臺北市內湖區潭美街155號對面,內湖,工務局水利工程處東區右岸管理站,27208889#2690,0:00~24:00,入口右手邊,121.581407,25.054217,正常,20260414T000000,20260312T104900,<1,https://gismobile.water.gov.taipei:8443/W/S.aspx?SD=1484,https://gismobile.water.gov.taipei/WaterMap_drinkImg/1484.JPG
1485a,1485a,東區,臺北市,公園步道,公園處,工務局公園處,明美公園,臺北市內湖區南京東路六段451巷57號對面,內湖,工務局公園處花卉試驗中心內湖分隊,26586601,0:00~24:00,遊戲區旁,121.586434,25.061942,正常,20211201T090000,20260212T102600,<1,https://gismobile.water.gov.taipei:8443/W/S.aspx?SD=1485a,https://gismobile.water.gov.taipei/WaterMap_drinkImg/1485a.JPG
1485b,1485b,東區,臺北市,公園步道,公園處,工務局公園處,明美公園,臺北市內湖區行善路333巷轉角,內湖,工務局公園處花卉試驗中心內湖分隊,26586601,0:00~24:00,步道旁,121.586854,25.060592,暫停,20260414T000000,20251113T104400,<1,https://gismobile.water.gov.taipei:8443/W/S.aspx?SD=1485b,https://gismobile.water.gov.taipei/WaterMap_drinkImg/1485b.JPG
1485c,1485c,東區,臺北市,公園步道,公園處,工務局公園處,明美公園,臺北市內湖區舊宗路一段2號對面步道腳踏車停車區旁,內湖,工務局公園處花卉試驗中心內湖分隊,26586601,0:00~24:00,腳踏車停放區旁,121.581594,25.057761,正常,20260414T000000,20260212T103400,<1,https://gismobile.water.gov.taipei:8443/W/S.aspx?SD=1485c,https://gismobile.water.gov.taipei/WaterMap_drinkImg/1485c.JPG
1486,1486,東區,臺北市,公園步道,公園處,臺北市內湖區公所,碧山公園,臺北市內湖區內湖路三段60巷,內湖,臺北市內湖區公所,27925828#289,0:00~24:00,入口處,121.591980,25.086830,正常,20211201T090000,20260312T140200,<1,https://gismobile.water.gov.taipei:8443/W/S.aspx?SD=1486,https://gismobile.water.gov.taipei/WaterMap_drinkImg/1486.JPG
1487,1487,東區,臺北市,公園步道,公園處,臺北市內湖區公所,東湖2號公園,臺北市內湖區康寧路三段99巷39弄27號對面,內湖,臺北市內湖區公所,27925828#289,0:00~24:00,籃球場旁,121.610877,25.073823,正常,20260414T000000,20260212T112700,<1,https://gismobile.water.gov.taipei:8443/W/S.aspx?SD=1487,https://gismobile.water.gov.taipei/WaterMap_drinkImg/1487.JPG
1488,1488,東區,臺北市,公園步道,公園處,臺北市內湖區公所,安泰公園,臺北市內湖區安泰街45巷16號前,內湖,臺北市內湖區公所,27925828#289,0:00~24:00,入口處,121.618478,25.074173,正常,20211201T090000,20260312T111700,<1,https://gismobile.water.gov.taipei:8443/W/S.aspx?SD=1488,https://gismobile.water.gov.taipei/WaterMap_drinkImg/1488.JPG
1489,1489,東區,臺北市,公園步道,公園處,臺北市內湖區公所,東湖1號公園,臺北市內湖區康寧路3段189巷,內湖,臺北市內湖區公所,27925828#289,0:00~24:00,東側入口處,121.612498,25.075776,正常,20260414T000000,20260312T114500,<1,https://gismobile.water.gov.taipei:8443/W/S.aspx?SD=1489,https://gismobile.water.gov.taipei/WaterMap_drinkImg/1489.JPG
1490,1490,東區,臺北市,公園步道,公園處,工務局公園處,港富公園,臺北市內湖區內湖路1段737巷8弄16號對面,內湖區,工務局公園處園藝東區,87916654,0:00~24:00,公園南側,121.577942,25.079629,正常,20260414T000000,20260108T113300,<1,https://gismobile.water.gov.taipei:8443/W/S.aspx?SD=1490,https://gismobile.water.gov.taipei/WaterMap_drinkImg/1490.JPG
1491,1491,東區,臺北市,公園步道,公園處,臺北市內湖區公所,金龍公園,臺北市內湖區金龍路112巷旁,內湖,臺北市內湖區公所,27925828#289,0:00~24:00,公園涼亭旁,121.590856,25.085484,正常,20260414T000000,20260212T141900,<1,https://gismobile.water.gov.taipei:8443/W/S.aspx?SD=1491,https://gismobile.water.gov.taipei/WaterMap_drinkImg/1491.JPG
1494,1494,東區,臺北市,公園步道,水利處,工務局水利工程處東區右岸管理站,成美右岸河濱公園,臺北市內湖區新明路291巷底對面水門內,內湖,工務局水利工程處東區右岸管理站,27208889#2690,0:00~24:00,壘球場旁,121.588194,25.057361,正常,20260414T000000,20260312T105400,<1,https://gismobile.water.gov.taipei:8443/W/S.aspx?SD=1494,https://gismobile.water.gov.taipei/WaterMap_drinkImg/1494.JPG
1495,1495,東區,臺北市,公園步道,公園處,臺北市內湖區公所,煙波庭公園,臺北市內湖區大湖街131巷18弄61號旁,內湖,臺北市內湖區公所,27925828#289,0:00~24:00,兒童遊戲場旁,121.599146,25.086536,正常,20260414T000000,20260212T135500,<1,https://gismobile.water.gov.taipei:8443/W/S.aspx?SD=1495,https://gismobile.water.gov.taipei/WaterMap_drinkImg/1495.JPG
1496,1496,東區,臺北市,公園步道,公園處,工務局公園處,石潭公園,臺北市內湖區成功路二段東側,內湖,工務局公園處花卉試驗中心內湖分隊,26586601,0:00~24:00,涼亭旁,121.592519,25.061746,正常,20211215T100000,20260312T110300,<1,https://gismobile.water.gov.taipei:8443/W/S.aspx?SD=1496,https://gismobile.water.gov.taipei/WaterMap_drinkImg/1496.JPG
1497,1497,東區,臺北市,公園步道,公園處,臺北市內湖區公所,湖山6號公園,臺北市內湖區大湖街166巷大湖派出所後方,內湖,臺北市內湖區公所,27925828#289,0:00~24:00,涼亭旁,121.601964,25.082843,正常,20211215T100000,20260312T134100,<1,https://gismobile.water.gov.taipei:8443/W/S.aspx?SD=1497,https://gismobile.water.gov.taipei/WaterMap_drinkImg/1497.JPG
1498,1498,東區,臺北市,公園步道,公園處,工務局公園處,成功公園,臺北市內湖區金湖路46巷,內湖,工務局公園處花卉試驗中心內湖分隊,26586601,0:00~24:00,兒童遊戲場旁,121.597298,25.082765,正常,20260414T000000,20260312T135300,<1,https://gismobile.water.gov.taipei:8443/W/S.aspx?SD=1498,https://gismobile.water.gov.taipei/WaterMap_drinkImg/1498.JPG
1499,1499,東區,臺北市,公園步道,水利處,工務局水利工程處東區右岸管理站,大溝溪生態園區,臺北市內湖區大湖山莊街241號旁,內湖區,工務局水利工程處東區右岸管理站,27208889#2690,0:00~24:00,園區入口,121.598640,25.088759,正常,20250102T112000,20260212T134100,<1,https://gismobile.water.gov.taipei:8443/W/S.aspx?SD=1499,https://gismobile.water.gov.taipei/WaterMap_drinkImg/1499.JPG
1528,1528,陽明,臺北市,公園步道,公園處,工務局公園處,前山公園,臺北市北投區建國街4號,北投,工務局公園處花卉試驗中心,26586601,0:00~24:00,籃球場旁,121.548623,25.150675,正常,20260414T000000,20260115T104500,<1,https://gismobile.water.gov.taipei:8443/W/S.aspx?SD=1528,https://gismobile.water.gov.taipei/WaterMap_drinkImg/1528.JPG
1528a,1528a,陽明,臺北市,公園步道,公園處,工務局公園處,前山公園,臺北市北投區建國街5-1號對面,北投,工務局公園處花卉試驗中心,26586601,0:00~24:00,籃球場旁,121.548647,25.150488,正常,20260414T000000,20260115T104000,<1,https://gismobile.water.gov.taipei:8443/W/S.aspx?SD=1528a,https://gismobile.water.gov.taipei/WaterMap_drinkImg/1528a.JPG
1545,1545,陽明,臺北市,公園步道,產發局,產發局公用事業科,泉源公園,臺北市北投區珠海路155號,北投,產發局公用事業科,1999轉3285/1005,0:00~24:00,義方國小對面,121.509680,25.141778,正常,20260414T000000,20260115T141800,<1,https://gismobile.water.gov.taipei:8443/W/S.aspx?SD=1545,https://gismobile.water.gov.taipei/WaterMap_drinkImg/1545.JPG
1546,1546,陽明,臺北市,公園步道,產發局,產發局公用事業科,復興公園,臺北市北投區珠海路與中和街口附近,北投,產發局公用事業科,1999轉3285/1005,0:00~24:00,泡腳池,121.502129,25.138884,正常,20260414T000000,20260115T134700,<1,https://gismobile.water.gov.taipei:8443/W/S.aspx?SD=1546,https://gismobile.water.gov.taipei/WaterMap_drinkImg/1546.JPG
1546a,1546a,陽明,臺北市,公園步道,公園處,工務局公園處,復興公園,臺北市北投區珠海路48號對面,北投,工務局公園處陽明山管理所,28832130,0:00~24:00,入口步道旁,121.502700,25.138730,正常,20260414T000000,20260115T134000,<1,https://gismobile.water.gov.taipei:8443/W/S.aspx?SD=1546a,https://gismobile.water.gov.taipei/WaterMap_drinkImg/1546a.JPG
1546b,1546b,陽明,臺北市,公園步道,公園處,工務局公園處,復興公園,臺北市北投區珠海路與中和街口附近,北投,工務局公園處陽明山管理所,28832130,0:00~24:00,運動場旁邊,121.503192,25.139360,正常,20260414T000000,20260115T133300,<1,https://gismobile.water.gov.taipei:8443/W/S.aspx?SD=1546b,https://gismobile.water.gov.taipei/WaterMap_drinkImg/1546b.JPG
1547,1547,陽明,臺北市,公園步道,產發局,產發局公用事業科,硫磺谷遊憩區,臺北市北投區泉源路,北投,產發局公用事業科,1999轉3285/1005,0:00~24:00,泡腳池,121.521732,25.143613,暫停,20260414T000000,20260115T113100,<1,https://gismobile.water.gov.taipei:8443/W/S.aspx?SD=1547,https://gismobile.water.gov.taipei/WaterMap_drinkImg/1547.JPG
1548,1548,陽明,臺北市,公園步道,公園處,工務局公園處,七星公園,臺北市北投區光明路157巷2弄(七虎公園旁).,北投,工務局公園處陽明山管理所,28832130,0:00~24:00,電梯旁,121.502366,25.136538,正常,20260414T000000,20260115T141100,<1,https://gismobile.water.gov.taipei:8443/W/S.aspx?SD=1548,https://gismobile.water.gov.taipei/WaterMap_drinkImg/1548.JPG
1549a,1549a,陽明,臺北市,公園步道,公園處,工務局公園處,北投公園,臺北市北投區光明路251號,北投,工務局公園處陽明山管理所,28832130,0:00~24:00,圖書館旁,121.506389,25.136055,正常,20260414T000000,20260115T140200,<1,https://gismobile.water.gov.taipei:8443/W/S.aspx?SD=1549a,https://gismobile.water.gov.taipei/WaterMap_drinkImg/1549a.JPG
1549b,1549b,陽明,臺北市,公園步道,公園處,工務局公園處,北投公園,臺北市北投區中山路2號,北投,工務局公園處陽明山管理所,28832130,0:00~24:00,天玥泉會館對面涼亭,121.505320,25.136900,正常,20211201T090000,20260115T135700,<1,https://gismobile.water.gov.taipei:8443/W/S.aspx?SD=1549b,https://gismobile.water.gov.taipei/WaterMap_drinkImg/1549b.JPG
1550a,1550a,陽明,臺北市,公園步道,公園處,臺北市市場處,大豐公園,臺北市北投區磺港路90號對面,北投,臺北市市場處,25505220#2125,0:00~24:00,籃球場旁,121.503900,25.131110,正常,20260414T000000,20260205T152500,<1,https://gismobile.water.gov.taipei:8443/W/S.aspx?SD=1550a,https://gismobile.water.gov.taipei/WaterMap_drinkImg/1550a.JPG
1551,1551,陽明,臺北市,公園步道,公園處,工務局公園處,榮華公園,臺北市北投區明德路150巷17-1號,北投,工務局公園處陽明山管理所,28832130,0:00~24:00,籃球場旁,121.521455,25.110239,正常,20260414T000000,20260106T151900,<1,https://gismobile.water.gov.taipei:8443/W/S.aspx?SD=1551,https://gismobile.water.gov.taipei/WaterMap_drinkImg/1551.JPG
1551a,1551a,陽明,臺北市,公園步道,公園處,工務局公園處,榮華公園,臺北市北投區榮華一路20巷口對面,北投,工務局公園處陽明山管理所,28832130,0:00~24:00,休憩涼亭旁,121.522926,25.111350,正常,20211201T090000,20260106T152500,<1,https://gismobile.water.gov.taipei:8443/W/S.aspx?SD=1551a,https://gismobile.water.gov.taipei/WaterMap_drinkImg/1551a.JPG
1552,1552,陽明,臺北市,場館,水利處,工務局水利工程處北區左岸管理站,關渡宮,臺北市北投區知行路360號,北投,工務局水利工程處北區左岸管理站,27208889#2691,0:00~24:00,廁所旁,121.462529,25.118505,正常,20260414T000000,20260115T150300,<1,https://gismobile.water.gov.taipei:8443/W/S.aspx?SD=1552,https://gismobile.water.gov.taipei/WaterMap_drinkImg/1552.JPG
1553,1553,陽明,臺北市,公園步道,公園處,工務局公園處,中央公園,臺北市北投區大業路300巷33-1號旁,北投,工務局公園處陽明山管理所,28832130,0:00~24:00,籃球場旁,121.499739,25.128820,正常,20211201T090000,20260115T143400,<1,https://gismobile.water.gov.taipei:8443/W/S.aspx?SD=1553,https://gismobile.water.gov.taipei/WaterMap_drinkImg/1553.JPG
1554,1554,陽明,臺北市,公園步道,公園處,工務局公園處,北投火車站,臺北市北投區大業路700號對面,北投,工務局公園處陽明山管理所,28832130,0:00~24:00,休憩座椅旁,121.503500,25.136700,正常,20260414T000000,20260115T140600,<1,https://gismobile.water.gov.taipei:8443/W/S.aspx?SD=1554,https://gismobile.water.gov.taipei/WaterMap_drinkImg/1554.JPG
1555,1555,陽明,臺北市,公園步道,工程處,工務局大地工程處,橫嶺古道,臺北市北投區湖底路114號,北投,大地工程處道路步道科,27593001轉2312,0:00~24:00,湖山路湖底路交口,121.541661,25.151549,正常,20220217T100000,20260205T101800,<1,https://gismobile.water.gov.taipei:8443/W/S.aspx?SD=1555,https://gismobile.water.gov.taipei/WaterMap_drinkImg/1555.JPG
1557,1557,陽明,臺北市,公園步道,區公所,臺北市北投區公所,知行公園,臺北市北投區知行路255巷旁.,北投,臺北市北投區公所,2891-2105#289,0:00~24:00,公園,121.466621,25.119476,正常,20211201T090000,20260115T144700,<1,https://gismobile.water.gov.taipei:8443/W/S.aspx?SD=1557,https://gismobile.water.gov.taipei/WaterMap_drinkImg/1557.JPG
1559,1559,陽明,臺北市,公園步道,公園處,工務局公園處,湖山秘境,陽明山國家公園第2停車場內,北投區,工務局公園處花卉試驗中心,26586601,0:00~24:00,第2停車場內,121.543504,25.154020,正常,20260414T000000,20260205T110300,<1,https://gismobile.water.gov.taipei:8443/W/S.aspx?SD=1559,https://gismobile.water.gov.taipei/WaterMap_drinkImg/1559.JPG
1560,1560,陽明,臺北市,公園步道,區公所,臺北市北投區公所,長安公園,臺北市北投區育仁路117號對面,北投,臺北市北投區公所,2891-2105#289,0:00~24:00,涼亭旁,121.500221,25.135378,正常,20260414T000000,20260205T143500,<1,https://gismobile.water.gov.taipei:8443/W/S.aspx?SD=1560,https://gismobile.water.gov.taipei/WaterMap_drinkImg/1560.JPG
1561,1561,陽明,臺北市,公園步道,公園處,工務局公園處,磺港公園,臺北市北投區磺港路與大興路交叉口,北投,工務局公園處陽明山管理所,28832130,0:00~24:00,公園,121.504388,25.130996,暫停,20260414T000000,20250522T143700,<1,https://gismobile.water.gov.taipei:8443/W/S.aspx?SD=1561,https://gismobile.water.gov.taipei/WaterMap_drinkImg/1561.JPG
1562,1562,陽明,臺北市,公園步道,公園處,工務局公園處,丹鳳公園,臺北市北投區公館路255巷19弄20號,北投,工務局公園處陽明山管理所,28832130,0:00~24:00,水表箱旁,121.510611,25.126522,正常,20211201T090000,20260205T153400,<1,https://gismobile.water.gov.taipei:8443/W/S.aspx?SD=1562,https://gismobile.water.gov.taipei/WaterMap_drinkImg/1562.JPG
1563,1563,陽明,臺北市,公園步道,公園處,工務局公園處,崇仰公園,臺北市北投區公館路255巷19弄30號,北投,工務局公園處陽明山管理所,28832130,0:00~24:00,步道旁,121.511149,25.125853,正常,20260414T000000,20260205T153900,<1,https://gismobile.water.gov.taipei:8443/W/S.aspx?SD=1563,https://gismobile.water.gov.taipei/WaterMap_drinkImg/1563.JPG
1564,1564,陽明,臺北市,公園步道,公園處,工務局公園處,忠義公園,臺北市北投區中央北路四段32號旁,北投,工務局公園處陽明山管理所,28832130,0:00~24:00,公園,121.477761,25.135104,正常,20211201T090000,20260205T150500,<1,https://gismobile.water.gov.taipei:8443/W/S.aspx?SD=1564,https://gismobile.water.gov.taipei/WaterMap_drinkImg/1564.JPG
1565,1565,陽明,臺北市,公園步道,公園處,工務局公園處,永欣綠地,臺北市北投區天母北路105巷口,北投,工務局公園處陽明山管理所,28832130,0:00~24:00,永欣綠地石牌旁,121.526813,25.123883,正常,20211201T090000,20260205T140200,<1,https://gismobile.water.gov.taipei:8443/W/S.aspx?SD=1565,https://gismobile.water.gov.taipei/WaterMap_drinkImg/1565.JPG
1566,1566,陽明,臺北市,公園步道,區公所,臺北市北投區公所,同德公園,臺北市北投區同德街23巷口,北投,臺北市北投區公所,2891-2105#289,0:00~24:00,同德公園拱門旁,121.529403,25.125454,正常,20260414T000000,20260205T141000,<1,https://gismobile.water.gov.taipei:8443/W/S.aspx?SD=1566,https://gismobile.water.gov.taipei/WaterMap_drinkImg/1566.JPG
1567,1567,北區,臺北市,公園步道,區公所,臺北市北投區公所,致遠公園,臺北市北投區致遠1路二段(自強市場旁).,北投,臺北市北投區公所,2891-2105#289,0:00~24:00,兒童遊憩區,121.514855,25.111162,正常,20260414T000000,20260212T113100,<1,https://gismobile.water.gov.taipei:8443/W/S.aspx?SD=1567,https://gismobile.water.gov.taipei/WaterMap_drinkImg/1567.JPG
1568,1568,陽明,臺北市,公園步道,區公所,臺北市北投區公所,建民公園,臺北市北投區文林北路16巷7號對面.,北投,臺北市北投區公所,2891-2105#289,0:00~24:00,入口處,121.520134,25.105669,正常,20260414T000000,20260212T111800,<1,https://gismobile.water.gov.taipei:8443/W/S.aspx?SD=1568,https://gismobile.water.gov.taipei/WaterMap_drinkImg/1568.JPG
1569,1569,陽明,臺北市,公園步道,區公所,臺北市北投區公所,豐年公園,臺北市北投區中央北路2段及大業路交口,北投,臺北市北投區公所,2891-2105#289,0:00~24:00,豐年公園涼亭旁,121.496593,25.136020,正常,20260414T000000,20260205T151700,<1,https://gismobile.water.gov.taipei:8443/W/S.aspx?SD=1569,https://gismobile.water.gov.taipei/WaterMap_drinkImg/1569.JPG
1570,1570,陽明,臺北市,公園步道,工程處,工務局大地工程處,風尾步道,臺北市北投區東昇路68-15號路口,北投區,大地工程處道路步道科,27593001轉2312,0:00~24:00,東昇路68-15號路口,121.528891,25.154397,正常,20260414T000000,20260205T103000,<1,https://gismobile.water.gov.taipei:8443/W/S.aspx?SD=1570,https://gismobile.water.gov.taipei/WaterMap_drinkImg/1570.JPG
1573,1573,陽明,臺北市,公園步道,公園處,工務局公園處,重三公園,臺北市北投區稻香路及重三路交口,北投,工務局公園處陽明山管理所,28832130,0:00~24:00,重三公園銘牌旁,121.489143,25.140148,正常,20211201T090000,20260205T145200,<1,https://gismobile.water.gov.taipei:8443/W/S.aspx?SD=1573,https://gismobile.water.gov.taipei/WaterMap_drinkImg/1573.JPG
1574,1574,陽明,臺北市,公園步道,公園處,工務局公園處,新興公園,臺北市北投區新興路146號對面,北投,工務局公園處陽明山管理所,28832130,0:00~24:00,新興公園路燈旁,121.487028,25.139539,正常,20260414T000000,20260205T145700,<1,https://gismobile.water.gov.taipei:8443/W/S.aspx?SD=1574,https://gismobile.water.gov.taipei/WaterMap_drinkImg/1574.JPG
1575,1575,陽明,臺北市,公園步道,區公所,臺北市北投區公所,文化公園,臺北市北投區中央北路2段及文化三路交口,北投,臺北市北投區公所,2891-2105#289,0:00~24:00,文化公園溜滑梯旁,121.496627,25.136765,正常,20260414T000000,20260205T144300,<1,https://gismobile.water.gov.taipei:8443/W/S.aspx?SD=1575,https://gismobile.water.gov.taipei/WaterMap_drinkImg/1575.JPG
1576,1576,陽明,臺北市,公園步道,區公所,臺北市北投區公所,榮光公園,臺北市北投區石牌路1段(石牌國中對面).,北投,臺北市北投區公所,2891-2105#289,0:00~24:00,公園步道旁,121.514300,25.114290,正常,20260414T000000,20260212T113800,<1,https://gismobile.water.gov.taipei:8443/W/S.aspx?SD=1576,https://gismobile.water.gov.taipei/WaterMap_drinkImg/1576.JPG
1577a,1577a,陽明,臺北市,公園步道,公園處,工務局公園處,石牌公園,臺北市北投區石牌路1段39巷內,北投,工務局公園處陽明山管理所,28832130,0:00~24:00,人行道旁,121.510172,25.116738,正常,20211201T090000,20260212T144400,<1,https://gismobile.water.gov.taipei:8443/W/S.aspx?SD=1577a,https://gismobile.water.gov.taipei/WaterMap_drinkImg/1577a.JPG
1577b,1577b,陽明,臺北市,公園步道,公園處,工務局公園處,石牌公園,臺北市北投區石牌路1段39巷內,北投,工務局公園處陽明山管理所,28832130,0:00~24:00,兒童遊戲區旁,121.509729,25.117514,正常,20211201T090000,20260212T143300,<1,https://gismobile.water.gov.taipei:8443/W/S.aspx?SD=1577b,https://gismobile.water.gov.taipei/WaterMap_drinkImg/1577b.JPG
1577c,1577c,陽明,臺北市,公園步道,公園處,工務局公園處,石牌公園,臺北市北投區尊賢街218巷54號旁,北投,工務局公園處陽明山管理所,28832130,0:00~24:00,涼亭旁,121.509019,25.117245,正常,20220112T100000,20260212T143800,<1,https://gismobile.water.gov.taipei:8443/W/S.aspx?SD=1577c,https://gismobile.water.gov.taipei/WaterMap_drinkImg/1577c.JPG
1578,1578,陽明,臺北市,公園步道,公園處,工務局公園處,立農公園,臺北市北投區承德路七段與吉利街,北投,工務局公園處陽明山管理所,28832130,0:00~24:00,公園步道旁,121.503541,25.119272,正常,20260414T000000,20260212T141500,<1,https://gismobile.water.gov.taipei:8443/W/S.aspx?SD=1578,https://gismobile.water.gov.taipei/WaterMap_drinkImg/1578.JPG
1579,1579,陽明,臺北市,公園步道,區公所,臺北市北投區公所,中庸公園,臺北市北投區雙全街50號對面,北投,臺北市北投區公所,2891-2105#289,0:00~24:00,公園,121.501180,25.138020,正常,20211201T090000,20260205T142900,<1,https://gismobile.water.gov.taipei:8443/W/S.aspx?SD=1579,https://gismobile.water.gov.taipei/WaterMap_drinkImg/1579.JPG
1580,1580,陽明,臺北市,公園步道,區公所,臺北市北投區公所,吉利公園,臺北市北投區吉利街149巷旁.,北投,臺北市北投區公所,2891-2105#289,0:00~24:00,公園人行道旁,121.507678,25.119065,正常,20260414T000000,20260212T142400,<1,https://gismobile.water.gov.taipei:8443/W/S.aspx?SD=1580,https://gismobile.water.gov.taipei/WaterMap_drinkImg/1580.JPG
1581,1581,陽明,臺北市,公園步道,公園處,工務局水利工程處北區左岸管理站,稻香運動步道,臺北市北投區中央北路2段132號旁,北投,工務局水利工程處北區左岸管理站,27208889#2691,0:00~24:00,入口處左側,121.491510,25.138672,正常,20231129T100000,20260323T095900,<1,https://gismobile.water.gov.taipei:8443/W/S.aspx?SD=1581,https://gismobile.water.gov.taipei/WaterMap_drinkImg/1581.JPG
1582,1582,陽明,臺北市,公園步道,公園處,工務局公園處,奇岩1號公園,臺北市北投區三合街1段82巷61弄22號對面,北投,工務局公園處陽明山管理所,28832130,0:00~24:00,公園中央圓形廣場旁,121.503760,25.128490,暫停,20260414T000000,20250821T132800,<1,https://gismobile.water.gov.taipei:8443/W/S.aspx?SD=1582,https://gismobile.water.gov.taipei/WaterMap_drinkImg/1582.JPG
1583,1583,陽明,臺北市,公園步道,公園處,工務局公園處,奇岩2號公園,臺北市北投區三合街1段117巷38弄18號,北投,工務局公園處陽明山管理所,28832130,0:00~24:00,公廁旁,121.503650,25.125150,暫停,20260414T000000,20230807T150700,<1,https://gismobile.water.gov.taipei:8443/W/S.aspx?SD=1583,https://gismobile.water.gov.taipei/WaterMap_drinkImg/1583.JPG
1584,1584,陽明,臺北市,公園步道,公園處,工務局公園處,北投公館公園,臺北市北投區三合街1段82巷50弄與36巷口,北投,工務局公園處陽明山管理所,28832130,0:00~24:00,公園西北角入口,121.505910,25.128325,正常,20211201T090000,20260212T151200,<1,https://gismobile.water.gov.taipei:8443/W/S.aspx?SD=1584,https://gismobile.water.gov.taipei/WaterMap_drinkImg/1584.JPG
1585,1585,陽明,臺北市,公園步道,公園處,工務局公園處,奇岩3號公園,臺北市北投區三合街1段117巷(公園北側入口),北投,工務局公園處陽明山管理所,28832130,0:00~24:00,公園西北角入口,121.504380,25.125960,正常,20211201T090000,20260212T145800,<1,https://gismobile.water.gov.taipei:8443/W/S.aspx?SD=1585,https://gismobile.water.gov.taipei/WaterMap_drinkImg/1585.JPG
1588,1588,陽明,臺北市,公園步道,公園處,工務局公園處,振興公園,臺北市北投區天母西路109號對面,北投,工務局公園處陽明山管理所,28832130,0:00~24:00,入口步道旁/公車站旁,121.523485,25.118652,正常,20260414T000000,20260323T112600,<1,https://gismobile.water.gov.taipei:8443/W/S.aspx?SD=1588,https://gismobile.water.gov.taipei/WaterMap_drinkImg/1588.JPG
1589b,1589b,陽明,臺北市,公園步道,公園處,工務局公園處,榮富公園,臺北市北投區榮華3路3-2號旁,北投,工務局公園處陽明山管理所,28832130,0:00~24:00,廣場旁,121.524287,25.113412,正常,20231226T100000,20260323T113200,<1,https://gismobile.water.gov.taipei:8443/W/S.aspx?SD=1589b,https://gismobile.water.gov.taipei/WaterMap_drinkImg/1589b.JPG
1590,1590,陽明,臺北市,商圈夜市,行義路溫泉特定區1,台北市紗帽山溫泉發展協會,行義路溫泉特定區1,臺北市北投區行義路402巷,北投區,台北市紗帽山溫泉發展協會,28623688,0:00~24:00,澄月橋旁,121.529850,25.140800,正常,20260414T000000,20260115T111100,<1,https://gismobile.water.gov.taipei:8443/W/S.aspx?SD=1590,https://gismobile.water.gov.taipei/WaterMap_drinkImg/1590.JPG
1591,1591,陽明,臺北市,公園步道,公園處,工務局公園處,振華公園,臺北市北投區振華街24號對面,北投,工務局公園處陽明山管理所,28832130,0:00~24:00,廣場東側步道榕樹旁,121.519106,25.115271,暫停,20260414T000000,20210303T110500,<1,https://gismobile.water.gov.taipei:8443/W/S.aspx?SD=1591,https://gismobile.water.gov.taipei/WaterMap_drinkImg/1591.JPG
1593,1593,陽明,臺北市,公園步道,公園處,工務局公園處,唭哩岸站線型綠地,臺北市北投區北投路一段20號旁,北投,工務局公園處園藝工程隊,23815132＃318,0:00~24:00,西安橋下,121.501589,25.123143,正常,20260414T000000,20260323T110300,<1,https://gismobile.water.gov.taipei:8443/W/S.aspx?SD=1593,https://gismobile.water.gov.taipei/WaterMap_drinkImg/1593.JPG
1595,1595,陽明,臺北市,公園步道,公園處,工務局公園處,奇岩4號綠地,臺北市北投區公館路308巷16號旁,北投,工務局公園處園藝工程隊,23815132＃318,0:00~24:00,清江國小旁,121.505886,25.125355,正常,20211215T100000,20260212T150300,<1,https://gismobile.water.gov.taipei:8443/W/S.aspx?SD=1595,https://gismobile.water.gov.taipei/WaterMap_drinkImg/1595.JPG
1597,1597,陽明,臺北市,公園步道,水利處,工務局水利工程處北區左岸管理站,貴子坑溪河堤,臺北市北投區中和街525巷10弄與貴子坑溪交口,北投,工務局水利工程處北區左岸管理站,27208889#2691,0:00~24:00,河堤步道口,121.492569,25.144520,正常,20231129T100000,20260323T100600,<1,https://gismobile.water.gov.taipei:8443/W/S.aspx?SD=1597,https://gismobile.water.gov.taipei/WaterMap_drinkImg/1597.JPG
1598,1598,陽明,臺北市,商圈夜市,水利處,工務局水利工程處北區右岸管理站,關渡碼頭貨櫃市集,臺北市北投區知行路360-1號,北投區,工務局水利工程處北區右岸管理站,27208889#2690,0:00~24:00,關渡碼頭貨櫃屋前,121.462320,25.121270,正常,20250526T102000,20260115T145400,<1,https://gismobile.water.gov.taipei:8443/W/S.aspx?SD=1598,https://gismobile.water.gov.taipei/WaterMap_drinkImg/1598.JPG
1599,1599,陽明,臺北市,商圈夜市,行義路溫泉特定區2,台北市紗帽山溫泉發展協會,行義路溫泉特定區2,臺北市北投區行義路402巷,北投區,台北市紗帽山溫泉發展協會,28623688,0:00~24:00,巷口處,121.528370,25.138430,正常,20260414T000000,20260115T112000,<1,https://gismobile.water.gov.taipei:8443/W/S.aspx?SD=1599,https://gismobile.water.gov.taipei/WaterMap_drinkImg/1599.JPG
1626,1626,陽明,臺北市,公園步道,公園處,工務局公園處,天母公園,臺北市士林區中山北路7段181巷,士林,工務局公園處陽明山管理所,28832130,0:00~24:00,籃球場旁,121.530440,25.125340,正常,20260414T000000,20260106T113800,<1,https://gismobile.water.gov.taipei:8443/W/S.aspx?SD=1626,https://gismobile.water.gov.taipei/WaterMap_drinkImg/1626.JPG
1626a,1626a,陽明,臺北市,公園步道,公園處,工務局公園處,天母公園,臺北市士林區中山北路七段219巷1號,士林,工務局公園處陽明山管理所,28832130,0:00~24:00,堉琪橋旁,121.531703,25.128143,正常,20260414T000000,20260106T112900,<1,https://gismobile.water.gov.taipei:8443/W/S.aspx?SD=1626a,https://gismobile.water.gov.taipei/WaterMap_drinkImg/1626a.JPG
1701a,1701a,陽明,新北市,捷運站,淡水信義線,臺北大眾捷運股份有限公司,淡水站,新北市淡水區中正路1號,淡水,臺北大眾捷運股份有限公司(紅綠線),25363001#8653,06:00~23:00,1號出口,121.445229,25.168235,正常,20260414T000000,20260304T134500,<1,https://gismobile.water.gov.taipei:8443/W/S.aspx?SD=1701a,https://gismobile.water.gov.taipei/WaterMap_drinkImg/1701a.JPG
1701b,1701b,陽明,新北市,捷運站,淡水信義線,臺北大眾捷運股份有限公司,淡水站,新北市淡水區中正路1號,淡水,臺北大眾捷運股份有限公司(紅綠線),25363001#8653,06:00~23:00,1號出口,121.445229,25.168235,正常,20260414T000000,20260304T135000,<1,https://gismobile.water.gov.taipei:8443/W/S.aspx?SD=1701b,https://gismobile.water.gov.taipei/WaterMap_drinkImg/1701b.JPG
1701c,1701c,陽明,新北市,捷運站,淡水信義線,臺北大眾捷運股份有限公司,淡水站,新北市淡水區中正路1號,淡水,臺北大眾捷運股份有限公司(紅綠線),25363001#8653,06:00~23:00,1號出口,121.445229,25.168235,正常,20260414T000000,20260304T135500,<1,https://gismobile.water.gov.taipei:8443/W/S.aspx?SD=1701c,https://gismobile.water.gov.taipei/WaterMap_drinkImg/1701c.JPG
1702,1702,陽明,新北市,捷運站,淡水信義線,臺北大眾捷運股份有限公司,紅樹林站,新北市淡水區中正東路2段68號,淡水,臺北大眾捷運股份有限公司(紅綠線),25363001#8653,06:00~23:00,1號出口,121.459027,25.154144,正常,20211201T090000,20260304T133000,<1,https://gismobile.water.gov.taipei:8443/W/S.aspx?SD=1702,https://gismobile.water.gov.taipei/WaterMap_drinkImg/1702.JPG
1703,1703,陽明,新北市,捷運站,淡水信義線,臺北大眾捷運股份有限公司,竹圍站,新北市淡水區民權路50號,淡水,臺北大眾捷運股份有限公司(紅綠線),25363001#8653,06:00~23:00,1號出口,121.459651,25.137049,正常,20220113T100000,20260304T131500,<1,https://gismobile.water.gov.taipei:8443/W/S.aspx?SD=1703,https://gismobile.water.gov.taipei/WaterMap_drinkImg/1703.JPG
1704,1704,陽明,臺北市,捷運站,淡水信義線,臺北大眾捷運股份有限公司,關渡站,臺北市北投區大度路3段296巷51號,北投,臺北大眾捷運股份有限公司(紅綠線),25363001#8653,06:00~23:00,1號出口,121.467283,25.125539,正常,20211201T090000,20260304T114500,<1,https://gismobile.water.gov.taipei:8443/W/S.aspx?SD=1704,https://gismobile.water.gov.taipei/WaterMap_drinkImg/1704.JPG
1705,1705,陽明,臺北市,捷運站,淡水信義線,臺北大眾捷運股份有限公司,忠義站,臺北市北投區中央北路4段301號,北投,臺北大眾捷運股份有限公司(紅綠線),25363001#8653,06:00~23:00,出口右側,121.473214,25.131062,正常,20211201T090000,20260304T112500,<1,https://gismobile.water.gov.taipei:8443/W/S.aspx?SD=1705,https://gismobile.water.gov.taipei/WaterMap_drinkImg/1705.JPG
1706,1706,陽明,臺北市,捷運站,淡水信義線,臺北大眾捷運股份有限公司,復興崗站,臺北市北投區中央北路3段53巷10號,北投,臺北大眾捷運股份有限公司(紅綠線),25363001#8653,06:00~23:00,1號出口,121.485365,25.137660,正常,20260414T000000,20260304T110500,<1,https://gismobile.water.gov.taipei:8443/W/S.aspx?SD=1706,https://gismobile.water.gov.taipei/WaterMap_drinkImg/1706.JPG
1707,1707,陽明,臺北市,捷運站,淡水信義線,臺北大眾捷運股份有限公司,新北投站,臺北市北投區大業路700號,北投,臺北大眾捷運股份有限公司(紅綠線),25363001#8653,06:00~23:00,出口右側,121.503430,25.136996,正常,20211201T090000,20260304T103000,<1,https://gismobile.water.gov.taipei:8443/W/S.aspx?SD=1707,https://gismobile.water.gov.taipei/WaterMap_drinkImg/1707.JPG
1707a,1707a,陽明,臺北市,捷運站,淡水信義線,臺北大眾捷運股份有限公司,新北投站,臺北市北投區大業路700號,北投,臺北大眾捷運股份有限公司(紅綠線),25363001#8653,06:00~23:00,出口右側,121.503430,25.136996,正常,20211217T100000,20260304T103500,<1,https://gismobile.water.gov.taipei:8443/W/S.aspx?SD=1707a,https://gismobile.water.gov.taipei/WaterMap_drinkImg/1707a.JPG
1708,1708,陽明,臺北市,捷運站,淡水信義線,臺北大眾捷運股份有限公司,北投站,臺北市北投區光明路1號,北投,臺北大眾捷運股份有限公司(紅綠線),25363001#8653,06:00~23:00,出口右側,121.498234,25.132068,正常,20211201T090000,20260304T100500,<1,https://gismobile.water.gov.taipei:8443/W/S.aspx?SD=1708,https://gismobile.water.gov.taipei/WaterMap_drinkImg/1708.JPG
1708a,1708a,陽明,臺北市,捷運站,淡水信義線,臺北大眾捷運股份有限公司,北投站,臺北市北投區光明路1號,北投,臺北大眾捷運股份有限公司(紅綠線),25363001#8653,06:00~23:00,出口右側,121.498234,25.132068,正常,20211217T100000,20260304T102000,<1,https://gismobile.water.gov.taipei:8443/W/S.aspx?SD=1708a,https://gismobile.water.gov.taipei/WaterMap_drinkImg/1708a.JPG
1709,1709,陽明,臺北市,捷運站,淡水信義線,臺北大眾捷運股份有限公司,奇岩站,臺北市北投區三合街2段487號,北投,臺北大眾捷運股份有限公司(紅綠線),25363001#8653,06:00~23:00,出口右側,121.500942,25.126100,正常,20211201T090000,20260304T093000,<1,https://gismobile.water.gov.taipei:8443/W/S.aspx?SD=1709,https://gismobile.water.gov.taipei/WaterMap_drinkImg/1709.JPG
1709a,1709a,陽明,臺北市,捷運站,淡水信義線,臺北大眾捷運股份有限公司,奇岩站,臺北市北投區三合街2段487號,北投,臺北大眾捷運股份有限公司(紅綠線),25363001#8653,06:00~23:00,出口右側,121.500942,25.126100,正常,20211217T100000,20260304T094000,<1,https://gismobile.water.gov.taipei:8443/W/S.aspx?SD=1709a,https://gismobile.water.gov.taipei/WaterMap_drinkImg/1709a.JPG
1710,1710,陽明,臺北市,捷運站,淡水信義線,臺北大眾捷運股份有限公司,唭哩岸站,臺北市北投區東華街2段301號,北投,臺北大眾捷運股份有限公司(紅綠線),25363001#8653,06:00~23:00,出口1,121.507020,25.120780,正常,20211201T090000,20260302T144000,<1,https://gismobile.water.gov.taipei:8443/W/S.aspx?SD=1710,https://gismobile.water.gov.taipei/WaterMap_drinkImg/1710.JPG
1710a,1710a,陽明,臺北市,捷運站,淡水信義線,臺北大眾捷運股份有限公司,唭哩岸站,臺北市北投區東華街2段301號,北投,臺北大眾捷運股份有限公司(紅綠線),25363001#8653,06:00~23:00,出口1,121.507020,25.120780,正常,20211217T100000,20260302T144500,<1,https://gismobile.water.gov.taipei:8443/W/S.aspx?SD=1710a,https://gismobile.water.gov.taipei/WaterMap_drinkImg/1710a.JPG
1711,1711,陽明,臺北市,捷運站,淡水信義線,臺北大眾捷運股份有限公司,石牌站,臺北市北投區石牌路1段200號,北投,臺北大眾捷運股份有限公司(紅綠線),25363001#8653,06:00~23:00,出口1,121.515189,25.114852,正常,20211201T090000,20260302T142000,<1,https://gismobile.water.gov.taipei:8443/W/S.aspx?SD=1711,https://gismobile.water.gov.taipei/WaterMap_drinkImg/1711.JPG
1711a,1711a,陽明,臺北市,捷運站,淡水信義線,臺北大眾捷運股份有限公司,石牌站,臺北市北投區石牌路1段200號,北投,臺北大眾捷運股份有限公司(紅綠線),25363001#8653,06:00~23:00,出口1,121.515189,25.114852,正常,20211217T100000,20260302T142500,<1,https://gismobile.water.gov.taipei:8443/W/S.aspx?SD=1711a,https://gismobile.water.gov.taipei/WaterMap_drinkImg/1711a.JPG
1712,1712,陽明,臺北市,捷運站,淡水信義線,臺北大眾捷運股份有限公司,明德站,臺北市北投區明德路95號,北投,臺北大眾捷運股份有限公司(紅綠線),25363001#8653,06:00~23:00,出口左側,121.519024,25.109317,正常,20211201T090000,20260302T141000,<1,https://gismobile.water.gov.taipei:8443/W/S.aspx?SD=1712,https://gismobile.water.gov.taipei/WaterMap_drinkImg/1712.JPG
1713,1713,陽明,臺北市,捷運站,淡水信義線,臺北大眾捷運股份有限公司,芝山站,臺北市士林區福國路70號,士林,臺北大眾捷運股份有限公司(紅綠線),25363001#8653,06:00~23:00,1號出口,121.522608,25.102112,正常,20211201T090000,20260302T111000,<1,https://gismobile.water.gov.taipei:8443/W/S.aspx?SD=1713,https://gismobile.water.gov.taipei/WaterMap_drinkImg/1713.JPG
1714a,1714a,陽明,臺北市,捷運站,淡水信義線,臺北大眾捷運股份有限公司,士林站,臺北市士林區福德路1號,士林,臺北大眾捷運股份有限公司(紅綠線),25363001#8653,06:00~23:00,2號出口,121.526430,25.092660,正常,20211201T090000,20260302T104500,<1,https://gismobile.water.gov.taipei:8443/W/S.aspx?SD=1714a,https://gismobile.water.gov.taipei/WaterMap_drinkImg/1714a.JPG
1714b,1714b,陽明,臺北市,捷運站,淡水信義線,臺北大眾捷運股份有限公司,士林站,臺北市士林區福德路1號,士林,臺北大眾捷運股份有限公司(紅綠線),25363001#8653,06:00~23:00,1號出口,121.525860,25.094350,正常,20211201T090000,20260302T105500,<1,https://gismobile.water.gov.taipei:8443/W/S.aspx?SD=1714b,https://gismobile.water.gov.taipei/WaterMap_drinkImg/1714b.JPG
1714c,1714c,陽明,臺北市,捷運站,淡水信義線,臺北大眾捷運股份有限公司,士林站,臺北市士林區福德路1號,士林,臺北大眾捷運股份有限公司(紅綠線),25363001#8653,06:00~23:00,2號出口,121.526430,25.092660,正常,20211217T100000,20260302T110000,<1,https://gismobile.water.gov.taipei:8443/W/S.aspx?SD=1714c,https://gismobile.water.gov.taipei/WaterMap_drinkImg/1714c.JPG
1715a,1715a,陽明,臺北市,捷運站,淡水信義線,臺北大眾捷運股份有限公司,劍潭站,臺北市士林區中山北路5段65號,士林,臺北大眾捷運股份有限公司(紅綠線),25363001#8653,06:00~23:00,2號出口,121.524736,25.083485,正常,20211201T090000,20260302T101500,<1,https://gismobile.water.gov.taipei:8443/W/S.aspx?SD=1715a,https://gismobile.water.gov.taipei/WaterMap_drinkImg/1715a.JPG
1715b,1715b,陽明,臺北市,捷運站,淡水信義線,臺北大眾捷運股份有限公司,劍潭站,臺北市士林區中山北路5段65號,士林,臺北大眾捷運股份有限公司(紅綠線),25363001#8653,06:00~23:00,1號出口,121.525154,25.085144,正常,20211201T090000,20260302T103000,<1,https://gismobile.water.gov.taipei:8443/W/S.aspx?SD=1715b,https://gismobile.water.gov.taipei/WaterMap_drinkImg/1715b.JPG
1715c,1715c,陽明,臺北市,捷運站,淡水信義線,臺北大眾捷運股份有限公司,劍潭站,臺北市士林區中山北路5段65號,士林,臺北大眾捷運股份有限公司(紅綠線),25363001#8653,06:00~23:00,1號出口,121.525110,25.085090,正常,20211201T090000,20260302T103500,<1,https://gismobile.water.gov.taipei:8443/W/S.aspx?SD=1715c,https://gismobile.water.gov.taipei/WaterMap_drinkImg/1715c.JPG
1716,1716,北區,臺北市,捷運站,淡水信義線,臺北大眾捷運股份有限公司,圓山站,臺北市大同區酒泉街9之1號,大同,臺北大眾捷運股份有限公司(紅綠線),25363001#8653,06:00~23:00,1號出口,121.520070,25.070770,正常,20211201T090000,20260302T100000,<1,https://gismobile.water.gov.taipei:8443/W/S.aspx?SD=1716,https://gismobile.water.gov.taipei/WaterMap_drinkImg/1716.JPG
1717,1717,北區,臺北市,捷運站,淡水信義線,臺北大眾捷運股份有限公司,民權西路站,臺北市中山區民權西路72號,中山,臺北大眾捷運股份有限公司(紅綠線),25363001#8653,06:00~23:00,1號出口,121.519547,25.062605,正常,20260414T000000,20260302T095000,<1,https://gismobile.water.gov.taipei:8443/W/S.aspx?SD=1717,https://gismobile.water.gov.taipei/WaterMap_drinkImg/1717.JPG
1717a,1717a,北區,臺北市,捷運站,中和新蘆線,臺北大眾捷運股份有限公司,民權西路站,臺北市中山區民權西路72號,中山,臺北大眾捷運股份有限公司(藍橘線),25363001#8653,06:00~23:00,9號出口,121.519788,25.063030,正常,20211201T090000,20260107T102000,<1,https://gismobile.water.gov.taipei:8443/W/S.aspx?SD=1717a,https://gismobile.water.gov.taipei/WaterMap_drinkImg/1717a.JPG
1717b,1717b,北區,臺北市,捷運站,中和新蘆線,臺北大眾捷運股份有限公司,民權西路站,臺北市中山區民權西路72號,中山,臺北大眾捷運股份有限公司(藍橘線),25363001#8653,06:00~23:00,9號出口,121.519788,25.063030,正常,20211201T090000,20260107T102500,<1,https://gismobile.water.gov.taipei:8443/W/S.aspx?SD=1717b,https://gismobile.water.gov.taipei/WaterMap_drinkImg/1717b.JPG
1718,1718,北區,臺北市,捷運站,淡水信義線,臺北大眾捷運股份有限公司,雙連站,臺北市中山區民生西路47號,中山,臺北大眾捷運股份有限公司(紅綠線),25363001#8653,06:00~23:00,1號出口,121.520579,25.057496,正常,20211201T090000,20260305T104500,<1,https://gismobile.water.gov.taipei:8443/W/S.aspx?SD=1718,https://gismobile.water.gov.taipei/WaterMap_drinkImg/1718.JPG
1718a,1718a,北區,臺北市,捷運站,中山地下街,臺北大眾捷運股份有限公司,中山地下街,臺北市中山區雙連站及中山站間地下街,中山,臺北大眾捷運股份有限公司(藍橘線),25363001#8653,06:00~23:00,爵士廣場,121.520545,25.055401,正常,20220506T100000,20260305T110000,<1,https://gismobile.water.gov.taipei:8443/W/S.aspx?SD=1718a,https://gismobile.water.gov.taipei/WaterMap_drinkImg/1718a.JPG
1718b,1718b,北區,臺北市,捷運站,中山地下街,臺北大眾捷運股份有限公司,中山地下街,臺北市中山區雙連站及中山站間地下街,中山,臺北大眾捷運股份有限公司(藍橘線),25363001#8653,06:00~23:00,爵士廣場,121.520545,25.055401,正常,20220506T100000,20260305T110500,<1,https://gismobile.water.gov.taipei:8443/W/S.aspx?SD=1718b,https://gismobile.water.gov.taipei/WaterMap_drinkImg/1718b.JPG
1718c,1718c,北區,臺北市,捷運站,淡水信義線,臺北大眾捷運股份有限公司,雙連站,臺北市中山區民生西路47號,中山,臺北大眾捷運股份有限公司(紅綠線),25363001#8653,06:00~23:00,1號出口,121.520579,25.057496,正常,20211217T100000,20260305T105000,<1,https://gismobile.water.gov.taipei:8443/W/S.aspx?SD=1718c,https://gismobile.water.gov.taipei/WaterMap_drinkImg/1718c.JPG
1719,1719,北區,臺北市,捷運站,淡水信義線,臺北大眾捷運股份有限公司,中山站,臺北市中山區南京西路16號,中山,臺北大眾捷運股份有限公司(紅綠線),25363001#8653,06:00~23:00,1號出口,121.520302,25.052423,正常,20260414T000000,20260305T102500,<1,https://gismobile.water.gov.taipei:8443/W/S.aspx?SD=1719,https://gismobile.water.gov.taipei/WaterMap_drinkImg/1719.JPG
1719a,1719a,北區,臺北市,捷運站,淡水信義線,臺北大眾捷運股份有限公司,中山站(淡水信義線),臺北市中山區南京西路16號,中山,臺北大眾捷運股份有限公司(紅綠線),25363001#8653,06:00~23:00,1號出口,121.520302,25.052423,正常,20260414T000000,20260305T103000,<1,https://gismobile.water.gov.taipei:8443/W/S.aspx?SD=1719a,https://gismobile.water.gov.taipei/WaterMap_drinkImg/1719a.JPG
1720,1720,北區,臺北市,捷運站,淡水信義線,臺北大眾捷運股份有限公司,台北車站,臺北市中正區忠孝西路1段49號,中正,臺北大眾捷運股份有限公司(紅綠線),25363001#8653,06:00~23:00,4號出口,121.517253,25.046485,正常,20211201T090000,20260303T145500,<1,https://gismobile.water.gov.taipei:8443/W/S.aspx?SD=1720,https://gismobile.water.gov.taipei/WaterMap_drinkImg/1720.JPG
1720a,1720a,北區,臺北市,捷運站,淡水信義線,臺北大眾捷運股份有限公司,台北車站(板南線),臺北市中正區忠孝西路1段49號,中正,臺北大眾捷運股份有限公司(紅綠線),25363001#8653,06:00~23:00,4號出口,121.517253,25.046485,正常,20211217T100000,20260303T150000,<1,https://gismobile.water.gov.taipei:8443/W/S.aspx?SD=1720a,https://gismobile.water.gov.taipei/WaterMap_drinkImg/1720a.JPG
1721,1721,西區,臺北市,捷運站,松山新店線,臺北大眾捷運股份有限公司,台大醫院站,臺北市中正區公園路52號,中正,臺北大眾捷運股份有限公司(紅綠線),25363001#8653,06:00~23:00,1號出口,121.515774,25.040962,正常,20211201T090000,20260303T143000,<1,https://gismobile.water.gov.taipei:8443/W/S.aspx?SD=1721,https://gismobile.water.gov.taipei/WaterMap_drinkImg/1721.JPG
1721a,1721a,西區,臺北市,捷運站,松山新店線,臺北大眾捷運股份有限公司,台大醫院站,臺北市中正區公園路52號,中正,臺北大眾捷運股份有限公司(紅綠線),25363001#8653,06:00~23:00,1號出口,121.515774,25.040962,正常,20211217T100000,20260303T143500,<1,https://gismobile.water.gov.taipei:8443/W/S.aspx?SD=1721a,https://gismobile.water.gov.taipei/WaterMap_drinkImg/1721a.JPG
1722a,1722a,西區,臺北市,捷運站,松山新店線,臺北大眾捷運股份有限公司,中正紀念堂站,臺北市中正區羅斯福路1段8之1號,中正,臺北大眾捷運股份有限公司(紅綠線),25363001#8653,06:00~23:00,5號出口,121.517187,25.034899,正常,20211201T090000,20260303T094000,<1,https://gismobile.water.gov.taipei:8443/W/S.aspx?SD=1722a,https://gismobile.water.gov.taipei/WaterMap_drinkImg/1722a.JPG
1722b,1722b,西區,臺北市,捷運站,松山新店線,臺北大眾捷運股份有限公司,中正紀念堂站,臺北市中正區羅斯福路1段8之1號,中正,臺北大眾捷運股份有限公司(紅綠線),25363001#8653,06:00~23:00,5號出口,121.517187,25.034899,正常,20211201T090000,20260303T094500,<1,https://gismobile.water.gov.taipei:8443/W/S.aspx?SD=1722b,https://gismobile.water.gov.taipei/WaterMap_drinkImg/1722b.JPG
1722c,1722c,西區,臺北市,捷運站,松山新店線,臺北大眾捷運股份有限公司,中正紀念堂站,臺北市中正區羅斯福路1段8之1號,中正,臺北大眾捷運股份有限公司(紅綠線),25363001#8653,06:00~23:00,5號出口,121.517187,25.034899,正常,20211217T100000,20260303T095000,<1,https://gismobile.water.gov.taipei:8443/W/S.aspx?SD=1722c,https://gismobile.water.gov.taipei/WaterMap_drinkImg/1722c.JPG
1723,1723,西區,臺北市,捷運站,松山新店線,臺北大眾捷運股份有限公司,古亭站,臺北市大安區羅斯福路2段164之1號,大安,臺北大眾捷運股份有限公司(紅綠線),25363001#8653,06:00~23:00,6號出口,121.522304,25.027499,正常,20211201T090000,20260205T100500,<1,https://gismobile.water.gov.taipei:8443/W/S.aspx?SD=1723,https://gismobile.water.gov.taipei/WaterMap_drinkImg/1723.JPG
1723a,1723a,西區,臺北市,捷運站,松山新店線,臺北大眾捷運股份有限公司,古亭站,臺北市大安區羅斯福路2段164之1號,大安,臺北大眾捷運股份有限公司(紅綠線),25363001#8653,06:00~23:00,6號出口,121.522304,25.027499,正常,20211217T100000,20260205T101000,<1,https://gismobile.water.gov.taipei:8443/W/S.aspx?SD=1723a,https://gismobile.water.gov.taipei/WaterMap_drinkImg/1723a.JPG
1724,1724,西區,新北市,捷運站,中和新蘆線,臺北大眾捷運股份有限公司,頂溪站,新北市永和區永和路2段168號,永和,臺北大眾捷運股份有限公司(藍橘線),25363001#8653,06:00~23:00,1號出口,121.515438,25.012931,正常,20211201T090000,20260107T112500,<1,https://gismobile.water.gov.taipei:8443/W/S.aspx?SD=1724,https://gismobile.water.gov.taipei/WaterMap_drinkImg/1724.JPG
1725,1725,西區,新北市,捷運站,中和新蘆線,臺北大眾捷運股份有限公司,永安市場站,新北市中和區中和路388號,中和,臺北大眾捷運股份有限公司(藍橘線),25363001#8653,06:00~23:00,出口右側,121.510961,25.002366,正常,20211201T090000,20260107T132000,<1,https://gismobile.water.gov.taipei:8443/W/S.aspx?SD=1725,https://gismobile.water.gov.taipei/WaterMap_drinkImg/1725.JPG
1725a,1725a,西區,新北市,捷運站,中和新蘆線,臺北大眾捷運股份有限公司,永安市場站,新北市中和區中和路388號,中和,臺北大眾捷運股份有限公司(藍橘線),25363001#8653,06:00~23:00,出口右側,121.510961,25.002366,正常,20211217T100000,20260107T132500,<1,https://gismobile.water.gov.taipei:8443/W/S.aspx?SD=1725a,https://gismobile.water.gov.taipei/WaterMap_drinkImg/1725a.JPG
1726,1726,西區,新北市,捷運站,中和新蘆線,臺北大眾捷運股份有限公司,景安站,新北市中和區景安路486號,中和,臺北大眾捷運股份有限公司(藍橘線),25363001#8653,06:00~23:00,出口左側,121.504628,24.993726,正常,20211201T090000,20260107T134000,<1,https://gismobile.water.gov.taipei:8443/W/S.aspx?SD=1726,https://gismobile.water.gov.taipei/WaterMap_drinkImg/1726.JPG
1726a,1726a,西區,新北市,捷運站,中和新蘆線,臺北大眾捷運股份有限公司,景安站,新北市中和區景安路486號,中和,臺北大眾捷運股份有限公司(藍橘線),25363001#8653,06:00~23:00,出口左側,121.504628,24.993726,正常,20211217T100000,20260107T134500,<1,https://gismobile.water.gov.taipei:8443/W/S.aspx?SD=1726a,https://gismobile.water.gov.taipei/WaterMap_drinkImg/1726a.JPG
1727a,1727a,西區,新北市,捷運站,中和新蘆線,臺北大眾捷運股份有限公司,南勢角站,新北市中和區興南路1段84巷6號,中和,臺北大眾捷運股份有限公司(藍橘線),25363001#8653,06:00~23:00,4號出口,121.509336,24.989697,正常,20211201T090000,20260107T140500,<1,https://gismobile.water.gov.taipei:8443/W/S.aspx?SD=1727a,https://gismobile.water.gov.taipei/WaterMap_drinkImg/1727a.JPG
1727b,1727b,西區,新北市,捷運站,中和新蘆線,臺北大眾捷運股份有限公司,南勢角站,新北市中和區興南路1段84巷6號,中和,臺北大眾捷運股份有限公司(藍橘線),25363001#8653,06:00~23:00,4號出口,121.509336,24.989697,正常,20211201T090000,20260107T141000,<1,https://gismobile.water.gov.taipei:8443/W/S.aspx?SD=1727b,https://gismobile.water.gov.taipei/WaterMap_drinkImg/1727b.JPG
1728,1728,南區,臺北市,捷運站,松山新店線,臺北大眾捷運股份有限公司,台電大樓站,臺北市大安區羅斯福路3段126-5號,大安,臺北大眾捷運股份有限公司(紅綠線),25363001#8653,06:00~23:00,1號出口,121.527849,25.021180,正常,20211201T090000,20260205T094000,<1,https://gismobile.water.gov.taipei:8443/W/S.aspx?SD=1728,https://gismobile.water.gov.taipei/WaterMap_drinkImg/1728.JPG
1728a,1728a,南區,臺北市,捷運站,松山新店線,臺北大眾捷運股份有限公司,台電大樓站,臺北市大安區羅斯福路3段126-5號,大安,臺北大眾捷運股份有限公司(紅綠線),25363001#8653,06:00~23:00,1號出口,121.527849,25.021180,正常,20211217T100000,20260205T094500,<1,https://gismobile.water.gov.taipei:8443/W/S.aspx?SD=1728a,https://gismobile.water.gov.taipei/WaterMap_drinkImg/1728a.JPG
1729,1729,南區,臺北市,捷運站,松山新店線,臺北大眾捷運股份有限公司,公館站,臺北市大安區羅斯福路4段64-1號,大安,臺北大眾捷運股份有限公司(紅綠線),25363001#8653,06:00~23:00,2號出口,121.534767,25.014685,正常,20211201T090000,20260202T095000,<1,https://gismobile.water.gov.taipei:8443/W/S.aspx?SD=1729,https://gismobile.water.gov.taipei/WaterMap_drinkImg/1729.JPG
1729a,1729a,南區,臺北市,捷運站,松山新店線,臺北大眾捷運股份有限公司,公館站,臺北市大安區羅斯福路4段64-1號,大安,臺北大眾捷運股份有限公司(紅綠線),25363001#8653,06:00~23:00,2號出口,121.534767,25.014685,正常,20211217T100000,20260202T095500,<1,https://gismobile.water.gov.taipei:8443/W/S.aspx?SD=1729a,https://gismobile.water.gov.taipei/WaterMap_drinkImg/1729a.JPG
1730,1730,南區,臺北市,捷運站,松山新店線,臺北大眾捷運股份有限公司,萬隆站,臺北市文山區羅斯福路5段214號,文山,臺北大眾捷運股份有限公司(紅綠線),25363001#8653,06:00~23:00,4號出口,121.539038,25.002203,正常,20211201T090000,20260202T101000,<1,https://gismobile.water.gov.taipei:8443/W/S.aspx?SD=1730,https://gismobile.water.gov.taipei/WaterMap_drinkImg/1730.JPG
1730a,1730a,南區,臺北市,捷運站,松山新店線,臺北大眾捷運股份有限公司,萬隆站,臺北市文山區羅斯福路5段214號,文山,臺北大眾捷運股份有限公司(紅綠線),25363001#8653,06:00~23:00,4號出口,121.539038,25.002203,正常,20211217T100000,20260202T101500,<1,https://gismobile.water.gov.taipei:8443/W/S.aspx?SD=1730a,https://gismobile.water.gov.taipei/WaterMap_drinkImg/1730a.JPG
1731,1731,南區,臺北市,捷運站,松山新店線,臺北大眾捷運股份有限公司,景美站,臺北市文山區羅斯福路6段216號,文山,臺北大眾捷運股份有限公司(紅綠線),25363001#8653,06:00~23:00,1號出口,121.540694,24.992230,正常,20211201T090000,20260202T103000,<1,https://gismobile.water.gov.taipei:8443/W/S.aspx?SD=1731,https://gismobile.water.gov.taipei/WaterMap_drinkImg/1731.JPG
1731a,1731a,南區,臺北市,捷運站,松山新店線,臺北大眾捷運股份有限公司,景美站,臺北市文山區羅斯福路6段216號,文山,臺北大眾捷運股份有限公司(紅綠線),25363001#8653,06:00~23:00,1號出口,121.540694,24.992230,正常,20211217T100000,20260202T103500,<1,https://gismobile.water.gov.taipei:8443/W/S.aspx?SD=1731a,https://gismobile.water.gov.taipei/WaterMap_drinkImg/1731a.JPG
1732,1732,南區,新北市,捷運站,松山新店線,臺北大眾捷運股份有限公司,大坪林站,新北市新店區北新路3段190號,新店,臺北大眾捷運股份有限公司(紅綠線),25363001#8653,06:00~23:00,3號出口,121.541207,24.982874,正常,20211201T090000,20260202T105000,<1,https://gismobile.water.gov.taipei:8443/W/S.aspx?SD=1732,https://gismobile.water.gov.taipei/WaterMap_drinkImg/1732.JPG
1732a,1732a,南區,新北市,捷運站,松山新店線,新北大眾捷運股份有限公司,大坪林站,新北市新店區北新路3段190號,新店,新北大眾捷運股份有限公司中運量營運處,2805-9877,06:00~23:00,5號出口,121.542944,24.982845,正常,20231206T100000,20260225T095000,<1,https://gismobile.water.gov.taipei:8443/W/S.aspx?SD=1732a,https://gismobile.water.gov.taipei/WaterMap_drinkImg/1732a.JPG
1732b,1732b,南區,新北市,捷運站,松山新店線,新北大眾捷運股份有限公司,大坪林站,新北市新店區北新路3段190號,新店,新北大眾捷運股份有限公司中運量營運處,2805-9877,06:00~23:00,5號出口,121.542944,24.982845,正常,20231206T100000,20260225T095500,<1,https://gismobile.water.gov.taipei:8443/W/S.aspx?SD=1732b,https://gismobile.water.gov.taipei/WaterMap_drinkImg/1732b.JPG
1732c,1732c,南區,新北市,捷運站,松山新店線,臺北大眾捷運股份有限公司,大坪林站(松新線),新北市新店區北新路3段190號,新店,臺北大眾捷運股份有限公司(紅綠線),25363001#8653,06:00~23:00,3號出口,121.541207,24.982874,正常,20211217T100000,20260202T105500,<1,https://gismobile.water.gov.taipei:8443/W/S.aspx?SD=1732c,https://gismobile.water.gov.taipei/WaterMap_drinkImg/1732c.JPG
1733,1733,南區,新北市,捷運站,松山新店線,臺北大眾捷運股份有限公司,七張站,新北市新店區北新路2段150號,新店,臺北大眾捷運股份有限公司(紅綠線),25363001#8653,06:00~23:00,1號出口,121.543073,24.975020,正常,20211201T090000,20260202T132500,<1,https://gismobile.water.gov.taipei:8443/W/S.aspx?SD=1733,https://gismobile.water.gov.taipei/WaterMap_drinkImg/1733.JPG
1733a,1733a,南區,新北市,捷運站,松山新店線,臺北大眾捷運股份有限公司,七張站,新北市新店區北新路2段150號,新店,臺北大眾捷運股份有限公司(紅綠線),25363001#8653,06:00~23:00,1號出口,121.543073,24.975020,正常,20211217T100000,20260202T133000,<1,https://gismobile.water.gov.taipei:8443/W/S.aspx?SD=1733a,https://gismobile.water.gov.taipei/WaterMap_drinkImg/1733a.JPG
1734,1734,南區,新北市,捷運站,松山新店線,臺北大眾捷運股份有限公司,新店區公所站,新北市新店區北新路1段295號,新店,臺北大眾捷運股份有限公司(紅綠線),25363001#8653,06:00~23:00,1號出口,121.541250,24.967405,正常,20211201T090000,20260202T135000,<1,https://gismobile.water.gov.taipei:8443/W/S.aspx?SD=1734,https://gismobile.water.gov.taipei/WaterMap_drinkImg/1734.JPG
1734a,1734a,南區,新北市,捷運站,松山新店線,臺北大眾捷運股份有限公司,新店區公所站,新北市新店區北新路1段295號,新店,臺北大眾捷運股份有限公司(紅綠線),25363001#8653,06:00~23:00,1號出口,121.541250,24.967405,正常,20211217T100000,20260202T135500,<1,https://gismobile.water.gov.taipei:8443/W/S.aspx?SD=1734a,https://gismobile.water.gov.taipei/WaterMap_drinkImg/1734a.JPG
1735,1735,南區,新北市,捷運站,松山新店線,臺北大眾捷運股份有限公司,新店站,新北市新店區北宜路1段2號,新店,臺北大眾捷運股份有限公司(紅綠線),25363001#8653,06:00~23:00,1號出口,121.537832,24.957918,正常,20211201T090000,20260202T141000,<1,https://gismobile.water.gov.taipei:8443/W/S.aspx?SD=1735,https://gismobile.water.gov.taipei/WaterMap_drinkImg/1735.JPG
1735a,1735a,南區,新北市,捷運站,松山新店線,臺北大眾捷運股份有限公司,新店站,新北市新店區北宜路1段2號,新店,臺北大眾捷運股份有限公司(紅綠線),25363001#8653,06:00~23:00,1號出口,121.537832,24.957918,正常,20211217T100000,20260202T141500,<1,https://gismobile.water.gov.taipei:8443/W/S.aspx?SD=1735a,https://gismobile.water.gov.taipei/WaterMap_drinkImg/1735a.JPG
1801,1801,南區,臺北市,捷運站,文湖線,臺北大眾捷運股份有限公司,動物園站,臺北市文山區新光路2段32號,文山,臺北大眾捷運股份有限公司(棕線),25363001#8653,06:00~23:00,1號出口,121.579897,24.998276,正常,20260414T000000,20260106T094000,<1,https://gismobile.water.gov.taipei:8443/W/S.aspx?SD=1801,https://gismobile.water.gov.taipei/WaterMap_drinkImg/1801.JPG
1801a,1801a,南區,臺北市,捷運站,文湖線,臺北大眾捷運股份有限公司,動物園站,臺北市文山區新光路2段32號,文山,臺北大眾捷運股份有限公司(棕線),25363001#8653,06:00~23:00,1號出口,121.579897,24.998276,正常,20260414T000000,20260106T094500,<1,https://gismobile.water.gov.taipei:8443/W/S.aspx?SD=1801a,https://gismobile.water.gov.taipei/WaterMap_drinkImg/1801a.JPG
1802,1802,南區,臺北市,捷運站,文湖線,臺北大眾捷運股份有限公司,木柵站,臺北市文山區木柵路4段135號,文山,臺北大眾捷運股份有限公司(棕線),25363001#8653,06:00~23:00,出口右側,121.573381,24.998202,正常,20211201T090000,20260106T100000,<1,https://gismobile.water.gov.taipei:8443/W/S.aspx?SD=1802,https://gismobile.water.gov.taipei/WaterMap_drinkImg/1802.JPG
1802a,1802a,南區,臺北市,捷運站,文湖線,臺北大眾捷運股份有限公司,木柵站,臺北市文山區木柵路4段135號,文山,臺北大眾捷運股份有限公司(棕線),25363001#8653,06:00~23:00,出口右側,121.573381,24.998202,正常,20211217T100000,20260106T100500,<1,https://gismobile.water.gov.taipei:8443/W/S.aspx?SD=1802a,https://gismobile.water.gov.taipei/WaterMap_drinkImg/1802a.JPG
1803,1803,南區,臺北市,捷運站,文湖線,臺北大眾捷運股份有限公司,萬芳社區站,臺北市文山區萬芳路60號,文山,臺北大眾捷運股份有限公司(棕線),25363001#8653,06:00~23:00,出口右側,121.568384,24.998599,正常,20220113T100000,20260106T101500,<1,https://gismobile.water.gov.taipei:8443/W/S.aspx?SD=1803,https://gismobile.water.gov.taipei/WaterMap_drinkImg/1803.JPG
1803a,1803a,南區,臺北市,捷運站,文湖線,臺北大眾捷運股份有限公司,萬芳社區站,臺北市文山區萬芳路60號,文山,臺北大眾捷運股份有限公司(棕線),25363001#8653,06:00~23:00,出口右側,121.568384,24.998599,正常,20220215T100000,20260106T102000,<1,https://gismobile.water.gov.taipei:8443/W/S.aspx?SD=1803a,https://gismobile.water.gov.taipei/WaterMap_drinkImg/1803a.JPG
1804,1804,南區,臺北市,捷運站,文湖線,臺北大眾捷運股份有限公司,萬芳醫院站,臺北市文山區興隆路3段113號,文山,臺北大眾捷運股份有限公司(棕線),25363001#8653,06:00~23:00,出口右側,121.557732,24.999333,正常,20211201T090000,20260106T103500,<1,https://gismobile.water.gov.taipei:8443/W/S.aspx?SD=1804,https://gismobile.water.gov.taipei/WaterMap_drinkImg/1804.JPG
1804a,1804a,南區,臺北市,捷運站,文湖線,臺北大眾捷運股份有限公司,萬芳醫院站,臺北市文山區興隆路3段113號,文山,臺北大眾捷運股份有限公司(棕線),25363001#8653,06:00~23:00,出口右側,121.557732,24.999333,正常,20211217T100000,20260106T104000,<1,https://gismobile.water.gov.taipei:8443/W/S.aspx?SD=1804a,https://gismobile.water.gov.taipei/WaterMap_drinkImg/1804a.JPG
1805,1805,南區,臺北市,捷運站,文湖線,臺北大眾捷運股份有限公司,辛亥站,臺北市文山區辛亥路4段128號,文山,臺北大眾捷運股份有限公司(棕線),25363001#8653,06:00~23:00,出口右側,121.557015,25.005120,正常,20211201T090000,20260106T105000,<1,https://gismobile.water.gov.taipei:8443/W/S.aspx?SD=1805,https://gismobile.water.gov.taipei/WaterMap_drinkImg/1805.JPG
1806,1806,南區,臺北市,捷運站,文湖線,臺北大眾捷運股份有限公司,麟光站,臺北市大安區和平東路3段410號,大安,臺北大眾捷運股份有限公司(棕線),25363001#8653,06:00~23:00,出口左側,121.558600,25.018640,正常,20211201T090000,20260106T111000,<1,https://gismobile.water.gov.taipei:8443/W/S.aspx?SD=1806,https://gismobile.water.gov.taipei/WaterMap_drinkImg/1806.JPG
1806a,1806a,南區,臺北市,捷運站,文湖線,臺北大眾捷運股份有限公司,麟光站,臺北市大安區和平東路3段410號,大安,臺北大眾捷運股份有限公司(棕線),25363001#8653,06:00~23:00,出口左側,121.558600,25.018640,正常,20211217T100000,20260106T111500,<1,https://gismobile.water.gov.taipei:8443/W/S.aspx?SD=1806a,https://gismobile.water.gov.taipei/WaterMap_drinkImg/1806a.JPG
1807,1807,南區,臺北市,捷運站,文湖線,臺北大眾捷運股份有限公司,六張犁站,臺北市大安區和平東路3段168號,大安,臺北大眾捷運股份有限公司(棕線),25363001#8653,06:00~23:00,出口右側,121.552755,25.023878,正常,20211201T090000,20260106T142000,<1,https://gismobile.water.gov.taipei:8443/W/S.aspx?SD=1807,https://gismobile.water.gov.taipei/WaterMap_drinkImg/1807.JPG
1808,1808,南區,臺北市,捷運站,文湖線,臺北大眾捷運股份有限公司,科技大樓站,臺北市大安區復興南路2段235號,大安,臺北大眾捷運股份有限公司(棕線),25363001#8653,06:00~23:00,出口右側,121.543472,25.026134,正常,20211201T090000,20260106T143500,<1,https://gismobile.water.gov.taipei:8443/W/S.aspx?SD=1808,https://gismobile.water.gov.taipei/WaterMap_drinkImg/1808.JPG
1808a,1808a,南區,臺北市,捷運站,文湖線,臺北大眾捷運股份有限公司,科技大樓站,臺北市大安區復興南路2段235號,大安,臺北大眾捷運股份有限公司(棕線),25363001#8653,06:00~23:00,出口右側,121.543472,25.026134,正常,20211217T100000,20260106T144000,<1,https://gismobile.water.gov.taipei:8443/W/S.aspx?SD=1808a,https://gismobile.water.gov.taipei/WaterMap_drinkImg/1808a.JPG
1809,1809,南區,臺北市,捷運站,文湖線,臺北大眾捷運股份有限公司,大安站,臺北市大安區信義路4段2號,大安,臺北大眾捷運股份有限公司(棕線),25363001#8653,06:00~23:00,4號出口,121.544005,25.033164,正常,20211201T090000,20260108T100000,<1,https://gismobile.water.gov.taipei:8443/W/S.aspx?SD=1809,https://gismobile.water.gov.taipei/WaterMap_drinkImg/1809.JPG
1809a,1809a,南區,臺北市,捷運站,文湖線,臺北大眾捷運股份有限公司,大安站(文湖線),臺北市大安區信義路4段2號,大安,臺北大眾捷運股份有限公司(棕線),25363001#8653,06:00~23:00,4號出口,121.544005,25.033164,正常,20211217T100000,20260108T100500,<1,https://gismobile.water.gov.taipei:8443/W/S.aspx?SD=1809a,https://gismobile.water.gov.taipei/WaterMap_drinkImg/1809a.JPG
1810,1810,南區,臺北市,捷運站,文湖線,臺北大眾捷運股份有限公司,忠孝復興站,臺北市大安區忠孝東路3段302號,大安,臺北大眾捷運股份有限公司(棕線),25363001#8653,06:00~23:00,2號出口,121.543247,25.041263,正常,20211201T090000,20260108T102000,<1,https://gismobile.water.gov.taipei:8443/W/S.aspx?SD=1810,https://gismobile.water.gov.taipei/WaterMap_drinkImg/1810.JPG
1810a,1810a,南區,臺北市,捷運站,文湖線,臺北大眾捷運股份有限公司,忠孝復興站(文湖線),臺北市大安區忠孝東路3段302號,大安,臺北大眾捷運股份有限公司(棕線),25363001#8653,06:00~23:00,2號出口,121.543247,25.041263,正常,20211217T100000,20260108T103000,<1,https://gismobile.water.gov.taipei:8443/W/S.aspx?SD=1810a,https://gismobile.water.gov.taipei/WaterMap_drinkImg/1810a.JPG
1811,1811,東區,臺北市,捷運站,文湖線,臺北大眾捷運股份有限公司,南京復興站,臺北市松山區南京東路3段253號,松山,臺北大眾捷運股份有限公司(棕線),25363001#8653,06:00~23:00,7號出口,121.544527,25.052392,正常,20211201T090000,20260108T115500,<1,https://gismobile.water.gov.taipei:8443/W/S.aspx?SD=1811,https://gismobile.water.gov.taipei/WaterMap_drinkImg/1811.JPG
1812,1812,東區,臺北市,捷運站,文湖線,臺北大眾捷運股份有限公司,中山國中站,臺北市中山區復興北路376號,中山,臺北大眾捷運股份有限公司(棕線),25363001#8653,06:00~23:00,出口左側,121.544022,25.060836,正常,20211201T090000,20260108T131500,<1,https://gismobile.water.gov.taipei:8443/W/S.aspx?SD=1812,https://gismobile.water.gov.taipei/WaterMap_drinkImg/1812.JPG
1812a,1812a,東區,臺北市,捷運站,文湖線,臺北大眾捷運股份有限公司,中山國中站,臺北市中山區復興北路376號,中山,臺北大眾捷運股份有限公司(棕線),25363001#8653,06:00~23:00,出口左側,121.544022,25.060836,正常,20211217T100000,20260108T132500,<1,https://gismobile.water.gov.taipei:8443/W/S.aspx?SD=1812a,https://gismobile.water.gov.taipei/WaterMap_drinkImg/1812a.JPG
1813,1813,東區,臺北市,捷運站,板南線,臺北大眾捷運股份有限公司,市政府站,臺北市信義區忠孝東路5段2號,信義,臺北大眾捷運股份有限公司(藍橘線),25363001#8653,06:00~23:00,2號出口,121.565295,25.040958,正常,20211201T090000,20260210T105000,<1,https://gismobile.water.gov.taipei:8443/W/S.aspx?SD=1813,https://gismobile.water.gov.taipei/WaterMap_drinkImg/1813.JPG
1813a,1813a,東區,臺北市,捷運站,板南線,臺北大眾捷運股份有限公司,市政府站,臺北市信義區忠孝東路5段2號,信義,臺北大眾捷運股份有限公司(藍橘線),25363001#8653,06:00~23:00,2號出口,121.565295,25.040958,正常,20211217T100000,20260210T105500,<1,https://gismobile.water.gov.taipei:8443/W/S.aspx?SD=1813a,https://gismobile.water.gov.taipei/WaterMap_drinkImg/1813a.JPG
1814,1814,南區,臺北市,捷運站,板南線,臺北大眾捷運股份有限公司,國父紀念館,臺北市信義區忠孝東路4段400號,信義,臺北大眾捷運股份有限公司(藍橘線),25363001#8653,06:00~23:00,4號出口,121.558541,25.041181,正常,20260414T000000,20260210T111000,<1,https://gismobile.water.gov.taipei:8443/W/S.aspx?SD=1814,https://gismobile.water.gov.taipei/WaterMap_drinkImg/1814.JPG
1814a,1814a,南區,臺北市,捷運站,板南線,臺北大眾捷運股份有限公司,國父紀念館站,臺北市信義區忠孝東路4段400號,信義,臺北大眾捷運股份有限公司(藍橘線),25363001#8653,06:00~23:00,4號出口,121.558541,25.041181,正常,20260414T000000,20260210T111500,<1,https://gismobile.water.gov.taipei:8443/W/S.aspx?SD=1814a,https://gismobile.water.gov.taipei/WaterMap_drinkImg/1814a.JPG
1815,1815,南區,臺北市,捷運站,板南線,臺北大眾捷運股份有限公司,忠孝敦化站,臺北市大安區忠孝東路4段182號,大安,臺北大眾捷運股份有限公司(藍橘線),25363001#8653,06:00~23:00,3號出口,121.551494,25.041347,正常,20260414T000000,20260205T141000,<1,https://gismobile.water.gov.taipei:8443/W/S.aspx?SD=1815,https://gismobile.water.gov.taipei/WaterMap_drinkImg/1815.JPG
1815a,1815a,南區,臺北市,捷運站,板南線,臺北大眾捷運股份有限公司,忠孝敦化站,臺北市大安區忠孝東路4段182號,大安,臺北大眾捷運股份有限公司(藍橘線),25363001#8653,06:00~23:00,3號出口,121.551494,25.041347,正常,20260414T000000,20260205T141500,<1,https://gismobile.water.gov.taipei:8443/W/S.aspx?SD=1815a,https://gismobile.water.gov.taipei/WaterMap_drinkImg/1815a.JPG
1816,1816,南區,臺北市,捷運站,板南線,臺北大眾捷運股份有限公司,忠孝復興站,臺北市大安區忠孝東路4段47號,大安,臺北大眾捷運股份有限公司(藍橘線),25363001#8653,06:00~23:00,1號出口,121.543736,25.041780,正常,20211201T090000,20260205T135000,<1,https://gismobile.water.gov.taipei:8443/W/S.aspx?SD=1816,https://gismobile.water.gov.taipei/WaterMap_drinkImg/1816.JPG
1816a,1816a,南區,臺北市,捷運站,板南線,臺北大眾捷運股份有限公司,忠孝復興站(板南線),臺北市大安區忠孝東路4段47號,大安,臺北大眾捷運股份有限公司(藍橘線),25363001#8653,06:00~23:00,1號出口,121.543736,25.041780,正常,20211217T100000,20260205T135500,<1,https://gismobile.water.gov.taipei:8443/W/S.aspx?SD=1816a,https://gismobile.water.gov.taipei/WaterMap_drinkImg/1816a.JPG
1817,1817,南區,臺北市,捷運站,板南線,臺北大眾捷運股份有限公司,忠孝新生站,臺北市中正區新生南路1段67號,中正,臺北大眾捷運股份有限公司(藍橘線),25363001#8653,06:00~23:00,1號出口,121.531944,25.042746,正常,20211201T090000,20260205T133000,<1,https://gismobile.water.gov.taipei:8443/W/S.aspx?SD=1817,https://gismobile.water.gov.taipei/WaterMap_drinkImg/1817.JPG
1817a,1817a,南區,臺北市,捷運站,中和新蘆線,臺北大眾捷運股份有限公司,忠孝新生站,臺北市中正區新生南路1段67號,中正,臺北大眾捷運股份有限公司(藍橘線),25363001#8653,06:00~23:00,5號出口,121.532353,25.041235,正常,20211201T090000,20260108T105500,<1,https://gismobile.water.gov.taipei:8443/W/S.aspx?SD=1817a,https://gismobile.water.gov.taipei/WaterMap_drinkImg/1817a.JPG
1817b,1817b,南區,臺北市,捷運站,中和新蘆線,臺北大眾捷運股份有限公司,忠孝新生站,臺北市中正區新生南路1段67號,中正,臺北大眾捷運股份有限公司(藍橘線),25363001#8653,06:00~23:00,5號出口,121.532353,25.041235,正常,20211201T090000,20260108T110500,<1,https://gismobile.water.gov.taipei:8443/W/S.aspx?SD=1817b,https://gismobile.water.gov.taipei/WaterMap_drinkImg/1817b.JPG
1817c,1817c,南區,臺北市,捷運站,板南線,臺北大眾捷運股份有限公司,忠孝新生站(板南線),臺北市中正區新生南路1段67號,中正,臺北大眾捷運股份有限公司(藍橘線),25363001#8653,06:00~23:00,1號出口,121.531944,25.042746,正常,20211217T100000,20260205T133500,<1,https://gismobile.water.gov.taipei:8443/W/S.aspx?SD=1817c,https://gismobile.water.gov.taipei/WaterMap_drinkImg/1817c.JPG
1818,1818,東區,臺北市,捷運站,板南線,臺北大眾捷運股份有限公司,善導寺站,臺北市中正區忠孝東路1段58號,中正,臺北大眾捷運股份有限公司(藍橘線),25363001#8653,06:00~23:00,1號出口,121.523221,25.044999,正常,20260414T000000,20260205T114000,<1,https://gismobile.water.gov.taipei:8443/W/S.aspx?SD=1818,https://gismobile.water.gov.taipei/WaterMap_drinkImg/1818.JPG
1818a,1818a,東區,臺北市,捷運站,板南線,臺北大眾捷運股份有限公司,善導寺站,臺北市中正區忠孝東路1段58號,中正,臺北大眾捷運股份有限公司(藍橘線),25363001#8653,06:00~23:00,1號出口,121.523221,25.044999,正常,20260414T000000,20260205T114500,<1,https://gismobile.water.gov.taipei:8443/W/S.aspx?SD=1818a,https://gismobile.water.gov.taipei/WaterMap_drinkImg/1818a.JPG
1819,1819,西區,臺北市,捷運站,板南線,臺北大眾捷運股份有限公司,西門站,臺北市中正區寶慶路32之1號,中正,臺北大眾捷運股份有限公司(藍橘線),25363001#8653,06:00~23:00,4號出口,121.508805,25.042309,正常,20211201T090000,20260204T094500,<1,https://gismobile.water.gov.taipei:8443/W/S.aspx?SD=1819,https://gismobile.water.gov.taipei/WaterMap_drinkImg/1819.JPG
1819a,1819a,西區,臺北市,捷運站,板南線,臺北大眾捷運股份有限公司,西門站,臺北市中正區寶慶路32之1號,中正,臺北大眾捷運股份有限公司(藍橘線),25363001#8653,06:00~23:00,4號出口,121.508805,25.042309,正常,20211217T100000,20260204T095200,<1,https://gismobile.water.gov.taipei:8443/W/S.aspx?SD=1819a,https://gismobile.water.gov.taipei/WaterMap_drinkImg/1819a.JPG
1820,1820,西區,臺北市,捷運站,板南線,臺北大眾捷運股份有限公司,龍山寺站,臺北市萬華區西園路1段153號,萬華,臺北大眾捷運股份有限公司(藍橘線),25363001#8653,06:00~23:00,1號出口,121.499564,25.035497,正常,20211201T090000,20260205T110500,<1,https://gismobile.water.gov.taipei:8443/W/S.aspx?SD=1820,https://gismobile.water.gov.taipei/WaterMap_drinkImg/1820.JPG
1820a,1820a,西區,臺北市,捷運站,板南線,臺北大眾捷運股份有限公司,龍山寺站,臺北市萬華區西園路1段153號,萬華,臺北大眾捷運股份有限公司(藍橘線),25363001#8653,06:00~23:00,1號出口,121.499564,25.035497,正常,20211217T100000,20260205T111000,<1,https://gismobile.water.gov.taipei:8443/W/S.aspx?SD=1820a,https://gismobile.water.gov.taipei/WaterMap_drinkImg/1820a.JPG
1821,1821,西區,臺北市,捷運站,板南線,臺北大眾捷運股份有限公司,小南門站,臺北市中正區愛國西路22號,中正,臺北大眾捷運股份有限公司(藍橘線),25363001#8653,06:00~23:00,3、4號出口間,121.511382,25.035359,正常,20211201T090000,20260205T103000,<1,https://gismobile.water.gov.taipei:8443/W/S.aspx?SD=1821,https://gismobile.water.gov.taipei/WaterMap_drinkImg/1821.JPG
1821a,1821a,西區,臺北市,捷運站,板南線,臺北大眾捷運股份有限公司,小南門站,臺北市中正區愛國西路22號,中正,臺北大眾捷運股份有限公司(藍橘線),25363001#8653,06:00~23:00,3、4號出口間,121.511382,25.035359,正常,20211217T100000,20260205T103500,<1,https://gismobile.water.gov.taipei:8443/W/S.aspx?SD=1821a,https://gismobile.water.gov.taipei/WaterMap_drinkImg/1821a.JPG
1822,1822,東區,臺北市,捷運站,板南線,臺北大眾捷運股份有限公司,永春站,臺北市信義區忠孝東路5段455號,信義,臺北大眾捷運股份有限公司(藍橘線),25363001#8653,06:00~23:00,5號出口,121.576648,25.040836,正常,20211201T090000,20260210T102500,<1,https://gismobile.water.gov.taipei:8443/W/S.aspx?SD=1822,https://gismobile.water.gov.taipei/WaterMap_drinkImg/1822.JPG
1822a,1822a,東區,臺北市,捷運站,板南線,臺北大眾捷運股份有限公司,永春站,臺北市信義區忠孝東路5段455號,信義,臺北大眾捷運股份有限公司(藍橘線),25363001#8653,06:00~23:00,5號出口,121.576648,25.040836,正常,20211217T100000,20260210T103000,<1,https://gismobile.water.gov.taipei:8443/W/S.aspx?SD=1822a,https://gismobile.water.gov.taipei/WaterMap_drinkImg/1822a.JPG
1823,1823,東區,臺北市,捷運站,板南線,臺北大眾捷運股份有限公司,後山埤站,臺北市南港區忠孝東路6段2號,南港,臺北大眾捷運股份有限公司(藍橘線),25363001#8653,06:00~23:00,3號出口,121.582872,25.045280,正常,20211201T090000,20260210T100500,<1,https://gismobile.water.gov.taipei:8443/W/S.aspx?SD=1823,https://gismobile.water.gov.taipei/WaterMap_drinkImg/1823.JPG
1823a,1823a,東區,臺北市,捷運站,板南線,臺北大眾捷運股份有限公司,後山埤站,臺北市南港區忠孝東路6段2號,南港,臺北大眾捷運股份有限公司(藍橘線),25363001#8653,06:00~23:00,3號出口,121.582872,25.045280,正常,20211217T100000,20260210T101000,<1,https://gismobile.water.gov.taipei:8443/W/S.aspx?SD=1823a,https://gismobile.water.gov.taipei/WaterMap_drinkImg/1823a.JPG
1824,1824,東區,臺北市,捷運站,板南線,臺北大眾捷運股份有限公司,昆陽站,臺北市南港區忠孝東路6段451號,南港,臺北大眾捷運股份有限公司(藍橘線),25363001#8653,06:00~23:00,3號出口,121.593627,25.050608,正常,20211201T090000,20260210T113500,<1,https://gismobile.water.gov.taipei:8443/W/S.aspx?SD=1824,https://gismobile.water.gov.taipei/WaterMap_drinkImg/1824.JPG
1824a,1824a,東區,臺北市,捷運站,板南線,臺北大眾捷運股份有限公司,昆陽站,臺北市南港區忠孝東路6段451號,南港,臺北大眾捷運股份有限公司(藍橘線),25363001#8653,06:00~23:00,3號出口,121.593627,25.050608,正常,20211217T100000,20260210T114000,<1,https://gismobile.water.gov.taipei:8443/W/S.aspx?SD=1824a,https://gismobile.water.gov.taipei/WaterMap_drinkImg/1824a.JPG
1825,1825,東區,臺北市,捷運站,板南線,臺北大眾捷運股份有限公司,南港站,臺北市南港區忠孝東路7段380號,南港,臺北大眾捷運股份有限公司(藍橘線),25363001#8653,06:00~23:00,2號出口,121.607446,25.051943,正常,20211201T090000,20260210T140000,<1,https://gismobile.water.gov.taipei:8443/W/S.aspx?SD=1825,https://gismobile.water.gov.taipei/WaterMap_drinkImg/1825.JPG
1825a,1825a,東區,臺北市,捷運站,板南線,臺北大眾捷運股份有限公司,南港站,臺北市南港區忠孝東路7段380號,南港,臺北大眾捷運股份有限公司(藍橘線),25363001#8653,06:00~23:00,2號出口,121.607446,25.051943,正常,20211217T100000,20260210T140500,<1,https://gismobile.water.gov.taipei:8443/W/S.aspx?SD=1825a,https://gismobile.water.gov.taipei/WaterMap_drinkImg/1825a.JPG
1826,1826,東區,臺北市,捷運站,文湖線,臺北大眾捷運股份有限公司,南港軟體園區站,臺北市南港區經貿二路183號,南港,臺北大眾捷運股份有限公司(棕線),25363001#8653,06:00~23:00,1號出口,121.616028,25.060354,正常,20211201T090000,20260105T102300,<1,https://gismobile.water.gov.taipei:8443/W/S.aspx?SD=1826,https://gismobile.water.gov.taipei/WaterMap_drinkImg/1826.JPG
1826a,1826a,東區,臺北市,捷運站,文湖線,臺北大眾捷運股份有限公司,南港軟體園區站,臺北市南港區經貿二路183號,南港,臺北大眾捷運股份有限公司(棕線),25363001#8653,06:00~23:00,1號出口,121.616028,25.060354,正常,20211217T100000,20260105T102500,<1,https://gismobile.water.gov.taipei:8443/W/S.aspx?SD=1826a,https://gismobile.water.gov.taipei/WaterMap_drinkImg/1826a.JPG
1827,1827,東區,臺北市,捷運站,文湖線,臺北大眾捷運股份有限公司,南港展覽館站,臺北市南港區南港路1段32號,南港,臺北大眾捷運股份有限公司(棕線),25363001#8653,06:00~23:00,3號出口,121.618266,25.055104,正常,20211201T090000,20260105T100000,<1,https://gismobile.water.gov.taipei:8443/W/S.aspx?SD=1827,https://gismobile.water.gov.taipei/WaterMap_drinkImg/1827.JPG
1827a,1827a,東區,臺北市,捷運站,文湖線,臺北大眾捷運股份有限公司,南港展覽館站(文湖線),臺北市南港區南港路1段32號,南港,臺北大眾捷運股份有限公司(棕線),25363001#8653,06:00~23:00,3號出口,121.618266,25.055104,正常,20211217T100000,20260105T101000,<1,https://gismobile.water.gov.taipei:8443/W/S.aspx?SD=1827a,https://gismobile.water.gov.taipei/WaterMap_drinkImg/1827a.JPG
1828a,1828a,東區,臺北市,捷運站,板南線,臺北大眾捷運股份有限公司,南港展覽館站,臺北市南港區南港路1段32號,南港,臺北大眾捷運股份有限公司(藍橘線),25363001#8653,06:00~23:00,5號出口,121.617386,25.054846,正常,20211201T090000,20260210T145500,<1,https://gismobile.water.gov.taipei:8443/W/S.aspx?SD=1828a,https://gismobile.water.gov.taipei/WaterMap_drinkImg/1828a.JPG
1828b,1828b,東區,臺北市,捷運站,板南線,臺北大眾捷運股份有限公司,南港展覽館站,臺北市南港區南港路1段32號,南港,臺北大眾捷運股份有限公司(藍橘線),25363001#8653,06:00~23:00,6、7號出口間,121.618170,25.054414,正常,20211201T090000,20260210T143000,<1,https://gismobile.water.gov.taipei:8443/W/S.aspx?SD=1828b,https://gismobile.water.gov.taipei/WaterMap_drinkImg/1828b.JPG
1828c,1828c,東區,臺北市,捷運站,板南線,臺北大眾捷運股份有限公司,南港展覽館站(板南線),臺北市南港區南港路1段32號,南港,臺北大眾捷運股份有限公司(藍橘線),25363001#8653,06:00~23:00,5號出口,121.617386,25.054846,正常,20211217T100000,20260210T150000,<1,https://gismobile.water.gov.taipei:8443/W/S.aspx?SD=1828c,https://gismobile.water.gov.taipei/WaterMap_drinkImg/1828c.JPG
1828d,1828d,東區,臺北市,捷運站,板南線,臺北大眾捷運股份有限公司,南港展覽館站(板南線),臺北市南港區南港路1段32號,南港,臺北大眾捷運股份有限公司(藍橘線),25363001#8653,06:00~23:00,6、7號出口間,121.618170,25.054414,正常,20211217T100000,20260210T143500,<1,https://gismobile.water.gov.taipei:8443/W/S.aspx?SD=1828d,https://gismobile.water.gov.taipei/WaterMap_drinkImg/1828d.JPG
1829a,1829a,南區,臺北市,捷運站,淡水信義線,臺北大眾捷運股份有限公司,信義安和站,臺北市大安區信義路4段212之1號,大安,臺北大眾捷運股份有限公司(紅綠線),25363001#8653,06:00~23:00,5號出口,121.553587,25.033316,正常,20211201T090000,20260303T111500,<1,https://gismobile.water.gov.taipei:8443/W/S.aspx?SD=1829a,https://gismobile.water.gov.taipei/WaterMap_drinkImg/1829a.JPG
1829b,1829b,南區,臺北市,捷運站,淡水信義線,臺北大眾捷運股份有限公司,信義安和站,臺北市大安區信義路4段212號,大安,臺北大眾捷運股份有限公司(紅綠線),25363001#8653,06:00~23:00,5號出口,121.553587,25.033316,正常,20211201T090000,20260303T112000,<1,https://gismobile.water.gov.taipei:8443/W/S.aspx?SD=1829b,https://gismobile.water.gov.taipei/WaterMap_drinkImg/1829b.JPG
1830a,1830a,南區,臺北市,捷運站,淡水信義線,臺北大眾捷運股份有限公司,台北101/世貿站,臺北市信義區信義路5段20號,信義,臺北大眾捷運股份有限公司(紅綠線),25363001#8653,06:00~23:00,4、5號出口間,121.563592,25.033078,正常,20211201T090000,20260303T114000,<1,https://gismobile.water.gov.taipei:8443/W/S.aspx?SD=1830a,https://gismobile.water.gov.taipei/WaterMap_drinkImg/1830a.JPG
1830b,1830b,南區,臺北市,捷運站,淡水信義線,臺北大眾捷運股份有限公司,台北101/世貿站,臺北市信義區信義路5段20號,信義,臺北大眾捷運股份有限公司(紅綠線),25363001#8653,06:00~23:00,4、5號出口間,121.563592,25.033078,正常,20211201T090000,20260303T114500,<1,https://gismobile.water.gov.taipei:8443/W/S.aspx?SD=1830b,https://gismobile.water.gov.taipei/WaterMap_drinkImg/1830b.JPG
1831a,1831a,南區,臺北市,捷運站,淡水信義線,臺北大眾捷運股份有限公司,象山站,臺北市信義區信義路5段152號,信義,臺北大眾捷運股份有限公司(紅綠線),25363001#8653,06:00~23:00,2號出口,121.569546,25.032733,正常,20211201T090000,20260303T120000,<1,https://gismobile.water.gov.taipei:8443/W/S.aspx?SD=1831a,https://gismobile.water.gov.taipei/WaterMap_drinkImg/1831a.JPG
1831b,1831b,南區,臺北市,捷運站,淡水信義線,臺北大眾捷運股份有限公司,象山站,臺北市信義區信義路5段152號,信義,臺北大眾捷運股份有限公司(紅綠線),25363001#8653,06:00~23:00,2號出口,121.569546,25.032733,正常,20231215T100000,20260303T120500,<1,https://gismobile.water.gov.taipei:8443/W/S.aspx?SD=1831b,https://gismobile.water.gov.taipei/WaterMap_drinkImg/1831b.JPG
1832a,1832a,南區,臺北市,捷運站,淡水信義線,臺北大眾捷運股份有限公司,大安站(信義),臺北市大安區信義路4段2號,大安,臺北大眾捷運股份有限公司(紅綠線),25363001#8653,06:00~23:00,1、2號出口間,121.542027,25.033593,正常,20211201T090000,20260303T105500,<1,https://gismobile.water.gov.taipei:8443/W/S.aspx?SD=1832a,https://gismobile.water.gov.taipei/WaterMap_drinkImg/1832a.JPG
1832b,1832b,南區,臺北市,捷運站,淡水信義線,臺北大眾捷運股份有限公司,大安站(信義),臺北市大安區信義路4段2號,大安,臺北大眾捷運股份有限公司(紅綠線),25363001#8653,06:00~23:00,1、2號出口間,121.542027,25.033593,正常,20211201T090000,20260303T110000,<1,https://gismobile.water.gov.taipei:8443/W/S.aspx?SD=1832b,https://gismobile.water.gov.taipei/WaterMap_drinkImg/1832b.JPG
1833a,1833a,南區,臺北市,捷運站,淡水信義線,臺北大眾捷運股份有限公司,大安森林公園站,臺北市大安區信義路3段100號,大安,臺北大眾捷運股份有限公司(紅綠線),25363001#8653,06:00~23:00,5號出口,121.535783,25.033416,正常,20211201T090000,20260303T103500,<1,https://gismobile.water.gov.taipei:8443/W/S.aspx?SD=1833a,https://gismobile.water.gov.taipei/WaterMap_drinkImg/1833a.JPG
1833b,1833b,南區,臺北市,捷運站,淡水信義線,臺北大眾捷運股份有限公司,大安森林公園站,臺北市大安區信義路3段100號,大安,臺北大眾捷運股份有限公司(紅綠線),25363001#8653,06:00~23:00,5號出口,121.535783,25.033416,正常,20211201T090000,20260303T104000,<1,https://gismobile.water.gov.taipei:8443/W/S.aspx?SD=1833b,https://gismobile.water.gov.taipei/WaterMap_drinkImg/1833b.JPG
1902a11,1902a11,東區,臺北市,學校,國小,博愛國小,博愛國小,臺北市信義區松仁路95巷20號,信義,博愛國小總務處,23450616轉410,08:00~18:00,101教室,121.570448,25.036349,正常,20260414T000000,20260311T145300,<1,https://gismobile.water.gov.taipei:8443/W/S.aspx?SD=1902a11,https://gismobile.water.gov.taipei/WaterMap_drinkImg/1902a11.JPG
1902a21,1902a21,東區,臺北市,學校,國小,博愛國小,博愛國小,臺北市信義區松仁路95巷20號,信義,博愛國小總務處,23450616轉410,08:00~18:00,201教室,121.570448,25.036349,正常,20260414T000000,20260311T145100,<1,https://gismobile.water.gov.taipei:8443/W/S.aspx?SD=1902a21,https://gismobile.water.gov.taipei/WaterMap_drinkImg/1902a21.JPG
1902a31,1902a31,東區,臺北市,學校,國小,博愛國小,博愛國小,臺北市信義區松仁路95巷20號,信義,博愛國小總務處,23450616轉410,08:00~18:00,304教室,121.570448,25.036349,正常,20260414T000000,20260311T144600,<1,https://gismobile.water.gov.taipei:8443/W/S.aspx?SD=1902a31,https://gismobile.water.gov.taipei/WaterMap_drinkImg/1902a31.JPG
1902a32,1902a32,東區,臺北市,學校,國小,博愛國小,博愛國小,臺北市信義區松仁路95巷20號,信義,博愛國小總務處,23450616轉410,08:00~18:00,304教室,121.570448,25.036349,正常,20260414T000000,20260311T144700,<1,https://gismobile.water.gov.taipei:8443/W/S.aspx?SD=1902a32,https://gismobile.water.gov.taipei/WaterMap_drinkImg/1902a32.JPG
1902a41,1902a41,東區,臺北市,學校,國小,博愛國小,博愛國小,臺北市信義區松仁路95巷20號,信義,博愛國小總務處,23450616轉410,08:00~18:00,401教室,121.570448,25.036349,正常,20260414T000000,20260311T144100,<1,https://gismobile.water.gov.taipei:8443/W/S.aspx?SD=1902a41,https://gismobile.water.gov.taipei/WaterMap_drinkImg/1902a41.JPG
1902b21,1902b21,東區,臺北市,學校,國小,博愛國小,博愛國小,臺北市信義區松仁路95巷20號,信義,博愛國小總務處,23450616轉410,08:00~18:00,206教室,121.570448,25.036349,正常,20260414T000000,20260311T145000,<1,https://gismobile.water.gov.taipei:8443/W/S.aspx?SD=1902b21,https://gismobile.water.gov.taipei/WaterMap_drinkImg/1902b21.JPG
1902b31,1902b31,東區,臺北市,學校,國小,博愛國小,博愛國小,臺北市信義區松仁路95巷20號,信義,博愛國小總務處,23450616轉410,08:00~18:00,309教室,121.570448,25.036349,正常,20260414T000000,20260311T144400,<1,https://gismobile.water.gov.taipei:8443/W/S.aspx?SD=1902b31,https://gismobile.water.gov.taipei/WaterMap_drinkImg/1902b31.JPG
1902b32,1902b32,東區,臺北市,學校,國小,博愛國小,博愛國小,臺北市信義區松仁路95巷20號,信義,博愛國小總務處,23450616轉410,08:00~18:00,309教室,121.570448,25.036349,正常,20260414T000000,20260311T144500,<1,https://gismobile.water.gov.taipei:8443/W/S.aspx?SD=1902b32,https://gismobile.water.gov.taipei/WaterMap_drinkImg/1902b32.JPG
1902b41,1902b41,東區,臺北市,學校,國小,博愛國小,博愛國小,臺北市信義區松仁路95巷20號,信義,博愛國小總務處,23450616轉410,08:00~18:00,406教室,121.570448,25.036349,正常,20260414T000000,20260311T143900,<1,https://gismobile.water.gov.taipei:8443/W/S.aspx?SD=1902b41,https://gismobile.water.gov.taipei/WaterMap_drinkImg/1902b41.JPG
1902c11,1902c11,東區,臺北市,學校,國小,博愛國小,博愛國小,臺北市信義區松仁路95巷20號,信義,博愛國小總務處,23450616轉410,08:00~18:00,112教室,121.570448,25.036349,正常,20260414T000000,20260311T142900,<1,https://gismobile.water.gov.taipei:8443/W/S.aspx?SD=1902c11,https://gismobile.water.gov.taipei/WaterMap_drinkImg/1902c11.JPG
1902c21,1902c21,東區,臺北市,學校,國小,博愛國小,博愛國小,臺北市信義區松仁路95巷20號,信義,博愛國小總務處,23450616轉410,08:00~18:00,212教室,121.570448,25.036349,正常,20260414T000000,20260311T143100,<1,https://gismobile.water.gov.taipei:8443/W/S.aspx?SD=1902c21,https://gismobile.water.gov.taipei/WaterMap_drinkImg/1902c21.JPG
1902c31,1902c31,東區,臺北市,學校,國小,博愛國小,博愛國小,臺北市信義區松仁路95巷20號,信義,博愛國小總務處,23450616轉410,08:00~18:00,314教室,121.570448,25.036349,正常,20260414T000000,20260311T143200,<1,https://gismobile.water.gov.taipei:8443/W/S.aspx?SD=1902c31,https://gismobile.water.gov.taipei/WaterMap_drinkImg/1902c31.JPG
1902c41,1902c41,東區,臺北市,學校,國小,博愛國小,博愛國小,臺北市信義區松仁路95巷20號,信義,博愛國小總務處,23450616轉410,08:00~18:00,音樂教室411,121.570448,25.036349,正常,20260414T000000,20260311T143300,<1,https://gismobile.water.gov.taipei:8443/W/S.aspx?SD=1902c41,https://gismobile.water.gov.taipei/WaterMap_drinkImg/1902c41.JPG
1902d11,1902d11,東區,臺北市,學校,國小,博愛國小,博愛國小,臺北市信義區松仁路95巷20號,信義,博愛國小總務處,23450616轉410,08:00~18:00,115教室,121.570448,25.036349,正常,20260414T000000,20260311T135800,<1,https://gismobile.water.gov.taipei:8443/W/S.aspx?SD=1902d11,https://gismobile.water.gov.taipei/WaterMap_drinkImg/1902d11.JPG
1902d21,1902d21,東區,臺北市,學校,國小,博愛國小,博愛國小,臺北市信義區松仁路95巷20號,信義,博愛國小總務處,23450616轉410,08:00~18:00,216教室,121.570448,25.036349,正常,20260414T000000,20260311T140200,<1,https://gismobile.water.gov.taipei:8443/W/S.aspx?SD=1902d21,https://gismobile.water.gov.taipei/WaterMap_drinkImg/1902d21.JPG
1902d31,1902d31,東區,臺北市,學校,國小,博愛國小,博愛國小,臺北市信義區松仁路95巷20號,信義,博愛國小總務處,23450616轉410,08:00~18:00,教師研究室318,121.570448,25.036349,正常,20260414T000000,20260311T140500,<1,https://gismobile.water.gov.taipei:8443/W/S.aspx?SD=1902d31,https://gismobile.water.gov.taipei/WaterMap_drinkImg/1902d31.JPG
1902d41,1902d41,東區,臺北市,學校,國小,博愛國小,博愛國小,臺北市信義區松仁路95巷20號,信義,博愛國小總務處,23450616轉410,08:00~18:00,414教室,121.570448,25.036349,正常,20260414T000000,20260311T140700,<1,https://gismobile.water.gov.taipei:8443/W/S.aspx?SD=1902d41,https://gismobile.water.gov.taipei/WaterMap_drinkImg/1902d41.JPG
1902e11,1902e11,東區,臺北市,學校,國小,博愛國小,博愛國小,臺北市信義區松仁路95巷20號,信義,博愛國小總務處,23450616轉410,08:00~18:00,121教室,121.570448,25.036349,正常,20260414T000000,20260311T142500,<1,https://gismobile.water.gov.taipei:8443/W/S.aspx?SD=1902e11,https://gismobile.water.gov.taipei/WaterMap_drinkImg/1902e11.JPG
1902e21,1902e21,東區,臺北市,學校,國小,博愛國小,博愛國小,臺北市信義區松仁路95巷20號,信義,博愛國小總務處,23450616轉410,08:00~18:00,222教室,121.570448,25.036349,正常,20260414T000000,20260311T141900,<1,https://gismobile.water.gov.taipei:8443/W/S.aspx?SD=1902e21,https://gismobile.water.gov.taipei/WaterMap_drinkImg/1902e21.JPG
1902e31,1902e31,東區,臺北市,學校,國小,博愛國小,博愛國小,臺北市信義區松仁路95巷20號,信義,博愛國小總務處,23450616轉410,08:00~18:00,324教室,121.570448,25.036349,正常,20260414T000000,20260311T141300,<1,https://gismobile.water.gov.taipei:8443/W/S.aspx?SD=1902e31,https://gismobile.water.gov.taipei/WaterMap_drinkImg/1902e31.JPG
1902e32,1902e32,東區,臺北市,學校,國小,博愛國小,博愛國小,臺北市信義區松仁路95巷20號,信義,博愛國小總務處,23450616轉410,08:00~18:00,324教室,121.570448,25.036349,正常,20260414T000000,20260311T141400,<1,https://gismobile.water.gov.taipei:8443/W/S.aspx?SD=1902e32,https://gismobile.water.gov.taipei/WaterMap_drinkImg/1902e32.JPG
1902e41,1902e41,東區,臺北市,學校,國小,博愛國小,博愛國小,臺北市信義區松仁路95巷20號,信義,博愛國小總務處,23450616轉410,08:00~18:00,自然教室419,121.570448,25.036349,正常,20260414T000000,20260311T140900,<1,https://gismobile.water.gov.taipei:8443/W/S.aspx?SD=1902e41,https://gismobile.water.gov.taipei/WaterMap_drinkImg/1902e41.JPG
1902f11,1902f11,東區,臺北市,學校,國小,博愛國小,博愛國小,臺北市信義區松仁路95巷20號,信義,博愛國小總務處,23450616轉410,08:00~18:00,126教室,121.570448,25.036349,正常,20260414T000000,20260311T142400,<1,https://gismobile.water.gov.taipei:8443/W/S.aspx?SD=1902f11,https://gismobile.water.gov.taipei/WaterMap_drinkImg/1902f11.JPG
1902f21,1902f21,東區,臺北市,學校,國小,博愛國小,博愛國小,臺北市信義區松仁路95巷20號,信義,博愛國小總務處,23450616轉410,08:00~18:00,227教室,121.570448,25.036349,正常,20260414T000000,20260311T142100,<1,https://gismobile.water.gov.taipei:8443/W/S.aspx?SD=1902f21,https://gismobile.water.gov.taipei/WaterMap_drinkImg/1902f21.JPG
1902f31,1902f31,東區,臺北市,學校,國小,博愛國小,博愛國小,臺北市信義區松仁路95巷20號,信義,博愛國小總務處,23450616轉410,08:00~18:00,329教室,121.570448,25.036349,正常,20260414T000000,20260311T141600,<1,https://gismobile.water.gov.taipei:8443/W/S.aspx?SD=1902f31,https://gismobile.water.gov.taipei/WaterMap_drinkImg/1902f31.JPG
1902f32,1902f32,東區,臺北市,學校,國小,博愛國小,博愛國小,臺北市信義區松仁路95巷20號,信義,博愛國小總務處,23450616轉410,08:00~18:00,329教室,121.570448,25.036349,正常,20260414T000000,20260311T141700,<1,https://gismobile.water.gov.taipei:8443/W/S.aspx?SD=1902f32,https://gismobile.water.gov.taipei/WaterMap_drinkImg/1902f32.JPG
1902f41,1902f41,東區,臺北市,學校,國小,博愛國小,博愛國小,臺北市信義區松仁路95巷20號,信義,博愛國小總務處,23450616轉410,08:00~18:00,音樂社團3,121.570448,25.036349,正常,20260414T000000,20260311T141100,<1,https://gismobile.water.gov.taipei:8443/W/S.aspx?SD=1902f41,https://gismobile.water.gov.taipei/WaterMap_drinkImg/1902f41.JPG
1954a11,1954a11,南區,臺北市,學校,國小,臺北市中正區東門國民小學,東門國小,臺北市中正區仁愛路1段2之4號,中正,東門國小總務處,23412822轉27,08:00~18:00,忠孝樓1樓,121.520870,25.038585,正常,20260414T000000,20260304T135300,<1,https://gismobile.water.gov.taipei:8443/W/S.aspx?SD=1954a11,https://gismobile.water.gov.taipei/WaterMap_drinkImg/1954a11.JPG
1954a12,1954a12,南區,臺北市,學校,國小,臺北市中正區東門國民小學,東門國小,臺北市中正區仁愛路1段2之4號,中正,東門國小總務處,23412822轉27,08:00~18:00,忠孝樓1樓,121.520870,25.038585,正常,20260414T000000,20260304T135600,<1,https://gismobile.water.gov.taipei:8443/W/S.aspx?SD=1954a12,https://gismobile.water.gov.taipei/WaterMap_drinkImg/1954a12.JPG
1954a14,1954a14,南區,臺北市,學校,國小,臺北市中正區東門國民小學,東門國小,臺北市中正區仁愛路1段2之4號,中正,東門國小總務處,23412822轉27,08:00~18:00,仁愛樓1樓,121.520870,25.038585,正常,20260414T000000,20260304T134800,<1,https://gismobile.water.gov.taipei:8443/W/S.aspx?SD=1954a14,https://gismobile.water.gov.taipei/WaterMap_drinkImg/1954a14.JPG
1954a15,1954a15,南區,臺北市,學校,國小,臺北市中正區東門國民小學,東門國小,臺北市中正區仁愛路1段2之4號,中正,東門國小總務處,23412822轉27,08:00~18:00,仁愛樓1樓,121.520870,25.038585,正常,20260414T000000,20260304T144800,<1,https://gismobile.water.gov.taipei:8443/W/S.aspx?SD=1954a15,https://gismobile.water.gov.taipei/WaterMap_drinkImg/1954a15.JPG
1954a21,1954a21,南區,臺北市,學校,國小,臺北市中正區東門國民小學,東門國小,臺北市中正區仁愛路1段2之4號,中正,東門國小總務處,23412822轉27,08:00~18:00,忠孝樓2樓,121.520870,25.038585,正常,20260414T000000,20260304T143500,<1,https://gismobile.water.gov.taipei:8443/W/S.aspx?SD=1954a21,https://gismobile.water.gov.taipei/WaterMap_drinkImg/1954a21.JPG
1954a22,1954a22,南區,臺北市,學校,國小,臺北市中正區東門國民小學,東門國小,臺北市中正區仁愛路1段2之4號,中正,東門國小總務處,23412822轉27,08:00~18:00,忠孝樓2樓,121.520870,25.038585,正常,20260414T000000,20260304T143700,<1,https://gismobile.water.gov.taipei:8443/W/S.aspx?SD=1954a22,https://gismobile.water.gov.taipei/WaterMap_drinkImg/1954a22.JPG
1954a23,1954a23,南區,臺北市,學校,國小,臺北市中正區東門國民小學,東門國小,臺北市中正區仁愛路1段2之4號,中正,東門國小總務處,23412822轉27,08:00~18:00,仁愛樓2樓,121.520870,25.038585,正常,20260414T000000,20260304T143300,<1,https://gismobile.water.gov.taipei:8443/W/S.aspx?SD=1954a23,https://gismobile.water.gov.taipei/WaterMap_drinkImg/1954a23.JPG
1954a24,1954a24,南區,臺北市,學校,國小,臺北市中正區東門國民小學,東門國小,臺北市中正區仁愛路1段2之4號,中正,東門國小總務處,23412822轉27,08:00~18:00,仁愛樓2樓,121.520870,25.038585,正常,20260414T000000,20260304T143000,<1,https://gismobile.water.gov.taipei:8443/W/S.aspx?SD=1954a24,https://gismobile.water.gov.taipei/WaterMap_drinkImg/1954a24.JPG
1954a31,1954a31,南區,臺北市,學校,國小,臺北市中正區東門國民小學,東門國小,臺北市中正區仁愛路1段2之4號,中正,東門國小總務處,23412822轉27,08:00~18:00,忠孝樓3樓,121.520870,25.038585,正常,20260414T000000,20260304T140800,<1,https://gismobile.water.gov.taipei:8443/W/S.aspx?SD=1954a31,https://gismobile.water.gov.taipei/WaterMap_drinkImg/1954a31.JPG
1954a33,1954a33,南區,臺北市,學校,國小,臺北市中正區東門國民小學,東門國小,臺北市中正區仁愛路1段2之4號,中正,東門國小總務處,23412822轉27,08:00~18:00,仁愛樓3樓,121.520870,25.038585,正常,20260414T000000,20260304T141100,<1,https://gismobile.water.gov.taipei:8443/W/S.aspx?SD=1954a33,https://gismobile.water.gov.taipei/WaterMap_drinkImg/1954a33.JPG
1954a34,1954a34,南區,臺北市,學校,國小,臺北市中正區東門國民小學,東門國小,臺北市中正區仁愛路1段2之4號,中正,東門國小總務處,23412822轉27,08:00~18:00,仁愛樓3樓,121.520870,25.038585,正常,20260414T000000,20260304T141300,<1,https://gismobile.water.gov.taipei:8443/W/S.aspx?SD=1954a34,https://gismobile.water.gov.taipei/WaterMap_drinkImg/1954a34.JPG
1954b12,1954b12,南區,臺北市,學校,國小,臺北市中正區東門國民小學,東門國小,臺北市中正區仁愛路1段2之4號,中正,東門國小總務處,23412822轉27,08:00~18:00,信義樓1樓,121.520870,25.038585,正常,20260414T000000,20260304T135900,<1,https://gismobile.water.gov.taipei:8443/W/S.aspx?SD=1954b12,https://gismobile.water.gov.taipei/WaterMap_drinkImg/1954b12.JPG
1954b14,1954b14,南區,臺北市,學校,國小,臺北市中正區東門國民小學,東門國小,臺北市中正區仁愛路1段2之4號,中正,東門國小總務處,23412822轉27,08:00~18:00,和平樓1樓,121.520870,25.038585,正常,20260414T000000,20260304T144400,<1,https://gismobile.water.gov.taipei:8443/W/S.aspx?SD=1954b14,https://gismobile.water.gov.taipei/WaterMap_drinkImg/1954b14.JPG
1954b15,1954b15,南區,臺北市,學校,國小,臺北市中正區東門國民小學,東門國小,臺北市中正區仁愛路1段2之4號,中正,東門國小總務處,23412822轉27,08:00~18:00,和平樓1樓,121.520870,25.038585,正常,20260414T000000,20260304T144500,<1,https://gismobile.water.gov.taipei:8443/W/S.aspx?SD=1954b15,https://gismobile.water.gov.taipei/WaterMap_drinkImg/1954b15.JPG
1954b21,1954b21,南區,臺北市,學校,國小,臺北市中正區東門國民小學,東門國小,臺北市中正區仁愛路1段2之4號,中正,東門國小總務處,23412822轉27,08:00~18:00,信義樓2樓,121.520870,25.038585,正常,20260414T000000,20260304T143900,<1,https://gismobile.water.gov.taipei:8443/W/S.aspx?SD=1954b21,https://gismobile.water.gov.taipei/WaterMap_drinkImg/1954b21.JPG
1954b22,1954b22,南區,臺北市,學校,國小,臺北市中正區東門國民小學,東門國小,臺北市中正區仁愛路1段2之4號,中正,東門國小總務處,23412822轉27,08:00~18:00,信義樓2樓,121.520870,25.038585,正常,20260414T000000,20260304T144100,<1,https://gismobile.water.gov.taipei:8443/W/S.aspx?SD=1954b22,https://gismobile.water.gov.taipei/WaterMap_drinkImg/1954b22.JPG
1954b25,1954b25,南區,臺北市,學校,國小,臺北市中正區東門國民小學,東門國小,臺北市中正區仁愛路1段2之4號,中正,東門國小總務處,23412822轉27,08:00~18:00,和平樓2樓,121.520870,25.038585,正常,20260414T000000,20260304T142600,<1,https://gismobile.water.gov.taipei:8443/W/S.aspx?SD=1954b25,https://gismobile.water.gov.taipei/WaterMap_drinkImg/1954b25.JPG
1954b26,1954b26,南區,臺北市,學校,國小,臺北市中正區東門國民小學,東門國小,臺北市中正區仁愛路1段2之4號,中正,東門國小總務處,23412822轉27,08:00~18:00,和平樓2樓,121.520870,25.038585,正常,20260414T000000,20260304T142800,<1,https://gismobile.water.gov.taipei:8443/W/S.aspx?SD=1954b26,https://gismobile.water.gov.taipei/WaterMap_drinkImg/1954b26.JPG
1954b31,1954b31,南區,臺北市,學校,國小,臺北市中正區東門國民小學,東門國小,臺北市中正區仁愛路1段2之4號,中正,東門國小總務處,23412822轉27,08:00~18:00,信義樓3樓,121.520870,25.038585,正常,20260414T000000,20260304T140400,<1,https://gismobile.water.gov.taipei:8443/W/S.aspx?SD=1954b31,https://gismobile.water.gov.taipei/WaterMap_drinkImg/1954b31.JPG
1954b32,1954b32,南區,臺北市,學校,國小,臺北市中正區東門國民小學,東門國小,臺北市中正區仁愛路1段2之4號,中正,東門國小總務處,23412822轉27,08:00~18:00,信義樓3樓,121.520870,25.038585,正常,20260414T000000,20260304T140200,<1,https://gismobile.water.gov.taipei:8443/W/S.aspx?SD=1954b32,https://gismobile.water.gov.taipei/WaterMap_drinkImg/1954b32.JPG
1954b36,1954b36,南區,臺北市,學校,國小,臺北市中正區東門國民小學,東門國小,臺北市中正區仁愛路1段2之4號,中正,東門國小總務處,23412822轉27,08:00~18:00,和平樓3樓,121.520870,25.038585,正常,20260414T000000,20260304T141900,<1,https://gismobile.water.gov.taipei:8443/W/S.aspx?SD=1954b36,https://gismobile.water.gov.taipei/WaterMap_drinkImg/1954b36.JPG
1954b37,1954b37,南區,臺北市,學校,國小,臺北市中正區東門國民小學,東門國小,臺北市中正區仁愛路1段2之4號,中正,東門國小總務處,23412822轉27,08:00~18:00,和平樓3樓,121.520870,25.038585,正常,20260414T000000,20260304T141600,<1,https://gismobile.water.gov.taipei:8443/W/S.aspx?SD=1954b37,https://gismobile.water.gov.taipei/WaterMap_drinkImg/1954b37.JPG
1954b41,1954b41,南區,臺北市,學校,國小,臺北市中正區東門國民小學,東門國小,臺北市中正區仁愛路1段2之4號,中正,東門國小總務處,23412822轉27,08:00~18:00,和平樓4樓,121.520870,25.038585,正常,20260414T000000,20260304T142100,<1,https://gismobile.water.gov.taipei:8443/W/S.aspx?SD=1954b41,https://gismobile.water.gov.taipei/WaterMap_drinkImg/1954b41.JPG
1954b42,1954b42,南區,臺北市,學校,國小,臺北市中正區東門國民小學,東門國小,臺北市中正區仁愛路1段2之4號,中正,東門國小總務處,23412822轉27,08:00~18:00,和平樓4樓,121.520870,25.038585,正常,20260414T000000,20260304T142300,<1,https://gismobile.water.gov.taipei:8443/W/S.aspx?SD=1954b42,https://gismobile.water.gov.taipei/WaterMap_drinkImg/1954b42.JPG
2001,2001,南區,臺北市,公園步道,區公所,臺北市文山區公所,忠順公園,臺北市文山區興隆路四段1巷15號964弄,文山,臺北市文山區公所,2936-5222#381,0:00~24:00,涼亭旁,121.561178,24.983205,正常,20211201T090000,20260310T145700,<1,https://gismobile.water.gov.taipei:8443/W/S.aspx?SD=2001,https://gismobile.water.gov.taipei/WaterMap_drinkImg/2001.JPG
2002,2002,南區,臺北市,公園步道,區公所,臺北市文山區公所,久康公園,臺北市文山區久康街35號對面,文山,臺北市文山區公所,2936-5222#381,0:00~24:00,遊戲區旁,121.564433,24.989357,正常,20260414T000000,20260310T151600,<1,https://gismobile.water.gov.taipei:8443/W/S.aspx?SD=2002,https://gismobile.water.gov.taipei/WaterMap_drinkImg/2002.JPG
2003,2003,南區,臺北市,公園步道,區公所,臺北市文山區公所,保儀公園,臺北市文山區木新路3段50巷26號對面,文山,臺北市文山區公所,2936-5222#381,0:00~24:00,遊戲區旁,121.563698,24.983592,正常,20211201T090000,20260310T150200,<1,https://gismobile.water.gov.taipei:8443/W/S.aspx?SD=2003,https://gismobile.water.gov.taipei/WaterMap_drinkImg/2003.JPG
2004,2004,南區,臺北市,公園步道,區公所,臺北市文山區公所,木榮公園,臺北市文山區木新路2段156-1號對面,文山,臺北市文山區公所,2936-5222#381,0:00~24:00,入口處,121.568861,24.984648,正常,20260414T000000,20260317T112000,<1,https://gismobile.water.gov.taipei:8443/W/S.aspx?SD=2004,https://gismobile.water.gov.taipei/WaterMap_drinkImg/2004.JPG
2006,2006,南區,臺北市,公園步道,公園處,工務局公園處,萬芳11號公園,臺北市文山區萬美街二段82號(萬寧街與萬美街交口),文山,工務局公園處南港管理所,02-27833685,0:00~24:00,公園內,121.563246,25.003300,正常,20260414T000000,20260310T152800,<1,https://gismobile.water.gov.taipei:8443/W/S.aspx?SD=2006,https://gismobile.water.gov.taipei/WaterMap_drinkImg/2006.JPG
2007,2007,南區,臺北市,公園步道,水利處,工務局水利工程處南區管理站,道南河濱公園,臺北市文山區木新路二段299巷與號恆光街30巷交叉口(恆光橋下),文山,工務局水利工程處南區管理站,27208889#2691,0:00~24:00,共融公園旁,121.567406,24.981491,正常,20260414T000000,20260310T144700,<1,https://gismobile.water.gov.taipei:8443/W/S.aspx?SD=2007,https://gismobile.water.gov.taipei/WaterMap_drinkImg/2007.JPG
2008,2008,南區,臺北市,公園步道,水利處,工務局水利工程處南區管理站,木柵河濱公園,臺北市文山區木新路三段417號(寶橋下),文山,工務局水利工程處南區管理站,27208889#2691,0:00~24:00,休憩空間旁,121.553800,24.979906,正常,20260414T000000,20260310T143200,<1,https://gismobile.water.gov.taipei:8443/W/S.aspx?SD=2008,https://gismobile.water.gov.taipei/WaterMap_drinkImg/2008.JPG
2009,2009,南區,臺北市,公園步道,區公所,臺北市文山區公所,興福公園,臺北市文山區景華街121巷17弄,文山,臺北市文山區公所,2936-5222#381,0:00~24:00,涼亭旁,121.546060,24.997032,正常,20260414T000000,20260310T140500,<1,https://gismobile.water.gov.taipei:8443/W/S.aspx?SD=2009,https://gismobile.water.gov.taipei/WaterMap_drinkImg/2009.JPG
2312a,2312a,北區,新北市,機關,三重市公所,新北市三重區公所,三重區公所,新北市三重區新北大道一段11號,三重,新北市三重區公所秘書室,29862345轉536,08:00~18:00,大門,121.488200,25.061027,正常,20211201T090000,20260120T141300,<1,https://gismobile.water.gov.taipei:8443/W/S.aspx?SD=2312a,https://gismobile.water.gov.taipei/WaterMap_drinkImg/2312a.JPG
2312b,2312b,北區,新北市,機關,三重市公所,新北市三重區公所,三重區公所,新北市三重區新北大道一段11號,三重,新北市三重區公所秘書室,29862345轉536,08:00~18:00,停車場,121.488662,25.061032,正常,20211201T090000,20260120T141800,<1,https://gismobile.water.gov.taipei:8443/W/S.aspx?SD=2312b,https://gismobile.water.gov.taipei/WaterMap_drinkImg/2312b.JPG
2430,2430,東區,臺北市,捷運站,文湖線,臺北大眾捷運股份有限公司,松山機場站,臺北市松山區敦化北路338號,松山,臺北大眾捷運股份有限公司(棕線),25363001#8653,06:00~23:00,3號出口,121.552116,25.063067,正常,20211201T090000,20260108T134500,<1,https://gismobile.water.gov.taipei:8443/W/S.aspx?SD=2430,https://gismobile.water.gov.taipei/WaterMap_drinkImg/2430.JPG
2442a,2442a,東區,臺北市,捷運站,松山新店線,臺北大眾捷運股份有限公司,南京復興站,臺北市中山區南京東路3段253號,中山,臺北大眾捷運股份有限公司(紅綠線),25363001#8653,06:00~23:00,2號出口,121.541823,25.051712,正常,20211201T090000,20260204T113500,<1,https://gismobile.water.gov.taipei:8443/W/S.aspx?SD=2442a,https://gismobile.water.gov.taipei/WaterMap_drinkImg/2442a.JPG
2442b,2442b,東區,臺北市,捷運站,松山新店線,臺北大眾捷運股份有限公司,南京復興站,臺北市中山區南京東路3段253號,中山,臺北大眾捷運股份有限公司(紅綠線),25363001#8653,06:00~23:00,2號出口,121.541823,25.051712,正常,20211201T090000,20260204T114400,<1,https://gismobile.water.gov.taipei:8443/W/S.aspx?SD=2442b,https://gismobile.water.gov.taipei/WaterMap_drinkImg/2442b.JPG
2443a,2443a,東區,臺北市,捷運站,松山新店線,臺北大眾捷運股份有限公司,台北小巨蛋站,臺北市松山區南京東路4段10-1號,松山,臺北大眾捷運股份有限公司(紅綠線),25363001#8653,06:00~23:00,2號出口,121.551023,25.051515,正常,20211201T090000,20260204T120700,<1,https://gismobile.water.gov.taipei:8443/W/S.aspx?SD=2443a,https://gismobile.water.gov.taipei/WaterMap_drinkImg/2443a.JPG
2443b,2443b,東區,臺北市,捷運站,松山新店線,臺北大眾捷運股份有限公司,台北小巨蛋站,臺北市松山區南京東路4段10-1號,松山,臺北大眾捷運股份有限公司(紅綠線),25363001#8653,06:00~23:00,2號出口,121.551023,25.051515,正常,20211201T090000,20260204T121500,<1,https://gismobile.water.gov.taipei:8443/W/S.aspx?SD=2443b,https://gismobile.water.gov.taipei/WaterMap_drinkImg/2443b.JPG
2444a,2444a,東區,臺北市,捷運站,松山新店線,臺北大眾捷運股份有限公司,南京三民站,臺北市松山區南京東路5段237號,松山,臺北大眾捷運股份有限公司(紅綠線),25363001#8653,06:00~23:00,1號出口,121.563305,25.051539,正常,20260414T000000,20260204T123400,<1,https://gismobile.water.gov.taipei:8443/W/S.aspx?SD=2444a,https://gismobile.water.gov.taipei/WaterMap_drinkImg/2444a.JPG
2444b,2444b,東區,臺北市,捷運站,松山新店線,臺北大眾捷運股份有限公司,南京三民站,臺北市松山區南京東路5段237號,松山,臺北大眾捷運股份有限公司(紅綠線),25363001#8653,06:00~23:00,1號出口,121.563305,25.051539,正常,20260414T000000,20260204T124200,<1,https://gismobile.water.gov.taipei:8443/W/S.aspx?SD=2444b,https://gismobile.water.gov.taipei/WaterMap_drinkImg/2444b.JPG
2445a,2445a,東區,臺北市,捷運站,松山新店線,臺北大眾捷運股份有限公司,松山站,臺北市松山區八德路4段742號,松山,臺北大眾捷運股份有限公司(紅綠線),25363001#8653,06:00~23:00,3號出口,121.578119,25.050361,正常,20211201T090000,20260204T125800,<1,https://gismobile.water.gov.taipei:8443/W/S.aspx?SD=2445a,https://gismobile.water.gov.taipei/WaterMap_drinkImg/2445a.JPG
2445b,2445b,東區,臺北市,捷運站,松山新店線,臺北大眾捷運股份有限公司,松山站,臺北市松山區八德路4段742號,松山,臺北大眾捷運股份有限公司(紅綠線),25363001#8653,06:00~23:00,3號出口,121.578119,25.050361,正常,20211201T090000,20260204T130600,<1,https://gismobile.water.gov.taipei:8443/W/S.aspx?SD=2445b,https://gismobile.water.gov.taipei/WaterMap_drinkImg/2445b.JPG
2446,2446,東區,臺北市,公園步道,公園處,工務局公園處,三民公園,臺北市松山區撫遠街298號,松山,工務局公園處圓山管理所,2585-0192 轉232,0:00~24:00,遊戲場旁,121.567650,25.061790,正常,20260414T000000,20260108T095200,<1,https://gismobile.water.gov.taipei:8443/W/S.aspx?SD=2446,https://gismobile.water.gov.taipei/WaterMap_drinkImg/2446.JPG
2446a,2446a,東區,臺北市,公園步道,公園處,工務局公園處,三民公園,臺北市松山區撫遠街298號對面,松山,工務局公園處圓山管理所,2585-0192 轉232,0:00~24:00,入口牌樓左側,121.566750,25.061379,正常,20211201T090000,20260108T095800,<1,https://gismobile.water.gov.taipei:8443/W/S.aspx?SD=2446a,https://gismobile.water.gov.taipei/WaterMap_drinkImg/2446a.JPG
2447,2447,東區,臺北市,機關,體育局,臺北自來水事業處,臺北田徑場,八德路三段與敦化北路,松山,北水處東區分處,87703360,0:00~24:00,八德路三段10-1號對面,121.550179,25.048390,正常,20260414T000000,20260108T092400,<1,https://gismobile.water.gov.taipei:8443/W/S.aspx?SD=2447,https://gismobile.water.gov.taipei/WaterMap_drinkImg/2447.JPG
2450,2450,東區,臺北市,場館,民生辦公大樓,民生辦公大樓管理服務中心,資訊科技服務大樓,臺北市松山區民生東路4段133號,松山,民生辦公大樓管理負責人,27160802,0:00~24:00,人行道,121.554839,25.058341,正常,20211201T090000,20260108T102900,<1,https://gismobile.water.gov.taipei:8443/W/S.aspx?SD=2450,https://gismobile.water.gov.taipei/WaterMap_drinkImg/2450.JPG
2451,2451,東區,臺北市,公園步道,水利處,工務局水利工程處東區左岸管理站,成美左岸河濱公園,臺北市南港區成美河濱公園,南港,工務局水利工程處東區左岸管理站,27208889#2691,0:00~24:00,籃球場,121.587930,25.054729,正常,20260414T000000,20260108T105300,<1,https://gismobile.water.gov.taipei:8443/W/S.aspx?SD=2451,https://gismobile.water.gov.taipei/WaterMap_drinkImg/2451.JPG
2453,2453,東區,臺北市,公園步道,公園處,工務局公園處,民生公園,臺北市松山區民生東路5段36巷4弄17號,松山,工務局公園處圓山管理所,2585-0192 轉232,0:00~24:00,步道,121.557821,25.057544,正常,20260414T000000,20260210T112100,<1,https://gismobile.water.gov.taipei:8443/W/S.aspx?SD=2453,https://gismobile.water.gov.taipei/WaterMap_drinkImg/2453.JPG
2454,2454,東區,臺北市,公園步道,公園處,工務局公園處,富民生態公園,臺北市松山區新東街41之7號,松山,工務局公園處圓山管理所,2585-0192 轉232,0:00~24:00,步道,121.565426,25.060523,正常,20211201T090000,20260210T113200,<1,https://gismobile.water.gov.taipei:8443/W/S.aspx?SD=2454,https://gismobile.water.gov.taipei/WaterMap_drinkImg/2454.JPG
2455,2455,南區,臺北市,公園步道,區公所,臺北市松山區公所,敦化公園,臺北市松山區八德路3段12巷52弄3號對面,松山,臺北市松山區公所,8787-8787#889,0:00~24:00,遊戲區旁,121.550507,25.046403,正常,20260414T000000,20260210T143900,<1,https://gismobile.water.gov.taipei:8443/W/S.aspx?SD=2455,https://gismobile.water.gov.taipei/WaterMap_drinkImg/2455.JPG
2456,2456,南區,臺北市,公園步道,區公所,臺北市松山區公所,吉仁公園,臺北市松山區八德路3段與延吉街交口,松山,臺北市松山區公所,8787-8787#889,0:00~24:00,涼亭旁,121.553510,25.047900,正常,20211201T090000,20260210T143200,<1,https://gismobile.water.gov.taipei:8443/W/S.aspx?SD=2456,https://gismobile.water.gov.taipei/WaterMap_drinkImg/2456.JPG
2457,2457,東區,臺北市,公園步道,區公所,臺北市松山區公所,健康公園,臺北市松山區寶清街111巷40號,松山,臺北市松山區公所,8787-8787#889,0:00~24:00,花圃內,121.568940,25.054110,正常,20211201T090000,20260210T115600,<1,https://gismobile.water.gov.taipei:8443/W/S.aspx?SD=2457,https://gismobile.water.gov.taipei/WaterMap_drinkImg/2457.JPG
2458,2458,東區,臺北市,公園步道,區公所,臺北市松山區公所,寶清公園,臺北市松山區寶寶清街30巷22號,松山,臺北市松山區公所,8787-8787#889,0:00~24:00,步道,121.567676,25.052155,正常,20211201T090000,20260210T120300,<1,https://gismobile.water.gov.taipei:8443/W/S.aspx?SD=2458,https://gismobile.water.gov.taipei/WaterMap_drinkImg/2458.JPG
2459,2459,東區,臺北市,公園步道,區公所,臺北市松山區公所,西松公園,臺北市松山區南京東路5段251１巷50弄13號,松山,臺北市松山區公所,8787-8787#889,0:00~24:00,花圃內,121.564043,25.053873,正常,20211201T090000,20260210T140800,<1,https://gismobile.water.gov.taipei:8443/W/S.aspx?SD=2459,https://gismobile.water.gov.taipei/WaterMap_drinkImg/2459.JPG
2460,2460,東區,臺北市,公園步道,區公所,臺北市松山區公所,民有1號公園,臺北市松山區民權東路3段160巷15號,松山,臺北市松山區公所,8787-8787#889,0:00~24:00,步道,121.547639,25.060756,正常,20211201T090000,20260210T110900,<1,https://gismobile.water.gov.taipei:8443/W/S.aspx?SD=2460,https://gismobile.water.gov.taipei/WaterMap_drinkImg/2460.JPG
2461,2461,東區,臺北市,公園步道,區公所,臺北市信義區公所,永春公園,臺北市信義區忠孝東路五段703巷1弄24號對面,信義,臺北市信義區公所,27239777#707,0:00~24:00,圓形廣場座椅、燈桿旁,121.579160,25.042310,正常,20211201T090000,20260210T152800,<1,https://gismobile.water.gov.taipei:8443/W/S.aspx?SD=2461,https://gismobile.water.gov.taipei/WaterMap_drinkImg/2461.JPG
2462,2462,東區,臺北市,公園步道,區公所,臺北市松山區公所,敦中公園,臺北市松山區敦化北路4巷,松山,臺北市松山區公所,8787-8787#889,0:00~24:00,北側入口處右側,121.545960,25.049990,正常,20260414T000000,20260210T105000,<1,https://gismobile.water.gov.taipei:8443/W/S.aspx?SD=2462,https://gismobile.water.gov.taipei/WaterMap_drinkImg/2462.JPG
2463,2463,東區,臺北市,公園步道,區公所,臺北市松山區公所,慶城公園,臺北市松山區慶城街16巷7號對面,松山,臺北市松山區公所,8787-8787#889,0:00~24:00,西側入口處右側,121.546170,25.053240,正常,20211201T090000,20260210T105900,<1,https://gismobile.water.gov.taipei:8443/W/S.aspx?SD=2463,https://gismobile.water.gov.taipei/WaterMap_drinkImg/2463.JPG
2464,2464,東區,臺北市,公園步道,區公所,臺北市松山區公所,鵬程公園,臺北市松山區健康路325巷12弄28號左前方,松山,臺北市松山區公所,8787-8787#889,0:00~24:00,西側入口處左側,121.568550,25.055680,正常,20260414T000000,20260210T114900,<1,https://gismobile.water.gov.taipei:8443/W/S.aspx?SD=2464,https://gismobile.water.gov.taipei/WaterMap_drinkImg/2464.JPG
2465,2465,東區,臺北市,公園步道,區公所,臺北市松山區公所,新東公園,臺北市松山區民生東路5段與撫遠街交口附近,松山,臺北市松山區公所,8787-8787#889,0:00~24:00,北側入口處右側,121.568340,25.059020,正常,20211201T090000,20260210T114200,<1,https://gismobile.water.gov.taipei:8443/W/S.aspx?SD=2465,https://gismobile.water.gov.taipei/WaterMap_drinkImg/2465.JPG
2466,2466,東區,臺北市,公園步道,區公所,臺北市松山區公所,寧安公園,臺北市松山區寧安街60巷1號對面,松山,臺北市松山區公所,8787-8787#889,0:00~24:00,西側入口處右側,121.554820,25.050750,正常,20211201T090000,20260210T103900,<1,https://gismobile.water.gov.taipei:8443/W/S.aspx?SD=2466,https://gismobile.water.gov.taipei/WaterMap_drinkImg/2466.JPG
2472,2472,東區,臺北市,商圈夜市,臺北自來水事業處,金好家,饒河街觀光夜市,臺北市松山區饒河街39號對面,松山區,工務局公園處園藝工程隊,23815132＃318,0:00~24:00,八德路4段與饒河街路口空地(牌樓前),121.572596,25.050060,正常,20260414T000000,20260108T110200,<1,https://gismobile.water.gov.taipei:8443/W/S.aspx?SD=2472,https://gismobile.water.gov.taipei/WaterMap_drinkImg/2472.JPG
2474,2474,東區,臺北市,商圈夜市,區公所,臺北市松山區公所,南京三民捷運站商圈,臺北市松山區八德路四段245巷52弄,松山區,臺北市松山區公所,8787-8787#889,0:00~24:00,遊戲區旁,121.563892,25.050500,正常,20260414T000000,20260108T093900,<1,https://gismobile.water.gov.taipei:8443/W/S.aspx?SD=2474,https://gismobile.water.gov.taipei/WaterMap_drinkImg/2474.JPG
2701,2701,東區,臺北市,公園步道,區公所,臺北市中山區公所,永盛公園,臺北市中山區民生東路一段23巷44號對面,中山,臺北市中山區公所,25031369#538,0:00~24:00,公園入口旁/Ubike旁,121.525055,25.058863,正常,20211201T090000,20260319T103600,<1,https://gismobile.water.gov.taipei:8443/W/S.aspx?SD=2701,https://gismobile.water.gov.taipei/WaterMap_drinkImg/2701.JPG
2702,2702,東區,臺北市,公園步道,區公所,臺北市中山區公所,新壽公園,臺北市中山區新生北路三段11巷63號對面,中山,臺北市中山區公所,25031369#538,0:00~24:00,休憩座椅旁,121.530064,25.063504,正常,20211201T090000,20260319T102500,<1,https://gismobile.water.gov.taipei:8443/W/S.aspx?SD=2702,https://gismobile.water.gov.taipei/WaterMap_drinkImg/2702.JPG
2708,2708,東區,臺北市,公園步道,區公所,臺北市中山區公所,錦州公園,臺北市中山區中原街106號對面,中山,臺北市中山區公所,25031369#538,0:00~24:00,兒童遊戲場旁休息區,121.529096,25.060629,正常,20211201T090000,20260319T103000,<1,https://gismobile.water.gov.taipei:8443/W/S.aspx?SD=2708,https://gismobile.water.gov.taipei/WaterMap_drinkImg/2708.JPG
2710,2710,東區,臺北市,公園步道,區公所,臺北市中山區公所,朱崙公園,臺北市中山區龍江路55巷,中山,臺北市中山區公所,25031369#538,0:00~24:00,廁所旁,121.541642,25.049436,正常,20211215T100000,20260319T094900,<1,https://gismobile.water.gov.taipei:8443/W/S.aspx?SD=2710,https://gismobile.water.gov.taipei/WaterMap_drinkImg/2710.JPG
2713a,2713a,東區,臺北市,公園步道,工程處,工務局大地工程處,劍潭山親山步道,臺北市中山區中山北路四段1巷1弄,中山,大地工程處道路步道科,27593001轉2312,0:00~24:00,藍鵲平台旁,121.528652,25.080599,正常,20260414T000000,20260319T135900,<1,https://gismobile.water.gov.taipei:8443/W/S.aspx?SD=2713a,https://gismobile.water.gov.taipei/WaterMap_drinkImg/2713a.JPG
2713b,2713b,東區,臺北市,公園步道,工程處,工務局大地工程處,劍潭山親山步道,臺北市中山區中山北路四段67號旁,中山,大地工程處道路步道科,27593001轉2312,0:00~24:00,步道口旁,121.524536,25.080885,正常,20260414T000000,20260319T134400,<1,https://gismobile.water.gov.taipei:8443/W/S.aspx?SD=2713b,https://gismobile.water.gov.taipei/WaterMap_drinkImg/2713b.JPG
2715,2715,東區,臺北市,公園步道,區公所,臺北市中山區公所,興國公園,臺北市中山區遼寧街177號對面,中山,臺北市中山區公所,25031369#538,0:00~24:00,洗手台旁,121.541634,25.053095,正常,20260414T000000,20260319T095300,<1,https://gismobile.water.gov.taipei:8443/W/S.aspx?SD=2715,https://gismobile.water.gov.taipei/WaterMap_drinkImg/2715.JPG
2716,2716,北區,臺北市,公園步道,區公所,臺北市中山區公所,永靜公園,台北市中山區中山北路2段12巷4-3號旁,中山,臺北市中山區公所,25031369#538,0:00~24:00,人行道出入口,121.521100,25.061700,正常,20260414T000000,20260122T104200,<1,https://gismobile.water.gov.taipei:8443/W/S.aspx?SD=2716,https://gismobile.water.gov.taipei/WaterMap_drinkImg/2716.JPG
2717,2717,東區,臺北市,公園步道,區公所,臺北市中山區公所,晴光公園,臺北市中山區雙城街13巷與雙城街口,中山區,臺北市中山區公所,25031369#538,0:00~24:00,兒童遊戲場旁,121.524554,25.064049,正常,20260414T000000,20260122T105200,<1,https://gismobile.water.gov.taipei:8443/W/S.aspx?SD=2717,https://gismobile.water.gov.taipei/WaterMap_drinkImg/2717.JPG
2718,2718,北區,臺北市,商圈夜市,臺北自來水事業處,臺北自來水事業處,中山捷運站廊道,臺北市中山區南京西路23巷與中山北路16巷交口,中山區,北水處北區分處,21004100,0:00~24:00,人行道,121.520525,25.053139,正常,20260414T000000,20260122T103000,<1,https://gismobile.water.gov.taipei:8443/W/S.aspx?SD=2718,https://gismobile.water.gov.taipei/WaterMap_drinkImg/2718.JPG
2719,2719,北區,臺北市,商圈夜市,臺北自來水事業處,臺北自來水事業處,雙連捷運站廊道,臺北市中山區民生西路66巷,中山區,北水處北區分處,21004100,0:00~24:00,人行道,121.520727,25.056509,正常,20260414T000000,20260122T103600,<1,https://gismobile.water.gov.taipei:8443/W/S.aspx?SD=2719,https://gismobile.water.gov.taipei/WaterMap_drinkImg/2719.JPG
2720,2720,東區,臺北市,公園步道,區公所,臺北市中山區公所,龍江公園,臺北市中山區錦州街423號對面,中山區,臺北市中山區公所,25031369#538,0:00~24:00,公園北側入口旁,121.542229,25.060070,正常,20260414T000000,20260122T095000,<1,https://gismobile.water.gov.taipei:8443/W/S.aspx?SD=2720,https://gismobile.water.gov.taipei/WaterMap_drinkImg/2720.JPG
2722,2722,東區,臺北市,商圈夜市,區公所,臺北市中山區公所,伊通街商圈,臺北市中山區伊通街39號對面,中山區,臺北市中山區公所,25031369#538,0:00~24:00,公園內步道旁,121.534722,25.050226,正常,20260414T000000,20260209T144400,<1,https://gismobile.water.gov.taipei:8443/W/S.aspx?SD=2722,https://gismobile.water.gov.taipei/WaterMap_drinkImg/2722.JPG
2723,2723,東區,臺北市,商圈夜市,公園處,工務局公園處,北安路商圈,台北市中山區北安路538巷1弄5號對面,中山區,工務局公園處圓山管理所,2585-0192 轉232,0:00~24:00,公園內步道旁,121.548134,25.079546,正常,20260414T000000,20260212T092700,<1,https://gismobile.water.gov.taipei:8443/W/S.aspx?SD=2723,https://gismobile.water.gov.taipei/WaterMap_drinkImg/2723.JPG
2801,2801,陽明,臺北市,公園步道,公園處,工務局公園處,203號公園,臺北市士林區平五街2號,士林,工務局公園處士林園藝所,28812512,0:00~24:00,公廁前,121.528320,25.091600,正常,20260414T000000,20260304T093200,<1,https://gismobile.water.gov.taipei:8443/W/S.aspx?SD=2801,https://gismobile.water.gov.taipei/WaterMap_drinkImg/2801.JPG
2802,2802,陽明,臺北市,公園步道,公園處,工務局公園處,福林公園,臺北市士林區福林路60號對面,士林,工務局公園處士林園藝所,28812512,0:00~24:00,停車場人行入口旁,121.530564,25.095796,正常,20260414T000000,20260304T094000,<1,https://gismobile.water.gov.taipei:8443/W/S.aspx?SD=2802,https://gismobile.water.gov.taipei/WaterMap_drinkImg/2802.JPG
2805,2805,陽明,臺北市,公園步道,水利處,工務局水利工程處北區右岸管理站,百齡右岸河濱公園,臺北市士林區通河東街一段3巷對面,士林,工務局水利工程處北區右岸管理站,27208889#2690,0:00~24:00,三腳渡籃球場旁,121.517045,25.081309,正常,20231129T100000,20260302T143700,<1,https://gismobile.water.gov.taipei:8443/W/S.aspx?SD=2805,https://gismobile.water.gov.taipei/WaterMap_drinkImg/2805.JPG
2806,2806,陽明,臺北市,公園步道,水利處,工務局水利工程處北區左岸管理站,雙溪河濱公園,臺北市士林區文林路621巷619號對面,士林,工務局水利工程處北區左岸管理站,27208889#2691,0:00~24:00,士林橋旁,121.523281,25.099219,暫停,20260414T000000,20251202T143700,<1,https://gismobile.water.gov.taipei:8443/W/S.aspx?SD=2806,https://gismobile.water.gov.taipei/WaterMap_drinkImg/2806.JPG
2807,2807,陽明,臺北市,公園步道,公園處,工務局公園處,通河街二巷綠地,臺北市士林區通河街2巷,士林,工務局公園處士林園藝所,28812512,0:00~24:00,兒童遊戲場旁,121.523273,25.078840,正常,20260414T000000,20260311T100000,<1,https://gismobile.water.gov.taipei:8443/W/S.aspx?SD=2807,https://gismobile.water.gov.taipei/WaterMap_drinkImg/2807.JPG
2808,2808,陽明,臺北市,公園步道,公園處,工務局公園處,蘭雅1號公園,臺北市士林區德行東路129巷,士林,工務局公園處陽明山管理所,28832130,0:00~24:00,公園告示牌旁,121.529383,25.110095,正常,20211215T100000,20260202T143300,<1,https://gismobile.water.gov.taipei:8443/W/S.aspx?SD=2808,https://gismobile.water.gov.taipei/WaterMap_drinkImg/2808.JPG
2809,2809,陽明,臺北市,公園步道,區公所,臺北市士林區公所,至誠公園,臺北市士林區至誠路一段24號旁,士林,臺北市士林區公所,28826200#6311,0:00~24:00,升旗台旁,121.536483,25.101330,正常,20220317T100000,20260304T101700,<1,https://gismobile.water.gov.taipei:8443/W/S.aspx?SD=2809,https://gismobile.water.gov.taipei/WaterMap_drinkImg/2809.JPG
2810,2810,陽明,臺北市,場館,故宮博物院,國立故宮博物院,故宮博物院,臺北市士林區至善路2段250號對面,士林區,國立故宮博物院,28812021#2307,0:00~24:00,警衛室前,121.550065,25.100249,正常,20260414T000000,20260202T101800,<1,https://gismobile.water.gov.taipei:8443/W/S.aspx?SD=2810,https://gismobile.water.gov.taipei/WaterMap_drinkImg/2810.JPG
2813,2813,陽明,臺北市,商圈夜市,區公所,臺北市士林區公所,天母SOGO商圈,臺北市士林區德行西路37號對面,士林區,臺北市士林區公所,28826200#6311,0:00~24:00,公園內步道旁,121.523484,25.105655,正常,20260414T000000,20260106T145700,<1,https://gismobile.water.gov.taipei:8443/W/S.aspx?SD=2813,https://gismobile.water.gov.taipei/WaterMap_drinkImg/2813.JPG
2814,2814,陽明,臺北市,商圈夜市,公園處,工務局公園處,士林中正路商圈,臺北市士林區中正路435巷19號對面,士林區,工務局公園處園藝工程隊,23815132＃318,0:00~24:00,公園內步道旁,121.520508,25.092790,正常,20260414T000000,20260302T142100,<1,https://gismobile.water.gov.taipei:8443/W/S.aspx?SD=2814,https://gismobile.water.gov.taipei/WaterMap_drinkImg/2814.JPG
2815,2815,陽明,臺北市,公園步道,陽明山國家公園管理處,陽明山國家公園管理處,冷水坑遊客中心(冷擎步道),臺北市士林區菁山路101巷170號,士林區,陽明山國家公園管理處,28610036,0:00~24:00,人行道旁綠帶內,121.563846,25.165661,正常,20251103T112000,20260115T102400,<1,https://gismobile.water.gov.taipei:8443/W/S.aspx?SD=2815,https://gismobile.water.gov.taipei/WaterMap_drinkImg/2815.JPG
2816,2816,陽明,臺北市,公園步道,公園處,工務局公園處,翠山步道,臺北市士林區中社路2段185巷附近大崙尾山公車站旁,士林區,工務局公園處士林園藝所,28812512,0:00~24:00,公車站旁,121.569915,25.106916,正常,20260414T000000,20260202T100100,<1,https://gismobile.water.gov.taipei:8443/W/S.aspx?SD=2816,https://gismobile.water.gov.taipei/WaterMap_drinkImg/2816.JPG
2906,2906,南區,臺北市,公園步道,新店區公所,新店區公所,十四張公園,新北市新店區啟文路66號對面,新店區,新店區公所,29112281#2220,0:00~24:00,人行道,121.528694,24.979302,正常,20260414T000000,20260211T114300,<1,https://gismobile.water.gov.taipei:8443/W/S.aspx?SD=2906,https://gismobile.water.gov.taipei/WaterMap_drinkImg/2906.JPG
2906a,2906a,南區,臺北市,公園步道,新店區公所,新店區公所,十四張公園(央北二路側),新北市新店區央北二路206巷6號旁,新店區,新店區公所,29112281#2220,0:00~24:00,公園內步道旁,121.527059,24.979708,正常,20260414T000000,20260211T133900,<1,https://gismobile.water.gov.taipei:8443/W/S.aspx?SD=2906a,https://gismobile.water.gov.taipei/WaterMap_drinkImg/2906a.JPG
3102,3102,東區,臺北市,商圈夜市,臺北自來水事業處,臺北自來水事業處,瑞光路商圈,臺北市內湖區瑞光路190號人行道,內湖區,北水處東區分處,87703360,0:00~24:00,人行道,121.577460,25.074710,正常,20260414T000000,20260212T101600,<1,https://gismobile.water.gov.taipei:8443/W/S.aspx?SD=3102,https://gismobile.water.gov.taipei/WaterMap_drinkImg/3102.JPG
t001,t001,南區,臺北市,機關,臺北自來水事業處,臺北自來水事業處,北水處技術科陽台,臺北市大安區長興街131號,大安,北水處技術科,87335703,0:00~24:00,技術科陽台,121.548869,25.014329,正常,20260414T000000,20260112T103000,<1,https://gismobile.water.gov.taipei:8443/W/S.aspx?SD=t001,https://gismobile.water.gov.taipei/WaterMap_drinkImg/t001.JPG
t004,t004,南區,臺北市,機關,臺北自來水事業處,臺北自來水事業處,北水處總務科多功能視聽室,臺北市大安區長興街131號,大安,北水處總務科,87335819,0:00~24:00,多功能視聽室,121.547601,25.014614,正常,20211201T090000,20260112T105000,<1,https://gismobile.water.gov.taipei:8443/W/S.aspx?SD=t004,https://gismobile.water.gov.taipei/WaterMap_drinkImg/t004.JPG
t005,t005,南區,臺北市,機關,臺北自來水事業處,臺北自來水事業處,北水處總務科簡報室,臺北市大安區長興街131號,大安,北水處總務科,87335819,0:00~24:00,簡報室,121.551012,25.015032,正常,20211201T090000,20260112T100000,<1,https://gismobile.water.gov.taipei:8443/W/S.aspx?SD=t005,https://gismobile.water.gov.taipei/WaterMap_drinkImg/t005.JPG
t006a,t006a,西區,臺北市,機關,臺北自來水事業處,臺北自來水事業處工程總隊,北水處工程總隊(靠羅斯福路),臺北市中正區羅斯福路4段92號3F,中正,北水處工程總隊,83695175,08:00~18:00,(靠羅斯福路),121.534994,25.013748,正常,20211201T090000,20260121T140900,<1,https://gismobile.water.gov.taipei:8443/W/S.aspx?SD=t006a,https://gismobile.water.gov.taipei/WaterMap_drinkImg/t006a.JPG
t006b,t006b,西區,臺北市,機關,臺北自來水事業處,臺北自來水事業處工程總隊,北水處工程總隊(靠汀洲路),臺北市中正區羅斯福路4段92號3F,中正,北水處工程總隊,83695175,08:00~18:00,(靠汀洲路),121.534780,25.013563,正常,20211201T090000,20260121T140400,<1,https://gismobile.water.gov.taipei:8443/W/S.aspx?SD=t006b,https://gismobile.water.gov.taipei/WaterMap_drinkImg/t006b.JPG
t007,t007,西區,臺北市,機關,臺北自來水事業處,臺北自來水事業處,北水處南區分處（1F）服務中心內,臺北市中正區思源路1號,中正,北水處南區分處,83695107,08:00~18:00,（1F）服務中心內,121.530566,25.013427,正常,20260414T000000,20260309T141600,<1,https://gismobile.water.gov.taipei:8443/W/S.aspx?SD=t007,https://gismobile.water.gov.taipei/WaterMap_drinkImg/t007.JPG
t008,t008,北區,臺北市,機關,臺北自來水事業處,臺北自來水事業處,北水處北區分處茶水間,臺北市中山區長安西路3號2樓,中山,北水處北區分處,21004100,0:00~24:00,茶水間,121.521210,25.050320,正常,20260414T000000,20260121T093000,<1,https://gismobile.water.gov.taipei:8443/W/S.aspx?SD=t008,https://gismobile.water.gov.taipei/WaterMap_drinkImg/t008.JPG
t009,t009,西區,臺北市,機關,臺北自來水事業處,臺北自來水事業處,北水處環境教育中心,臺北市中正區本處環境教育中心2樓,中正,北水處環境教育中心,83695138,08:00~18:00,,121.532251,25.012342,正常,20260414T000000,20260113T103000,<1,https://gismobile.water.gov.taipei:8443/W/S.aspx?SD=t009,https://gismobile.water.gov.taipei/WaterMap_drinkImg/t009.JPG
t010,t010,東區,臺北市,機關,臺北自來水事業處,臺北自來水事業處,北水處東區分處,臺北市松山區光復北路266號3樓,松山,北水處東區分處,87703360,08:00~18:00,,121.554683,25.059163,正常,20211201T090000,20260108T102100,<1,https://gismobile.water.gov.taipei:8443/W/S.aspx?SD=t010,https://gismobile.water.gov.taipei/WaterMap_drinkImg/t010.JPG
t014,t014,西區,臺北市,場館,自來水園區,臺北自來水事業處,自來水園區,臺北市中正區思源路1號,中正,展業科,83695108,8:00~18:00,護理站外,121.530735,25.013345,正常,20260414T000000,20260309T150800,<1,https://gismobile.water.gov.taipei:8443/W/S.aspx?SD=t014,https://gismobile.water.gov.taipei/WaterMap_drinkImg/t014.JPG
t015,t015,西區,臺北市,場館,自來水園區,臺北自來水事業處,自來水園區,臺北市中正區思源路1號,中正,展業科,83695108,8:00~18:00,思源票口後方,121.530215,25.013165,正常,20260414T000000,20260309T142100,<1,https://gismobile.water.gov.taipei:8443/W/S.aspx?SD=t015,https://gismobile.water.gov.taipei/WaterMap_drinkImg/t015.JPG
t017,t017,西區,臺北市,機關,臺北自來水事業處,臺北自來水事業處工程總隊,北水處總隊中區工務所,臺北市中正區汀州路3段230巷17號2樓,中正,北水處總隊中區工務所,83695175,08:00~18:00,,121.534512,25.010368,正常,20260414T000000,20260121T142300,<1,https://gismobile.water.gov.taipei:8443/W/S.aspx?SD=t017,https://gismobile.water.gov.taipei/WaterMap_drinkImg/t017.JPG
t018,t018,南區,臺北市,機關,臺北自來水事業處,臺北自來水事業處,北水處客服中心哺乳室,臺北市大安區長興街131號,大安,北水處客服中心,87335936,08:00~18:00,哺乳室,121.547374,25.014618,正常,20211201T090000,20260112T105500,<1,https://gismobile.water.gov.taipei:8443/W/S.aspx?SD=t018,https://gismobile.water.gov.taipei/WaterMap_drinkImg/t018.JPG
t020,t020,東區,臺北市,機關,臺北自來水事業處,臺北自來水事業處,北水處東區分處,臺北市松山區光復北路266號2樓,松山,北水處東區分處,87703360,08:00~18:00,,121.554656,25.059392,正常,20211201T090000,20260108T101600,<1,https://gismobile.water.gov.taipei:8443/W/S.aspx?SD=t020,https://gismobile.water.gov.taipei/WaterMap_drinkImg/t020.JPG
t022,t022,南區,臺北市,機關,臺北自來水事業處,臺北自來水事業處,北水處供水科3樓,臺北市大安區長興街131號,大安,北水處供水科,87335821,08:00~18:00,3樓,121.550375,25.014659,正常,20211201T090000,20260112T102000,<1,https://gismobile.water.gov.taipei:8443/W/S.aspx?SD=t022,https://gismobile.water.gov.taipei/WaterMap_drinkImg/t022.JPG
t023,t023,西區,臺北市,機關,臺北自來水事業處,臺北自來水事業處工程總隊,北水處總隊西區工務所,臺北市中正區汀州路3段230巷17號1樓,中正,北水處總隊西區工務所,83695175,08:00~18:00,辦公室內,121.534512,25.010368,正常,20260414T000000,20260121T142000,<1,https://gismobile.water.gov.taipei:8443/W/S.aspx?SD=t023,https://gismobile.water.gov.taipei/WaterMap_drinkImg/t023.JPG
t024,t024,南區,臺北市,機關,臺北自來水事業處,臺北自來水事業處,北水處供水科,臺北市大安區長興街131號,大安,北水處供水科,87335821,08:00~18:00,辦公室內,121.550372,25.014620,正常,20220408T100000,20260112T101500,<1,https://gismobile.water.gov.taipei:8443/W/S.aspx?SD=t024,https://gismobile.water.gov.taipei/WaterMap_drinkImg/t024.JPG
t025,t025,南區,新北市,機關,臺北自來水事業處,臺北自來水事業處工程總隊,南區工務所,新北市新店區直潭路2號,新店,北水處總隊南區工務所,83695175,08:30~17:30,直潭管理大樓2樓,121.528169,24.941723,正常,20260414T000000,20260112T103000,<1,https://gismobile.water.gov.taipei:8443/W/S.aspx?SD=t025,https://gismobile.water.gov.taipei/WaterMap_drinkImg/t025.JPG
t026,t026,東區,臺北市,機關,臺北自來水事業處,臺北自來水事業處工程總隊,東區工務所,臺北市松山區民權東路5段41-1號,松山,北水處總隊東區工務所,83695175,08:30~17:30,2樓茶水間,121.567659,25.064631,正常,20260414T000000,20260108T104000,<1,https://gismobile.water.gov.taipei:8443/W/S.aspx?SD=t026,https://gismobile.water.gov.taipei/WaterMap_drinkImg/t026.JPG
t027,t027,北區,臺北市,機關,臺北自來水事業處,臺北自來水事業處,北區營業分處,臺北市中山區長安西路3號2樓,中山,北水處北區分處,21004100,08:30~17:30,服務台旁,121.521040,25.050320,正常,20211201T090000,20260121T092500,<1,https://gismobile.water.gov.taipei:8443/W/S.aspx?SD=t027,https://gismobile.water.gov.taipei/WaterMap_drinkImg/t027.JPG
t028a,t028a,南區,臺北市,機關,臺北自來水事業處,臺北自來水事業處,北水處淨水大樓3樓,臺北市大安區長興街131號,大安,北水處水質科,87335687,0:00~24:00,淨水大樓3樓,121.548567,25.014860,正常,20211201T090000,20260112T091000,<1,https://gismobile.water.gov.taipei:8443/W/S.aspx?SD=t028a,https://gismobile.water.gov.taipei/WaterMap_drinkImg/t028a.JPG
t028b,t028b,南區,臺北市,機關,臺北自來水事業處,臺北自來水事業處,北水處淨水大樓3樓,臺北市大安區長興街131號,大安,北水處水質科,87335687,0:00~24:00,淨水大樓3樓,121.548567,25.014860,正常,20211201T090000,20260112T091500,<1,https://gismobile.water.gov.taipei:8443/W/S.aspx?SD=t028b,https://gismobile.water.gov.taipei/WaterMap_drinkImg/t028b.JPG
t029,t029,南區,臺北市,機關,臺北自來水事業處,臺北自來水事業處,北水處行政大樓,臺北市大安區長興街131號,大安,北水處總務科,87335819,0:00~24:00,北水處行政大樓2F,121.547806,25.014277,正常,20211213T100000,20260112T111000,<1,https://gismobile.water.gov.taipei:8443/W/S.aspx?SD=t029,https://gismobile.water.gov.taipei/WaterMap_drinkImg/t029.JPG
t030,t030,南區,臺北市,機關,臺北自來水事業處,臺北自來水事業處,北水處行政大樓,臺北市大安區長興街131號,大安,北水處總務科,87335819,0:00~24:00,北水處行政大樓3F,121.547960,25.014119,正常,20211213T100000,20260112T111500,<1,https://gismobile.water.gov.taipei:8443/W/S.aspx?SD=t030,https://gismobile.water.gov.taipei/WaterMap_drinkImg/t030.JPG
t031,t031,西區,臺北市,機關,臺北自來水事業處,臺北自來水事業處,南區營業分處,臺北市中正區思源路1號3樓,中正,北水處南區分處,83695107,0:00~24:00,3F茶水間,121.530654,25.013462,正常,20260414T000000,20260309T150300,<1,https://gismobile.water.gov.taipei:8443/W/S.aspx?SD=t031,https://gismobile.water.gov.taipei/WaterMap_drinkImg/t031.JPG
t032,t032,西區,臺北市,場館,臺北自來水事業處,臺北自來水事業處,自來水園區,臺北市中正區思源街1號,中正,展業科,83695108,0:00~24:00,哺乳室,121.530561,25.013363,暫停,20260414T000000,20251209T142200,<1,https://gismobile.water.gov.taipei:8443/W/S.aspx?SD=t032,https://gismobile.water.gov.taipei/WaterMap_drinkImg/t032.JPG
t033,t033,西區,臺北市,場館,臺北自來水事業處,臺北自來水事業處,自來水園區,臺北市中正區思源街1號,中正,展業科,83695108,0:00~24:00,椰林小站,121.530275,25.012178,正常,20260414T000000,20260309T143900,<1,https://gismobile.water.gov.taipei:8443/W/S.aspx?SD=t033,https://gismobile.water.gov.taipei/WaterMap_drinkImg/t033.JPG
t034,t034,南區,臺北市,機關,臺北自來水事業處,臺北自來水事業處,長興淨水場,臺北市大安區長興街131號,大安,北水處長興淨水場,87335663,0:00~24:00,辦公室1樓,121.549744,25.015979,正常,20260414T000000,20260112T115000,<1,https://gismobile.water.gov.taipei:8443/W/S.aspx?SD=t034,https://gismobile.water.gov.taipei/WaterMap_drinkImg/t034.JPG
t035,t035,南區,臺北市,機關,臺北自來水事業處,臺北自來水事業處,長興淨水場,臺北市大安區長興街131號,大安,北水處長興淨水場,87335663,0:00~24:00,辦公室2樓,121.549744,25.015979,正常,20260414T000000,20260112T115500,<1,https://gismobile.water.gov.taipei:8443/W/S.aspx?SD=t035,https://gismobile.water.gov.taipei/WaterMap_drinkImg/t035.JPG
t036,t036,西區,臺北市,機關,臺北自來水事業處,臺北自來水事業處,西區營業分處,臺北市中正區牯嶺街38號2樓,中正區,北水處西區分處,33431678#1696,08:30~17:30,2樓樓梯口,121.516495,25.029734,正常,20260414T000000,20260121T145600,<1,https://gismobile.water.gov.taipei:8443/W/S.aspx?SD=t036,https://gismobile.water.gov.taipei/WaterMap_drinkImg/t036.JPG
t037,t037,西區,臺北市,機關,臺北自來水事業處,臺北自來水事業處,西區營業分處,臺北市中正區牯嶺街38號3樓,中正區,北水處西區分處,33431678#1696,08:30~17:30,3樓樓梯口,121.516495,25.029734,正常,20240823T102000,20260121T145100,<1,https://gismobile.water.gov.taipei:8443/W/S.aspx?SD=t037,https://gismobile.water.gov.taipei/WaterMap_drinkImg/t037.JPG
t038,t038,西區,臺北市,機關,臺北自來水事業處,臺北自來水事業處,西區營業分處,臺北市中正區牯嶺街38號5樓,中正區,北水處西區分處,33431678#1696,08:30~17:30,5樓樓梯口,121.516495,25.029734,正常,20240823T102000,20260121T144700,<1,https://gismobile.water.gov.taipei:8443/W/S.aspx?SD=t038,https://gismobile.water.gov.taipei/WaterMap_drinkImg/t038.JPG
t039,t039,西區,臺北市,機關,臺北自來水事業處,臺北自來水事業處,西區營業分處,臺北市中正區牯嶺街38號7樓,中正區,北水處西區分處,33431678#1696,08:30~17:30,7樓樓梯口,121.516495,25.029734,正常,20240823T102000,20260121T144300,<1,https://gismobile.water.gov.taipei:8443/W/S.aspx?SD=t039,https://gismobile.water.gov.taipei/WaterMap_drinkImg/t039.JPG
